{
  "train": {
    "mse": 0.005132308695465326,
    "rmse": 0.07164013327364296,
    "mae": 0.035845138132572174,
    "w2_global": 0.3416329026222229,
    "ae_summary": {
      "mean": 0.035845138132572174,
      "std": 0.062027692794799805,
      "min": 2.562999725341797e-06,
      "max": 2.7846181392669678,
      "p50": 0.024704813957214355,
      "p90": 0.06625666469335556,
      "p95": 0.08855963498353958,
      "p99": 0.2580444812774658
    },
    "se_summary": {
      "mean": 0.005132308695465326,
      "std": 0.08518580347299576,
      "min": 6.568967592102126e-12,
      "max": 7.754098415374756,
      "p50": 0.0006103278137743473,
      "p90": 0.004389945417642593,
      "p95": 0.00784280989319086,
      "p99": 0.06659471988677979
    }
  },
  "val": {
    "mse": 1.278878927230835,
    "rmse": 1.1308752925193983,
    "mae": 0.8606712818145752,
    "w2_global": 0.301220566034317,
    "ae_summary": {
      "mean": 0.8606712818145752,
      "std": 0.7335691452026367,
      "min": 0.0016172528266906738,
      "max": 5.324013710021973,
      "p50": 0.6827247142791748,
      "p90": 1.80678129196167,
      "p95": 2.2186756134033203,
      "p99": 3.1908645629882812
    },
    "se_summary": {
      "mean": 1.278878927230835,
      "std": 2.26505708694458,
      "min": 2.6155066734645516e-06,
      "max": 28.345121383666992,
      "p50": 0.46611303091049194,
      "p90": 3.264458656311035,
      "p95": 4.922523498535156,
      "p99": 10.181690216064453
    }
  },
  "test": {
    "mse": 1.3395613431930542,
    "rmse": 1.1573942038877914,
    "mae": 0.8384414911270142,
    "w2_global": 0.35194826126098633,
    "ae_summary": {
      "mean": 0.8384414911270142,
      "std": 0.7978578805923462,
      "min": 8.183717727661133e-05,
      "max": 8.553483009338379,
      "p50": 0.6119165420532227,
      "p90": 1.7842429876327515,
      "p95": 2.358293294906616,
      "p99": 3.867781639099121
    },
    "se_summary": {
      "mean": 1.3395613431930542,
      "std": 3.0060226917266846,
      "min": 6.6973235846035095e-09,
      "max": 73.16207122802734,
      "p50": 0.37444186210632324,
      "p90": 3.1835241317749023,
      "p95": 5.561548233032227,
      "p99": 14.959821701049805
    }
  }
}