{
  "train": {
    "mse": 1450.30517578125,
    "rmse": 38.082872472822345,
    "mae": 30.52202606201172,
    "w2_global": 0.5499668121337891,
    "ae_summary": {
      "mean": 30.52202606201172,
      "std": 22.775226593017578,
      "min": 0.00018259882926940918,
      "max": 172.23472595214844,
      "p50": 25.99376678466797,
      "p90": 62.77962112426758,
      "p95": 74.27727508544922,
      "p99": 96.499755859375
    },
    "se_summary": {
      "mean": 1450.30517578125,
      "std": 1999.5501708984375,
      "min": 3.334233156238042e-08,
      "max": 29664.80078125,
      "p50": 675.6759033203125,
      "p90": 3941.281005859375,
      "p95": 5517.11328125,
      "p99": 9312.203125
    }
  },
  "val": {
    "mse": 1.1801539659500122,
    "rmse": 1.0863489153812471,
    "mae": 0.45953309535980225,
    "w2_global": 0.6878643035888672,
    "ae_summary": {
      "mean": 0.45953309535980225,
      "std": 0.9843695163726807,
      "min": 1.2516975402832031e-06,
      "max": 6.389516830444336,
      "p50": 0.058341920375823975,
      "p90": 1.6092143058776855,
      "p95": 2.810999631881714,
      "p99": 4.553653717041016
    },
    "se_summary": {
      "mean": 1.1801539659500122,
      "std": 3.867647647857666,
      "min": 1.566746732351021e-12,
      "max": 40.825923919677734,
      "p50": 0.003403779584914446,
      "p90": 2.589570999145508,
      "p95": 7.90172004699707,
      "p99": 20.73576545715332
    }
  },
  "test": {
    "mse": 1.1774452924728394,
    "rmse": 1.0851015125198376,
    "mae": 0.5140979290008545,
    "w2_global": 0.6802490949630737,
    "ae_summary": {
      "mean": 0.5140979290008545,
      "std": 0.9555881023406982,
      "min": 6.556510925292969e-07,
      "max": 6.067224502563477,
      "p50": 0.06144082546234131,
      "p90": 2.1630704402923584,
      "p95": 2.8212661743164062,
      "p99": 3.8007469177246094
    },
    "se_summary": {
      "mean": 1.1774452924728394,
      "std": 3.0668246746063232,
      "min": 4.298783551348606e-13,
      "max": 36.811214447021484,
      "p50": 0.003774974960833788,
      "p90": 4.6788740158081055,
      "p95": 7.959543228149414,
      "p99": 14.445676803588867
    }
  }
}