{
  "train": {
    "mse": 5072.8349609375,
    "rmse": 71.22383702762369,
    "mae": 58.63435363769531,
    "w2_global": 0.006088782101869583,
    "ae_summary": {
      "mean": 58.63435363769531,
      "std": 40.43324661254883,
      "min": 6.0617923736572266e-05,
      "max": 311.16064453125,
      "p50": 52.575618743896484,
      "p90": 111.7291259765625,
      "p95": 135.34890747070312,
      "p99": 186.38865661621094
    },
    "se_summary": {
      "mean": 5072.8349609375,
      "std": 6889.29638671875,
      "min": 3.6745326781328913e-09,
      "max": 96820.9453125,
      "p50": 2764.19580078125,
      "p90": 12483.3974609375,
      "p95": 18319.328125,
      "p99": 34740.73046875
    }
  },
  "val": {
    "mse": 0.0030997416470199823,
    "rmse": 0.055675323501709284,
    "mae": 0.02606162428855896,
    "w2_global": 0.005084280390292406,
    "ae_summary": {
      "mean": 0.02606162428855896,
      "std": 0.04919891059398651,
      "min": 2.2649765014648438e-06,
      "max": 1.9966707229614258,
      "p50": 0.015995681285858154,
      "p90": 0.05499749630689621,
      "p95": 0.07753609120845795,
      "p99": 0.1665746569633484
    },
    "se_summary": {
      "mean": 0.0030997416470199823,
      "std": 0.06730187684297562,
      "min": 5.130118552187923e-12,
      "max": 3.986693859100342,
      "p50": 0.000255861843470484,
      "p90": 0.00302472454495728,
      "p95": 0.00601184694096446,
      "p99": 0.027747206389904022
    }
  },
  "test": {
    "mse": 0.0032131022308021784,
    "rmse": 0.05668423264720251,
    "mae": 0.025717811658978462,
    "w2_global": 0.005504169967025518,
    "ae_summary": {
      "mean": 0.025717811658978462,
      "std": 0.05051431804895401,
      "min": 1.0728836059570312e-06,
      "max": 1.9524083137512207,
      "p50": 0.015469998121261597,
      "p90": 0.053930457681417465,
      "p95": 0.07781839370727539,
      "p99": 0.17529402673244476
    },
    "se_summary": {
      "mean": 0.0032131022308021784,
      "std": 0.06768277287483215,
      "min": 1.1510792319313623e-12,
      "max": 3.8118982315063477,
      "p50": 0.00023932084150146693,
      "p90": 0.00290849432349205,
      "p95": 0.006055701989680529,
      "p99": 0.030727997422218323
    }
  }
}