{
  "best_alpha": 0.99,
  "best_gamma": 5.0,
  "alpha_grid": [
    0.01,
    0.25,
    0.5,
    0.75,
    0.99
  ],
  "gamma_grid": [
    0.1,
    1.0,
    5.0,
    10.0
  ],
  "results": {
    "(0.01, 0.1)": {
      "val_loss": 0.8607986569404602,
      "val_eval": 1.21346116065979,
      "epoch": 30,
      "mse": 1.2134612798690796,
      "w2_global": 0.4376625120639801,
      "cvar": 2.8578615188598633
    },
    "(0.01, 1.0)": {
      "val_loss": 0.9121284484863281,
      "val_eval": 1.2415292263031006,
      "epoch": 30,
      "mse": 1.2415292263031006,
      "w2_global": 0.4484424591064453,
      "cvar": 2.8953304290771484
    },
    "(0.01, 5.0)": {
      "val_loss": 0.9544211626052856,
      "val_eval": 1.2785881757736206,
      "epoch": 30,
      "mse": 1.278588056564331,
      "w2_global": 0.43870705366134644,
      "cvar": 3.1080541610717773
    },
    "(0.01, 10.0)": {
      "val_loss": 0.8834965229034424,
      "val_eval": 1.1830132007598877,
      "epoch": 29,
      "mse": 1.1830130815505981,
      "w2_global": 0.4346446394920349,
      "cvar": 2.778498649597168
    },
    "(0.25, 0.1)": {
      "val_loss": 0.8432475924491882,
      "val_eval": 1.1730061769485474,
      "epoch": 29,
      "mse": 1.1730060577392578,
      "w2_global": 0.4386478364467621,
      "cvar": 2.796077251434326
    },
    "(0.25, 1.0)": {
      "val_loss": 0.8957905173301697,
      "val_eval": 1.1732518672943115,
      "epoch": 30,
      "mse": 1.1732518672943115,
      "w2_global": 0.4434826076030731,
      "cvar": 2.965357780456543
    },
    "(0.25, 5.0)": {
      "val_loss": 0.8898218274116516,
      "val_eval": 1.1900378465652466,
      "epoch": 30,
      "mse": 1.1900379657745361,
      "w2_global": 0.43363216519355774,
      "cvar": 2.7992215156555176
    },
    "(0.25, 10.0)": {
      "val_loss": 0.9153956770896912,
      "val_eval": 1.2176141738891602,
      "epoch": 30,
      "mse": 1.2176141738891602,
      "w2_global": 0.4350321292877197,
      "cvar": 2.7823355197906494
    },
    "(0.5, 0.1)": {
      "val_loss": 0.7145693898200989,
      "val_eval": 0.9865854382514954,
      "epoch": 30,
      "mse": 0.9865853786468506,
      "w2_global": 0.40529218316078186,
      "cvar": 2.436774730682373
    },
    "(0.5, 1.0)": {
      "val_loss": 0.7900826334953308,
      "val_eval": 1.0609519481658936,
      "epoch": 29,
      "mse": 1.0609519481658936,
      "w2_global": 0.410271555185318,
      "cvar": 2.433969259262085
    },
    "(0.5, 5.0)": {
      "val_loss": 0.7258478999137878,
      "val_eval": 0.9630363583564758,
      "epoch": 28,
      "mse": 0.9630363583564758,
      "w2_global": 0.39266064763069153,
      "cvar": 2.3514485359191895
    },
    "(0.5, 10.0)": {
      "val_loss": 0.7390865683555603,
      "val_eval": 0.9712800979614258,
      "epoch": 30,
      "mse": 0.971280038356781,
      "w2_global": 0.4016803205013275,
      "cvar": 2.5212836265563965
    },
    "(0.75, 0.1)": {
      "val_loss": 0.5724261999130249,
      "val_eval": 0.7763308882713318,
      "epoch": 30,
      "mse": 0.7763308882713318,
      "w2_global": 0.3391605317592621,
      "cvar": 1.9075024127960205
    },
    "(0.75, 1.0)": {
      "val_loss": 0.513178288936615,
      "val_eval": 0.7446461319923401,
      "epoch": 29,
      "mse": 0.7446461319923401,
      "w2_global": 0.31716156005859375,
      "cvar": 1.9990272521972656
    },
    "(0.75, 5.0)": {
      "val_loss": 0.4885616600513458,
      "val_eval": 0.7298424243927002,
      "epoch": 30,
      "mse": 0.7298424243927002,
      "w2_global": 0.3307019770145416,
      "cvar": 1.9262257814407349
    },
    "(0.75, 10.0)": {
      "val_loss": 0.5699455738067627,
      "val_eval": 0.7764773964881897,
      "epoch": 30,
      "mse": 0.7764773964881897,
      "w2_global": 0.3503290116786957,
      "cvar": 1.8823086023330688
    },
    "(0.99, 0.1)": {
      "val_loss": 0.4142909049987793,
      "val_eval": 0.583855390548706,
      "epoch": 30,
      "mse": 0.583855390548706,
      "w2_global": 0.24331238865852356,
      "cvar": 1.504930019378662
    },
    "(0.99, 1.0)": {
      "val_loss": 0.41153809428215027,
      "val_eval": 0.5387439727783203,
      "epoch": 30,
      "mse": 0.5387439727783203,
      "w2_global": 0.18168196082115173,
      "cvar": 1.372700810432434
    },
    "(0.99, 5.0)": {
      "val_loss": 0.4533621370792389,
      "val_eval": 0.5311638712882996,
      "epoch": 30,
      "mse": 0.5311638712882996,
      "w2_global": 0.17378446459770203,
      "cvar": 1.3871498107910156
    },
    "(0.99, 10.0)": {
      "val_loss": 0.4299597442150116,
      "val_eval": 0.5898900628089905,
      "epoch": 30,
      "mse": 0.5898900628089905,
      "w2_global": 0.20934103429317474,
      "cvar": 1.4676027297973633
    }
  }
}