{
  "train": {
    "mse": 0.34861040115356445,
    "rmse": 0.5904323849125863,
    "mae": 0.3989719748497009,
    "w2_global": 0.1685294806957245,
    "ae_summary": {
      "mean": 0.3989719748497009,
      "std": 0.4352375566959381,
      "min": 5.805492401123047e-05,
      "max": 7.600386619567871,
      "p50": 0.2681596875190735,
      "p90": 0.8871745467185974,
      "p95": 1.2097721099853516,
      "p99": 2.0926198959350586
    },
    "se_summary": {
      "mean": 0.34861040115356445,
      "std": 1.1133148670196533,
      "min": 3.370374201949744e-09,
      "max": 57.76587677001953,
      "p50": 0.07190962880849838,
      "p90": 0.7870786786079407,
      "p95": 1.4635485410690308,
      "p99": 4.379059314727783
    }
  },
  "val": {
    "mse": 0.5311638712882996,
    "rmse": 0.7288099006519461,
    "mae": 0.5282326340675354,
    "w2_global": 0.17378446459770203,
    "ae_summary": {
      "mean": 0.5282326340675354,
      "std": 0.5021296739578247,
      "min": 3.2573938369750977e-05,
      "max": 3.448430061340332,
      "p50": 0.38693299889564514,
      "p90": 1.1777698993682861,
      "p95": 1.5401884317398071,
      "p99": 2.4241323471069336
    },
    "se_summary": {
      "mean": 0.5311638712882996,
      "std": 1.101996660232544,
      "min": 1.061061460916335e-09,
      "max": 11.891670227050781,
      "p50": 0.14971715211868286,
      "p90": 1.3871498107910156,
      "p95": 2.372180461883545,
      "p99": 5.876437187194824
    }
  },
  "test": {
    "mse": 0.5983090996742249,
    "rmse": 0.7735044277017584,
    "mae": 0.5153633952140808,
    "w2_global": 0.20959845185279846,
    "ae_summary": {
      "mean": 0.5153633952140808,
      "std": 0.5768098831176758,
      "min": 0.0003555119037628174,
      "max": 10.76203727722168,
      "p50": 0.36026203632354736,
      "p90": 1.121873140335083,
      "p95": 1.541359782218933,
      "p99": 2.7915594577789307
    },
    "se_summary": {
      "mean": 0.5983090996742249,
      "std": 2.5811822414398193,
      "min": 1.263887128288843e-07,
      "max": 115.82144927978516,
      "p50": 0.12978874146938324,
      "p90": 1.2585997581481934,
      "p95": 2.3757898807525635,
      "p99": 7.792837142944336
    }
  }
}