{
  "train": {
    "mse": 2630.1298828125,
    "rmse": 51.284791925214044,
    "mae": 39.06160354614258,
    "w2_global": 0.419109046459198,
    "ae_summary": {
      "mean": 39.06160354614258,
      "std": 33.2313232421875,
      "min": 0.004627823829650879,
      "max": 256.4171142578125,
      "p50": 30.525442123413086,
      "p90": 84.12601470947266,
      "p95": 105.71961975097656,
      "p99": 151.30686950683594
    },
    "se_summary": {
      "mean": 2630.1298828125,
      "std": 4528.72216796875,
      "min": 2.141675395250786e-05,
      "max": 65749.734375,
      "p50": 931.8026123046875,
      "p90": 7077.1865234375,
      "p95": 11176.6376953125,
      "p99": 22893.76953125
    }
  },
  "val": {
    "mse": 0.5022668838500977,
    "rmse": 0.7087078974091495,
    "mae": 0.4983011782169342,
    "w2_global": 0.4173443615436554,
    "ae_summary": {
      "mean": 0.4983011782169342,
      "std": 0.5039472579956055,
      "min": 8.499622344970703e-05,
      "max": 7.15833854675293,
      "p50": 0.3544788360595703,
      "p90": 1.0858945846557617,
      "p95": 1.4340500831604004,
      "p99": 2.3023765087127686
    },
    "se_summary": {
      "mean": 0.5022668838500977,
      "std": 1.4522640705108643,
      "min": 7.2243580007125274e-09,
      "max": 51.2418098449707,
      "p50": 0.12565524876117706,
      "p90": 1.1791670322418213,
      "p95": 2.05649995803833,
      "p99": 5.300961017608643
    }
  },
  "test": {
    "mse": 0.5293213129043579,
    "rmse": 0.7275447153985506,
    "mae": 0.5054377317428589,
    "w2_global": 0.44114044308662415,
    "ae_summary": {
      "mean": 0.5054377317428589,
      "std": 0.5233106017112732,
      "min": 4.172325134277344e-07,
      "max": 5.125065803527832,
      "p50": 0.34185147285461426,
      "p90": 1.1693893671035767,
      "p95": 1.5400878190994263,
      "p99": 2.5050230026245117
    },
    "se_summary": {
      "mean": 0.5293213129043579,
      "std": 1.2837215662002563,
      "min": 1.7408297026122455e-13,
      "max": 26.266300201416016,
      "p50": 0.11686243116855621,
      "p90": 1.36747145652771,
      "p95": 2.371870279312134,
      "p99": 6.275140762329102
    }
  }
}