{
  "best_alpha": 0.99,
  "best_gamma": 10.0,
  "alpha_grid": [
    0.01,
    0.25,
    0.5,
    0.75,
    0.99
  ],
  "gamma_grid": [
    0.1,
    1.0,
    5.0,
    10.0
  ],
  "results": {
    "(0.01, 0.1)": {
      "val_loss": 0.838181883096695,
      "val_eval": 0.8466314077377319,
      "epoch": 27,
      "mse": 0.7822152972221375,
      "w2_global": 0.49040544033050537,
      "cvar": 1.9682503938674927
    },
    "(0.01, 1.0)": {
      "val_loss": 0.8051379024982452,
      "val_eval": 0.8234391212463379,
      "epoch": 26,
      "mse": 0.7729697227478027,
      "w2_global": 0.5059847831726074,
      "cvar": 1.9163702726364136
    },
    "(0.01, 5.0)": {
      "val_loss": 0.8253061771392822,
      "val_eval": 0.8302985429763794,
      "epoch": 26,
      "mse": 0.7813581228256226,
      "w2_global": 0.48988083004951477,
      "cvar": 1.916277289390564
    },
    "(0.01, 10.0)": {
      "val_loss": 0.8339780867099762,
      "val_eval": 0.8496872782707214,
      "epoch": 29,
      "mse": 0.7884440422058105,
      "w2_global": 0.5142455101013184,
      "cvar": 1.9680079221725464
    },
    "(0.25, 0.1)": {
      "val_loss": 0.8376820683479309,
      "val_eval": 0.8540303409099579,
      "epoch": 30,
      "mse": 0.7953815460205078,
      "w2_global": 0.4972877502441406,
      "cvar": 1.962990164756775
    },
    "(0.25, 1.0)": {
      "val_loss": 0.8331733644008636,
      "val_eval": 0.8336743712425232,
      "epoch": 29,
      "mse": 0.776917040348053,
      "w2_global": 0.4917343854904175,
      "cvar": 1.8976061344146729
    },
    "(0.25, 5.0)": {
      "val_loss": 0.8185546696186066,
      "val_eval": 0.8287830352783203,
      "epoch": 26,
      "mse": 0.769206702709198,
      "w2_global": 0.5076334476470947,
      "cvar": 1.8910307884216309
    },
    "(0.25, 10.0)": {
      "val_loss": 0.8323030471801758,
      "val_eval": 0.834291934967041,
      "epoch": 29,
      "mse": 0.7712025046348572,
      "w2_global": 0.5150168538093567,
      "cvar": 1.9079118967056274
    },
    "(0.5, 0.1)": {
      "val_loss": 0.8163427710533142,
      "val_eval": 0.8361077904701233,
      "epoch": 29,
      "mse": 0.7747917175292969,
      "w2_global": 0.5033048391342163,
      "cvar": 1.9346016645431519
    },
    "(0.5, 1.0)": {
      "val_loss": 0.8295595943927765,
      "val_eval": 0.8442175984382629,
      "epoch": 30,
      "mse": 0.7770358324050903,
      "w2_global": 0.5109819173812866,
      "cvar": 1.9128485918045044
    },
    "(0.5, 5.0)": {
      "val_loss": 0.7945216298103333,
      "val_eval": 0.8146826028823853,
      "epoch": 30,
      "mse": 0.759792149066925,
      "w2_global": 0.49806642532348633,
      "cvar": 1.8962959051132202
    },
    "(0.5, 10.0)": {
      "val_loss": 0.8225001394748688,
      "val_eval": 0.8394387066364288,
      "epoch": 29,
      "mse": 0.7845536470413208,
      "w2_global": 0.4922636151313782,
      "cvar": 1.9179149866104126
    },
    "(0.75, 0.1)": {
      "val_loss": 0.7891686856746674,
      "val_eval": 0.8077716827392578,
      "epoch": 21,
      "mse": 0.7570189237594604,
      "w2_global": 0.5190951824188232,
      "cvar": 1.856472134590149
    },
    "(0.75, 1.0)": {
      "val_loss": 0.8054789900779724,
      "val_eval": 0.8014684915542603,
      "epoch": 26,
      "mse": 0.746187686920166,
      "w2_global": 0.4829733669757843,
      "cvar": 1.848623514175415
    },
    "(0.75, 5.0)": {
      "val_loss": 0.796343982219696,
      "val_eval": 0.806978702545166,
      "epoch": 29,
      "mse": 0.7495973706245422,
      "w2_global": 0.48482751846313477,
      "cvar": 1.8426084518432617
    },
    "(0.75, 10.0)": {
      "val_loss": 0.7892144322395325,
      "val_eval": 0.8058596253395081,
      "epoch": 30,
      "mse": 0.7480430603027344,
      "w2_global": 0.5056082606315613,
      "cvar": 1.8453799486160278
    },
    "(0.99, 0.1)": {
      "val_loss": 0.4672459363937378,
      "val_eval": 0.46944744884967804,
      "epoch": 28,
      "mse": 0.4593706727027893,
      "w2_global": 0.3228897750377655,
      "cvar": 1.1135962009429932
    },
    "(0.99, 1.0)": {
      "val_loss": 0.5218053758144379,
      "val_eval": 0.539705365896225,
      "epoch": 30,
      "mse": 0.520767092704773,
      "w2_global": 0.3738321363925934,
      "cvar": 1.246664047241211
    },
    "(0.99, 5.0)": {
      "val_loss": 0.4716404527425766,
      "val_eval": 0.4699487239122391,
      "epoch": 30,
      "mse": 0.4838782548904419,
      "w2_global": 0.34727248549461365,
      "cvar": 1.1448168754577637
    },
    "(0.99, 10.0)": {
      "val_loss": 0.4546360820531845,
      "val_eval": 0.45647889375686646,
      "epoch": 30,
      "mse": 0.4560629427433014,
      "w2_global": 0.3276805281639099,
      "cvar": 1.0912432670593262
    }
  }
}