{
  "train": {
    "mse": 0.36320996284484863,
    "rmse": 0.6026690325915615,
    "mae": 0.4594285190105438,
    "w2_global": 0.2957865297794342,
    "ae_summary": {
      "mean": 0.4594285190105438,
      "std": 0.3900453746318817,
      "min": 0.00010758638381958008,
      "max": 3.6022655963897705,
      "p50": 0.3675132691860199,
      "p90": 0.9746519327163696,
      "p95": 1.1991376876831055,
      "p99": 1.785299301147461
    },
    "se_summary": {
      "mean": 0.36320996284484863,
      "std": 0.6863069534301758,
      "min": 1.1574829983374002e-08,
      "max": 12.976317405700684,
      "p50": 0.13506600260734558,
      "p90": 0.9499463438987732,
      "p95": 1.4379311800003052,
      "p99": 3.1872942447662354
    }
  },
  "val": {
    "mse": 0.4560629427433014,
    "rmse": 0.6753243241164214,
    "mae": 0.5133071541786194,
    "w2_global": 0.3276805281639099,
    "ae_summary": {
      "mean": 0.5133071541786194,
      "std": 0.4388379752635956,
      "min": 1.7285346984863281e-06,
      "max": 4.46368408203125,
      "p50": 0.41252049803733826,
      "p90": 1.044625997543335,
      "p95": 1.312179446220398,
      "p99": 2.0349462032318115
    },
    "se_summary": {
      "mean": 0.4560629427433014,
      "std": 0.9431501030921936,
      "min": 2.9878322038712213e-12,
      "max": 19.924474716186523,
      "p50": 0.17017316818237305,
      "p90": 1.0912432670593262,
      "p95": 1.7218152284622192,
      "p99": 4.141010284423828
    }
  },
  "test": {
    "mse": 0.4230778217315674,
    "rmse": 0.6504443263889442,
    "mae": 0.49464964866638184,
    "w2_global": 0.3217807412147522,
    "ae_summary": {
      "mean": 0.49464964866638184,
      "std": 0.4223737418651581,
      "min": 5.3763389587402344e-05,
      "max": 4.741919040679932,
      "p50": 0.4006948471069336,
      "p90": 1.0143985748291016,
      "p95": 1.2830801010131836,
      "p99": 1.9433321952819824
    },
    "se_summary": {
      "mean": 0.4230778217315674,
      "std": 0.8848053812980652,
      "min": 2.8905020599268028e-09,
      "max": 22.485795974731445,
      "p50": 0.160556361079216,
      "p90": 1.0290043354034424,
      "p95": 1.6462945938110352,
      "p99": 3.7765398025512695
    }
  }
}