{
  "train": {
    "mse": 0.0,
    "rmse": 0.0,
    "mae": 0.0,
    "w2_global": 0.07792092114686966,
    "ae_summary": {
      "mean": 0.0,
      "std": 0.0,
      "min": 0.0,
      "max": 0.0,
      "p50": 0.0,
      "p90": 0.0,
      "p95": 0.0,
      "p99": 0.0
    },
    "se_summary": {
      "mean": 0.0,
      "std": 0.0,
      "min": 0.0,
      "max": 0.0,
      "p50": 0.0,
      "p90": 0.0,
      "p95": 0.0,
      "p99": 0.0
    }
  },
  "val": {
    "mse": 1.0657364130020142,
    "rmse": 1.0323451036363829,
    "mae": 0.7002254724502563,
    "w2_global": 0.09457536041736603,
    "ae_summary": {
      "mean": 0.7002254724502563,
      "std": 0.7585648894309998,
      "min": 7.450580596923828e-09,
      "max": 37.64763259887695,
      "p50": 0.5489486455917358,
      "p90": 1.4425523281097412,
      "p95": 1.7872512340545654,
      "p99": 2.8035757541656494
    },
    "se_summary": {
      "mean": 1.0657364130020142,
      "std": 13.353812217712402,
      "min": 5.551115123125783e-17,
      "max": 1417.34423828125,
      "p50": 0.3013446033000946,
      "p90": 2.0809571743011475,
      "p95": 3.1942667961120605,
      "p99": 7.860048770904541
    }
  },
  "test": {
    "mse": 1.038899302482605,
    "rmse": 1.0192640984958732,
    "mae": 0.7059175372123718,
    "w2_global": 0.07946182787418365,
    "ae_summary": {
      "mean": 0.7059175372123718,
      "std": 0.7352412343025208,
      "min": 0.0,
      "max": 26.793018341064453,
      "p50": 0.5478211045265198,
      "p90": 1.466709852218628,
      "p95": 1.8537147045135498,
      "p99": 2.862987518310547
    },
    "se_summary": {
      "mean": 1.038899302482605,
      "std": 9.206809997558594,
      "min": 0.0,
      "max": 717.8658447265625,
      "p50": 0.3001079559326172,
      "p90": 2.151237964630127,
      "p95": 3.436258316040039,
      "p99": 8.196697235107422
    }
  }
}