{
  "test": {
    "mse": 0.8910688161849976,
    "rmse": 0.9439644146815056,
    "mae": 0.3082001209259033,
    "w2_global": 0.6038413047790527,
    "ae_summary": {
      "mean": 0.3082001209259033,
      "std": 0.8922339677810669,
      "min": 2.2351741790771484e-08,
      "max": 36.94034194946289,
      "p50": 0.09903466701507568,
      "p90": 0.7189896106719971,
      "p95": 1.020391821861267,
      "p99": 3.0677077770233154
    },
    "se_summary": {
      "mean": 0.8910688161849976,
      "std": 17.670625686645508,
      "min": 4.996003610813204e-16,
      "max": 1364.5888671875,
      "p50": 0.00980786606669426,
      "p90": 0.5169460773468018,
      "p95": 1.0411994457244873,
      "p99": 9.410831451416016
    }
  }
}