{
  "best_alpha": 0.99,
  "best_gamma": 5.0,
  "alpha_grid": [
    0.01,
    0.25,
    0.5,
    0.75,
    0.99
  ],
  "gamma_grid": [
    0.1,
    1.0,
    5.0,
    10.0
  ],
  "results": {
    "(0.01, 0.1)": {
      "val_loss": 0.457405149936676,
      "val_eval": 0.568254828453064,
      "epoch": 30,
      "mse": 0.5682547688484192,
      "w2_global": 0.07142787426710129,
      "cvar": 1.248020052909851
    },
    "(0.01, 1.0)": {
      "val_loss": 0.43586069345474243,
      "val_eval": 0.5562238693237305,
      "epoch": 22,
      "mse": 0.5562238693237305,
      "w2_global": 0.06980223953723907,
      "cvar": 1.2129199504852295
    },
    "(0.01, 5.0)": {
      "val_loss": 0.4556249678134918,
      "val_eval": 0.58437579870224,
      "epoch": 24,
      "mse": 0.5843757390975952,
      "w2_global": 0.07177603989839554,
      "cvar": 1.272600769996643
    },
    "(0.01, 10.0)": {
      "val_loss": 0.478286474943161,
      "val_eval": 0.609966516494751,
      "epoch": 20,
      "mse": 0.6099665760993958,
      "w2_global": 0.07260314375162125,
      "cvar": 1.3818856477737427
    },
    "(0.25, 0.1)": {
      "val_loss": 0.19490517675876617,
      "val_eval": 0.2539452612400055,
      "epoch": 24,
      "mse": 0.2539452612400055,
      "w2_global": 0.041071269661188126,
      "cvar": 0.6484423875808716
    },
    "(0.25, 1.0)": {
      "val_loss": 0.17294466495513916,
      "val_eval": 0.21439960598945618,
      "epoch": 19,
      "mse": 0.21439960598945618,
      "w2_global": 0.038118183612823486,
      "cvar": 0.5033613443374634
    },
    "(0.25, 5.0)": {
      "val_loss": 0.16637474298477173,
      "val_eval": 0.2134837508201599,
      "epoch": 30,
      "mse": 0.2134837508201599,
      "w2_global": 0.036798011511564255,
      "cvar": 0.5058358907699585
    },
    "(0.25, 10.0)": {
      "val_loss": 0.16095155477523804,
      "val_eval": 0.19961321353912354,
      "epoch": 25,
      "mse": 0.19961321353912354,
      "w2_global": 0.03539923578500748,
      "cvar": 0.4795532822608948
    },
    "(0.5, 0.1)": {
      "val_loss": 0.10786819458007812,
      "val_eval": 0.1530890315771103,
      "epoch": 26,
      "mse": 0.1530890017747879,
      "w2_global": 0.031477052718400955,
      "cvar": 0.38626012206077576
    },
    "(0.5, 1.0)": {
      "val_loss": 0.1036062017083168,
      "val_eval": 0.13292968273162842,
      "epoch": 26,
      "mse": 0.13292968273162842,
      "w2_global": 0.02906195819377899,
      "cvar": 0.3356648087501526
    },
    "(0.5, 5.0)": {
      "val_loss": 0.11597141623497009,
      "val_eval": 0.14937405288219452,
      "epoch": 27,
      "mse": 0.14937405288219452,
      "w2_global": 0.030605405569076538,
      "cvar": 0.3867163360118866
    },
    "(0.5, 10.0)": {
      "val_loss": 0.10812655836343765,
      "val_eval": 0.1402907520532608,
      "epoch": 23,
      "mse": 0.1402907520532608,
      "w2_global": 0.031358763575553894,
      "cvar": 0.3479774296283722
    },
    "(0.75, 0.1)": {
      "val_loss": 0.0697503462433815,
      "val_eval": 0.10215338319540024,
      "epoch": 29,
      "mse": 0.10215337574481964,
      "w2_global": 0.025317585095763206,
      "cvar": 0.2622041404247284
    },
    "(0.75, 1.0)": {
      "val_loss": 0.07252263277769089,
      "val_eval": 0.10141352564096451,
      "epoch": 25,
      "mse": 0.10141352564096451,
      "w2_global": 0.02544373646378517,
      "cvar": 0.2606046199798584
    },
    "(0.75, 5.0)": {
      "val_loss": 0.0736142173409462,
      "val_eval": 0.09941782802343369,
      "epoch": 26,
      "mse": 0.09941783547401428,
      "w2_global": 0.023447921499609947,
      "cvar": 0.2525195777416229
    },
    "(0.75, 10.0)": {
      "val_loss": 0.06667981296777725,
      "val_eval": 0.09610558301210403,
      "epoch": 26,
      "mse": 0.09610558301210403,
      "w2_global": 0.025151297450065613,
      "cvar": 0.23632164299488068
    },
    "(0.99, 0.1)": {
      "val_loss": 0.02681560628116131,
      "val_eval": 0.03731166198849678,
      "epoch": 30,
      "mse": 0.03731165826320648,
      "w2_global": 0.0069887954741716385,
      "cvar": 0.08249950408935547
    },
    "(0.99, 1.0)": {
      "val_loss": 0.03290561959147453,
      "val_eval": 0.040955688804388046,
      "epoch": 30,
      "mse": 0.040955688804388046,
      "w2_global": 0.006021217443048954,
      "cvar": 0.08970881998538971
    },
    "(0.99, 5.0)": {
      "val_loss": 0.02451488934457302,
      "val_eval": 0.03452424705028534,
      "epoch": 30,
      "mse": 0.03452424705028534,
      "w2_global": 0.008204799145460129,
      "cvar": 0.07554969191551208
    },
    "(0.99, 10.0)": {
      "val_loss": 0.03199947997927666,
      "val_eval": 0.04412379115819931,
      "epoch": 30,
      "mse": 0.04412378743290901,
      "w2_global": 0.007804577238857746,
      "cvar": 0.1025417223572731
    }
  }
}