{
  "train": {
    "mse": 0.02245180495083332,
    "rmse": 0.14983926371560066,
    "mae": 0.10055909305810928,
    "w2_global": 0.008382095955312252,
    "ae_summary": {
      "mean": 0.10055909305810928,
      "std": 0.11108407378196716,
      "min": 2.9802322387695312e-08,
      "max": 3.432441234588623,
      "p50": 0.07000412046909332,
      "p90": 0.2158767729997635,
      "p95": 0.29799726605415344,
      "p99": 0.5382488965988159
    },
    "se_summary": {
      "mean": 0.02245180495083332,
      "std": 0.08548785746097565,
      "min": 8.881784197001252e-16,
      "max": 11.781652450561523,
      "p50": 0.004900577012449503,
      "p90": 0.04660278186202049,
      "p95": 0.08880236744880676,
      "p99": 0.2897118330001831
    }
  },
  "val": {
    "mse": 0.03452424705028534,
    "rmse": 0.18580701561105098,
    "mae": 0.1269766241312027,
    "w2_global": 0.008204799145460129,
    "ae_summary": {
      "mean": 0.1269766241312027,
      "std": 0.13565096259117126,
      "min": 6.556510925292969e-06,
      "max": 1.616011142730713,
      "p50": 0.0893341600894928,
      "p90": 0.27486300468444824,
      "p95": 0.377969890832901,
      "p99": 0.6508643627166748
    },
    "se_summary": {
      "mean": 0.03452424705028534,
      "std": 0.10809757560491562,
      "min": 4.298783551348606e-11,
      "max": 2.6114919185638428,
      "p50": 0.007980592548847198,
      "p90": 0.07554969191551208,
      "p95": 0.1428612619638443,
      "p99": 0.4236244559288025
    }
  },
  "test": {
    "mse": 0.03856615722179413,
    "rmse": 0.1963826805545594,
    "mae": 0.13357524573802948,
    "w2_global": 0.008511635474860668,
    "ae_summary": {
      "mean": 0.13357524573802948,
      "std": 0.14395767450332642,
      "min": 3.981590270996094e-05,
      "max": 1.9348942041397095,
      "p50": 0.09282320737838745,
      "p90": 0.2912764847278595,
      "p95": 0.40792444348335266,
      "p99": 0.7054646611213684
    },
    "se_summary": {
      "mean": 0.03856615722179413,
      "std": 0.11481495201587677,
      "min": 1.5853061086090747e-09,
      "max": 3.7438156604766846,
      "p50": 0.008616147562861443,
      "p90": 0.0848420038819313,
      "p95": 0.16640235483646393,
      "p99": 0.4976803660392761
    }
  }
}