{
  "test": {
    "mse": 0.040864381939172745,
    "rmse": 0.20214940499336806,
    "mae": 0.09480157494544983,
    "w2_global": 0.04738540202379227,
    "ae_summary": {
      "mean": 0.09480157494544983,
      "std": 0.17854143679141998,
      "min": 0.0,
      "max": 2.363626480102539,
      "p50": 0.02073836326599121,
      "p90": 0.29230862855911255,
      "p95": 0.45830854773521423,
      "p99": 0.8376100063323975
    },
    "se_summary": {
      "mean": 0.040864381939172745,
      "std": 0.17081689834594727,
      "min": 0.0,
      "max": 5.586730003356934,
      "p50": 0.0004300797008909285,
      "p90": 0.08544433861970901,
      "p95": 0.21004672348499298,
      "p99": 0.7015905380249023
    }
  }
}