{
  "train": {
    "mse": 0.37839725613594055,
    "rmse": 0.6151400296972557,
    "mae": 0.439937949180603,
    "w2_global": 0.20478026568889618,
    "ae_summary": {
      "mean": 0.439937949180603,
      "std": 0.4299440383911133,
      "min": 6.561726331710815e-05,
      "max": 7.622427940368652,
      "p50": 0.32918867468833923,
      "p90": 0.9348027110099792,
      "p95": 1.1890218257904053,
      "p99": 1.9410009384155273
    },
    "se_summary": {
      "mean": 0.37839725613594055,
      "std": 1.2018221616744995,
      "min": 4.305625189715556e-09,
      "max": 58.10140609741211,
      "p50": 0.10836518555879593,
      "p90": 0.8738561868667603,
      "p95": 1.4137728214263916,
      "p99": 3.7674922943115234
    }
  },
  "val": {
    "mse": 0.7891979217529297,
    "rmse": 0.8883681228820233,
    "mae": 0.5839697122573853,
    "w2_global": 0.3236275911331177,
    "ae_summary": {
      "mean": 0.5839697122573853,
      "std": 0.6694604158401489,
      "min": 0.0009782016277313232,
      "max": 5.487896919250488,
      "p50": 0.36978548765182495,
      "p90": 1.4094455242156982,
      "p95": 1.9767820835113525,
      "p99": 3.260570526123047
    },
    "se_summary": {
      "mean": 0.7891979217529297,
      "std": 2.056744337081909,
      "min": 9.56878466240596e-07,
      "max": 30.11701202392578,
      "p50": 0.13674131035804749,
      "p90": 1.9865463972091675,
      "p95": 3.907670259475708,
      "p99": 10.631329536437988
    }
  },
  "test": {
    "mse": 0.6125710606575012,
    "rmse": 0.7826691897970056,
    "mae": 0.5356258749961853,
    "w2_global": 0.2977515757083893,
    "ae_summary": {
      "mean": 0.5356258749961853,
      "std": 0.5706802606582642,
      "min": 6.273388862609863e-05,
      "max": 5.525571346282959,
      "p50": 0.36922892928123474,
      "p90": 1.2121256589889526,
      "p95": 1.582658052444458,
      "p99": 2.943763256072998
    },
    "se_summary": {
      "mean": 0.6125710606575012,
      "std": 1.6568107604980469,
      "min": 3.935540782151747e-09,
      "max": 30.531938552856445,
      "p50": 0.1363300085067749,
      "p90": 1.4692485332489014,
      "p95": 2.5048065185546875,
      "p99": 8.665771484375
    }
  }
}