{
  "best_alpha": 0.99,
  "best_gamma": 10.0,
  "alpha_grid": [
    0.01,
    0.25,
    0.5,
    0.75,
    0.99
  ],
  "gamma_grid": [
    0.1,
    1.0,
    5.0,
    10.0
  ],
  "results": {
    "(0.01, 0.1)": {
      "val_loss": 0.9565889239311218,
      "val_eval": 1.0094928801059724,
      "epoch": 28,
      "mse": 1.025229811668396,
      "w2_global": 0.39182689785957336,
      "cvar": 2.8515255451202393
    },
    "(0.01, 1.0)": {
      "val_loss": 0.955621749162674,
      "val_eval": 1.0358622789382934,
      "epoch": 26,
      "mse": 1.0469821691513062,
      "w2_global": 0.39828822016716003,
      "cvar": 3.027261257171631
    },
    "(0.01, 5.0)": {
      "val_loss": 0.9749864757061004,
      "val_eval": 1.0324308156967164,
      "epoch": 25,
      "mse": 1.0440205335617065,
      "w2_global": 0.396917462348938,
      "cvar": 2.990198850631714
    },
    "(0.01, 10.0)": {
      "val_loss": 0.9503826856613159,
      "val_eval": 1.0146715581417083,
      "epoch": 23,
      "mse": 1.026882290840149,
      "w2_global": 0.39312630891799927,
      "cvar": 2.9306201934814453
    },
    "(0.25, 0.1)": {
      "val_loss": 0.21182776615023613,
      "val_eval": 0.44617891907691953,
      "epoch": 30,
      "mse": 0.4446190595626831,
      "w2_global": 0.20405825972557068,
      "cvar": 1.0504249334335327
    },
    "(0.25, 1.0)": {
      "val_loss": 0.21898715645074845,
      "val_eval": 0.4124601989984512,
      "epoch": 28,
      "mse": 0.4198760390281677,
      "w2_global": 0.2343113273382187,
      "cvar": 1.0148555040359497
    },
    "(0.25, 5.0)": {
      "val_loss": 0.21184683740139007,
      "val_eval": 0.40609008371829985,
      "epoch": 29,
      "mse": 0.41428646445274353,
      "w2_global": 0.23125006258487701,
      "cvar": 1.0490106344223022
    },
    "(0.25, 10.0)": {
      "val_loss": 0.20933120772242547,
      "val_eval": 0.3882081791758537,
      "epoch": 29,
      "mse": 0.39495575428009033,
      "w2_global": 0.22726617753505707,
      "cvar": 0.9558274149894714
    },
    "(0.5, 0.1)": {
      "val_loss": 0.1795765846967697,
      "val_eval": 0.2991851016879082,
      "epoch": 25,
      "mse": 0.30253246426582336,
      "w2_global": 0.18716807663440704,
      "cvar": 0.755769670009613
    },
    "(0.5, 1.0)": {
      "val_loss": 0.18171048760414124,
      "val_eval": 0.30465912371873854,
      "epoch": 24,
      "mse": 0.3079220950603485,
      "w2_global": 0.18151195347309113,
      "cvar": 0.7230842709541321
    },
    "(0.5, 5.0)": {
      "val_loss": 0.1922507591545582,
      "val_eval": 0.32036233842372897,
      "epoch": 25,
      "mse": 0.3247860074043274,
      "w2_global": 0.19636240601539612,
      "cvar": 0.7762133479118347
    },
    "(0.5, 10.0)": {
      "val_loss": 0.1812463268637657,
      "val_eval": 0.2918310105800629,
      "epoch": 25,
      "mse": 0.29729607701301575,
      "w2_global": 0.18015994131565094,
      "cvar": 0.7000992894172668
    },
    "(0.75, 0.1)": {
      "val_loss": 0.1708709292113781,
      "val_eval": 0.25707158297300337,
      "epoch": 18,
      "mse": 0.2601069211959839,
      "w2_global": 0.16475196182727814,
      "cvar": 0.6172869801521301
    },
    "(0.75, 1.0)": {
      "val_loss": 0.1775776833295822,
      "val_eval": 0.265375080704689,
      "epoch": 16,
      "mse": 0.2717381417751312,
      "w2_global": 0.16381563246250153,
      "cvar": 0.6105697154998779
    },
    "(0.75, 5.0)": {
      "val_loss": 0.17191363275051116,
      "val_eval": 0.2500580340623856,
      "epoch": 19,
      "mse": 0.25611960887908936,
      "w2_global": 0.15727098286151886,
      "cvar": 0.574074387550354
    },
    "(0.75, 10.0)": {
      "val_loss": 0.17377558201551438,
      "val_eval": 0.26780304610729216,
      "epoch": 18,
      "mse": 0.27164342999458313,
      "w2_global": 0.1603660136461258,
      "cvar": 0.618478536605835
    },
    "(0.99, 0.1)": {
      "val_loss": 0.11347959078848362,
      "val_eval": 0.14431402683258057,
      "epoch": 21,
      "mse": 0.15002095699310303,
      "w2_global": 0.10572337359189987,
      "cvar": 0.2757868766784668
    },
    "(0.99, 1.0)": {
      "val_loss": 0.11007784083485603,
      "val_eval": 0.14639017805457116,
      "epoch": 26,
      "mse": 0.1513298600912094,
      "w2_global": 0.1092885434627533,
      "cvar": 0.2974337339401245
    },
    "(0.99, 5.0)": {
      "val_loss": 0.11283948831260204,
      "val_eval": 0.1410178303718567,
      "epoch": 20,
      "mse": 0.14697682857513428,
      "w2_global": 0.10297099500894547,
      "cvar": 0.2673247456550598
    },
    "(0.99, 10.0)": {
      "val_loss": 0.10877631828188897,
      "val_eval": 0.1356625258922577,
      "epoch": 24,
      "mse": 0.14099615812301636,
      "w2_global": 0.0989513173699379,
      "cvar": 0.2608981728553772
    }
  }
}