{
  "train": {
    "mse": 0.09445800632238388,
    "rmse": 0.3073402126673044,
    "mae": 0.16680705547332764,
    "w2_global": 0.08928797394037247,
    "ae_summary": {
      "mean": 0.16680705547332764,
      "std": 0.25813448429107666,
      "min": 1.4901161193847656e-08,
      "max": 7.238864898681641,
      "p50": 0.07916533946990967,
      "p90": 0.4149227738380432,
      "p95": 0.6387926340103149,
      "p99": 1.2553901672363281
    },
    "se_summary": {
      "mean": 0.09445800632238388,
      "std": 0.4633758068084717,
      "min": 2.220446049250313e-16,
      "max": 52.40116500854492,
      "p50": 0.006267150864005089,
      "p90": 0.17216090857982635,
      "p95": 0.4080560803413391,
      "p99": 1.5760045051574707
    }
  },
  "val": {
    "mse": 0.14099615812301636,
    "rmse": 0.375494551389253,
    "mae": 0.21320819854736328,
    "w2_global": 0.0989513173699379,
    "ae_summary": {
      "mean": 0.21320819854736328,
      "std": 0.3090929090976715,
      "min": 2.1569430828094482e-06,
      "max": 9.741259574890137,
      "p50": 0.1106947511434555,
      "p90": 0.5107819437980652,
      "p95": 0.7687366008758545,
      "p99": 1.4969751834869385
    },
    "se_summary": {
      "mean": 0.14099615812301636,
      "std": 0.6870754361152649,
      "min": 4.652403462479526e-12,
      "max": 94.89213562011719,
      "p50": 0.012253329157829285,
      "p90": 0.2608981728553772,
      "p95": 0.5909559726715088,
      "p99": 2.2409348487854004
    }
  },
  "test": {
    "mse": 0.13219866156578064,
    "rmse": 0.36359133868366644,
    "mae": 0.20998762547969818,
    "w2_global": 0.09281791001558304,
    "ae_summary": {
      "mean": 0.20998762547969818,
      "std": 0.2968229353427887,
      "min": 5.960464477539063e-08,
      "max": 8.506550788879395,
      "p50": 0.11170345544815063,
      "p90": 0.5039901733398438,
      "p95": 0.7468260526657104,
      "p99": 1.436289668083191
    },
    "se_summary": {
      "mean": 0.13219866156578064,
      "std": 0.6158937215805054,
      "min": 3.552713678800501e-15,
      "max": 72.36140441894531,
      "p50": 0.012477662414312363,
      "p90": 0.25400611758232117,
      "p95": 0.5577491521835327,
      "p99": 2.0629279613494873
    }
  }
}