{
  "train": {
    "mse": 0.8785431385040283,
    "rmse": 0.9373063205292218,
    "mae": 0.7967017292976379,
    "w2_global": 0.821541428565979,
    "ae_summary": {
      "mean": 0.7967017292976379,
      "std": 0.49377065896987915,
      "min": 2.3361295461654663e-05,
      "max": 2.970460891723633,
      "p50": 0.8585169315338135,
      "p90": 1.2386382818222046,
      "p95": 1.5258457660675049,
      "p99": 2.655557155609131
    },
    "se_summary": {
      "mean": 0.8785431385040283,
      "std": 1.1831834316253662,
      "min": 5.45750111768939e-10,
      "max": 8.823637962341309,
      "p50": 0.737051248550415,
      "p90": 1.5342247486114502,
      "p95": 2.3282053470611572,
      "p99": 7.0519843101501465
    }
  },
  "val": {
    "mse": 0.911612868309021,
    "rmse": 0.9547841998635194,
    "mae": 0.8150763511657715,
    "w2_global": 0.8197467923164368,
    "ae_summary": {
      "mean": 0.8150763511657715,
      "std": 0.4972558617591858,
      "min": 2.6866793632507324e-05,
      "max": 3.025364875793457,
      "p50": 0.897072970867157,
      "p90": 1.2558220624923706,
      "p95": 1.532856822013855,
      "p99": 2.7108476161956787
    },
    "se_summary": {
      "mean": 0.911612868309021,
      "std": 1.2019644975662231,
      "min": 7.218246000917361e-10,
      "max": 9.152832984924316,
      "p50": 0.8047399520874023,
      "p90": 1.5770889520645142,
      "p95": 2.3496501445770264,
      "p99": 7.348694801330566
    }
  },
  "test": {
    "mse": 0.9135237336158752,
    "rmse": 0.9557843551847223,
    "mae": 0.8137104511260986,
    "w2_global": 0.8213340640068054,
    "ae_summary": {
      "mean": 0.8137104511260986,
      "std": 0.5013971328735352,
      "min": 2.2780150175094604e-05,
      "max": 2.9642748832702637,
      "p50": 0.892275333404541,
      "p90": 1.2596940994262695,
      "p95": 1.574254035949707,
      "p99": 2.7157602310180664
    },
    "se_summary": {
      "mean": 0.9135237336158752,
      "std": 1.2156864404678345,
      "min": 5.189352281220749e-10,
      "max": 8.786925315856934,
      "p50": 0.7961552739143372,
      "p90": 1.5868291854858398,
      "p95": 2.478275775909424,
      "p99": 7.37535285949707
    }
  }
}