{
  "test": {
    "mse": 1.3636997938156128,
    "rmse": 1.1677755751066268,
    "mae": 0.7053580284118652,
    "w2_global": 0.05091740936040878,
    "ae_summary": {
      "mean": 0.7053580284118652,
      "std": 0.9306824207305908,
      "min": 5.125999450683594e-06,
      "max": 22.871912002563477,
      "p50": 0.37442779541015625,
      "p90": 1.833333134651184,
      "p95": 2.4276225566864014,
      "p99": 4.062694072723389
    },
    "se_summary": {
      "mean": 1.3636997938156128,
      "std": 5.882115364074707,
      "min": 2.6275870368408505e-11,
      "max": 523.1243286132812,
      "p50": 0.14019617438316345,
      "p90": 3.3611104488372803,
      "p95": 5.8933515548706055,
      "p99": 16.505510330200195
    }
  }
}