{
  "train": {
    "mse": 0.03858376666903496,
    "rmse": 0.19642750995987032,
    "mae": 0.13605178892612457,
    "w2_global": 0.09222306311130524,
    "ae_summary": {
      "mean": 0.13605178892612457,
      "std": 0.14168161153793335,
      "min": 1.1920928955078125e-07,
      "max": 2.723684310913086,
      "p50": 0.09592846035957336,
      "p90": 0.3005436360836029,
      "p95": 0.3971540331840515,
      "p99": 0.6704064607620239
    },
    "se_summary": {
      "mean": 0.03858376666903496,
      "std": 0.1132323369383812,
      "min": 1.4210854715202004e-14,
      "max": 7.418456077575684,
      "p50": 0.009202269837260246,
      "p90": 0.09032648801803589,
      "p95": 0.1577313095331192,
      "p99": 0.44944483041763306
    }
  },
  "val": {
    "mse": 0.12492720037698746,
    "rmse": 0.35345042138465116,
    "mae": 0.20873984694480896,
    "w2_global": 0.08157116919755936,
    "ae_summary": {
      "mean": 0.20873984694480896,
      "std": 0.28522777557373047,
      "min": 7.152557373046875e-07,
      "max": 3.504337787628174,
      "p50": 0.12251664698123932,
      "p90": 0.4659154415130615,
      "p95": 0.6805073022842407,
      "p99": 1.4925503730773926
    },
    "se_summary": {
      "mean": 0.12492720037698746,
      "std": 0.5241530537605286,
      "min": 5.115907697472721e-13,
      "max": 12.280383110046387,
      "p50": 0.015010328963398933,
      "p90": 0.21707721054553986,
      "p95": 0.463090181350708,
      "p99": 2.2277069091796875
    }
  },
  "test": {
    "mse": 0.12199626117944717,
    "rmse": 0.34927963178440163,
    "mae": 0.21457192301750183,
    "w2_global": 0.09710565209388733,
    "ae_summary": {
      "mean": 0.21457192301750183,
      "std": 0.2755996286869049,
      "min": 2.1457672119140625e-06,
      "max": 3.3413913249969482,
      "p50": 0.1276073455810547,
      "p90": 0.4972144365310669,
      "p95": 0.7135053277015686,
      "p99": 1.3691765069961548
    },
    "se_summary": {
      "mean": 0.12199626117944717,
      "std": 0.4529864192008972,
      "min": 4.604316927725449e-12,
      "max": 11.164896011352539,
      "p50": 0.016283635050058365,
      "p90": 0.2472222000360489,
      "p95": 0.5090898275375366,
      "p99": 1.8746442794799805
    }
  }
}