{
  "train": {
    "mse": 0.0,
    "rmse": 0.0,
    "mae": 0.0,
    "w2_global": 0.06934434920549393,
    "ae_summary": {
      "mean": 0.0,
      "std": 0.0,
      "min": 0.0,
      "max": 0.0,
      "p50": 0.0,
      "p90": 0.0,
      "p95": 0.0,
      "p99": 0.0
    },
    "se_summary": {
      "mean": 0.0,
      "std": 0.0,
      "min": 0.0,
      "max": 0.0,
      "p50": 0.0,
      "p90": 0.0,
      "p95": 0.0,
      "p99": 0.0
    }
  },
  "val": {
    "mse": 1.0402170419692993,
    "rmse": 1.0199103107476164,
    "mae": 0.7951830625534058,
    "w2_global": 0.06784024834632874,
    "ae_summary": {
      "mean": 0.7951830625534058,
      "std": 0.6386712193489075,
      "min": 6.198883056640625e-05,
      "max": 4.365740776062012,
      "p50": 0.6519389152526855,
      "p90": 1.6511439085006714,
      "p95": 2.054999589920044,
      "p99": 2.8274455070495605
    },
    "se_summary": {
      "mean": 1.0402170419692993,
      "std": 1.6400963068008423,
      "min": 3.842615114990622e-09,
      "max": 19.0596923828125,
      "p50": 0.4250243902206421,
      "p90": 2.726276159286499,
      "p95": 4.223022937774658,
      "p99": 7.994447708129883
    }
  },
  "test": {
    "mse": 1.0603487491607666,
    "rmse": 1.0297323677348238,
    "mae": 0.803632915019989,
    "w2_global": 0.07023374736309052,
    "ae_summary": {
      "mean": 0.803632915019989,
      "std": 0.6438345313072205,
      "min": 0.0001227259635925293,
      "max": 4.554591655731201,
      "p50": 0.6546471118927002,
      "p90": 1.6814547777175903,
      "p95": 2.093686580657959,
      "p99": 2.859452724456787
    },
    "se_summary": {
      "mean": 1.0603487491607666,
      "std": 1.6590811014175415,
      "min": 1.5061662139714826e-08,
      "max": 20.744304656982422,
      "p50": 0.42856287956237793,
      "p90": 2.8272900581359863,
      "p95": 4.383523941040039,
      "p99": 8.176470756530762
    }
  }
}