{
  "best_alpha": 0.99,
  "best_gamma": 5.0,
  "alpha_grid": [
    0.01,
    0.25,
    0.5,
    0.75,
    0.99
  ],
  "gamma_grid": [
    0.1,
    1.0,
    5.0,
    10.0
  ],
  "results": {
    "(0.01, 0.1)": {
      "val_loss": 0.8394832015037537,
      "val_eval": 0.8527160286903381,
      "epochs": 30,
      "mse": 0.8527160286903381,
      "w2_global": 0.37255609035491943,
      "cvar": 2.280555486679077
    },
    "(0.01, 1.0)": {
      "val_loss": 0.8617637157440186,
      "val_eval": 0.8559262752532959,
      "epochs": 30,
      "mse": 0.8559262752532959,
      "w2_global": 0.3759247064590454,
      "cvar": 2.280895471572876
    },
    "(0.01, 5.0)": {
      "val_loss": 0.8382912278175354,
      "val_eval": 0.8510243892669678,
      "epochs": 30,
      "mse": 0.8510243892669678,
      "w2_global": 0.378613144159317,
      "cvar": 2.332413911819458
    },
    "(0.01, 10.0)": {
      "val_loss": 0.8881082534790039,
      "val_eval": 0.8635209202766418,
      "epochs": 30,
      "mse": 0.8635209202766418,
      "w2_global": 0.38300883769989014,
      "cvar": 2.326658248901367
    },
    "(0.25, 0.1)": {
      "val_loss": 0.8726237416267395,
      "val_eval": 0.8614466190338135,
      "epochs": 30,
      "mse": 0.8614466190338135,
      "w2_global": 0.3781009912490845,
      "cvar": 2.364900827407837
    },
    "(0.25, 1.0)": {
      "val_loss": 0.8070327043533325,
      "val_eval": 0.8369414210319519,
      "epochs": 30,
      "mse": 0.8369414210319519,
      "w2_global": 0.3793945610523224,
      "cvar": 2.2628397941589355
    },
    "(0.25, 5.0)": {
      "val_loss": 0.9027737379074097,
      "val_eval": 0.8832762241363525,
      "epochs": 30,
      "mse": 0.8832762241363525,
      "w2_global": 0.37207260727882385,
      "cvar": 2.408419132232666
    },
    "(0.25, 10.0)": {
      "val_loss": 0.8811829090118408,
      "val_eval": 0.8682266473770142,
      "epochs": 30,
      "mse": 0.8682266473770142,
      "w2_global": 0.3674869239330292,
      "cvar": 2.311753749847412
    },
    "(0.5, 0.1)": {
      "val_loss": 0.7604051828384399,
      "val_eval": 0.7160206437110901,
      "epochs": 30,
      "mse": 0.7160206437110901,
      "w2_global": 0.3386538624763489,
      "cvar": 1.7670031785964966
    },
    "(0.5, 1.0)": {
      "val_loss": 0.7974582314491272,
      "val_eval": 0.7801709771156311,
      "epochs": 30,
      "mse": 0.7801709771156311,
      "w2_global": 0.3652786612510681,
      "cvar": 2.0637123584747314
    },
    "(0.5, 5.0)": {
      "val_loss": 0.7314362525939941,
      "val_eval": 0.7191751003265381,
      "epochs": 30,
      "mse": 0.7191750407218933,
      "w2_global": 0.34290170669555664,
      "cvar": 1.8926640748977661
    },
    "(0.5, 10.0)": {
      "val_loss": 0.7586943507194519,
      "val_eval": 0.7495396137237549,
      "epochs": 30,
      "mse": 0.7495396137237549,
      "w2_global": 0.34665724635124207,
      "cvar": 2.0021162033081055
    },
    "(0.75, 0.1)": {
      "val_loss": 0.5438740253448486,
      "val_eval": 0.5440102219581604,
      "epochs": 30,
      "mse": 0.5440102219581604,
      "w2_global": 0.2682651877403259,
      "cvar": 1.5055980682373047
    },
    "(0.75, 1.0)": {
      "val_loss": 0.4804037809371948,
      "val_eval": 0.452104389667511,
      "epochs": 30,
      "mse": 0.452104389667511,
      "w2_global": 0.2459043562412262,
      "cvar": 1.1386289596557617
    },
    "(0.75, 5.0)": {
      "val_loss": 0.5778818130493164,
      "val_eval": 0.5690909028053284,
      "epochs": 30,
      "mse": 0.5690909028053284,
      "w2_global": 0.3012622594833374,
      "cvar": 1.4322832822799683
    },
    "(0.75, 10.0)": {
      "val_loss": 0.5726167559623718,
      "val_eval": 0.5372576117515564,
      "epochs": 30,
      "mse": 0.5372576117515564,
      "w2_global": 0.2703073024749756,
      "cvar": 1.4737987518310547
    },
    "(0.99, 0.1)": {
      "val_loss": 0.4091637432575226,
      "val_eval": 0.39153164625167847,
      "epochs": 30,
      "mse": 0.39153164625167847,
      "w2_global": 0.13978436589241028,
      "cvar": 0.9846490621566772
    },
    "(0.99, 1.0)": {
      "val_loss": 0.4029363691806793,
      "val_eval": 0.39451488852500916,
      "epochs": 30,
      "mse": 0.39451488852500916,
      "w2_global": 0.11482024192810059,
      "cvar": 0.9484027624130249
    },
    "(0.99, 5.0)": {
      "val_loss": 0.35967397689819336,
      "val_eval": 0.3537711799144745,
      "epochs": 30,
      "mse": 0.3537711799144745,
      "w2_global": 0.10400953888893127,
      "cvar": 0.9474703073501587
    },
    "(0.99, 10.0)": {
      "val_loss": 0.4439411461353302,
      "val_eval": 0.3714313507080078,
      "epochs": 30,
      "mse": 0.3714313507080078,
      "w2_global": 0.08808600157499313,
      "cvar": 0.922339677810669
    }
  }
}