{
  "train": {
    "mse": 0.41788846254348755,
    "rmse": 0.6464429306160657,
    "mae": 0.4612177908420563,
    "w2_global": 0.12717483937740326,
    "ae_summary": {
      "mean": 0.4612177908420563,
      "std": 0.4529532194137573,
      "min": 3.604963421821594e-05,
      "max": 6.536320686340332,
      "p50": 0.34201011061668396,
      "p90": 0.9833275079727173,
      "p95": 1.3036495447158813,
      "p99": 2.2269535064697266
    },
    "se_summary": {
      "mean": 0.41788846254348755,
      "std": 1.0961185693740845,
      "min": 1.299576113389378e-09,
      "max": 42.723487854003906,
      "p50": 0.11697091162204742,
      "p90": 0.966933012008667,
      "p95": 1.6995028257369995,
      "p99": 4.959321975708008
    }
  },
  "val": {
    "mse": 0.3537711799144745,
    "rmse": 0.594786667566174,
    "mae": 0.4450899660587311,
    "w2_global": 0.10400953888893127,
    "ae_summary": {
      "mean": 0.4450899660587311,
      "std": 0.39454543590545654,
      "min": 0.0003566741943359375,
      "max": 3.419492483139038,
      "p50": 0.3395116329193115,
      "p90": 0.9733808040618896,
      "p95": 1.2294120788574219,
      "p99": 1.7540792226791382
    },
    "se_summary": {
      "mean": 0.3537711799144745,
      "std": 0.6808964014053345,
      "min": 1.272164809051901e-07,
      "max": 11.6929292678833,
      "p50": 0.11526814848184586,
      "p90": 0.9474703073501587,
      "p95": 1.5114549398422241,
      "p99": 3.0768611431121826
    }
  },
  "test": {
    "mse": 0.400421679019928,
    "rmse": 0.6327888107575291,
    "mae": 0.4689352810382843,
    "w2_global": 0.1164451539516449,
    "ae_summary": {
      "mean": 0.4689352810382843,
      "std": 0.42487815022468567,
      "min": 0.00023044459521770477,
      "max": 3.5207815170288086,
      "p50": 0.36113137006759644,
      "p90": 1.0064963102340698,
      "p95": 1.2760069370269775,
      "p99": 2.0186543464660645
    },
    "se_summary": {
      "mean": 0.400421679019928,
      "std": 0.835076630115509,
      "min": 5.310470996278127e-08,
      "max": 12.395902633666992,
      "p50": 0.1304158717393875,
      "p90": 1.0130348205566406,
      "p95": 1.6281936168670654,
      "p99": 4.075019359588623
    }
  }
}