{
  "train": {
    "mse": 0.0,
    "rmse": 0.0,
    "mae": 0.0,
    "w2_global": 0.126083105802536,
    "ae_summary": {
      "mean": 0.0,
      "std": 0.0,
      "min": 0.0,
      "max": 0.0,
      "p50": 0.0,
      "p90": 0.0,
      "p95": 0.0,
      "p99": 0.0
    },
    "se_summary": {
      "mean": 0.0,
      "std": 0.0,
      "min": 0.0,
      "max": 0.0,
      "p50": 0.0,
      "p90": 0.0,
      "p95": 0.0,
      "p99": 0.0
    }
  },
  "val": {
    "mse": 1.0544995069503784,
    "rmse": 1.0268882641019803,
    "mae": 0.873260498046875,
    "w2_global": 0.12247292697429657,
    "ae_summary": {
      "mean": 0.873260498046875,
      "std": 0.5402920842170715,
      "min": 0.0,
      "max": 3.1818881034851074,
      "p50": 0.9170559048652649,
      "p90": 1.3938934803009033,
      "p95": 1.7332370281219482,
      "p99": 2.7665185928344727
    },
    "se_summary": {
      "mean": 1.0544995069503784,
      "std": 1.345064401626587,
      "min": 0.0,
      "max": 10.124411582946777,
      "p50": 0.8409915566444397,
      "p90": 1.942939043045044,
      "p95": 3.004110813140869,
      "p99": 7.653627395629883
    }
  },
  "test": {
    "mse": 1.036081075668335,
    "rmse": 1.0178806785023158,
    "mae": 0.8631543517112732,
    "w2_global": 0.1267087459564209,
    "ae_summary": {
      "mean": 0.8631543517112732,
      "std": 0.5394865274429321,
      "min": 1.4901161193847656e-08,
      "max": 3.1334853172302246,
      "p50": 0.8981549739837646,
      "p90": 1.4118053913116455,
      "p95": 1.725886344909668,
      "p99": 2.799480438232422
    },
    "se_summary": {
      "mean": 1.036081075668335,
      "std": 1.3645002841949463,
      "min": 2.220446049250313e-16,
      "max": 9.818730354309082,
      "p50": 0.8066824674606323,
      "p90": 1.993194341659546,
      "p95": 2.9786839485168457,
      "p99": 7.83709192276001
    }
  }
}