{
  "train": {
    "mse": 0.15108628571033478,
    "rmse": 0.388698193603128,
    "mae": 0.2847578823566437,
    "w2_global": 0.11322923749685287,
    "ae_summary": {
      "mean": 0.2847578823566437,
      "std": 0.26457369327545166,
      "min": 5.960464477539063e-08,
      "max": 3.5926401615142822,
      "p50": 0.2186567187309265,
      "p90": 0.5965960621833801,
      "p95": 0.7707714438438416,
      "p99": 1.2440006732940674
    },
    "se_summary": {
      "mean": 0.15108628571033478,
      "std": 0.36707615852355957,
      "min": 3.552713678800501e-15,
      "max": 12.907063484191895,
      "p50": 0.04781075939536095,
      "p90": 0.35592684149742126,
      "p95": 0.594088613986969,
      "p99": 1.5475376844406128
    }
  },
  "val": {
    "mse": 0.15480659902095795,
    "rmse": 0.3934546975459283,
    "mae": 0.2883327901363373,
    "w2_global": 0.11399855464696884,
    "ae_summary": {
      "mean": 0.2883327901363373,
      "std": 0.2677140235900879,
      "min": 1.4975666999816895e-06,
      "max": 2.95883846282959,
      "p50": 0.22177112102508545,
      "p90": 0.6031745672225952,
      "p95": 0.7799063920974731,
      "p99": 1.2610806226730347
    },
    "se_summary": {
      "mean": 0.15480659902095795,
      "std": 0.3711697459220886,
      "min": 2.2427060208940475e-12,
      "max": 8.754725456237793,
      "p50": 0.049182429909706116,
      "p90": 0.36381953954696655,
      "p95": 0.6082539558410645,
      "p99": 1.5903244018554688
    }
  },
  "test": {
    "mse": 0.15602628886699677,
    "rmse": 0.3950016314738418,
    "mae": 0.2890779674053192,
    "w2_global": 0.11424552649259567,
    "ae_summary": {
      "mean": 0.2890779674053192,
      "std": 0.2691843509674072,
      "min": 3.129243850708008e-06,
      "max": 3.494426727294922,
      "p50": 0.22282296419143677,
      "p90": 0.6018785238265991,
      "p95": 0.7768622636795044,
      "p99": 1.2905770540237427
    },
    "se_summary": {
      "mean": 0.15602628886699677,
      "std": 0.38345086574554443,
      "min": 9.79216707719388e-12,
      "max": 12.211018562316895,
      "p50": 0.04965007305145264,
      "p90": 0.362257719039917,
      "p95": 0.6035149693489075,
      "p99": 1.6655890941619873
    }
  }
}