{
  "best_alpha": 0.99,
  "best_gamma": 0.1,
  "alpha_grid": [
    0.99
  ],
  "gamma_grid": [
    0.1
  ],
  "results": {
    "(0.99, 0.1)": {
      "val_loss": 0.025609727017581463,
      "val_eval": 1.1217169165611267,
      "epoch": 30,
      "mse": 1.1217169165611267
    }
  },
  "standalone_mode": true
}