{
  "train": {
    "mse": 0.030137106776237488,
    "rmse": 0.17360042274210477,
    "mae": 0.1357245147228241,
    "w2_global": 0.4557704031467438,
    "ae_summary": {
      "mean": 0.1357245147228241,
      "std": 0.10824030637741089,
      "min": 1.7285346984863281e-06,
      "max": 0.9306414127349854,
      "p50": 0.11158223450183868,
      "p90": 0.28293576836586,
      "p95": 0.3443893492221832,
      "p99": 0.4785725772380829
    },
    "se_summary": {
      "mean": 0.030137106776237488,
      "std": 0.04816586896777153,
      "min": 2.9878322038712213e-12,
      "max": 0.8660934567451477,
      "p50": 0.012450595386326313,
      "p90": 0.08005264401435852,
      "p95": 0.11860401183366776,
      "p99": 0.22903171181678772
    }
  },
  "val": {
    "mse": 1.1564010381698608,
    "rmse": 1.0753608874093668,
    "mae": 0.8658629059791565,
    "w2_global": 0.4872860610485077,
    "ae_summary": {
      "mean": 0.8658629059791565,
      "std": 0.6377166509628296,
      "min": 8.359551429748535e-06,
      "max": 3.653332233428955,
      "p50": 0.7926214933395386,
      "p90": 1.711368441581726,
      "p95": 2.055385112762451,
      "p99": 2.9073503017425537
    },
    "se_summary": {
      "mean": 1.1564010381698608,
      "std": 1.6010265350341797,
      "min": 6.988210010661078e-11,
      "max": 13.34683609008789,
      "p50": 0.6282488107681274,
      "p90": 2.9287819862365723,
      "p95": 4.224607944488525,
      "p99": 8.452686309814453
    }
  },
  "test": {
    "mse": 1.1442395448684692,
    "rmse": 1.069691331585177,
    "mae": 0.8556322455406189,
    "w2_global": 0.4644694924354553,
    "ae_summary": {
      "mean": 0.8556322455406189,
      "std": 0.6419757604598999,
      "min": 2.0265579223632812e-06,
      "max": 3.6966617107391357,
      "p50": 0.7660679817199707,
      "p90": 1.7265533208847046,
      "p95": 2.060959815979004,
      "p99": 2.902651309967041
    },
    "se_summary": {
      "mean": 1.1442395448684692,
      "std": 1.6095844507217407,
      "min": 4.106937012693379e-12,
      "max": 13.665307998657227,
      "p50": 0.586860179901123,
      "p90": 2.9809863567352295,
      "p95": 4.247555255889893,
      "p99": 8.425384521484375
    }
  }
}