{
  "train": {
    "mse": 0.13220004737377167,
    "rmse": 0.3635932444006237,
    "mae": 0.26086893677711487,
    "w2_global": 0.15081095695495605,
    "ae_summary": {
      "mean": 0.26086893677711487,
      "std": 0.2532734274864197,
      "min": 1.5437602996826172e-05,
      "max": 4.5276336669921875,
      "p50": 0.19921299815177917,
      "p90": 0.5315374135971069,
      "p95": 0.6925477385520935,
      "p99": 1.2234845161437988
    },
    "se_summary": {
      "mean": 0.13220004737377167,
      "std": 0.4095255732536316,
      "min": 2.383195862876164e-10,
      "max": 20.499465942382812,
      "p50": 0.03968581557273865,
      "p90": 0.28253206610679626,
      "p95": 0.47962242364883423,
      "p99": 1.496914267539978
    }
  },
  "val": {
    "mse": 0.41510728001594543,
    "rmse": 0.6442881963965702,
    "mae": 0.49135932326316833,
    "w2_global": 0.1863076090812683,
    "ae_summary": {
      "mean": 0.49135932326316833,
      "std": 0.416741281747818,
      "min": 0.00027611851692199707,
      "max": 3.742554187774658,
      "p50": 0.39343440532684326,
      "p90": 1.0059332847595215,
      "p95": 1.2392964363098145,
      "p99": 2.0110721588134766
    },
    "se_summary": {
      "mean": 0.41510728001594543,
      "std": 0.8717100620269775,
      "min": 7.624143449902476e-08,
      "max": 14.006711959838867,
      "p50": 0.15479062497615814,
      "p90": 1.0119017362594604,
      "p95": 1.5358562469482422,
      "p99": 4.044490814208984
    }
  },
  "test": {
    "mse": 0.4831024408340454,
    "rmse": 0.6950557105973919,
    "mae": 0.45815426111221313,
    "w2_global": 0.2236509472131729,
    "ae_summary": {
      "mean": 0.45815426111221313,
      "std": 0.5226826071739197,
      "min": 6.8247318267822266e-06,
      "max": 9.264351844787598,
      "p50": 0.30627965927124023,
      "p90": 1.0052037239074707,
      "p95": 1.4046262502670288,
      "p99": 2.4567794799804688
    },
    "se_summary": {
      "mean": 0.4831024408340454,
      "std": 2.015946626663208,
      "min": 4.657696450749427e-11,
      "max": 85.82821655273438,
      "p50": 0.09380722790956497,
      "p90": 1.010438084602356,
      "p95": 1.9729750156402588,
      "p99": 6.0359883308410645
    }
  }
}