{
  "train": {
    "mse": 0.034993018954992294,
    "rmse": 0.18706421078066293,
    "mae": 0.13168194890022278,
    "w2_global": 0.11516325920820236,
    "ae_summary": {
      "mean": 0.13168194890022278,
      "std": 0.13286417722702026,
      "min": 5.960464477539063e-08,
      "max": 2.364152431488037,
      "p50": 0.09517531096935272,
      "p90": 0.2841305434703827,
      "p95": 0.3792434334754944,
      "p99": 0.6388494372367859
    },
    "se_summary": {
      "mean": 0.034993018954992294,
      "std": 0.09546905010938644,
      "min": 3.552713678800501e-15,
      "max": 5.589216709136963,
      "p50": 0.009058339521288872,
      "p90": 0.08073016256093979,
      "p95": 0.14382557570934296,
      "p99": 0.4081285893917084
    }
  },
  "val": {
    "mse": 0.11629556119441986,
    "rmse": 0.34102135005659084,
    "mae": 0.2227485179901123,
    "w2_global": 0.10653461515903473,
    "ae_summary": {
      "mean": 0.2227485179901123,
      "std": 0.2582221031188965,
      "min": 1.1920928955078125e-06,
      "max": 3.820314884185791,
      "p50": 0.1493617296218872,
      "p90": 0.48178911209106445,
      "p95": 0.6753712296485901,
      "p99": 1.3168638944625854
    },
    "se_summary": {
      "mean": 0.11629556119441986,
      "std": 0.3910340666770935,
      "min": 1.4210854715202004e-12,
      "max": 14.594805717468262,
      "p50": 0.02230892702937126,
      "p90": 0.23212076723575592,
      "p95": 0.45612630248069763,
      "p99": 1.734130620956421
    }
  },
  "test": {
    "mse": 0.11521017551422119,
    "rmse": 0.3394262445866866,
    "mae": 0.22754313051700592,
    "w2_global": 0.12092979997396469,
    "ae_summary": {
      "mean": 0.22754313051700592,
      "std": 0.25186169147491455,
      "min": 2.1457672119140625e-06,
      "max": 2.9922902584075928,
      "p50": 0.15394771099090576,
      "p90": 0.4997182786464691,
      "p95": 0.6982320547103882,
      "p99": 1.2647711038589478
    },
    "se_summary": {
      "mean": 0.11521017551422119,
      "std": 0.341626912355423,
      "min": 4.604316927725449e-12,
      "max": 8.953801155090332,
      "p50": 0.023699898272752762,
      "p90": 0.24971835315227509,
      "p95": 0.4875280261039734,
      "p99": 1.599645972251892
    }
  }
}