{
  "train": {
    "mse": 0.0,
    "rmse": 0.0,
    "mae": 0.0,
    "w2_global": 0.5531911849975586,
    "ae_summary": {
      "mean": 0.0,
      "std": 0.0,
      "min": 0.0,
      "max": 0.0,
      "p50": 0.0,
      "p90": 0.0,
      "p95": 0.0,
      "p99": 0.0
    },
    "se_summary": {
      "mean": 0.0,
      "std": 0.0,
      "min": 0.0,
      "max": 0.0,
      "p50": 0.0,
      "p90": 0.0,
      "p95": 0.0,
      "p99": 0.0
    }
  },
  "val": {
    "mse": 1.4028033018112183,
    "rmse": 1.1843999754353334,
    "mae": 0.8565381765365601,
    "w2_global": 0.24581928551197052,
    "ae_summary": {
      "mean": 0.8565381765365601,
      "std": 0.8180133104324341,
      "min": 0.0,
      "max": 11.273944854736328,
      "p50": 0.6395761966705322,
      "p90": 1.865513563156128,
      "p95": 2.361358404159546,
      "p99": 3.5363688468933105
    },
    "se_summary": {
      "mean": 1.4028033018112183,
      "std": 3.6007862091064453,
      "min": 0.0,
      "max": 127.1018295288086,
      "p50": 0.40905770659446716,
      "p90": 3.4801406860351562,
      "p95": 5.576014041900635,
      "p99": 12.505906105041504
    }
  },
  "test": {
    "mse": 1.1878300905227661,
    "rmse": 1.0898761812805922,
    "mae": 0.7930811643600464,
    "w2_global": 0.3182413876056671,
    "ae_summary": {
      "mean": 0.7930811643600464,
      "std": 0.7475642561912537,
      "min": 0.0,
      "max": 21.1308650970459,
      "p50": 0.6029569506645203,
      "p90": 1.7234947681427002,
      "p95": 2.1967554092407227,
      "p99": 3.2323367595672607
    },
    "se_summary": {
      "mean": 1.1878300905227661,
      "std": 3.279477596282959,
      "min": 0.0,
      "max": 446.5134582519531,
      "p50": 0.3635571002960205,
      "p90": 2.9704341888427734,
      "p95": 4.825735092163086,
      "p99": 10.448001861572266
    }
  }
}