{
  "train": {
    "mse": 0.0,
    "rmse": 0.0,
    "mae": 0.0,
    "w2_global": 0.6096956133842468,
    "ae_summary": {
      "mean": 0.0,
      "std": 0.0,
      "min": 0.0,
      "max": 0.0,
      "p50": 0.0,
      "p90": 0.0,
      "p95": 0.0,
      "p99": 0.0
    },
    "se_summary": {
      "mean": 0.0,
      "std": 0.0,
      "min": 0.0,
      "max": 0.0,
      "p50": 0.0,
      "p90": 0.0,
      "p95": 0.0,
      "p99": 0.0
    }
  },
  "val": {
    "mse": 1.072945237159729,
    "rmse": 1.035830699081529,
    "mae": 0.793587327003479,
    "w2_global": 0.2824496924877167,
    "ae_summary": {
      "mean": 0.793587327003479,
      "std": 0.6657060384750366,
      "min": 2.2113323211669922e-05,
      "max": 4.086338996887207,
      "p50": 0.6164119243621826,
      "p90": 1.7051360607147217,
      "p95": 2.0950777530670166,
      "p99": 2.8377327919006348
    },
    "se_summary": {
      "mean": 1.072945237159729,
      "std": 1.661067008972168,
      "min": 4.889990634637797e-10,
      "max": 16.698165893554688,
      "p50": 0.3799636662006378,
      "p90": 2.9074907302856445,
      "p95": 4.3893513679504395,
      "p99": 8.052726745605469
    }
  },
  "test": {
    "mse": 1.0160118341445923,
    "rmse": 1.0079741237475257,
    "mae": 0.7606124877929688,
    "w2_global": 0.45104849338531494,
    "ae_summary": {
      "mean": 0.7606124877929688,
      "std": 0.6614230871200562,
      "min": 4.1365623474121094e-05,
      "max": 5.269644260406494,
      "p50": 0.6013566851615906,
      "p90": 1.6841022968292236,
      "p95": 2.0916733741760254,
      "p99": 2.8280200958251953
    },
    "se_summary": {
      "mean": 1.0160118341445923,
      "std": 1.733938455581665,
      "min": 1.711114805402758e-09,
      "max": 27.769149780273438,
      "p50": 0.3616298735141754,
      "p90": 2.836200475692749,
      "p95": 4.375098705291748,
      "p99": 7.997697353363037
    }
  }
}