{
  "best_alpha": 0.99,
  "best_gamma": 0.1,
  "alpha_grid": [
    0.01,
    0.25,
    0.5,
    0.75,
    0.99
  ],
  "gamma_grid": [
    0.1,
    1.0,
    5.0,
    10.0
  ],
  "results": {
    "(0.01, 0.1)": {
      "val_loss": 0.20459744334220886,
      "val_eval": 0.2165164053440094,
      "epoch": 27,
      "mse": 0.2165164202451706,
      "w2_global": 0.02199874445796013,
      "cvar": 0.6465787291526794
    },
    "(0.01, 1.0)": {
      "val_loss": 0.1880771815776825,
      "val_eval": 0.2027222365140915,
      "epoch": 29,
      "mse": 0.2027222365140915,
      "w2_global": 0.021429551765322685,
      "cvar": 0.5752466917037964
    },
    "(0.01, 5.0)": {
      "val_loss": 0.20035140216350555,
      "val_eval": 0.21216529607772827,
      "epoch": 27,
      "mse": 0.21216529607772827,
      "w2_global": 0.021610388532280922,
      "cvar": 0.6173878908157349
    },
    "(0.01, 10.0)": {
      "val_loss": 0.21995247900485992,
      "val_eval": 0.23246034979820251,
      "epoch": 28,
      "mse": 0.23246034979820251,
      "w2_global": 0.023095300421118736,
      "cvar": 0.6586555242538452
    },
    "(0.25, 0.1)": {
      "val_loss": 0.15216310322284698,
      "val_eval": 0.17171911895275116,
      "epoch": 29,
      "mse": 0.17171911895275116,
      "w2_global": 0.02139108069241047,
      "cvar": 0.48685288429260254
    },
    "(0.25, 1.0)": {
      "val_loss": 0.16736693680286407,
      "val_eval": 0.1838020235300064,
      "epoch": 27,
      "mse": 0.1838020384311676,
      "w2_global": 0.02092456817626953,
      "cvar": 0.49983450770378113
    },
    "(0.25, 5.0)": {
      "val_loss": 0.16431012749671936,
      "val_eval": 0.17423059046268463,
      "epoch": 29,
      "mse": 0.17423059046268463,
      "w2_global": 0.02202770859003067,
      "cvar": 0.5296539664268494
    },
    "(0.25, 10.0)": {
      "val_loss": 0.15572112798690796,
      "val_eval": 0.17449063062667847,
      "epoch": 29,
      "mse": 0.17449063062667847,
      "w2_global": 0.02233855240046978,
      "cvar": 0.4885365962982178
    },
    "(0.5, 0.1)": {
      "val_loss": 0.1209285631775856,
      "val_eval": 0.13332420587539673,
      "epoch": 29,
      "mse": 0.13332419097423553,
      "w2_global": 0.01875300332903862,
      "cvar": 0.3713904023170471
    },
    "(0.5, 1.0)": {
      "val_loss": 0.10141223669052124,
      "val_eval": 0.1243438869714737,
      "epoch": 30,
      "mse": 0.1243438869714737,
      "w2_global": 0.021350299939513206,
      "cvar": 0.36137303709983826
    },
    "(0.5, 5.0)": {
      "val_loss": 0.10730310529470444,
      "val_eval": 0.12558512389659882,
      "epoch": 29,
      "mse": 0.12558512389659882,
      "w2_global": 0.02087261900305748,
      "cvar": 0.349913626909256
    },
    "(0.5, 10.0)": {
      "val_loss": 0.11502131074666977,
      "val_eval": 0.1436302363872528,
      "epoch": 29,
      "mse": 0.1436302214860916,
      "w2_global": 0.01997728832066059,
      "cvar": 0.38791602849960327
    },
    "(0.75, 0.1)": {
      "val_loss": 0.06845976412296295,
      "val_eval": 0.08064820617437363,
      "epoch": 30,
      "mse": 0.08064820617437363,
      "w2_global": 0.015966158360242844,
      "cvar": 0.20698842406272888
    },
    "(0.75, 1.0)": {
      "val_loss": 0.06664750725030899,
      "val_eval": 0.08588231354951859,
      "epoch": 30,
      "mse": 0.08588231354951859,
      "w2_global": 0.016443828120827675,
      "cvar": 0.23289887607097626
    },
    "(0.75, 5.0)": {
      "val_loss": 0.05871928110718727,
      "val_eval": 0.08771015703678131,
      "epoch": 30,
      "mse": 0.08771014958620071,
      "w2_global": 0.01869678683578968,
      "cvar": 0.23112468421459198
    },
    "(0.75, 10.0)": {
      "val_loss": 0.0718507245182991,
      "val_eval": 0.08199512958526611,
      "epoch": 28,
      "mse": 0.08199512958526611,
      "w2_global": 0.014426645822823048,
      "cvar": 0.2080388069152832
    },
    "(0.99, 0.1)": {
      "val_loss": 0.027738364413380623,
      "val_eval": 0.039009883999824524,
      "epoch": 30,
      "mse": 0.039009883999824524,
      "w2_global": 0.009049847722053528,
      "cvar": 0.09412816166877747
    },
    "(0.99, 1.0)": {
      "val_loss": 0.0327892042696476,
      "val_eval": 0.05507078394293785,
      "epoch": 30,
      "mse": 0.05507078394293785,
      "w2_global": 0.014919601380825043,
      "cvar": 0.15013349056243896
    },
    "(0.99, 5.0)": {
      "val_loss": 0.028950216248631477,
      "val_eval": 0.039120160043239594,
      "epoch": 30,
      "mse": 0.039120160043239594,
      "w2_global": 0.004509415943175554,
      "cvar": 0.11073105782270432
    },
    "(0.99, 10.0)": {
      "val_loss": 0.02881324104964733,
      "val_eval": 0.048182182013988495,
      "epoch": 30,
      "mse": 0.048182182013988495,
      "w2_global": 0.011192027479410172,
      "cvar": 0.12742869555950165
    }
  }
}