{
  "train": {
    "mse": 0.02771162986755371,
    "rmse": 0.16646810465537748,
    "mae": 0.12442687898874283,
    "w2_global": 0.00665802787989378,
    "ae_summary": {
      "mean": 0.12442687898874283,
      "std": 0.11058744043111801,
      "min": 1.7881393432617188e-07,
      "max": 1.463517665863037,
      "p50": 0.09599938988685608,
      "p90": 0.2651998996734619,
      "p95": 0.3362275958061218,
      "p99": 0.5167543888092041
    },
    "se_summary": {
      "mean": 0.02771162986755371,
      "std": 0.056904636323451996,
      "min": 3.197442310920451e-14,
      "max": 2.1418838500976562,
      "p50": 0.0092158829793334,
      "p90": 0.07033098489046097,
      "p95": 0.1130489856004715,
      "p99": 0.2670350968837738
    }
  },
  "val": {
    "mse": 0.039009883999824524,
    "rmse": 0.19750919978528728,
    "mae": 0.14486950635910034,
    "w2_global": 0.009049847722053528,
    "ae_summary": {
      "mean": 0.14486950635910034,
      "std": 0.13424868881702423,
      "min": 0.00017595291137695312,
      "max": 1.0776212215423584,
      "p50": 0.1096501499414444,
      "p90": 0.30680304765701294,
      "p95": 0.3901855945587158,
      "p99": 0.6372420191764832
    },
    "se_summary": {
      "mean": 0.039009883999824524,
      "std": 0.08719073981046677,
      "min": 3.095942702202592e-08,
      "max": 1.1612675189971924,
      "p50": 0.012023156508803368,
      "p90": 0.09412816166877747,
      "p95": 0.15224479138851166,
      "p99": 0.4061187207698822
    }
  },
  "test": {
    "mse": 0.03576191887259483,
    "rmse": 0.18910822000271388,
    "mae": 0.14100651443004608,
    "w2_global": 0.006836666259914637,
    "ae_summary": {
      "mean": 0.14100651443004608,
      "std": 0.12601223587989807,
      "min": 3.4689903259277344e-05,
      "max": 1.0547363758087158,
      "p50": 0.10895729064941406,
      "p90": 0.3036251366138458,
      "p95": 0.3728195130825043,
      "p99": 0.581305742263794
    },
    "se_summary": {
      "mean": 0.03576191887259483,
      "std": 0.073255255818367,
      "min": 1.2033893881380209e-09,
      "max": 1.1124688386917114,
      "p50": 0.01187169086188078,
      "p90": 0.09218832850456238,
      "p95": 0.13899508118629456,
      "p99": 0.3379163444042206
    }
  }
}