{
  "best_alpha": 0.99,
  "best_gamma": 5.0,
  "alpha_grid": [
    0.99
  ],
  "gamma_grid": [
    5.0
  ],
  "results": {
    "(0.99, 5.0)": {
      "val_loss": 0.016482369974255562,
      "val_eval": 0.14700984954833984,
      "epoch": 30,
      "mse": 0.14700984954833984
    }
  },
  "standalone_mode": true
}