{
  "train": {
    "mse": 0.01528594084084034,
    "rmse": 0.12363632492451537,
    "mae": 0.090394988656044,
    "w2_global": 0.07669711858034134,
    "ae_summary": {
      "mean": 0.090394988656044,
      "std": 0.08434861153364182,
      "min": 9.98377799987793e-07,
      "max": 1.0736169815063477,
      "p50": 0.06797599792480469,
      "p90": 0.19425144791603088,
      "p95": 0.2509652078151703,
      "p99": 0.3943782448768616
    },
    "se_summary": {
      "mean": 0.01528594084084034,
      "std": 0.03478996083140373,
      "min": 9.967582315084655e-13,
      "max": 1.152653455734253,
      "p50": 0.004620736464858055,
      "p90": 0.03773362562060356,
      "p95": 0.06298353523015976,
      "p99": 0.15553419291973114
    }
  },
  "val": {
    "mse": 0.14700984954833984,
    "rmse": 0.3834186348475252,
    "mae": 0.24751339852809906,
    "w2_global": 0.09158577769994736,
    "ae_summary": {
      "mean": 0.24751339852809906,
      "std": 0.292825847864151,
      "min": 1.1667609214782715e-05,
      "max": 2.3743724822998047,
      "p50": 0.14788466691970825,
      "p90": 0.6298368573188782,
      "p95": 0.9066356420516968,
      "p99": 1.3724757432937622
    },
    "se_summary": {
      "mean": 0.14700984954833984,
      "std": 0.38535577058792114,
      "min": 1.3613310478888252e-10,
      "max": 5.6376447677612305,
      "p50": 0.021869875490665436,
      "p90": 0.39669448137283325,
      "p95": 0.8219882249832153,
      "p99": 1.8836896419525146
    }
  },
  "test": {
    "mse": 0.13276506960391998,
    "rmse": 0.3643694136503776,
    "mae": 0.23525986075401306,
    "w2_global": 0.07698577642440796,
    "ae_summary": {
      "mean": 0.23525986075401306,
      "std": 0.27824071049690247,
      "min": 4.6133995056152344e-05,
      "max": 2.5264647006988525,
      "p50": 0.14820533990859985,
      "p90": 0.5379292368888855,
      "p95": 0.8148831129074097,
      "p99": 1.3890191316604614
    },
    "se_summary": {
      "mean": 0.13276506960391998,
      "std": 0.3805951178073883,
      "min": 2.128345499841089e-09,
      "max": 6.383023738861084,
      "p50": 0.021964821964502335,
      "p90": 0.2893678843975067,
      "p95": 0.6640344858169556,
      "p99": 1.92937433719635
    }
  }
}