{
  "best_alpha": 0.99,
  "best_gamma": 5.0,
  "alpha_grid": [
    0.01,
    0.25,
    0.5,
    0.75,
    0.99
  ],
  "gamma_grid": [
    0.1,
    1.0,
    5.0,
    10.0
  ],
  "results": {
    "(0.01, 0.1)": {
      "val_loss": 0.6174755096435547,
      "val_eval": 0.8421173095703125,
      "epoch": 30,
      "mse": 0.8421173095703125,
      "w2_global": 0.447468101978302,
      "cvar": 1.9555132389068604
    },
    "(0.01, 1.0)": {
      "val_loss": 0.6290591955184937,
      "val_eval": 0.8648615479469299,
      "epoch": 22,
      "mse": 0.8648616075515747,
      "w2_global": 0.4420837163925171,
      "cvar": 2.164262533187866
    },
    "(0.01, 5.0)": {
      "val_loss": 0.6207897067070007,
      "val_eval": 0.8430042266845703,
      "epoch": 13,
      "mse": 0.8430043458938599,
      "w2_global": 0.43301934003829956,
      "cvar": 2.124152421951294
    },
    "(0.01, 10.0)": {
      "val_loss": 0.6727196574211121,
      "val_eval": 0.938600480556488,
      "epoch": 16,
      "mse": 0.938600480556488,
      "w2_global": 0.45734092593193054,
      "cvar": 2.509281635284424
    },
    "(0.25, 0.1)": {
      "val_loss": 0.3888786733150482,
      "val_eval": 0.582897961139679,
      "epoch": 30,
      "mse": 0.5828980207443237,
      "w2_global": 0.3665201663970947,
      "cvar": 1.0773711204528809
    },
    "(0.25, 1.0)": {
      "val_loss": 0.41629260778427124,
      "val_eval": 0.606705367565155,
      "epoch": 27,
      "mse": 0.606705367565155,
      "w2_global": 0.37128791213035583,
      "cvar": 1.0180671215057373
    },
    "(0.25, 5.0)": {
      "val_loss": 0.4390396773815155,
      "val_eval": 0.6219104528427124,
      "epoch": 30,
      "mse": 0.6219104528427124,
      "w2_global": 0.38210442662239075,
      "cvar": 1.0669620037078857
    },
    "(0.25, 10.0)": {
      "val_loss": 0.42805182933807373,
      "val_eval": 0.6058031916618347,
      "epoch": 24,
      "mse": 0.6058031320571899,
      "w2_global": 0.370551735162735,
      "cvar": 1.0903581380844116
    },
    "(0.5, 0.1)": {
      "val_loss": 0.19063642621040344,
      "val_eval": 0.2695014178752899,
      "epoch": 28,
      "mse": 0.2695014178752899,
      "w2_global": 0.19397906959056854,
      "cvar": 0.48708653450012207
    },
    "(0.5, 1.0)": {
      "val_loss": 0.20465022325515747,
      "val_eval": 0.28837814927101135,
      "epoch": 26,
      "mse": 0.28837814927101135,
      "w2_global": 0.2116868942975998,
      "cvar": 0.5768139362335205
    },
    "(0.5, 5.0)": {
      "val_loss": 0.24610036611557007,
      "val_eval": 0.32951152324676514,
      "epoch": 30,
      "mse": 0.32951152324676514,
      "w2_global": 0.24235297739505768,
      "cvar": 0.6121892929077148
    },
    "(0.5, 10.0)": {
      "val_loss": 0.19952230155467987,
      "val_eval": 0.2906206250190735,
      "epoch": 27,
      "mse": 0.2906206250190735,
      "w2_global": 0.20304815471172333,
      "cvar": 0.5629152059555054
    },
    "(0.75, 0.1)": {
      "val_loss": 0.12042340636253357,
      "val_eval": 0.17997631430625916,
      "epoch": 30,
      "mse": 0.17997632920742035,
      "w2_global": 0.1455083042383194,
      "cvar": 0.35870394110679626
    },
    "(0.75, 1.0)": {
      "val_loss": 0.11779624968767166,
      "val_eval": 0.17000338435173035,
      "epoch": 29,
      "mse": 0.17000336945056915,
      "w2_global": 0.13506250083446503,
      "cvar": 0.35665494203567505
    },
    "(0.75, 5.0)": {
      "val_loss": 0.12407442182302475,
      "val_eval": 0.16107229888439178,
      "epoch": 27,
      "mse": 0.16107229888439178,
      "w2_global": 0.11446862667798996,
      "cvar": 0.3460657596588135
    },
    "(0.75, 10.0)": {
      "val_loss": 0.12376166135072708,
      "val_eval": 0.18100914359092712,
      "epoch": 29,
      "mse": 0.18100915849208832,
      "w2_global": 0.14812862873077393,
      "cvar": 0.3620861768722534
    },
    "(0.99, 0.1)": {
      "val_loss": 0.06724566221237183,
      "val_eval": 0.09712046384811401,
      "epoch": 30,
      "mse": 0.09712046384811401,
      "w2_global": 0.06759200245141983,
      "cvar": 0.19161774218082428
    },
    "(0.99, 1.0)": {
      "val_loss": 0.07539985328912735,
      "val_eval": 0.09803564101457596,
      "epoch": 30,
      "mse": 0.09803564101457596,
      "w2_global": 0.06119326129555702,
      "cvar": 0.20408464968204498
    },
    "(0.99, 5.0)": {
      "val_loss": 0.054559752345085144,
      "val_eval": 0.07163343578577042,
      "epoch": 30,
      "mse": 0.07163343578577042,
      "w2_global": 0.06897071748971939,
      "cvar": 0.15973909199237823
    },
    "(0.99, 10.0)": {
      "val_loss": 0.06780950725078583,
      "val_eval": 0.09691919386386871,
      "epoch": 30,
      "mse": 0.09691918641328812,
      "w2_global": 0.0728011354804039,
      "cvar": 0.18205520510673523
    }
  }
}