{
  "train": {
    "mse": 0.04401259124279022,
    "rmse": 0.2097917806845402,
    "mae": 0.14599193632602692,
    "w2_global": 0.05006159469485283,
    "ae_summary": {
      "mean": 0.14599193632602692,
      "std": 0.15066169202327728,
      "min": 5.811452865600586e-07,
      "max": 2.817737340927124,
      "p50": 0.10649818181991577,
      "p90": 0.30874910950660706,
      "p95": 0.41600680351257324,
      "p99": 0.730495274066925
    },
    "se_summary": {
      "mean": 0.04401259124279022,
      "std": 0.14199523627758026,
      "min": 3.377298440909726e-13,
      "max": 7.939643859863281,
      "p50": 0.011341862380504608,
      "p90": 0.0953260064125061,
      "p95": 0.17306165397167206,
      "p99": 0.5336233377456665
    }
  },
  "val": {
    "mse": 0.07163343578577042,
    "rmse": 0.2676442336120291,
    "mae": 0.183517187833786,
    "w2_global": 0.06897071748971939,
    "ae_summary": {
      "mean": 0.183517187833786,
      "std": 0.1948201209306717,
      "min": 1.7285346984863281e-06,
      "max": 3.0504822731018066,
      "p50": 0.12899425625801086,
      "p90": 0.399673730134964,
      "p95": 0.5450478792190552,
      "p99": 0.9559153318405151
    },
    "se_summary": {
      "mean": 0.07163343578577042,
      "std": 0.21743109822273254,
      "min": 2.9878322038712213e-12,
      "max": 9.305441856384277,
      "p50": 0.01663951762020588,
      "p90": 0.15973909199237823,
      "p95": 0.2970772385597229,
      "p99": 0.9137742519378662
    }
  },
  "test": {
    "mse": 0.09611587971448898,
    "rmse": 0.31002561138475154,
    "mae": 0.20596341788768768,
    "w2_global": 0.05965768173336983,
    "ae_summary": {
      "mean": 0.20596341788768768,
      "std": 0.23172172904014587,
      "min": 3.0994415283203125e-06,
      "max": 3.4335060119628906,
      "p50": 0.14087915420532227,
      "p90": 0.454904705286026,
      "p95": 0.6389936804771423,
      "p99": 1.0697054862976074
    },
    "se_summary": {
      "mean": 0.09611587971448898,
      "std": 0.35322409868240356,
      "min": 9.606537787476555e-12,
      "max": 11.788963317871094,
      "p50": 0.01984693668782711,
      "p90": 0.20693828165531158,
      "p95": 0.40831291675567627,
      "p99": 1.1442697048187256
    }
  }
}