{
  "train": {
    "mse": 0.0,
    "rmse": 0.0,
    "mae": 0.0,
    "w2_global": 0.43336161971092224,
    "ae_summary": {
      "mean": 0.0,
      "std": 0.0,
      "min": 0.0,
      "max": 0.0,
      "p50": 0.0,
      "p90": 0.0,
      "p95": 0.0,
      "p99": 0.0
    },
    "se_summary": {
      "mean": 0.0,
      "std": 0.0,
      "min": 0.0,
      "max": 0.0,
      "p50": 0.0,
      "p90": 0.0,
      "p95": 0.0,
      "p99": 0.0
    }
  },
  "val": {
    "mse": 1.240699291229248,
    "rmse": 1.113866819341185,
    "mae": 0.8096299171447754,
    "w2_global": 0.4135962426662445,
    "ae_summary": {
      "mean": 0.8096299171447754,
      "std": 0.7649828791618347,
      "min": 0.0006199628114700317,
      "max": 5.692104339599609,
      "p50": 0.6429174542427063,
      "p90": 1.789420485496521,
      "p95": 2.1732125282287598,
      "p99": 3.4202637672424316
    },
    "se_summary": {
      "mean": 1.240699291229248,
      "std": 2.569192409515381,
      "min": 3.84353882054711e-07,
      "max": 32.40005111694336,
      "p50": 0.4133428633213043,
      "p90": 3.2020392417907715,
      "p95": 4.722858905792236,
      "p99": 11.698383331298828
    }
  },
  "test": {
    "mse": 1.3291434049606323,
    "rmse": 1.1528848186009877,
    "mae": 0.8223970532417297,
    "w2_global": 0.435834676027298,
    "ae_summary": {
      "mean": 0.8223970532417297,
      "std": 0.8079644441604614,
      "min": 5.2034854888916016e-05,
      "max": 9.362988471984863,
      "p50": 0.6250178813934326,
      "p90": 1.868488073348999,
      "p95": 2.2113049030303955,
      "p99": 4.0938544273376465
    },
    "se_summary": {
      "mean": 1.3291434049606323,
      "std": 3.279573917388916,
      "min": 2.707626123310547e-09,
      "max": 87.6655502319336,
      "p50": 0.39064735174179077,
      "p90": 3.491248369216919,
      "p95": 4.889869689941406,
      "p99": 16.76144027709961
    }
  }
}