{
  "train": {
    "mse": 0.6629303693771362,
    "rmse": 0.8142053606904932,
    "mae": 0.6826781034469604,
    "w2_global": 0.4615786075592041,
    "ae_summary": {
      "mean": 0.6826781034469604,
      "std": 0.4437127113342285,
      "min": 5.810987204313278e-06,
      "max": 2.978461742401123,
      "p50": 0.6858186721801758,
      "p90": 1.0925081968307495,
      "p95": 1.2763386964797974,
      "p99": 2.3873846530914307
    },
    "se_summary": {
      "mean": 0.6629303693771362,
      "std": 0.952716052532196,
      "min": 3.3767572071852214e-11,
      "max": 8.871233940124512,
      "p50": 0.4703472852706909,
      "p90": 1.1935741901397705,
      "p95": 1.6290404796600342,
      "p99": 5.699605464935303
    }
  },
  "val": {
    "mse": 0.8209055662155151,
    "rmse": 0.9060383911377681,
    "mae": 0.7710323333740234,
    "w2_global": 0.462598592042923,
    "ae_summary": {
      "mean": 0.7710323333740234,
      "std": 0.475830614566803,
      "min": 0.00016852468252182007,
      "max": 2.9706168174743652,
      "p50": 0.8358389139175415,
      "p90": 1.1890004873275757,
      "p95": 1.4463649988174438,
      "p99": 2.578338623046875
    },
    "se_summary": {
      "mean": 0.8209055662155151,
      "std": 1.0955660343170166,
      "min": 2.8400569007658305e-08,
      "max": 8.824563980102539,
      "p50": 0.698626697063446,
      "p90": 1.4137221574783325,
      "p95": 2.0919716358184814,
      "p99": 6.647830009460449
    }
  },
  "test": {
    "mse": 0.8190544247627258,
    "rmse": 0.9050162566289767,
    "mae": 0.7686062455177307,
    "w2_global": 0.4604506194591522,
    "ae_summary": {
      "mean": 0.7686062455177307,
      "std": 0.47780641913414,
      "min": 5.163578316569328e-05,
      "max": 3.004654884338379,
      "p50": 0.8332064747810364,
      "p90": 1.1898905038833618,
      "p95": 1.4547712802886963,
      "p99": 2.5727453231811523
    },
    "se_summary": {
      "mean": 0.8190544247627258,
      "std": 1.0992075204849243,
      "min": 2.6662541063871004e-09,
      "max": 9.02795124053955,
      "p50": 0.6942330002784729,
      "p90": 1.415839433670044,
      "p95": 2.1163594722747803,
      "p99": 6.6190185546875
    }
  }
}