{
  "train": {
    "mse": 0.0,
    "rmse": 0.0,
    "mae": 0.0,
    "w2_global": 0.03131597489118576,
    "ae_summary": {
      "mean": 0.0,
      "std": 0.0,
      "min": 0.0,
      "max": 0.0,
      "p50": 0.0,
      "p90": 0.0,
      "p95": 0.0,
      "p99": 0.0
    },
    "se_summary": {
      "mean": 0.0,
      "std": 0.0,
      "min": 0.0,
      "max": 0.0,
      "p50": 0.0,
      "p90": 0.0,
      "p95": 0.0,
      "p99": 0.0
    }
  },
  "val": {
    "mse": 0.05490507185459137,
    "rmse": 0.23431831310119866,
    "mae": 0.15327593684196472,
    "w2_global": 0.010370499454438686,
    "ae_summary": {
      "mean": 0.15327593684196472,
      "std": 0.17723305523395538,
      "min": 7.808208465576172e-06,
      "max": 2.0011258125305176,
      "p50": 0.10435423254966736,
      "p90": 0.3231470286846161,
      "p95": 0.48816773295402527,
      "p99": 0.9032479524612427
    },
    "se_summary": {
      "mean": 0.05490507185459137,
      "std": 0.1879977434873581,
      "min": 6.09681194418954e-11,
      "max": 4.004504680633545,
      "p50": 0.010889804922044277,
      "p90": 0.10442401468753815,
      "p95": 0.23830775916576385,
      "p99": 0.8158568739891052
    }
  },
  "test": {
    "mse": 0.15575605630874634,
    "rmse": 0.39465941811737665,
    "mae": 0.233585387468338,
    "w2_global": 0.023798072710633278,
    "ae_summary": {
      "mean": 0.233585387468338,
      "std": 0.318109929561615,
      "min": 2.2076070308685303e-05,
      "max": 3.301776170730591,
      "p50": 0.1343395709991455,
      "p90": 0.589914083480835,
      "p95": 0.8621950745582581,
      "p99": 1.524643063545227
    },
    "se_summary": {
      "mean": 0.15575605630874634,
      "std": 0.5857828855514526,
      "min": 4.873528802740168e-10,
      "max": 10.901725769042969,
      "p50": 0.018047120422124863,
      "p90": 0.34799861907958984,
      "p95": 0.7433803677558899,
      "p99": 2.3245368003845215
    }
  }
}