{
  "train": {
    "mse": 0.0,
    "rmse": 0.0,
    "mae": 0.0,
    "w2_global": 0.12262674421072006,
    "ae_summary": {
      "mean": 0.0,
      "std": 0.0,
      "min": 0.0,
      "max": 0.0,
      "p50": 0.0,
      "p90": 0.0,
      "p95": 0.0,
      "p99": 0.0
    },
    "se_summary": {
      "mean": 0.0,
      "std": 0.0,
      "min": 0.0,
      "max": 0.0,
      "p50": 0.0,
      "p90": 0.0,
      "p95": 0.0,
      "p99": 0.0
    }
  },
  "val": {
    "mse": 0.20958325266838074,
    "rmse": 0.4578026350605474,
    "mae": 0.24248242378234863,
    "w2_global": 0.12511111795902252,
    "ae_summary": {
      "mean": 0.24248242378234863,
      "std": 0.38831111788749695,
      "min": 3.0994415283203125e-06,
      "max": 3.2203140258789062,
      "p50": 0.09335535764694214,
      "p90": 0.6431198120117188,
      "p95": 0.935016930103302,
      "p99": 2.133094549179077
    },
    "se_summary": {
      "mean": 0.20958325266838074,
      "std": 0.8104649782180786,
      "min": 9.606537787476555e-12,
      "max": 10.37042236328125,
      "p50": 0.008715222589671612,
      "p90": 0.41360312700271606,
      "p95": 0.8742566108703613,
      "p99": 4.550092697143555
    }
  },
  "test": {
    "mse": 0.20783543586730957,
    "rmse": 0.45588971897522496,
    "mae": 0.24301835894584656,
    "w2_global": 0.12437564879655838,
    "ae_summary": {
      "mean": 0.24301835894584656,
      "std": 0.38571685552597046,
      "min": 2.384185791015625e-07,
      "max": 3.2226357460021973,
      "p50": 0.09440940618515015,
      "p90": 0.6402694582939148,
      "p95": 0.9277918338775635,
      "p99": 2.0897982120513916
    },
    "se_summary": {
      "mean": 0.20783543586730957,
      "std": 0.8044781684875488,
      "min": 5.684341886080802e-14,
      "max": 10.385380744934082,
      "p50": 0.008913136087357998,
      "p90": 0.409945011138916,
      "p95": 0.860797643661499,
      "p99": 4.367256164550781
    }
  }
}