{
  "train": {
    "mse": 0.0,
    "rmse": 0.0,
    "mae": 0.0,
    "w2_global": 0.01661568135023117,
    "ae_summary": {
      "mean": 0.0,
      "std": 0.0,
      "min": 0.0,
      "max": 0.0,
      "p50": 0.0,
      "p90": 0.0,
      "p95": 0.0,
      "p99": 0.0
    },
    "se_summary": {
      "mean": 0.0,
      "std": 0.0,
      "min": 0.0,
      "max": 0.0,
      "p50": 0.0,
      "p90": 0.0,
      "p95": 0.0,
      "p99": 0.0
    }
  },
  "val": {
    "mse": 0.2622024118900299,
    "rmse": 0.5120570396840862,
    "mae": 0.3593045175075531,
    "w2_global": 0.028195496648550034,
    "ae_summary": {
      "mean": 0.3593045175075531,
      "std": 0.36483240127563477,
      "min": 0.0015444457530975342,
      "max": 3.151944160461426,
      "p50": 0.2408302128314972,
      "p90": 0.8707582950592041,
      "p95": 1.0170410871505737,
      "p99": 1.5482004880905151
    },
    "se_summary": {
      "mean": 0.2622024118900299,
      "std": 0.6546766757965088,
      "min": 2.3853126549511217e-06,
      "max": 9.934752464294434,
      "p50": 0.05799918994307518,
      "p90": 0.7582249641418457,
      "p95": 1.0344507694244385,
      "p99": 2.3975138664245605
    }
  },
  "test": {
    "mse": 0.27236247062683105,
    "rmse": 0.5218835795719492,
    "mae": 0.3307286500930786,
    "w2_global": 0.027818972244858742,
    "ae_summary": {
      "mean": 0.3307286500930786,
      "std": 0.4037090837955475,
      "min": 0.00023365020751953125,
      "max": 5.700783729553223,
      "p50": 0.22443699836730957,
      "p90": 0.6678777933120728,
      "p95": 0.986085832118988,
      "p99": 1.8166840076446533
    },
    "se_summary": {
      "mean": 0.27236247062683105,
      "std": 1.26783287525177,
      "min": 5.459241947392002e-08,
      "max": 32.49893569946289,
      "p50": 0.05037196725606918,
      "p90": 0.4460608959197998,
      "p95": 0.9723912477493286,
      "p99": 3.3006298542022705
    }
  }
}