{
  "train": {
    "mse": 0.0,
    "rmse": 0.0,
    "mae": 0.0,
    "w2_global": 0.023723646998405457,
    "ae_summary": {
      "mean": 0.0,
      "std": 0.0,
      "min": 0.0,
      "max": 0.0,
      "p50": 0.0,
      "p90": 0.0,
      "p95": 0.0,
      "p99": 0.0
    },
    "se_summary": {
      "mean": 0.0,
      "std": 0.0,
      "min": 0.0,
      "max": 0.0,
      "p50": 0.0,
      "p90": 0.0,
      "p95": 0.0,
      "p99": 0.0
    }
  },
  "val": {
    "mse": 1.365578293800354,
    "rmse": 1.168579605247479,
    "mae": 0.8412705659866333,
    "w2_global": 0.036671098321676254,
    "ae_summary": {
      "mean": 0.8412705659866333,
      "std": 0.8110747933387756,
      "min": 5.7522207498550415e-05,
      "max": 7.95129919052124,
      "p50": 0.5843310356140137,
      "p90": 1.9810304641723633,
      "p95": 2.487440586090088,
      "p99": 3.6034204959869385
    },
    "se_summary": {
      "mean": 1.365578293800354,
      "std": 2.769145965576172,
      "min": 3.3088043416285018e-09,
      "max": 63.22315979003906,
      "p50": 0.3414427638053894,
      "p90": 3.9244816303253174,
      "p95": 6.1873602867126465,
      "p99": 12.984640121459961
    }
  },
  "test": {
    "mse": 1.5145658254623413,
    "rmse": 1.23067697852131,
    "mae": 0.8924765586853027,
    "w2_global": 0.025079520419239998,
    "ae_summary": {
      "mean": 0.8924765586853027,
      "std": 0.8473791480064392,
      "min": 2.9129907488822937e-05,
      "max": 10.088631629943848,
      "p50": 0.6310266256332397,
      "p90": 2.0510141849517822,
      "p95": 2.6016077995300293,
      "p99": 3.8418235778808594
    },
    "se_summary": {
      "mean": 1.5145658254623413,
      "std": 3.076690912246704,
      "min": 8.485515068379357e-10,
      "max": 101.78048706054688,
      "p50": 0.3981946110725403,
      "p90": 4.206658840179443,
      "p95": 6.768362998962402,
      "p99": 14.759608268737793
    }
  }
}