{
  "train": {
    "mse": 0.0,
    "rmse": 0.0,
    "mae": 0.0,
    "w2_global": 0.06285300850868225,
    "ae_summary": {
      "mean": 0.0,
      "std": 0.0,
      "min": 0.0,
      "max": 0.0,
      "p50": 0.0,
      "p90": 0.0,
      "p95": 0.0,
      "p99": 0.0
    },
    "se_summary": {
      "mean": 0.0,
      "std": 0.0,
      "min": 0.0,
      "max": 0.0,
      "p50": 0.0,
      "p90": 0.0,
      "p95": 0.0,
      "p99": 0.0
    }
  },
  "val": {
    "mse": 1.2522211074829102,
    "rmse": 1.1190268573554927,
    "mae": 0.8040213584899902,
    "w2_global": 0.059876732528209686,
    "ae_summary": {
      "mean": 0.8040213584899902,
      "std": 0.7783127427101135,
      "min": 2.9802322387695312e-08,
      "max": 9.968542098999023,
      "p50": 0.5948349237442017,
      "p90": 1.7359113693237305,
      "p95": 2.244266986846924,
      "p99": 3.512985944747925
    },
    "se_summary": {
      "mean": 1.2522211074829102,
      "std": 3.5497138500213623,
      "min": 8.881784197001252e-16,
      "max": 99.37183380126953,
      "p50": 0.3538285791873932,
      "p90": 3.0133883953094482,
      "p95": 5.036736011505127,
      "p99": 12.341087341308594
    }
  },
  "test": {
    "mse": 0.9435379505157471,
    "rmse": 0.9713588165635535,
    "mae": 0.7000278830528259,
    "w2_global": 0.05475554242730141,
    "ae_summary": {
      "mean": 0.7000278830528259,
      "std": 0.6734232902526855,
      "min": 1.4861812815070152e-05,
      "max": 10.676901817321777,
      "p50": 0.5454065799713135,
      "p90": 1.5006779432296753,
      "p95": 1.9749823808670044,
      "p99": 3.0694313049316406
    },
    "se_summary": {
      "mean": 0.9435379505157471,
      "std": 2.700019359588623,
      "min": 2.2087348616750546e-10,
      "max": 113.99623107910156,
      "p50": 0.297468364238739,
      "p90": 2.2520341873168945,
      "p95": 3.9005556106567383,
      "p99": 9.421409606933594
    }
  }
}