{
  "best_alpha": 0.99,
  "best_gamma": 1.0,
  "alpha_grid": [
    0.01,
    0.25,
    0.5,
    0.75,
    0.99
  ],
  "gamma_grid": [
    0.1,
    1.0,
    5.0,
    10.0
  ],
  "results": {
    "(0.01, 0.1)": {
      "val_loss": 0.22895227372646332,
      "val_eval": 0.2334725260734558,
      "epoch": 21,
      "mse": 0.2334725260734558,
      "w2_global": 0.0453253909945488,
      "cvar": 0.5634826421737671
    },
    "(0.01, 1.0)": {
      "val_loss": 0.27895382046699524,
      "val_eval": 0.2921314537525177,
      "epoch": 29,
      "mse": 0.2921314537525177,
      "w2_global": 0.05222639814019203,
      "cvar": 0.7603301405906677
    },
    "(0.01, 5.0)": {
      "val_loss": 0.25570130348205566,
      "val_eval": 0.2656382918357849,
      "epoch": 22,
      "mse": 0.2656382918357849,
      "w2_global": 0.049398068338632584,
      "cvar": 0.6173832416534424
    },
    "(0.01, 10.0)": {
      "val_loss": 0.2552834153175354,
      "val_eval": 0.27133119106292725,
      "epoch": 24,
      "mse": 0.27133119106292725,
      "w2_global": 0.049898795783519745,
      "cvar": 0.6573426723480225
    },
    "(0.25, 0.1)": {
      "val_loss": 0.12116951495409012,
      "val_eval": 0.14713579416275024,
      "epoch": 29,
      "mse": 0.14713579416275024,
      "w2_global": 0.033206745982170105,
      "cvar": 0.3993109464645386
    },
    "(0.25, 1.0)": {
      "val_loss": 0.13393467664718628,
      "val_eval": 0.16037844121456146,
      "epoch": 28,
      "mse": 0.16037844121456146,
      "w2_global": 0.0371239110827446,
      "cvar": 0.42279577255249023
    },
    "(0.25, 5.0)": {
      "val_loss": 0.12022897601127625,
      "val_eval": 0.13805927336215973,
      "epoch": 30,
      "mse": 0.13805927336215973,
      "w2_global": 0.03133654594421387,
      "cvar": 0.33128783106803894
    },
    "(0.25, 10.0)": {
      "val_loss": 0.1466381698846817,
      "val_eval": 0.14996705949306488,
      "epoch": 12,
      "mse": 0.14996705949306488,
      "w2_global": 0.03256623074412346,
      "cvar": 0.4067770838737488
    },
    "(0.5, 0.1)": {
      "val_loss": 0.09342962503433228,
      "val_eval": 0.12158797681331635,
      "epoch": 29,
      "mse": 0.12158797681331635,
      "w2_global": 0.029015159234404564,
      "cvar": 0.32856467366218567
    },
    "(0.5, 1.0)": {
      "val_loss": 0.09295205771923065,
      "val_eval": 0.11147905141115189,
      "epoch": 29,
      "mse": 0.11147905141115189,
      "w2_global": 0.029117461293935776,
      "cvar": 0.3028334081172943
    },
    "(0.5, 5.0)": {
      "val_loss": 0.1037474200129509,
      "val_eval": 0.11069894582033157,
      "epoch": 17,
      "mse": 0.11069894582033157,
      "w2_global": 0.025552500039339066,
      "cvar": 0.30580607056617737
    },
    "(0.5, 10.0)": {
      "val_loss": 0.1006845012307167,
      "val_eval": 0.1166185736656189,
      "epoch": 24,
      "mse": 0.1166185736656189,
      "w2_global": 0.03106635995209217,
      "cvar": 0.3186571002006531
    },
    "(0.75, 0.1)": {
      "val_loss": 0.04393032565712929,
      "val_eval": 0.060363516211509705,
      "epoch": 29,
      "mse": 0.060363516211509705,
      "w2_global": 0.020058704540133476,
      "cvar": 0.17060045897960663
    },
    "(0.75, 1.0)": {
      "val_loss": 0.048043735325336456,
      "val_eval": 0.06469588726758957,
      "epoch": 27,
      "mse": 0.06469588726758957,
      "w2_global": 0.02067139744758606,
      "cvar": 0.17554393410682678
    },
    "(0.75, 5.0)": {
      "val_loss": 0.06267473846673965,
      "val_eval": 0.07360198348760605,
      "epoch": 24,
      "mse": 0.07360198348760605,
      "w2_global": 0.02125915326178074,
      "cvar": 0.20461145043373108
    },
    "(0.75, 10.0)": {
      "val_loss": 0.05006268993020058,
      "val_eval": 0.07057168334722519,
      "epoch": 29,
      "mse": 0.07057168334722519,
      "w2_global": 0.022740954533219337,
      "cvar": 0.18809406459331512
    },
    "(0.99, 0.1)": {
      "val_loss": 0.016238022595643997,
      "val_eval": 0.019621020182967186,
      "epoch": 30,
      "mse": 0.019621020182967186,
      "w2_global": 0.0047821057960391045,
      "cvar": 0.04167652502655983
    },
    "(0.99, 1.0)": {
      "val_loss": 0.015886180102825165,
      "val_eval": 0.017500123009085655,
      "epoch": 30,
      "mse": 0.017500123009085655,
      "w2_global": 0.005501122679561377,
      "cvar": 0.03928152844309807
    },
    "(0.99, 5.0)": {
      "val_loss": 0.014637953601777554,
      "val_eval": 0.017819266766309738,
      "epoch": 30,
      "mse": 0.017819268628954887,
      "w2_global": 0.006645130459219217,
      "cvar": 0.0421593151986599
    },
    "(0.99, 10.0)": {
      "val_loss": 0.015755141153931618,
      "val_eval": 0.01841057278215885,
      "epoch": 30,
      "mse": 0.01841057278215885,
      "w2_global": 0.005594735499471426,
      "cvar": 0.04073921963572502
    }
  }
}