{
  "train": {
    "mse": 0.02700110524892807,
    "rmse": 0.16432013038251908,
    "mae": 0.11170424520969391,
    "w2_global": 0.003829719265922904,
    "ae_summary": {
      "mean": 0.11170424520969391,
      "std": 0.12051252275705338,
      "min": 4.76837158203125e-07,
      "max": 2.7587971687316895,
      "p50": 0.07839605212211609,
      "p90": 0.24082273244857788,
      "p95": 0.331106573343277,
      "p99": 0.5894744396209717
    },
    "se_summary": {
      "mean": 0.02700110524892807,
      "std": 0.0896529108285904,
      "min": 2.2737367544323206e-13,
      "max": 7.6109619140625,
      "p50": 0.006145940162241459,
      "p90": 0.05799558758735657,
      "p95": 0.10963156819343567,
      "p99": 0.3474801182746887
    }
  },
  "val": {
    "mse": 0.017500123009085655,
    "rmse": 0.13228803048305487,
    "mae": 0.09339930862188339,
    "w2_global": 0.005501122679561377,
    "ae_summary": {
      "mean": 0.09339930862188339,
      "std": 0.09368401765823364,
      "min": 4.519522190093994e-05,
      "max": 1.6453726291656494,
      "p50": 0.06948213279247284,
      "p90": 0.198195680975914,
      "p95": 0.2621714174747467,
      "p99": 0.43520262837409973
    },
    "se_summary": {
      "mean": 0.017500123009085655,
      "std": 0.06373220682144165,
      "min": 2.0426080826752013e-09,
      "max": 2.7072510719299316,
      "p50": 0.004827766679227352,
      "p90": 0.03928152844309807,
      "p95": 0.06873385608196259,
      "p99": 0.18940134346485138
    }
  },
  "test": {
    "mse": 0.03266659751534462,
    "rmse": 0.18073903152154108,
    "mae": 0.12574677169322968,
    "w2_global": 0.004758703988045454,
    "ae_summary": {
      "mean": 0.12574677169322968,
      "std": 0.12982429563999176,
      "min": 5.9604644775390625e-06,
      "max": 2.160195827484131,
      "p50": 0.08945851027965546,
      "p90": 0.2750563621520996,
      "p95": 0.37004193663597107,
      "p99": 0.6216480731964111
    },
    "se_summary": {
      "mean": 0.03266659751534462,
      "std": 0.09480571001768112,
      "min": 3.552713678800501e-11,
      "max": 4.666446208953857,
      "p50": 0.008002826943993568,
      "p90": 0.07565600425004959,
      "p95": 0.13693103194236755,
      "p99": 0.3864467144012451
    }
  }
}