{
  "test": {
    "mse": 0.6528732776641846,
    "rmse": 0.8080057411084308,
    "mae": 0.3904144763946533,
    "w2_global": 0.20380160212516785,
    "ae_summary": {
      "mean": 0.3904144763946533,
      "std": 0.7074248194694519,
      "min": 1.1920928955078125e-07,
      "max": 14.47436237335205,
      "p50": 0.0686754584312439,
      "p90": 1.2166727781295776,
      "p95": 1.8493237495422363,
      "p99": 3.292296886444092
    },
    "se_summary": {
      "mean": 0.6528732776641846,
      "std": 2.6017379760742188,
      "min": 1.4210854715202004e-14,
      "max": 209.50717163085938,
      "p50": 0.004716318566352129,
      "p90": 1.4802926778793335,
      "p95": 3.4199984073638916,
      "p99": 10.839218139648438
    }
  }
}