{
  "test": {
    "mse": 0.057559821754693985,
    "rmse": 0.23991628072036708,
    "mae": 0.07113862037658691,
    "w2_global": 0.011582201346755028,
    "ae_summary": {
      "mean": 0.07113862037658691,
      "std": 0.22912685573101044,
      "min": 2.384185791015625e-07,
      "max": 7.108222484588623,
      "p50": 0.026859283447265625,
      "p90": 0.14186370372772217,
      "p95": 0.23654082417488098,
      "p99": 0.7437154650688171
    },
    "se_summary": {
      "mean": 0.057559821754693985,
      "std": 0.9794730544090271,
      "min": 5.684341886080802e-14,
      "max": 50.52682876586914,
      "p50": 0.000721421092748642,
      "p90": 0.020125310868024826,
      "p95": 0.0559515617787838,
      "p99": 0.5532374978065491
    }
  }
}