{
  "best_alpha": 0.99,
  "best_gamma": 0.1,
  "alpha_grid": [
    0.01,
    0.25,
    0.5,
    0.75,
    0.99
  ],
  "gamma_grid": [
    0.1,
    1.0,
    5.0,
    10.0
  ],
  "results": {
    "(0.01, 0.1)": {
      "val_loss": 0.959980845451355,
      "val_eval": 0.9874780178070068,
      "epoch": 27,
      "mse": 0.9874778985977173,
      "w2_global": 0.44272151589393616,
      "cvar": 3.399712562561035
    },
    "(0.01, 1.0)": {
      "val_loss": 1.0481905937194824,
      "val_eval": 1.0804088115692139,
      "epoch": 24,
      "mse": 1.0804089307785034,
      "w2_global": 0.45957323908805847,
      "cvar": 3.8228771686553955
    },
    "(0.01, 5.0)": {
      "val_loss": 1.0232725143432617,
      "val_eval": 1.0792341232299805,
      "epoch": 26,
      "mse": 1.0792341232299805,
      "w2_global": 0.4618082344532013,
      "cvar": 3.890763998031616
    },
    "(0.01, 10.0)": {
      "val_loss": 1.1996127367019653,
      "val_eval": 1.2392468452453613,
      "epoch": 22,
      "mse": 1.2392468452453613,
      "w2_global": 0.49451860785484314,
      "cvar": 4.513293743133545
    },
    "(0.25, 0.1)": {
      "val_loss": 0.4548766016960144,
      "val_eval": 0.5301827788352966,
      "epoch": 30,
      "mse": 0.5301827788352966,
      "w2_global": 0.2970837354660034,
      "cvar": 1.271848440170288
    },
    "(0.25, 1.0)": {
      "val_loss": 0.44754618406295776,
      "val_eval": 0.5317158102989197,
      "epoch": 27,
      "mse": 0.5317158699035645,
      "w2_global": 0.2999819219112396,
      "cvar": 1.2881330251693726
    },
    "(0.25, 5.0)": {
      "val_loss": 0.5140028595924377,
      "val_eval": 0.5791036486625671,
      "epoch": 30,
      "mse": 0.5791036486625671,
      "w2_global": 0.32280147075653076,
      "cvar": 1.4589073657989502
    },
    "(0.25, 10.0)": {
      "val_loss": 0.46767133474349976,
      "val_eval": 0.5159777998924255,
      "epoch": 25,
      "mse": 0.5159777998924255,
      "w2_global": 0.2857094407081604,
      "cvar": 1.2547318935394287
    },
    "(0.5, 0.1)": {
      "val_loss": 0.28565317392349243,
      "val_eval": 0.32232266664505005,
      "epoch": 26,
      "mse": 0.32232266664505005,
      "w2_global": 0.1833673119544983,
      "cvar": 0.6057219505310059
    },
    "(0.5, 1.0)": {
      "val_loss": 0.28670141100883484,
      "val_eval": 0.309589147567749,
      "epoch": 26,
      "mse": 0.309589147567749,
      "w2_global": 0.18185169994831085,
      "cvar": 0.6143172383308411
    },
    "(0.5, 5.0)": {
      "val_loss": 0.2794187664985657,
      "val_eval": 0.3079477548599243,
      "epoch": 28,
      "mse": 0.3079477548599243,
      "w2_global": 0.18965226411819458,
      "cvar": 0.6001632213592529
    },
    "(0.5, 10.0)": {
      "val_loss": 0.2719126343727112,
      "val_eval": 0.3123793303966522,
      "epoch": 30,
      "mse": 0.3123793303966522,
      "w2_global": 0.18085679411888123,
      "cvar": 0.602375864982605
    },
    "(0.75, 0.1)": {
      "val_loss": 0.17810505628585815,
      "val_eval": 0.20421895384788513,
      "epoch": 27,
      "mse": 0.20421895384788513,
      "w2_global": 0.1260438859462738,
      "cvar": 0.44637593626976013
    },
    "(0.75, 1.0)": {
      "val_loss": 0.15529721975326538,
      "val_eval": 0.18970566987991333,
      "epoch": 29,
      "mse": 0.18970565497875214,
      "w2_global": 0.1257120966911316,
      "cvar": 0.42423883080482483
    },
    "(0.75, 5.0)": {
      "val_loss": 0.18249140679836273,
      "val_eval": 0.20184844732284546,
      "epoch": 28,
      "mse": 0.20184844732284546,
      "w2_global": 0.11578090488910675,
      "cvar": 0.40369734168052673
    },
    "(0.75, 10.0)": {
      "val_loss": 0.16584646701812744,
      "val_eval": 0.19933871924877167,
      "epoch": 30,
      "mse": 0.19933871924877167,
      "w2_global": 0.1271519958972931,
      "cvar": 0.4352104365825653
    },
    "(0.99, 0.1)": {
      "val_loss": 0.0933813601732254,
      "val_eval": 0.10159841179847717,
      "epoch": 28,
      "mse": 0.10159841179847717,
      "w2_global": 0.04743581637740135,
      "cvar": 0.23655515909194946
    },
    "(0.99, 1.0)": {
      "val_loss": 0.11292709410190582,
      "val_eval": 0.12208825349807739,
      "epoch": 30,
      "mse": 0.12208825349807739,
      "w2_global": 0.04324538633227348,
      "cvar": 0.27932557463645935
    },
    "(0.99, 5.0)": {
      "val_loss": 0.09663339704275131,
      "val_eval": 0.11050553619861603,
      "epoch": 30,
      "mse": 0.11050553619861603,
      "w2_global": 0.06351277977228165,
      "cvar": 0.2502812445163727
    },
    "(0.99, 10.0)": {
      "val_loss": 0.09493221342563629,
      "val_eval": 0.10926353186368942,
      "epoch": 30,
      "mse": 0.10926353186368942,
      "w2_global": 0.06422305107116699,
      "cvar": 0.229217991232872
    }
  }
}