{
  "train": {
    "mse": 0.05100270360708237,
    "rmse": 0.22583778162008758,
    "mae": 0.15856339037418365,
    "w2_global": 0.03673897311091423,
    "ae_summary": {
      "mean": 0.15856339037418365,
      "std": 0.16081152856349945,
      "min": 2.086162567138672e-07,
      "max": 3.455679416656494,
      "p50": 0.11490535736083984,
      "p90": 0.33910128474235535,
      "p95": 0.45559239387512207,
      "p99": 0.7775017023086548
    },
    "se_summary": {
      "mean": 0.05100270360708237,
      "std": 0.14953212440013885,
      "min": 4.3520742565306136e-14,
      "max": 11.941720008850098,
      "p50": 0.013203240931034088,
      "p90": 0.11498967558145523,
      "p95": 0.20756444334983826,
      "p99": 0.6045089364051819
    }
  },
  "val": {
    "mse": 0.10159841179847717,
    "rmse": 0.3187450576847854,
    "mae": 0.2125169038772583,
    "w2_global": 0.04743581637740135,
    "ae_summary": {
      "mean": 0.2125169038772583,
      "std": 0.2375604659318924,
      "min": 1.9669532775878906e-06,
      "max": 3.9335155487060547,
      "p50": 0.14089691638946533,
      "p90": 0.48636937141418457,
      "p95": 0.658165693283081,
      "p99": 1.1085566282272339
    },
    "se_summary": {
      "mean": 0.10159841179847717,
      "std": 0.33681753277778625,
      "min": 3.8689051962137455e-12,
      "max": 15.47254467010498,
      "p50": 0.019851941615343094,
      "p90": 0.23655515909194946,
      "p95": 0.43318209052085876,
      "p99": 1.2288979291915894
    }
  },
  "test": {
    "mse": 0.06983715295791626,
    "rmse": 0.2642671999282474,
    "mae": 0.18632367253303528,
    "w2_global": 0.040554940700531006,
    "ae_summary": {
      "mean": 0.18632367253303528,
      "std": 0.1874050348997116,
      "min": 1.3500452041625977e-05,
      "max": 2.692624568939209,
      "p50": 0.13379359245300293,
      "p90": 0.4018841087818146,
      "p95": 0.551045835018158,
      "p99": 0.9179584383964539
    },
    "se_summary": {
      "mean": 0.06983715295791626,
      "std": 0.17730778455734253,
      "min": 1.82262205328243e-10,
      "max": 7.250226974487305,
      "p50": 0.017900725826621056,
      "p90": 0.16151082515716553,
      "p95": 0.30365148186683655,
      "p99": 0.8426476716995239
    }
  }
}