{
  "train": {
    "mse": 0.0,
    "rmse": 0.0,
    "mae": 0.0,
    "w2_global": 0.6593104004859924,
    "ae_summary": {
      "mean": 0.0,
      "std": 0.0,
      "min": 0.0,
      "max": 0.0,
      "p50": 0.0,
      "p90": 0.0,
      "p95": 0.0,
      "p99": 0.0
    },
    "se_summary": {
      "mean": 0.0,
      "std": 0.0,
      "min": 0.0,
      "max": 0.0,
      "p50": 0.0,
      "p90": 0.0,
      "p95": 0.0,
      "p99": 0.0
    }
  },
  "val": {
    "mse": 0.8283625841140747,
    "rmse": 0.9101442655502888,
    "mae": 0.7019949555397034,
    "w2_global": 0.436700701713562,
    "ae_summary": {
      "mean": 0.7019949555397034,
      "std": 0.5792803168296814,
      "min": 0.0,
      "max": 4.409351348876953,
      "p50": 0.5653800964355469,
      "p90": 1.4990274906158447,
      "p95": 1.8522355556488037,
      "p99": 2.54292631149292
    },
    "se_summary": {
      "mean": 0.8283625841140747,
      "std": 1.372315526008606,
      "min": 0.0,
      "max": 19.442378997802734,
      "p50": 0.319654643535614,
      "p90": 2.2470834255218506,
      "p95": 3.4307844638824463,
      "p99": 6.4665937423706055
    }
  },
  "test": {
    "mse": 0.6691622138023376,
    "rmse": 0.8180233577364021,
    "mae": 0.6466606259346008,
    "w2_global": 0.4667220413684845,
    "ae_summary": {
      "mean": 0.6466606259346008,
      "std": 0.5009912848472595,
      "min": 5.453824996948242e-05,
      "max": 4.828859806060791,
      "p50": 0.5483995676040649,
      "p90": 1.2963523864746094,
      "p95": 1.5755685567855835,
      "p99": 2.2232489585876465
    },
    "se_summary": {
      "mean": 0.6691622138023376,
      "std": 1.1122578382492065,
      "min": 2.9744207097337494e-09,
      "max": 23.317886352539062,
      "p50": 0.30074211955070496,
      "p90": 1.6805295944213867,
      "p95": 2.4824161529541016,
      "p99": 4.942845344543457
    }
  }
}