{
  "train": {
    "mse": 0.0,
    "rmse": 0.0,
    "mae": 0.0,
    "w2_global": 0.046459391713142395,
    "ae_summary": {
      "mean": 0.0,
      "std": 0.0,
      "min": 0.0,
      "max": 0.0,
      "p50": 0.0,
      "p90": 0.0,
      "p95": 0.0,
      "p99": 0.0
    },
    "se_summary": {
      "mean": 0.0,
      "std": 0.0,
      "min": 0.0,
      "max": 0.0,
      "p50": 0.0,
      "p90": 0.0,
      "p95": 0.0,
      "p99": 0.0
    }
  },
  "val": {
    "mse": 0.8162399530410767,
    "rmse": 0.9034599897289733,
    "mae": 0.7039493918418884,
    "w2_global": 0.04419988393783569,
    "ae_summary": {
      "mean": 0.7039493918418884,
      "std": 0.5662996172904968,
      "min": 0.0015794038772583008,
      "max": 3.845733404159546,
      "p50": 0.5615067481994629,
      "p90": 1.468656301498413,
      "p95": 1.7069916725158691,
      "p99": 2.6705660820007324
    },
    "se_summary": {
      "mean": 0.8162399530410767,
      "std": 1.3466432094573975,
      "min": 2.494516593287699e-06,
      "max": 14.789665222167969,
      "p50": 0.3152965307235718,
      "p90": 2.156951665878296,
      "p95": 2.9138379096984863,
      "p99": 7.132745742797852
    }
  },
  "test": {
    "mse": 0.7589295506477356,
    "rmse": 0.871165627563287,
    "mae": 0.6745731830596924,
    "w2_global": 0.04438557103276253,
    "ae_summary": {
      "mean": 0.6745731830596924,
      "std": 0.551253616809845,
      "min": 0.00035697221755981445,
      "max": 5.070224285125732,
      "p50": 0.5554109811782837,
      "p90": 1.354260802268982,
      "p95": 1.670639157295227,
      "p99": 2.42136287689209
    },
    "se_summary": {
      "mean": 0.7589295506477356,
      "std": 1.4444570541381836,
      "min": 1.2742916055685782e-07,
      "max": 25.70717430114746,
      "p50": 0.3084813952445984,
      "p90": 1.8340260982513428,
      "p95": 2.7910351753234863,
      "p99": 5.863047122955322
    }
  }
}