{
  "train": {
    "mse": 0.0,
    "rmse": 0.0,
    "mae": 0.0,
    "w2_global": 0.22486712038516998,
    "ae_summary": {
      "mean": 0.0,
      "std": 0.0,
      "min": 0.0,
      "max": 0.0,
      "p50": 0.0,
      "p90": 0.0,
      "p95": 0.0,
      "p99": 0.0
    },
    "se_summary": {
      "mean": 0.0,
      "std": 0.0,
      "min": 0.0,
      "max": 0.0,
      "p50": 0.0,
      "p90": 0.0,
      "p95": 0.0,
      "p99": 0.0
    }
  },
  "val": {
    "mse": 1.0543543100357056,
    "rmse": 1.0268175641445298,
    "mae": 0.8037063479423523,
    "w2_global": 0.24942505359649658,
    "ae_summary": {
      "mean": 0.8037063479423523,
      "std": 0.6390699744224548,
      "min": 9.775161743164062e-06,
      "max": 5.159609794616699,
      "p50": 0.6585026383399963,
      "p90": 1.6546854972839355,
      "p95": 2.058663845062256,
      "p99": 2.866492748260498
    },
    "se_summary": {
      "mean": 1.0543543100357056,
      "std": 1.661055564880371,
      "min": 9.555378710501827e-11,
      "max": 26.621572494506836,
      "p50": 0.433625727891922,
      "p90": 2.7379839420318604,
      "p95": 4.238096237182617,
      "p99": 8.216779708862305
    }
  },
  "test": {
    "mse": 1.1048647165298462,
    "rmse": 1.0511254523270979,
    "mae": 0.8266881108283997,
    "w2_global": 0.2479681521654129,
    "ae_summary": {
      "mean": 0.8266881108283997,
      "std": 0.6491928696632385,
      "min": 1.1742115020751953e-05,
      "max": 5.322528839111328,
      "p50": 0.6836342811584473,
      "p90": 1.704092025756836,
      "p95": 2.1263725757598877,
      "p99": 2.9086129665374756
    },
    "se_summary": {
      "mean": 1.1048647165298462,
      "std": 1.715252161026001,
      "min": 1.3787726516056864e-10,
      "max": 28.329313278198242,
      "p50": 0.4673558175563812,
      "p90": 2.9039294719696045,
      "p95": 4.521461009979248,
      "p99": 8.460029602050781
    }
  }
}