{
  "train": {
    "mse": 0.0,
    "rmse": 0.0,
    "mae": 0.0,
    "w2_global": 0.6948907375335693,
    "ae_summary": {
      "mean": 0.0,
      "std": 0.0,
      "min": 0.0,
      "max": 0.0,
      "p50": 0.0,
      "p90": 0.0,
      "p95": 0.0,
      "p99": 0.0
    },
    "se_summary": {
      "mean": 0.0,
      "std": 0.0,
      "min": 0.0,
      "max": 0.0,
      "p50": 0.0,
      "p90": 0.0,
      "p95": 0.0,
      "p99": 0.0
    }
  },
  "val": {
    "mse": 0.8893338441848755,
    "rmse": 0.9430449852392384,
    "mae": 0.722754180431366,
    "w2_global": 0.41970404982566833,
    "ae_summary": {
      "mean": 0.722754180431366,
      "std": 0.6057724356651306,
      "min": 0.0,
      "max": 4.086453437805176,
      "p50": 0.5711548328399658,
      "p90": 1.5394235849380493,
      "p95": 1.8158313035964966,
      "p99": 2.6181740760803223
    },
    "se_summary": {
      "mean": 0.8893338441848755,
      "std": 1.388479232788086,
      "min": 0.0,
      "max": 16.6991024017334,
      "p50": 0.3262178301811218,
      "p90": 2.3698253631591797,
      "p95": 3.297243356704712,
      "p99": 6.85484504699707
    }
  },
  "test": {
    "mse": 1.0259064435958862,
    "rmse": 1.0128703982227372,
    "mae": 0.7658365368843079,
    "w2_global": 0.4868690073490143,
    "ae_summary": {
      "mean": 0.7658365368843079,
      "std": 0.6628732681274414,
      "min": 0.0,
      "max": 4.8122172355651855,
      "p50": 0.5964584350585938,
      "p90": 1.7163352966308594,
      "p95": 2.13067364692688,
      "p99": 2.822455406188965
    },
    "se_summary": {
      "mean": 1.0259064435958862,
      "std": 1.715050458908081,
      "min": 0.0,
      "max": 23.157434463500977,
      "p50": 0.35576266050338745,
      "p90": 2.9458067417144775,
      "p95": 4.53977108001709,
      "p99": 7.966266632080078
    }
  }
}