{
  "best_alpha": 0.99,
  "best_gamma": 5.0,
  "alpha_grid": [
    0.01,
    0.25,
    0.5,
    0.75,
    0.99
  ],
  "gamma_grid": [
    0.1,
    1.0,
    5.0,
    10.0
  ],
  "results": {
    "(0.01, 0.1)": {
      "val_loss": 1.0562409162521362,
      "val_eval": 1.0765860080718994,
      "epochs": 30,
      "mse": 1.0765860080718994,
      "w2_global": 0.08614052087068558,
      "cvar": 3.4265947341918945
    },
    "(0.01, 1.0)": {
      "val_loss": 1.1910107135772705,
      "val_eval": 1.1767323017120361,
      "epochs": 30,
      "mse": 1.1767323017120361,
      "w2_global": 0.08682523667812347,
      "cvar": 3.530582904815674
    },
    "(0.01, 5.0)": {
      "val_loss": 1.1261292695999146,
      "val_eval": 1.110994815826416,
      "epochs": 30,
      "mse": 1.1109946966171265,
      "w2_global": 0.08890704810619354,
      "cvar": 3.6669204235076904
    },
    "(0.01, 10.0)": {
      "val_loss": 1.1964001655578613,
      "val_eval": 1.1251410245895386,
      "epochs": 30,
      "mse": 1.1251410245895386,
      "w2_global": 0.0917949452996254,
      "cvar": 3.577609062194824
    },
    "(0.25, 0.1)": {
      "val_loss": 1.21614670753479,
      "val_eval": 1.0837292671203613,
      "epochs": 30,
      "mse": 1.0837292671203613,
      "w2_global": 0.08731680363416672,
      "cvar": 3.4034054279327393
    },
    "(0.25, 1.0)": {
      "val_loss": 1.1747766733169556,
      "val_eval": 1.189821481704712,
      "epochs": 30,
      "mse": 1.189821481704712,
      "w2_global": 0.09226002544164658,
      "cvar": 3.9903345108032227
    },
    "(0.25, 5.0)": {
      "val_loss": 1.2090961933135986,
      "val_eval": 1.1006598472595215,
      "epochs": 30,
      "mse": 1.1006598472595215,
      "w2_global": 0.08533794432878494,
      "cvar": 3.575420379638672
    },
    "(0.25, 10.0)": {
      "val_loss": 1.2082964181900024,
      "val_eval": 1.098004698753357,
      "epochs": 30,
      "mse": 1.0980045795440674,
      "w2_global": 0.08479823172092438,
      "cvar": 3.225496292114258
    },
    "(0.5, 0.1)": {
      "val_loss": 0.9470811486244202,
      "val_eval": 0.791171133518219,
      "epochs": 30,
      "mse": 0.7911710739135742,
      "w2_global": 0.07137493044137955,
      "cvar": 2.5093438625335693
    },
    "(0.5, 1.0)": {
      "val_loss": 0.9409286975860596,
      "val_eval": 0.8525770306587219,
      "epochs": 30,
      "mse": 0.8525769710540771,
      "w2_global": 0.07864769548177719,
      "cvar": 2.500731945037842
    },
    "(0.5, 5.0)": {
      "val_loss": 0.8264537453651428,
      "val_eval": 0.7587848901748657,
      "epochs": 30,
      "mse": 0.7587848901748657,
      "w2_global": 0.07167184352874756,
      "cvar": 2.0989785194396973
    },
    "(0.5, 10.0)": {
      "val_loss": 0.9561278223991394,
      "val_eval": 0.8570190072059631,
      "epochs": 30,
      "mse": 0.8570190072059631,
      "w2_global": 0.07458419352769852,
      "cvar": 2.551914930343628
    },
    "(0.75, 0.1)": {
      "val_loss": 0.5476037859916687,
      "val_eval": 0.5210446715354919,
      "epochs": 30,
      "mse": 0.5210446715354919,
      "w2_global": 0.05198158323764801,
      "cvar": 1.3499315977096558
    },
    "(0.75, 1.0)": {
      "val_loss": 0.556532084941864,
      "val_eval": 0.4921925961971283,
      "epochs": 30,
      "mse": 0.4921925365924835,
      "w2_global": 0.05442303419113159,
      "cvar": 1.3350542783737183
    },
    "(0.75, 5.0)": {
      "val_loss": 0.5762102007865906,
      "val_eval": 0.534151554107666,
      "epochs": 30,
      "mse": 0.534151554107666,
      "w2_global": 0.05869539454579353,
      "cvar": 1.4901498556137085
    },
    "(0.75, 10.0)": {
      "val_loss": 0.6861928105354309,
      "val_eval": 0.5822867751121521,
      "epochs": 30,
      "mse": 0.5822867751121521,
      "w2_global": 0.05990472808480263,
      "cvar": 1.6467957496643066
    },
    "(0.99, 0.1)": {
      "val_loss": 0.40924060344696045,
      "val_eval": 0.40987059473991394,
      "epochs": 30,
      "mse": 0.4098706543445587,
      "w2_global": 0.04175998270511627,
      "cvar": 1.0045408010482788
    },
    "(0.99, 1.0)": {
      "val_loss": 0.4126603603363037,
      "val_eval": 0.3817904591560364,
      "epochs": 30,
      "mse": 0.3817904591560364,
      "w2_global": 0.029537534341216087,
      "cvar": 1.1376755237579346
    },
    "(0.99, 5.0)": {
      "val_loss": 0.4014212191104889,
      "val_eval": 0.35309815406799316,
      "epochs": 30,
      "mse": 0.35309815406799316,
      "w2_global": 0.033673521131277084,
      "cvar": 0.9739618897438049
    },
    "(0.99, 10.0)": {
      "val_loss": 0.4756517708301544,
      "val_eval": 0.3601192533969879,
      "epochs": 30,
      "mse": 0.3601192831993103,
      "w2_global": 0.03486066311597824,
      "cvar": 1.0239077806472778
    }
  }
}