{
  "train": {
    "mse": 0.35537636280059814,
    "rmse": 0.5961345173705329,
    "mae": 0.4106788635253906,
    "w2_global": 0.02373642288148403,
    "ae_summary": {
      "mean": 0.4106788635253906,
      "std": 0.4321101903915405,
      "min": 5.960464477539063e-08,
      "max": 9.269780158996582,
      "p50": 0.2911452353000641,
      "p90": 0.9005511403083801,
      "p95": 1.1769330501556396,
      "p99": 2.1085970401763916
    },
    "se_summary": {
      "mean": 0.35537636280059814,
      "std": 1.2099132537841797,
      "min": 3.552713678800501e-15,
      "max": 85.92882537841797,
      "p50": 0.08476554602384567,
      "p90": 0.8109923601150513,
      "p95": 1.38517165184021,
      "p99": 4.446181774139404
    }
  },
  "val": {
    "mse": 0.35309815406799316,
    "rmse": 0.5942206274339465,
    "mae": 0.43459445238113403,
    "w2_global": 0.033673521131277084,
    "ae_summary": {
      "mean": 0.43459445238113403,
      "std": 0.40524786710739136,
      "min": 0.0011926889419555664,
      "max": 2.457068681716919,
      "p50": 0.3217899203300476,
      "p90": 0.9868528246879578,
      "p95": 1.1870570182800293,
      "p99": 1.8656976222991943
    },
    "se_summary": {
      "mean": 0.35309815406799316,
      "std": 0.7242482900619507,
      "min": 1.4225068980522337e-06,
      "max": 6.037186622619629,
      "p50": 0.10354875028133392,
      "p90": 0.9739618897438049,
      "p95": 1.4093660116195679,
      "p99": 3.4849913120269775
    }
  },
  "test": {
    "mse": 0.248401939868927,
    "rmse": 0.49839937787774874,
    "mae": 0.3853495717048645,
    "w2_global": 0.0245999526232481,
    "ae_summary": {
      "mean": 0.3853495717048645,
      "std": 0.3160817325115204,
      "min": 0.00025150179862976074,
      "max": 1.850852608680725,
      "p50": 0.30704057216644287,
      "p90": 0.8063563108444214,
      "p95": 0.9511291980743408,
      "p99": 1.2814180850982666
    },
    "se_summary": {
      "mean": 0.248401939868927,
      "std": 0.3765929937362671,
      "min": 6.32531538258263e-08,
      "max": 3.4256553649902344,
      "p50": 0.09427426010370255,
      "p90": 0.65021151304245,
      "p95": 0.9046470522880554,
      "p99": 1.6420352458953857
    }
  }
}