{
  "train": {
    "mse": 0.0,
    "rmse": 0.0,
    "mae": 0.0,
    "w2_global": 0.07628577947616577,
    "ae_summary": {
      "mean": 0.0,
      "std": 0.0,
      "min": 0.0,
      "max": 0.0,
      "p50": 0.0,
      "p90": 0.0,
      "p95": 0.0,
      "p99": 0.0
    },
    "se_summary": {
      "mean": 0.0,
      "std": 0.0,
      "min": 0.0,
      "max": 0.0,
      "p50": 0.0,
      "p90": 0.0,
      "p95": 0.0,
      "p99": 0.0
    }
  },
  "val": {
    "mse": 0.2940005660057068,
    "rmse": 0.5422181904046625,
    "mae": 0.384040892124176,
    "w2_global": 0.07312116771936417,
    "ae_summary": {
      "mean": 0.384040892124176,
      "std": 0.3827703297138214,
      "min": 0.00012642145156860352,
      "max": 2.984459400177002,
      "p50": 0.2672528922557831,
      "p90": 0.8838736414909363,
      "p95": 1.1493802070617676,
      "p99": 1.8884848356246948
    },
    "se_summary": {
      "mean": 0.2940005660057068,
      "std": 0.6454643607139587,
      "min": 1.5982383416712764e-08,
      "max": 8.906997680664062,
      "p50": 0.07142411172389984,
      "p90": 0.7812328934669495,
      "p95": 1.3210748434066772,
      "p99": 3.566389560699463
    }
  },
  "test": {
    "mse": 0.28582045435905457,
    "rmse": 0.5346217862742357,
    "mae": 0.38031303882598877,
    "w2_global": 0.08074646443128586,
    "ae_summary": {
      "mean": 0.38031303882598877,
      "std": 0.37574252486228943,
      "min": 5.543231964111328e-06,
      "max": 3.071841239929199,
      "p50": 0.26770609617233276,
      "p90": 0.8824318051338196,
      "p95": 1.1920247077941895,
      "p99": 1.7055561542510986
    },
    "se_summary": {
      "mean": 0.28582045435905457,
      "std": 0.5997282266616821,
      "min": 3.072742060794553e-11,
      "max": 9.436208724975586,
      "p50": 0.07166655361652374,
      "p90": 0.778685986995697,
      "p95": 1.4209229946136475,
      "p99": 2.908921957015991
    }
  }
}