{
  "best_alpha": 0.99,
  "best_gamma": 0.1,
  "alpha_grid": [
    0.01,
    0.25,
    0.5,
    0.75,
    0.99
  ],
  "gamma_grid": [
    0.1,
    1.0,
    5.0,
    10.0
  ],
  "results": {
    "(0.01, 0.1)": {
      "val_loss": 0.9435005187988281,
      "val_eval": 0.8290689587593079,
      "epochs": 30,
      "mse": 0.8290688395500183,
      "w2_global": 0.7053720355033875,
      "cvar": 1.982340931892395
    },
    "(0.01, 1.0)": {
      "val_loss": 0.9389299154281616,
      "val_eval": 0.8259716629981995,
      "epochs": 30,
      "mse": 0.8259716629981995,
      "w2_global": 0.7065510749816895,
      "cvar": 1.9452178478240967
    },
    "(0.01, 5.0)": {
      "val_loss": 0.9382966160774231,
      "val_eval": 0.8211901187896729,
      "epochs": 30,
      "mse": 0.8211901187896729,
      "w2_global": 0.711679995059967,
      "cvar": 1.9363375902175903
    },
    "(0.01, 10.0)": {
      "val_loss": 0.9447634816169739,
      "val_eval": 0.8250275254249573,
      "epochs": 30,
      "mse": 0.8250275254249573,
      "w2_global": 0.7153496742248535,
      "cvar": 1.9444084167480469
    },
    "(0.25, 0.1)": {
      "val_loss": 0.9362586140632629,
      "val_eval": 0.8213502168655396,
      "epochs": 30,
      "mse": 0.8213502168655396,
      "w2_global": 0.7071631550788879,
      "cvar": 1.950154185295105
    },
    "(0.25, 1.0)": {
      "val_loss": 0.9449242949485779,
      "val_eval": 0.8278529047966003,
      "epochs": 30,
      "mse": 0.8278530240058899,
      "w2_global": 0.7104201316833496,
      "cvar": 1.9678778648376465
    },
    "(0.25, 5.0)": {
      "val_loss": 0.9506723880767822,
      "val_eval": 0.8263150453567505,
      "epochs": 30,
      "mse": 0.82631516456604,
      "w2_global": 0.7084468603134155,
      "cvar": 1.9638415575027466
    },
    "(0.25, 10.0)": {
      "val_loss": 0.9402049779891968,
      "val_eval": 0.8254669308662415,
      "epochs": 30,
      "mse": 0.825467050075531,
      "w2_global": 0.7114116549491882,
      "cvar": 1.9473013877868652
    },
    "(0.5, 0.1)": {
      "val_loss": 0.9340097904205322,
      "val_eval": 0.8195692896842957,
      "epochs": 30,
      "mse": 0.8195692896842957,
      "w2_global": 0.7090153694152832,
      "cvar": 1.947998046875
    },
    "(0.5, 1.0)": {
      "val_loss": 0.9367333054542542,
      "val_eval": 0.82024085521698,
      "epochs": 30,
      "mse": 0.82024085521698,
      "w2_global": 0.7071285843849182,
      "cvar": 1.930384635925293
    },
    "(0.5, 5.0)": {
      "val_loss": 0.9387372732162476,
      "val_eval": 0.8217993378639221,
      "epochs": 30,
      "mse": 0.8217993378639221,
      "w2_global": 0.7137004137039185,
      "cvar": 1.9425188302993774
    },
    "(0.5, 10.0)": {
      "val_loss": 0.9421126842498779,
      "val_eval": 0.8211488723754883,
      "epochs": 30,
      "mse": 0.8211488723754883,
      "w2_global": 0.7083374261856079,
      "cvar": 1.9568796157836914
    },
    "(0.75, 0.1)": {
      "val_loss": 0.9233497381210327,
      "val_eval": 0.8072607517242432,
      "epochs": 30,
      "mse": 0.8072607517242432,
      "w2_global": 0.6998066306114197,
      "cvar": 1.9018421173095703
    },
    "(0.75, 1.0)": {
      "val_loss": 0.925080418586731,
      "val_eval": 0.8069480657577515,
      "epochs": 30,
      "mse": 0.8069481253623962,
      "w2_global": 0.7073831558227539,
      "cvar": 1.9147517681121826
    },
    "(0.75, 5.0)": {
      "val_loss": 0.9356637001037598,
      "val_eval": 0.8196901679039001,
      "epochs": 30,
      "mse": 0.8196902275085449,
      "w2_global": 0.7152339816093445,
      "cvar": 1.9369219541549683
    },
    "(0.75, 10.0)": {
      "val_loss": 0.9445913434028625,
      "val_eval": 0.8286923170089722,
      "epochs": 30,
      "mse": 0.8286923170089722,
      "w2_global": 0.6925542950630188,
      "cvar": 1.9690738916397095
    },
    "(0.99, 0.1)": {
      "val_loss": 0.6505316495895386,
      "val_eval": 0.5263369679450989,
      "epochs": 30,
      "mse": 0.5263369679450989,
      "w2_global": 0.329140305519104,
      "cvar": 0.9620826840400696
    },
    "(0.99, 1.0)": {
      "val_loss": 0.7226276397705078,
      "val_eval": 0.6049392819404602,
      "epochs": 30,
      "mse": 0.6049392819404602,
      "w2_global": 0.3532046377658844,
      "cvar": 1.083268165588379
    },
    "(0.99, 5.0)": {
      "val_loss": 0.6623275279998779,
      "val_eval": 0.5433487892150879,
      "epochs": 30,
      "mse": 0.5433487892150879,
      "w2_global": 0.414066880941391,
      "cvar": 0.9673519134521484
    },
    "(0.99, 10.0)": {
      "val_loss": 0.677139163017273,
      "val_eval": 0.5537426471710205,
      "epochs": 30,
      "mse": 0.5537426471710205,
      "w2_global": 0.34641334414482117,
      "cvar": 1.0086771249771118
    }
  }
}