{
  "train": {
    "mse": 0.6326011419296265,
    "rmse": 0.7953622708738619,
    "mae": 0.4454585909843445,
    "w2_global": 0.4591878056526184,
    "ae_summary": {
      "mean": 0.4454585909843445,
      "std": 0.6589140295982361,
      "min": 4.641711711883545e-06,
      "max": 20.89288330078125,
      "p50": 0.29091566801071167,
      "p90": 0.9479109644889832,
      "p95": 1.2172675132751465,
      "p99": 2.711386203765869
    },
    "se_summary": {
      "mean": 0.6326011419296265,
      "std": 6.03085470199585,
      "min": 2.154548761623687e-11,
      "max": 436.5125732421875,
      "p50": 0.08463193476200104,
      "p90": 0.8985351920127869,
      "p95": 1.4817402362823486,
      "p99": 7.351614952087402
    }
  },
  "val": {
    "mse": 0.5263369679450989,
    "rmse": 0.7254908462173033,
    "mae": 0.44783058762550354,
    "w2_global": 0.329140305519104,
    "ae_summary": {
      "mean": 0.44783058762550354,
      "std": 0.57077556848526,
      "min": 8.52346420288086e-06,
      "max": 15.401314735412598,
      "p50": 0.3036321997642517,
      "p90": 0.9808581471443176,
      "p95": 1.21011221408844,
      "p99": 2.4727344512939453
    },
    "se_summary": {
      "mean": 0.5263369679450989,
      "std": 3.8157248497009277,
      "min": 7.264944201779144e-11,
      "max": 237.20050048828125,
      "p50": 0.09219250082969666,
      "p90": 0.9620826840400696,
      "p95": 1.4643715620040894,
      "p99": 6.114416122436523
    }
  },
  "test": {
    "mse": 0.7219086289405823,
    "rmse": 0.8496520634592623,
    "mae": 0.45294690132141113,
    "w2_global": 0.46403440833091736,
    "ae_summary": {
      "mean": 0.45294690132141113,
      "std": 0.7188516855239868,
      "min": 6.079673767089844e-06,
      "max": 29.727209091186523,
      "p50": 0.2972775399684906,
      "p90": 0.9727427959442139,
      "p95": 1.2059375047683716,
      "p99": 2.752868890762329
    },
    "se_summary": {
      "mean": 0.7219086289405823,
      "std": 9.63426685333252,
      "min": 3.696243311424041e-11,
      "max": 883.7069702148438,
      "p50": 0.08837393671274185,
      "p90": 0.946228563785553,
      "p95": 1.4542852640151978,
      "p99": 7.578286647796631
    }
  }
}