{
  "test": {
    "mse": 0.0710107684135437,
    "rmse": 0.2664784576913183,
    "mae": 0.09502803534269333,
    "w2_global": 0.029374562203884125,
    "ae_summary": {
      "mean": 0.09502803534269333,
      "std": 0.24895872175693512,
      "min": 4.76837158203125e-07,
      "max": 3.46274733543396,
      "p50": 0.021820068359375,
      "p90": 0.19325080513954163,
      "p95": 0.40552082657814026,
      "p99": 1.4179892539978027
    },
    "se_summary": {
      "mean": 0.0710107684135437,
      "std": 0.42407792806625366,
      "min": 2.2737367544323206e-13,
      "max": 11.990618705749512,
      "p50": 0.000476115383207798,
      "p90": 0.03734587877988815,
      "p95": 0.16444715857505798,
      "p99": 2.010695695877075
    }
  }
}