{
  "best_alpha": 0.99,
  "best_gamma": 1.0,
  "alpha_grid": [
    0.01,
    0.25,
    0.5,
    0.75,
    0.99
  ],
  "gamma_grid": [
    0.1,
    1.0,
    5.0,
    10.0
  ],
  "results": {
    "(0.01, 0.1)": {
      "val_loss": 0.7520299106836319,
      "val_eval": 1.0566115081310272,
      "epochs": 30,
      "mse": 0.8509879112243652,
      "w2_global": 0.5237876176834106,
      "cvar": 2.145655632019043
    },
    "(0.01, 1.0)": {
      "val_loss": 0.7337390631437302,
      "val_eval": 1.0786551535129547,
      "epochs": 30,
      "mse": 0.8707679510116577,
      "w2_global": 0.543582022190094,
      "cvar": 2.1414451599121094
    },
    "(0.01, 5.0)": {
      "val_loss": 0.7352228462696075,
      "val_eval": 1.0350759029388428,
      "epochs": 30,
      "mse": 0.8362908959388733,
      "w2_global": 0.5164172649383545,
      "cvar": 2.098348617553711
    },
    "(0.01, 10.0)": {
      "val_loss": 0.729291096329689,
      "val_eval": 1.050450623035431,
      "epochs": 30,
      "mse": 0.8467944264411926,
      "w2_global": 0.5307618379592896,
      "cvar": 2.104617118835449
    },
    "(0.25, 0.1)": {
      "val_loss": 0.7323394864797592,
      "val_eval": 1.034864068031311,
      "epochs": 30,
      "mse": 0.8479218482971191,
      "w2_global": 0.5298823714256287,
      "cvar": 2.1273653507232666
    },
    "(0.25, 1.0)": {
      "val_loss": 0.7514171749353409,
      "val_eval": 1.0562690496444702,
      "epochs": 30,
      "mse": 0.8503605127334595,
      "w2_global": 0.5325108170509338,
      "cvar": 2.1198537349700928
    },
    "(0.25, 5.0)": {
      "val_loss": 0.7509768456220627,
      "val_eval": 1.0458193123340607,
      "epochs": 30,
      "mse": 0.8449768424034119,
      "w2_global": 0.5392216444015503,
      "cvar": 2.1243791580200195
    },
    "(0.25, 10.0)": {
      "val_loss": 0.7532323747873306,
      "val_eval": 1.0416566133499146,
      "epochs": 30,
      "mse": 0.836409330368042,
      "w2_global": 0.5289093255996704,
      "cvar": 2.1093084812164307
    },
    "(0.5, 0.1)": {
      "val_loss": 0.7415920197963715,
      "val_eval": 1.0422054529190063,
      "epochs": 30,
      "mse": 0.8369254469871521,
      "w2_global": 0.513157844543457,
      "cvar": 2.0980682373046875
    },
    "(0.5, 1.0)": {
      "val_loss": 0.7474839687347412,
      "val_eval": 1.040099561214447,
      "epochs": 30,
      "mse": 0.843343198299408,
      "w2_global": 0.5263561010360718,
      "cvar": 2.1353085041046143
    },
    "(0.5, 5.0)": {
      "val_loss": 0.7387188524007797,
      "val_eval": 1.0579127073287964,
      "epochs": 30,
      "mse": 0.8440669178962708,
      "w2_global": 0.5308257937431335,
      "cvar": 2.1013240814208984
    },
    "(0.5, 10.0)": {
      "val_loss": 0.7323017418384552,
      "val_eval": 1.037817358970642,
      "epochs": 30,
      "mse": 0.8347854614257812,
      "w2_global": 0.5412701964378357,
      "cvar": 2.0946152210235596
    },
    "(0.75, 0.1)": {
      "val_loss": 0.7410522699356079,
      "val_eval": 1.0446436405181885,
      "epochs": 30,
      "mse": 0.84958815574646,
      "w2_global": 0.5353266000747681,
      "cvar": 2.153681755065918
    },
    "(0.75, 1.0)": {
      "val_loss": 0.7542434185743332,
      "val_eval": 1.0607736110687256,
      "epochs": 30,
      "mse": 0.8521016240119934,
      "w2_global": 0.5407565236091614,
      "cvar": 2.144906520843506
    },
    "(0.75, 5.0)": {
      "val_loss": 0.7339919060468674,
      "val_eval": 1.0445624589920044,
      "epochs": 30,
      "mse": 0.8460504412651062,
      "w2_global": 0.5452216863632202,
      "cvar": 2.100630521774292
    },
    "(0.75, 10.0)": {
      "val_loss": 0.735196515917778,
      "val_eval": 1.0439452826976776,
      "epochs": 30,
      "mse": 0.8403382301330566,
      "w2_global": 0.5437549948692322,
      "cvar": 2.111071825027466
    },
    "(0.99, 0.1)": {
      "val_loss": 0.6560124456882477,
      "val_eval": 0.9951933324337006,
      "epochs": 30,
      "mse": 0.8059008121490479,
      "w2_global": 0.6067137122154236,
      "cvar": 2.036513090133667
    },
    "(0.99, 1.0)": {
      "val_loss": 0.6305472999811172,
      "val_eval": 0.9897449314594269,
      "epochs": 30,
      "mse": 0.8032693266868591,
      "w2_global": 0.6046350598335266,
      "cvar": 1.9891656637191772
    },
    "(0.99, 5.0)": {
      "val_loss": 0.6640136390924454,
      "val_eval": 1.0083344876766205,
      "epochs": 30,
      "mse": 0.8233129382133484,
      "w2_global": 0.6169136166572571,
      "cvar": 2.1166553497314453
    },
    "(0.99, 10.0)": {
      "val_loss": 0.6507088541984558,
      "val_eval": 0.9756515324115753,
      "epochs": 30,
      "mse": 0.8059689998626709,
      "w2_global": 0.6005187034606934,
      "cvar": 2.0924010276794434
    }
  }
}