{
  "train": {
    "mse": 0.4252951741218567,
    "rmse": 0.6521465894427853,
    "mae": 0.4870450496673584,
    "w2_global": 0.5977919101715088,
    "ae_summary": {
      "mean": 0.4870450496673584,
      "std": 0.43368449807167053,
      "min": 0.0001916736364364624,
      "max": 3.933093309402466,
      "p50": 0.37661150097846985,
      "p90": 1.0266897678375244,
      "p95": 1.3100316524505615,
      "p99": 2.0421690940856934
    },
    "se_summary": {
      "mean": 0.4252951741218567,
      "std": 0.8571321368217468,
      "min": 3.673878268273256e-08,
      "max": 15.469223022460938,
      "p50": 0.1418362259864807,
      "p90": 1.0540919303894043,
      "p95": 1.7161829471588135,
      "p99": 4.170454502105713
    }
  },
  "val": {
    "mse": 0.8032693266868591,
    "rmse": 0.8962529367800471,
    "mae": 0.6934053897857666,
    "w2_global": 0.6046350598335266,
    "ae_summary": {
      "mean": 0.6934053897857666,
      "std": 0.567854106426239,
      "min": 1.1473894119262695e-06,
      "max": 7.747081756591797,
      "p50": 0.5733925104141235,
      "p90": 1.4103777408599854,
      "p95": 1.7081019878387451,
      "p99": 2.4290900230407715
    },
    "se_summary": {
      "mean": 0.8032693266868591,
      "std": 1.7336782217025757,
      "min": 1.3165024626005106e-12,
      "max": 60.017276763916016,
      "p50": 0.3287789821624756,
      "p90": 1.9891656637191772,
      "p95": 2.9176132678985596,
      "p99": 5.900481224060059
    }
  },
  "test": {
    "mse": 0.8279021978378296,
    "rmse": 0.9098913110024898,
    "mae": 0.7035397291183472,
    "w2_global": 0.6239310503005981,
    "ae_summary": {
      "mean": 0.7035397291183472,
      "std": 0.5770044326782227,
      "min": 0.00019979476928710938,
      "max": 5.184525966644287,
      "p50": 0.5779650211334229,
      "p90": 1.4432532787322998,
      "p95": 1.750484824180603,
      "p99": 2.6218059062957764
    },
    "se_summary": {
      "mean": 0.8279021978378296,
      "std": 1.5271896123886108,
      "min": 3.9917949834489264e-08,
      "max": 26.879308700561523,
      "p50": 0.33404356241226196,
      "p90": 2.082979917526245,
      "p95": 3.064197301864624,
      "p99": 6.873867511749268
    }
  }
}