{
  "train": {
    "mse": 2096.1650390625,
    "rmse": 45.7838949747889,
    "mae": 33.107181549072266,
    "w2_global": 0.05773000791668892,
    "ae_summary": {
      "mean": 33.107181549072266,
      "std": 31.62403678894043,
      "min": 1.8805265426635742e-05,
      "max": 333.64208984375,
      "p50": 25.117650985717773,
      "p90": 68.69151306152344,
      "p95": 90.05806732177734,
      "p99": 162.1544952392578
    },
    "se_summary": {
      "mean": 2096.1650390625,
      "std": 5055.0146484375,
      "min": 3.5363800776622156e-10,
      "max": 111317.046875,
      "p50": 630.8963623046875,
      "p90": 4718.52392578125,
      "p95": 8110.4560546875,
      "p99": 26294.080078125
    }
  },
  "val": {
    "mse": 0.5685380101203918,
    "rmse": 0.7540145954292873,
    "mae": 0.32086971402168274,
    "w2_global": 0.04323482885956764,
    "ae_summary": {
      "mean": 0.32086971402168274,
      "std": 0.6823346614837646,
      "min": 2.3096799850463867e-06,
      "max": 10.345378875732422,
      "p50": 0.13953065872192383,
      "p90": 0.6786974668502808,
      "p95": 1.0752683877944946,
      "p99": 3.330998420715332
    },
    "se_summary": {
      "mean": 0.5685380101203918,
      "std": 4.008539199829102,
      "min": 5.334621633323877e-12,
      "max": 107.02686309814453,
      "p50": 0.019468804821372032,
      "p90": 0.46063026785850525,
      "p95": 1.1562020778656006,
      "p99": 11.09567928314209
    }
  },
  "test": {
    "mse": 0.7716745138168335,
    "rmse": 0.8784500633597982,
    "mae": 0.3502461016178131,
    "w2_global": 0.05095819756388664,
    "ae_summary": {
      "mean": 0.3502461016178131,
      "std": 0.8056066632270813,
      "min": 1.8775463104248047e-06,
      "max": 20.696674346923828,
      "p50": 0.14133036136627197,
      "p90": 0.7528246641159058,
      "p95": 1.3357526063919067,
      "p99": 3.6054649353027344
    },
    "se_summary": {
      "mean": 0.7716745138168335,
      "std": 8.529191017150879,
      "min": 3.525180147789797e-12,
      "max": 428.3523254394531,
      "p50": 0.019974295049905777,
      "p90": 0.5667449831962585,
      "p95": 1.7842384576797485,
      "p99": 13.000840187072754
    }
  }
}