{
  "train": {
    "mse": 0.4024512767791748,
    "rmse": 0.6343904765829755,
    "mae": 0.42735618352890015,
    "w2_global": 0.6828180551528931,
    "ae_summary": {
      "mean": 0.42735618352890015,
      "std": 0.46884745359420776,
      "min": 3.330409526824951e-05,
      "max": 4.530418872833252,
      "p50": 0.29599642753601074,
      "p90": 0.9438968896865845,
      "p95": 1.3276870250701904,
      "p99": 2.1174204349517822
    },
    "se_summary": {
      "mean": 0.4024512767791748,
      "std": 1.1762791872024536,
      "min": 1.1091627616366395e-09,
      "max": 20.524694442749023,
      "p50": 0.08761389553546906,
      "p90": 0.8909413814544678,
      "p95": 1.7627534866333008,
      "p99": 4.483626842498779
    }
  },
  "val": {
    "mse": 0.5774939656257629,
    "rmse": 0.7599302373414042,
    "mae": 0.5972771048545837,
    "w2_global": 0.5647472143173218,
    "ae_summary": {
      "mean": 0.5972771048545837,
      "std": 0.4698447585105896,
      "min": 0.0002586245536804199,
      "max": 3.3341877460479736,
      "p50": 0.497802197933197,
      "p90": 1.2608661651611328,
      "p95": 1.4136980772018433,
      "p99": 1.8855772018432617
    },
    "se_summary": {
      "mean": 0.5774939656257629,
      "std": 0.8281190395355225,
      "min": 6.688665621368273e-08,
      "max": 11.11680793762207,
      "p50": 0.24780702590942383,
      "p90": 1.5897842645645142,
      "p95": 1.9985424280166626,
      "p99": 3.5554275512695312
    }
  },
  "test": {
    "mse": 0.6664307117462158,
    "rmse": 0.8163520758509871,
    "mae": 0.5997263789176941,
    "w2_global": 0.61543869972229,
    "ae_summary": {
      "mean": 0.5997263789176941,
      "std": 0.5538582801818848,
      "min": 7.998943328857422e-05,
      "max": 4.143711090087891,
      "p50": 0.423098623752594,
      "p90": 1.3613364696502686,
      "p95": 1.768967628479004,
      "p99": 2.400179624557495
    },
    "se_summary": {
      "mean": 0.6664307117462158,
      "std": 1.2586439847946167,
      "min": 6.398309437827265e-09,
      "max": 17.17034149169922,
      "p50": 0.1790124475955963,
      "p90": 1.8532370328903198,
      "p95": 3.1292471885681152,
      "p99": 5.761081218719482
    }
  }
}