{
  "best_alpha": 0.99,
  "best_gamma": 1.0,
  "alpha_grid": [
    0.01,
    0.25,
    0.5,
    0.75,
    0.99
  ],
  "gamma_grid": [
    0.1,
    1.0,
    5.0,
    10.0
  ],
  "results": {
    "(0.01, 0.1)": {
      "val_loss": 0.5651070177555084,
      "val_eval": 0.9567081034183502,
      "epoch": 16,
      "mse": 0.915545642375946,
      "w2_global": 0.801415741443634,
      "cvar": 1.5810092687606812
    },
    "(0.01, 1.0)": {
      "val_loss": 0.5529262721538544,
      "val_eval": 0.9530969858169556,
      "epoch": 25,
      "mse": 0.8947926759719849,
      "w2_global": 0.7901797890663147,
      "cvar": 1.653190016746521
    },
    "(0.01, 5.0)": {
      "val_loss": 0.5252453982830048,
      "val_eval": 0.9066322147846222,
      "epoch": 18,
      "mse": 0.8370866179466248,
      "w2_global": 0.7400160431861877,
      "cvar": 1.6063873767852783
    },
    "(0.01, 10.0)": {
      "val_loss": 0.5796253681182861,
      "val_eval": 0.9915852546691895,
      "epoch": 26,
      "mse": 0.9551040530204773,
      "w2_global": 0.8339837789535522,
      "cvar": 1.6720861196517944
    },
    "(0.25, 0.1)": {
      "val_loss": 0.49168291687965393,
      "val_eval": 0.8718625605106354,
      "epoch": 27,
      "mse": 0.7785732746124268,
      "w2_global": 0.6994920969009399,
      "cvar": 1.5347963571548462
    },
    "(0.25, 1.0)": {
      "val_loss": 0.49236322939395905,
      "val_eval": 0.8688781261444092,
      "epoch": 22,
      "mse": 0.775566041469574,
      "w2_global": 0.6928802728652954,
      "cvar": 1.5417901277542114
    },
    "(0.25, 5.0)": {
      "val_loss": 0.49167007207870483,
      "val_eval": 0.861787736415863,
      "epoch": 21,
      "mse": 0.7693605422973633,
      "w2_global": 0.6910576820373535,
      "cvar": 1.5257521867752075
    },
    "(0.25, 10.0)": {
      "val_loss": 0.49512793123722076,
      "val_eval": 0.8663878440856934,
      "epoch": 16,
      "mse": 0.7772049903869629,
      "w2_global": 0.688789427280426,
      "cvar": 1.5485895872116089
    },
    "(0.5, 0.1)": {
      "val_loss": 0.43242940306663513,
      "val_eval": 0.7656519114971161,
      "epoch": 30,
      "mse": 0.6820086240768433,
      "w2_global": 0.6165270805358887,
      "cvar": 1.488602876663208
    },
    "(0.5, 1.0)": {
      "val_loss": 0.39379753172397614,
      "val_eval": 0.6984595060348511,
      "epoch": 30,
      "mse": 0.6241683959960938,
      "w2_global": 0.5631660223007202,
      "cvar": 1.4402186870574951
    },
    "(0.5, 5.0)": {
      "val_loss": 0.4463028609752655,
      "val_eval": 0.7888749539852142,
      "epoch": 27,
      "mse": 0.7033458948135376,
      "w2_global": 0.6281212568283081,
      "cvar": 1.5370362997055054
    },
    "(0.5, 10.0)": {
      "val_loss": 0.43139293789863586,
      "val_eval": 0.7713298797607422,
      "epoch": 29,
      "mse": 0.6886423826217651,
      "w2_global": 0.6229028105735779,
      "cvar": 1.4733610153198242
    },
    "(0.75, 0.1)": {
      "val_loss": 0.4010421633720398,
      "val_eval": 0.709199070930481,
      "epoch": 30,
      "mse": 0.6347439289093018,
      "w2_global": 0.5512793660163879,
      "cvar": 1.5293071269989014
    },
    "(0.75, 1.0)": {
      "val_loss": 0.39354729652404785,
      "val_eval": 0.694471538066864,
      "epoch": 30,
      "mse": 0.6212444305419922,
      "w2_global": 0.5388390421867371,
      "cvar": 1.5037115812301636
    },
    "(0.75, 5.0)": {
      "val_loss": 0.3717588782310486,
      "val_eval": 0.6547429263591766,
      "epoch": 30,
      "mse": 0.5870940089225769,
      "w2_global": 0.5079841613769531,
      "cvar": 1.3925840854644775
    },
    "(0.75, 10.0)": {
      "val_loss": 0.3759178966283798,
      "val_eval": 0.6634180843830109,
      "epoch": 30,
      "mse": 0.5955060124397278,
      "w2_global": 0.5142875909805298,
      "cvar": 1.4083763360977173
    },
    "(0.99, 0.1)": {
      "val_loss": 0.37084485590457916,
      "val_eval": 0.6585662961006165,
      "epoch": 30,
      "mse": 0.589420735836029,
      "w2_global": 0.5104355812072754,
      "cvar": 1.4178603887557983
    },
    "(0.99, 1.0)": {
      "val_loss": 0.3631720095872879,
      "val_eval": 0.6386911273002625,
      "epoch": 30,
      "mse": 0.5710468888282776,
      "w2_global": 0.4953915774822235,
      "cvar": 1.3647557497024536
    },
    "(0.99, 5.0)": {
      "val_loss": 0.3978951424360275,
      "val_eval": 0.6863707304000854,
      "epoch": 30,
      "mse": 0.6136344075202942,
      "w2_global": 0.5317765474319458,
      "cvar": 1.5104717016220093
    },
    "(0.99, 10.0)": {
      "val_loss": 0.3939374089241028,
      "val_eval": 0.693631112575531,
      "epoch": 30,
      "mse": 0.6192771792411804,
      "w2_global": 0.5354917645454407,
      "cvar": 1.5505601167678833
    }
  }
}