{
  "train": {
    "mse": 0.31523892283439636,
    "rmse": 0.5614614170487553,
    "mae": 0.382614403963089,
    "w2_global": 0.4661707282066345,
    "ae_summary": {
      "mean": 0.382614403963089,
      "std": 0.41090771555900574,
      "min": 1.1920928955078125e-07,
      "max": 3.323469877243042,
      "p50": 0.2503383755683899,
      "p90": 0.886739194393158,
      "p95": 1.1645961999893188,
      "p99": 2.1898927688598633
    },
    "se_summary": {
      "mean": 0.31523892283439636,
      "std": 0.8640772104263306,
      "min": 1.4210854715202004e-14,
      "max": 11.045452117919922,
      "p50": 0.0626692995429039,
      "p90": 0.7863064408302307,
      "p95": 1.3562843799591064,
      "p99": 4.79563045501709
    }
  },
  "val": {
    "mse": 0.5710468888282776,
    "rmse": 0.7556764445371297,
    "mae": 0.5314657092094421,
    "w2_global": 0.4953915774822235,
    "ae_summary": {
      "mean": 0.5314657092094421,
      "std": 0.5372066497802734,
      "min": 1.5497207641601562e-06,
      "max": 3.369429349899292,
      "p50": 0.35800373554229736,
      "p90": 1.1682276725769043,
      "p95": 1.4317368268966675,
      "p99": 2.919234275817871
    },
    "se_summary": {
      "mean": 0.5710468888282776,
      "std": 1.2977492809295654,
      "min": 2.4016344468691386e-12,
      "max": 11.35305404663086,
      "p50": 0.12816667556762695,
      "p90": 1.3647557497024536,
      "p95": 2.049870252609253,
      "p99": 8.521928787231445
    }
  },
  "test": {
    "mse": 0.5502291917800903,
    "rmse": 0.7417743536818258,
    "mae": 0.5186468958854675,
    "w2_global": 0.4849003553390503,
    "ae_summary": {
      "mean": 0.5186468958854675,
      "std": 0.530315637588501,
      "min": 2.5033950805664062e-06,
      "max": 3.311431646347046,
      "p50": 0.3436112403869629,
      "p90": 1.1471315622329712,
      "p95": 1.4108257293701172,
      "p99": 2.8926727771759033
    },
    "se_summary": {
      "mean": 0.5502291917800903,
      "std": 1.2703015804290771,
      "min": 6.266986929404084e-12,
      "max": 10.965579986572266,
      "p50": 0.11806868761777878,
      "p90": 1.315910816192627,
      "p95": 1.9904292821884155,
      "p99": 8.367555618286133
    }
  }
}