{
  "train": {
    "mse": 0.0,
    "rmse": 0.0,
    "mae": 0.0,
    "w2_global": 0.13803982734680176,
    "ae_summary": {
      "mean": 0.0,
      "std": 0.0,
      "min": 0.0,
      "max": 0.0,
      "p50": 0.0,
      "p90": 0.0,
      "p95": 0.0,
      "p99": 0.0
    },
    "se_summary": {
      "mean": 0.0,
      "std": 0.0,
      "min": 0.0,
      "max": 0.0,
      "p50": 0.0,
      "p90": 0.0,
      "p95": 0.0,
      "p99": 0.0
    }
  },
  "val": {
    "mse": 0.8140214085578918,
    "rmse": 0.9022313497977622,
    "mae": 0.6804542541503906,
    "w2_global": 0.30084243416786194,
    "ae_summary": {
      "mean": 0.6804542541503906,
      "std": 0.5924553275108337,
      "min": 0.00051116943359375,
      "max": 4.350122451782227,
      "p50": 0.54914391040802,
      "p90": 1.376082420349121,
      "p95": 1.8512017726898193,
      "p99": 2.913461208343506
    },
    "se_summary": {
      "mean": 0.8140214085578918,
      "std": 1.6326264142990112,
      "min": 2.612941898405552e-07,
      "max": 18.923564910888672,
      "p50": 0.3015590310096741,
      "p90": 1.8936033248901367,
      "p95": 3.426952362060547,
      "p99": 8.488724708557129
    }
  },
  "test": {
    "mse": 0.44456911087036133,
    "rmse": 0.6667601599303615,
    "mae": 0.4351995587348938,
    "w2_global": 0.21507596969604492,
    "ae_summary": {
      "mean": 0.4351995587348938,
      "std": 0.5051440596580505,
      "min": 2.7731060981750488e-05,
      "max": 9.116044044494629,
      "p50": 0.2876247763633728,
      "p90": 0.9548216462135315,
      "p95": 1.3597383499145508,
      "p99": 2.4129343032836914
    },
    "se_summary": {
      "mean": 0.44456911087036133,
      "std": 1.8251535892486572,
      "min": 7.690117431735644e-10,
      "max": 83.10225677490234,
      "p50": 0.08272801339626312,
      "p90": 0.9116843342781067,
      "p95": 1.848889946937561,
      "p99": 5.822268486022949
    }
  }
}