{
  "best_alpha": 0.99,
  "best_gamma": 10.0,
  "alpha_grid": [
    0.99
  ],
  "gamma_grid": [
    10.0
  ],
  "results": {
    "(0.99, 10.0)": {
      "val_loss": 0.02375452993437648,
      "val_eval": 0.03859633170068264,
      "epoch": 28,
      "mse": 0.03859633170068264
    }
  },
  "standalone_mode": true
}