{
  "train": {
    "mse": 0.023475460708141327,
    "rmse": 0.15321703791726732,
    "mae": 0.07725916802883148,
    "w2_global": 0.009966854937374592,
    "ae_summary": {
      "mean": 0.07725916802883148,
      "std": 0.13231205940246582,
      "min": 8.940696716308594e-08,
      "max": 5.984266757965088,
      "p50": 0.03476520627737045,
      "p90": 0.186361625790596,
      "p95": 0.2894383370876312,
      "p99": 0.6413324475288391
    },
    "se_summary": {
      "mean": 0.023475460708141327,
      "std": 0.16156315803527832,
      "min": 7.993605777301127e-15,
      "max": 35.81144714355469,
      "p50": 0.0012086195638403296,
      "p90": 0.03473065420985222,
      "p95": 0.08377454429864883,
      "p99": 0.41130733489990234
    }
  },
  "val": {
    "mse": 0.03901788964867592,
    "rmse": 0.19752946526702267,
    "mae": 0.11332826316356659,
    "w2_global": 0.010549609549343586,
    "ae_summary": {
      "mean": 0.11332826316356659,
      "std": 0.16178564727306366,
      "min": 3.039836883544922e-06,
      "max": 4.028381824493408,
      "p50": 0.06028645113110542,
      "p90": 0.2706841230392456,
      "p95": 0.3983057141304016,
      "p99": 0.7309311628341675
    },
    "se_summary": {
      "mean": 0.03901788964867592,
      "std": 0.21532100439071655,
      "min": 9.240608278560103e-12,
      "max": 16.227859497070312,
      "p50": 0.00363445607945323,
      "p90": 0.07326989620923996,
      "p95": 0.15864744782447815,
      "p99": 0.5342603921890259
    }
  },
  "test": {
    "mse": 0.035850826650857925,
    "rmse": 0.18934314524391405,
    "mae": 0.10872832685709,
    "w2_global": 0.0100404042750597,
    "ae_summary": {
      "mean": 0.10872832685709,
      "std": 0.1550128310918808,
      "min": 5.960464477539063e-08,
      "max": 3.378185749053955,
      "p50": 0.056378573179244995,
      "p90": 0.26637864112854004,
      "p95": 0.3926560878753662,
      "p99": 0.7226486206054688
    },
    "se_summary": {
      "mean": 0.035850826650857925,
      "std": 0.1728508621454239,
      "min": 3.552713678800501e-15,
      "max": 11.412138938903809,
      "p50": 0.003178543411195278,
      "p90": 0.07095757871866226,
      "p95": 0.15417881309986115,
      "p99": 0.522221028804779
    }
  }
}