{
  "train": {
    "mse": 0.0,
    "rmse": 0.0,
    "mae": 0.0,
    "w2_global": 0.30808350443840027,
    "ae_summary": {
      "mean": 0.0,
      "std": 0.0,
      "min": 0.0,
      "max": 0.0,
      "p50": 0.0,
      "p90": 0.0,
      "p95": 0.0,
      "p99": 0.0
    },
    "se_summary": {
      "mean": 0.0,
      "std": 0.0,
      "min": 0.0,
      "max": 0.0,
      "p50": 0.0,
      "p90": 0.0,
      "p95": 0.0,
      "p99": 0.0
    }
  },
  "val": {
    "mse": 0.7684097290039062,
    "rmse": 0.8765898293979382,
    "mae": 0.6861959099769592,
    "w2_global": 0.24109870195388794,
    "ae_summary": {
      "mean": 0.6861959099769592,
      "std": 0.5454766750335693,
      "min": 0.0006909668445587158,
      "max": 4.5274271965026855,
      "p50": 0.5664233565330505,
      "p90": 1.4132320880889893,
      "p95": 1.6691396236419678,
      "p99": 2.4156787395477295
    },
    "se_summary": {
      "mean": 0.7684097290039062,
      "std": 1.2897775173187256,
      "min": 4.774352078129596e-07,
      "max": 20.497596740722656,
      "p50": 0.3208354115486145,
      "p90": 1.997225046157837,
      "p95": 2.786027193069458,
      "p99": 5.83552360534668
    }
  },
  "test": {
    "mse": 0.9037870764732361,
    "rmse": 0.9506771673250789,
    "mae": 0.756679117679596,
    "w2_global": 0.29493799805641174,
    "ae_summary": {
      "mean": 0.756679117679596,
      "std": 0.5755204558372498,
      "min": 7.450580596923828e-09,
      "max": 4.744754314422607,
      "p50": 0.6481796503067017,
      "p90": 1.514355182647705,
      "p95": 1.7913427352905273,
      "p99": 2.603370189666748
    },
    "se_summary": {
      "mean": 0.9037870764732361,
      "std": 1.3759453296661377,
      "min": 5.551115123125783e-17,
      "max": 22.512693405151367,
      "p50": 0.42013686895370483,
      "p90": 2.2932722568511963,
      "p95": 3.208909749984741,
      "p99": 6.777538776397705
    }
  }
}