{
  "best_alpha": 0.99,
  "best_gamma": 5.0,
  "alpha_grid": [
    0.01,
    0.25,
    0.5,
    0.75,
    0.99
  ],
  "gamma_grid": [
    0.1,
    1.0,
    5.0,
    10.0
  ],
  "results": {
    "(0.01, 0.1)": {
      "val_loss": 1.036369800567627,
      "val_eval": 1.0565582513809204,
      "epochs": 30,
      "mse": 1.0565582513809204,
      "w2_global": 0.8137158155441284,
      "cvar": 2.4522030353546143
    },
    "(0.01, 1.0)": {
      "val_loss": 1.0764652490615845,
      "val_eval": 1.0661180019378662,
      "epochs": 30,
      "mse": 1.0661180019378662,
      "w2_global": 0.8185865879058838,
      "cvar": 2.4405155181884766
    },
    "(0.01, 5.0)": {
      "val_loss": 1.0643876791000366,
      "val_eval": 1.057702898979187,
      "epochs": 30,
      "mse": 1.057702898979187,
      "w2_global": 0.8221362233161926,
      "cvar": 2.494717836380005
    },
    "(0.01, 10.0)": {
      "val_loss": 1.056419014930725,
      "val_eval": 1.0550682544708252,
      "epochs": 30,
      "mse": 1.0550682544708252,
      "w2_global": 0.8156775236129761,
      "cvar": 2.438342571258545
    },
    "(0.25, 0.1)": {
      "val_loss": 1.0650776624679565,
      "val_eval": 1.0606993436813354,
      "epochs": 30,
      "mse": 1.060699224472046,
      "w2_global": 0.8162083625793457,
      "cvar": 2.508206367492676
    },
    "(0.25, 1.0)": {
      "val_loss": 1.080413818359375,
      "val_eval": 1.0688183307647705,
      "epochs": 30,
      "mse": 1.06881844997406,
      "w2_global": 0.8134293556213379,
      "cvar": 2.5266294479370117
    },
    "(0.25, 5.0)": {
      "val_loss": 1.05911386013031,
      "val_eval": 1.0634989738464355,
      "epochs": 30,
      "mse": 1.063498854637146,
      "w2_global": 0.8060569763183594,
      "cvar": 2.4921417236328125
    },
    "(0.25, 10.0)": {
      "val_loss": 1.0627778768539429,
      "val_eval": 1.0620836019515991,
      "epochs": 30,
      "mse": 1.0620834827423096,
      "w2_global": 0.8097003102302551,
      "cvar": 2.466341972351074
    },
    "(0.5, 0.1)": {
      "val_loss": 1.0518306493759155,
      "val_eval": 1.0527727603912354,
      "epochs": 30,
      "mse": 1.0527727603912354,
      "w2_global": 0.8108877539634705,
      "cvar": 2.4077911376953125
    },
    "(0.5, 1.0)": {
      "val_loss": 1.0581094026565552,
      "val_eval": 1.05304753780365,
      "epochs": 30,
      "mse": 1.05304753780365,
      "w2_global": 0.8151479363441467,
      "cvar": 2.49237322807312
    },
    "(0.5, 5.0)": {
      "val_loss": 1.0500240325927734,
      "val_eval": 1.0421490669250488,
      "epochs": 30,
      "mse": 1.0421490669250488,
      "w2_global": 0.8111920952796936,
      "cvar": 2.4019551277160645
    },
    "(0.5, 10.0)": {
      "val_loss": 1.0715209245681763,
      "val_eval": 1.0656323432922363,
      "epochs": 30,
      "mse": 1.0656323432922363,
      "w2_global": 0.809916615486145,
      "cvar": 2.4906816482543945
    },
    "(0.75, 0.1)": {
      "val_loss": 1.053389549255371,
      "val_eval": 1.0423669815063477,
      "epochs": 30,
      "mse": 1.042366862297058,
      "w2_global": 0.8128529191017151,
      "cvar": 2.4259133338928223
    },
    "(0.75, 1.0)": {
      "val_loss": 1.0442421436309814,
      "val_eval": 1.044278860092163,
      "epochs": 30,
      "mse": 1.044278860092163,
      "w2_global": 0.817676842212677,
      "cvar": 2.4560680389404297
    },
    "(0.75, 5.0)": {
      "val_loss": 1.0501387119293213,
      "val_eval": 1.0541112422943115,
      "epochs": 30,
      "mse": 1.0541112422943115,
      "w2_global": 0.8235995769500732,
      "cvar": 2.466848850250244
    },
    "(0.75, 10.0)": {
      "val_loss": 1.0458660125732422,
      "val_eval": 1.0345033407211304,
      "epochs": 30,
      "mse": 1.0345033407211304,
      "w2_global": 0.8042527437210083,
      "cvar": 2.3739845752716064
    },
    "(0.99, 0.1)": {
      "val_loss": 0.8182381987571716,
      "val_eval": 0.7669080495834351,
      "epochs": 30,
      "mse": 0.7669080495834351,
      "w2_global": 0.3573031723499298,
      "cvar": 1.7922792434692383
    },
    "(0.99, 1.0)": {
      "val_loss": 0.8789381384849548,
      "val_eval": 0.8253352642059326,
      "epochs": 30,
      "mse": 0.8253352046012878,
      "w2_global": 0.36923155188560486,
      "cvar": 2.020339250564575
    },
    "(0.99, 5.0)": {
      "val_loss": 0.7911954522132874,
      "val_eval": 0.7807327508926392,
      "epochs": 30,
      "mse": 0.7807327508926392,
      "w2_global": 0.3199860155582428,
      "cvar": 2.1034016609191895
    },
    "(0.99, 10.0)": {
      "val_loss": 0.8424021005630493,
      "val_eval": 0.7811797261238098,
      "epochs": 30,
      "mse": 0.7811797261238098,
      "w2_global": 0.3300558030605316,
      "cvar": 2.0265538692474365
    }
  }
}