{
  "train": {
    "mse": 0.6539266705513,
    "rmse": 0.8086573257884331,
    "mae": 0.6136269569396973,
    "w2_global": 0.25451144576072693,
    "ae_summary": {
      "mean": 0.6136269569396973,
      "std": 0.5266770124435425,
      "min": 0.00040668249130249023,
      "max": 3.8126180171966553,
      "p50": 0.4728330373764038,
      "p90": 1.3122297525405884,
      "p95": 1.6756441593170166,
      "p99": 2.405113458633423
    },
    "se_summary": {
      "mean": 0.6539266705513,
      "std": 1.177195429801941,
      "min": 1.6539064517928637e-07,
      "max": 14.536056518554688,
      "p50": 0.2235710769891739,
      "p90": 1.7219473123550415,
      "p95": 2.807783365249634,
      "p99": 5.784614086151123
    }
  },
  "val": {
    "mse": 0.7807327508926392,
    "rmse": 0.8835908277549281,
    "mae": 0.6766647696495056,
    "w2_global": 0.3199860155582428,
    "ae_summary": {
      "mean": 0.6766647696495056,
      "std": 0.5682056546211243,
      "min": 9.655952453613281e-06,
      "max": 4.314070224761963,
      "p50": 0.528634250164032,
      "p90": 1.4503108263015747,
      "p95": 1.7783035039901733,
      "p99": 2.667180061340332
    },
    "se_summary": {
      "mean": 0.7807327508926392,
      "std": 1.4193105697631836,
      "min": 9.323741778644035e-11,
      "max": 18.611202239990234,
      "p50": 0.27945417165756226,
      "p90": 2.1034016609191895,
      "p95": 3.162365674972534,
      "p99": 7.113961696624756
    }
  },
  "test": {
    "mse": 0.7062299847602844,
    "rmse": 0.8403749072647781,
    "mae": 0.6410910487174988,
    "w2_global": 0.2496488243341446,
    "ae_summary": {
      "mean": 0.6410910487174988,
      "std": 0.5433526635169983,
      "min": 3.7103891372680664e-05,
      "max": 5.5813093185424805,
      "p50": 0.5161213278770447,
      "p90": 1.3437962532043457,
      "p95": 1.6802294254302979,
      "p99": 2.4394636154174805
    },
    "se_summary": {
      "mean": 0.7062299847602844,
      "std": 1.3692617416381836,
      "min": 1.3766987549956866e-09,
      "max": 31.15101432800293,
      "p50": 0.26638123393058777,
      "p90": 1.8057883977890015,
      "p95": 2.8231711387634277,
      "p99": 5.95098352432251
    }
  }
}