{
  "train": {
    "mse": 3838.17529296875,
    "rmse": 61.95300874831464,
    "mae": 43.02046585083008,
    "w2_global": 0.48730459809303284,
    "ae_summary": {
      "mean": 43.02046585083008,
      "std": 44.5804328918457,
      "min": 0.0008671283721923828,
      "max": 358.220458984375,
      "p50": 30.167774200439453,
      "p90": 94.21748352050781,
      "p95": 130.21426391601562,
      "p99": 229.25897216796875
    },
    "se_summary": {
      "mean": 3838.17529296875,
      "std": 9573.603515625,
      "min": 7.519116138610116e-07,
      "max": 128321.8984375,
      "p50": 910.0946655273438,
      "p90": 8876.935546875,
      "p95": 16955.75390625,
      "p99": 52559.71875
    }
  },
  "val": {
    "mse": 0.46979111433029175,
    "rmse": 0.6854130975771412,
    "mae": 0.33835068345069885,
    "w2_global": 0.3517349660396576,
    "ae_summary": {
      "mean": 0.33835068345069885,
      "std": 0.5960788130760193,
      "min": 8.121132850646973e-06,
      "max": 15.987672805786133,
      "p50": 0.15289734303951263,
      "p90": 0.7726682424545288,
      "p95": 1.092209815979004,
      "p99": 2.761347770690918
    },
    "se_summary": {
      "mean": 0.46979111433029175,
      "std": 4.230270862579346,
      "min": 6.595279877785742e-11,
      "max": 255.60568237304688,
      "p50": 0.023377597332000732,
      "p90": 0.5970162153244019,
      "p95": 1.1929222345352173,
      "p99": 7.625045299530029
    }
  },
  "test": {
    "mse": 0.6898127794265747,
    "rmse": 0.8305496851041332,
    "mae": 0.35266703367233276,
    "w2_global": 0.4906562566757202,
    "ae_summary": {
      "mean": 0.35266703367233276,
      "std": 0.7519566416740417,
      "min": 4.76837158203125e-07,
      "max": 30.107742309570312,
      "p50": 0.1504696011543274,
      "p90": 0.7572456002235413,
      "p95": 1.0930118560791016,
      "p99": 3.1641628742218018
    },
    "se_summary": {
      "mean": 0.6898127794265747,
      "std": 10.073863983154297,
      "min": 2.2737367544323206e-13,
      "max": 906.4761352539062,
      "p50": 0.022641099989414215,
      "p90": 0.5734208822250366,
      "p95": 1.1946748495101929,
      "p99": 10.011929512023926
    }
  }
}