{
  "train": {
    "mse": 2830.58740234375,
    "rmse": 53.203264959434115,
    "mae": 40.77444076538086,
    "w2_global": 2.0003273487091064,
    "ae_summary": {
      "mean": 40.77444076538086,
      "std": 34.17648696899414,
      "min": 0.008542463183403015,
      "max": 286.4311218261719,
      "p50": 32.66413879394531,
      "p90": 85.62957000732422,
      "p95": 107.84444427490234,
      "p99": 155.1282958984375
    },
    "se_summary": {
      "mean": 2830.58740234375,
      "std": 4979.03125,
      "min": 7.297367847058922e-05,
      "max": 82042.7890625,
      "p50": 1066.9459228515625,
      "p90": 7332.4228515625,
      "p95": 11630.4248046875,
      "p99": 24064.791015625
    }
  },
  "val": {
    "mse": 19.533695220947266,
    "rmse": 4.419694018927924,
    "mae": 1.8362209796905518,
    "w2_global": 2.8862204551696777,
    "ae_summary": {
      "mean": 1.8362209796905518,
      "std": 4.02019739151001,
      "min": 0.0008757114410400391,
      "max": 24.897193908691406,
      "p50": 0.26615089178085327,
      "p90": 6.300027370452881,
      "p95": 12.284133911132812,
      "p99": 18.389177322387695
    },
    "se_summary": {
      "mean": 19.533695220947266,
      "std": 66.44076538085938,
      "min": 7.668705279684218e-07,
      "max": 619.8702392578125,
      "p50": 0.07083629816770554,
      "p90": 39.69212341308594,
      "p95": 150.90008544921875,
      "p99": 338.18115234375
    }
  },
  "test": {
    "mse": 22.864070892333984,
    "rmse": 4.781638933706097,
    "mae": 1.663192868232727,
    "w2_global": 3.1802196502685547,
    "ae_summary": {
      "mean": 1.663192868232727,
      "std": 4.483063697814941,
      "min": 8.553266525268555e-06,
      "max": 42.57265090942383,
      "p50": 0.2652808427810669,
      "p90": 4.424422264099121,
      "p95": 7.949463844299316,
      "p99": 26.223371505737305
    },
    "se_summary": {
      "mean": 22.864070892333984,
      "std": 122.38200378417969,
      "min": 7.315836825227962e-11,
      "max": 1812.4306640625,
      "p50": 0.07037396728992462,
      "p90": 19.57574462890625,
      "p95": 63.1939811706543,
      "p99": 687.665283203125
    }
  }
}