{
  "test": {
    "mse": 0.0015301977982744575,
    "rmse": 0.0391177427553592,
    "mae": 0.015818966552615166,
    "w2_global": 0.0010410983813926578,
    "ae_summary": {
      "mean": 0.015818966552615166,
      "std": 0.03577649965882301,
      "min": 4.76837158203125e-07,
      "max": 1.233788013458252,
      "p50": 0.0054299235343933105,
      "p90": 0.03795383870601654,
      "p95": 0.06432509422302246,
      "p99": 0.15369749069213867
    },
    "se_summary": {
      "mean": 0.0015301977982744575,
      "std": 0.026051275432109833,
      "min": 2.2737367544323206e-13,
      "max": 1.5222328901290894,
      "p50": 2.9484070182661526e-05,
      "p90": 0.001440493855625391,
      "p95": 0.00413771765306592,
      "p99": 0.023622918874025345
    }
  }
}