{
  "train": {
    "mse": 0.0,
    "rmse": 0.0,
    "mae": 0.0,
    "w2_global": 0.08350009471178055,
    "ae_summary": {
      "mean": 0.0,
      "std": 0.0,
      "min": 0.0,
      "max": 0.0,
      "p50": 0.0,
      "p90": 0.0,
      "p95": 0.0,
      "p99": 0.0
    },
    "se_summary": {
      "mean": 0.0,
      "std": 0.0,
      "min": 0.0,
      "max": 0.0,
      "p50": 0.0,
      "p90": 0.0,
      "p95": 0.0,
      "p99": 0.0
    }
  },
  "val": {
    "mse": 1.2167468070983887,
    "rmse": 1.1030624674506828,
    "mae": 0.784477949142456,
    "w2_global": 0.11133602261543274,
    "ae_summary": {
      "mean": 0.784477949142456,
      "std": 0.7754619121551514,
      "min": 0.0003739297389984131,
      "max": 7.658020973205566,
      "p50": 0.5606307983398438,
      "p90": 1.7654476165771484,
      "p95": 2.3589344024658203,
      "p99": 3.3748090267181396
    },
    "se_summary": {
      "mean": 1.2167468070983887,
      "std": 2.9444479942321777,
      "min": 1.3982345592467027e-07,
      "max": 58.645286560058594,
      "p50": 0.3143068850040436,
      "p90": 3.1168625354766846,
      "p95": 5.564611911773682,
      "p99": 11.389379501342773
    }
  },
  "test": {
    "mse": 0.7310667037963867,
    "rmse": 0.8550243878372047,
    "mae": 0.5910951495170593,
    "w2_global": 0.1214216947555542,
    "ae_summary": {
      "mean": 0.5910951495170593,
      "std": 0.6177971363067627,
      "min": 0.0009391307830810547,
      "max": 6.850027084350586,
      "p50": 0.42093586921691895,
      "p90": 1.2922911643981934,
      "p95": 1.7152538299560547,
      "p99": 2.9309241771698
    },
    "se_summary": {
      "mean": 0.7310667037963867,
      "std": 2.0922532081604004,
      "min": 8.81966627730435e-07,
      "max": 46.92287063598633,
      "p50": 0.1771870255470276,
      "p90": 1.6700174808502197,
      "p95": 2.942103147506714,
      "p99": 8.590332984924316
    }
  }
}