{
  "best_alpha": 0.99,
  "best_gamma": 10.0,
  "alpha_grid": [
    0.99
  ],
  "gamma_grid": [
    10.0
  ],
  "results": {
    "(0.99, 10.0)": {
      "val_loss": 0.009262071922421455,
      "val_eval": 0.05902094952762127,
      "epoch": 30,
      "mse": 0.05902094952762127
    }
  },
  "standalone_mode": true
}