{
  "train": {
    "mse": 0.007602130528539419,
    "rmse": 0.08719019743376785,
    "mae": 0.05972302705049515,
    "w2_global": 0.019724011421203613,
    "ae_summary": {
      "mean": 0.05972302705049515,
      "std": 0.06352393329143524,
      "min": 2.9802322387695312e-08,
      "max": 1.268190860748291,
      "p50": 0.04192495346069336,
      "p90": 0.12887847423553467,
      "p95": 0.1694812774658203,
      "p99": 0.30194327235221863
    },
    "se_summary": {
      "mean": 0.007602130528539419,
      "std": 0.026084300130605698,
      "min": 8.881784197001252e-16,
      "max": 1.6083080768585205,
      "p50": 0.0017577017424628139,
      "p90": 0.016609661281108856,
      "p95": 0.028723903000354767,
      "p99": 0.09116974472999573
    }
  },
  "val": {
    "mse": 0.05009262263774872,
    "rmse": 0.22381381243736662,
    "mae": 0.11992818117141724,
    "w2_global": 0.019412759691476822,
    "ae_summary": {
      "mean": 0.11992818117141724,
      "std": 0.18897050619125366,
      "min": 1.2159347534179688e-05,
      "max": 1.8860143423080444,
      "p50": 0.07044675946235657,
      "p90": 0.2246837019920349,
      "p95": 0.35492047667503357,
      "p99": 1.1531329154968262
    },
    "se_summary": {
      "mean": 0.05009262263774872,
      "std": 0.22121086716651917,
      "min": 1.4784973245696165e-10,
      "max": 3.5570499897003174,
      "p50": 0.004962746053934097,
      "p90": 0.05048276484012604,
      "p95": 0.1259685754776001,
      "p99": 1.3297172784805298
    }
  },
  "test": {
    "mse": 0.04570208489894867,
    "rmse": 0.2137804595816668,
    "mae": 0.1154102087020874,
    "w2_global": 0.019251924008131027,
    "ae_summary": {
      "mean": 0.1154102087020874,
      "std": 0.17995159327983856,
      "min": 1.004338264465332e-05,
      "max": 2.1389527320861816,
      "p50": 0.06619275361299515,
      "p90": 0.2282535433769226,
      "p95": 0.3574292063713074,
      "p99": 1.039108395576477
    },
    "se_summary": {
      "mean": 0.04570208489894867,
      "std": 0.20063816010951996,
      "min": 1.0086953494692352e-10,
      "max": 4.5751190185546875,
      "p50": 0.004381480626761913,
      "p90": 0.05209967866539955,
      "p95": 0.12775565683841705,
      "p99": 1.0797462463378906
    }
  }
}