{
  "best_alpha": 0.99,
  "best_gamma": 0.1,
  "alpha_grid": [
    0.01,
    0.25,
    0.5,
    0.75,
    0.99
  ],
  "gamma_grid": [
    0.1,
    1.0,
    5.0,
    10.0
  ],
  "results": {
    "(0.01, 0.1)": {
      "val_loss": 0.6479385495185852,
      "val_eval": 0.6572065055370331,
      "epoch": 25,
      "mse": 0.6611099243164062,
      "w2_global": 0.052324261516332626,
      "cvar": 1.6630080938339233
    },
    "(0.01, 1.0)": {
      "val_loss": 0.6164788603782654,
      "val_eval": 0.6259540915489197,
      "epoch": 12,
      "mse": 0.6394911408424377,
      "w2_global": 0.05181535705924034,
      "cvar": 1.7384787797927856
    },
    "(0.01, 5.0)": {
      "val_loss": 0.6148524582386017,
      "val_eval": 0.6506716310977936,
      "epoch": 30,
      "mse": 0.6596207022666931,
      "w2_global": 0.05042609944939613,
      "cvar": 1.6814018487930298
    },
    "(0.01, 10.0)": {
      "val_loss": 0.6260672509670258,
      "val_eval": 0.6553666293621063,
      "epoch": 14,
      "mse": 0.6741659045219421,
      "w2_global": 0.054028864949941635,
      "cvar": 1.8147063255310059
    },
    "(0.25, 0.1)": {
      "val_loss": 0.2452090010046959,
      "val_eval": 0.29544102400541306,
      "epoch": 29,
      "mse": 0.33557891845703125,
      "w2_global": 0.03691817820072174,
      "cvar": 0.7602226138114929
    },
    "(0.25, 1.0)": {
      "val_loss": 0.28206492960453033,
      "val_eval": 0.32149526476860046,
      "epoch": 30,
      "mse": 0.3580118417739868,
      "w2_global": 0.03941851109266281,
      "cvar": 0.8291460871696472
    },
    "(0.25, 5.0)": {
      "val_loss": 0.2486490160226822,
      "val_eval": 0.3031715154647827,
      "epoch": 30,
      "mse": 0.34760409593582153,
      "w2_global": 0.038813572376966476,
      "cvar": 0.7666250467300415
    },
    "(0.25, 10.0)": {
      "val_loss": 0.24813662469387054,
      "val_eval": 0.27597347646951675,
      "epoch": 30,
      "mse": 0.3241758346557617,
      "w2_global": 0.038172803819179535,
      "cvar": 0.7721105813980103
    },
    "(0.5, 0.1)": {
      "val_loss": 0.1761622130870819,
      "val_eval": 0.20773763209581375,
      "epoch": 30,
      "mse": 0.23486459255218506,
      "w2_global": 0.029276372864842415,
      "cvar": 0.5328255891799927
    },
    "(0.5, 1.0)": {
      "val_loss": 0.15641556680202484,
      "val_eval": 0.18236812949180603,
      "epoch": 29,
      "mse": 0.2206113636493683,
      "w2_global": 0.02738999016582966,
      "cvar": 0.46489718556404114
    },
    "(0.5, 5.0)": {
      "val_loss": 0.16018909960985184,
      "val_eval": 0.19701997935771942,
      "epoch": 29,
      "mse": 0.23650330305099487,
      "w2_global": 0.029025405645370483,
      "cvar": 0.4969288408756256
    },
    "(0.5, 10.0)": {
      "val_loss": 0.16469916701316833,
      "val_eval": 0.1925414651632309,
      "epoch": 27,
      "mse": 0.22921891510486603,
      "w2_global": 0.02687310427427292,
      "cvar": 0.512509822845459
    },
    "(0.75, 0.1)": {
      "val_loss": 0.12897851690649986,
      "val_eval": 0.15178032964468002,
      "epoch": 30,
      "mse": 0.17722076177597046,
      "w2_global": 0.022638574242591858,
      "cvar": 0.3530837595462799
    },
    "(0.75, 1.0)": {
      "val_loss": 0.12216714769601822,
      "val_eval": 0.13952508196234703,
      "epoch": 30,
      "mse": 0.15696324408054352,
      "w2_global": 0.02014205977320671,
      "cvar": 0.3135128319263458
    },
    "(0.75, 5.0)": {
      "val_loss": 0.12845497578382492,
      "val_eval": 0.15828248858451843,
      "epoch": 30,
      "mse": 0.18480810523033142,
      "w2_global": 0.02206476405262947,
      "cvar": 0.37194016575813293
    },
    "(0.75, 10.0)": {
      "val_loss": 0.12505081668496132,
      "val_eval": 0.1396317072212696,
      "epoch": 30,
      "mse": 0.16272041201591492,
      "w2_global": 0.020550109446048737,
      "cvar": 0.33348485827445984
    },
    "(0.99, 0.1)": {
      "val_loss": 0.08346602693200111,
      "val_eval": 0.09414279460906982,
      "epoch": 30,
      "mse": 0.10987058281898499,
      "w2_global": 0.013477039523422718,
      "cvar": 0.23705224692821503
    },
    "(0.99, 1.0)": {
      "val_loss": 0.08793147280812263,
      "val_eval": 0.09470059536397457,
      "epoch": 30,
      "mse": 0.11616524308919907,
      "w2_global": 0.01626465655863285,
      "cvar": 0.2278282195329666
    },
    "(0.99, 5.0)": {
      "val_loss": 0.0922098197042942,
      "val_eval": 0.1015644334256649,
      "epoch": 30,
      "mse": 0.12111080437898636,
      "w2_global": 0.016142403706908226,
      "cvar": 0.2877656817436218
    },
    "(0.99, 10.0)": {
      "val_loss": 0.09447387605905533,
      "val_eval": 0.11023584753274918,
      "epoch": 30,
      "mse": 0.12943698465824127,
      "w2_global": 0.014736023731529713,
      "cvar": 0.2546316683292389
    }
  }
}