{
  "train": {
    "mse": 0.08423261344432831,
    "rmse": 0.2902285538060105,
    "mae": 0.2044987976551056,
    "w2_global": 0.008702988736331463,
    "ae_summary": {
      "mean": 0.2044987976551056,
      "std": 0.20594380795955658,
      "min": 2.086162567138672e-06,
      "max": 3.8216354846954346,
      "p50": 0.14916175603866577,
      "p90": 0.43469151854515076,
      "p95": 0.5731653571128845,
      "p99": 0.9761260151863098
    },
    "se_summary": {
      "mean": 0.08423261344432831,
      "std": 0.25947055220603943,
      "min": 4.352074256530614e-12,
      "max": 14.604897499084473,
      "p50": 0.02224922925233841,
      "p90": 0.18895670771598816,
      "p95": 0.3285185396671295,
      "p99": 0.9528220295906067
    }
  },
  "val": {
    "mse": 0.10987058281898499,
    "rmse": 0.3314673178746058,
    "mae": 0.2209816873073578,
    "w2_global": 0.013477039523422718,
    "ae_summary": {
      "mean": 0.2209816873073578,
      "std": 0.24705804884433746,
      "min": 1.4573335647583008e-05,
      "max": 3.9301178455352783,
      "p50": 0.1548801064491272,
      "p90": 0.4868791699409485,
      "p95": 0.6249561309814453,
      "p99": 1.0106786489486694
    },
    "se_summary": {
      "mean": 0.10987058281898499,
      "std": 0.5392632484436035,
      "min": 2.1238211189711365e-10,
      "max": 15.445826530456543,
      "p50": 0.0239880308508873,
      "p90": 0.23705224692821503,
      "p95": 0.39065268635749817,
      "p99": 1.0214868783950806
    }
  },
  "test": {
    "mse": 0.09769953042268753,
    "rmse": 0.31256924100539313,
    "mae": 0.21615202724933624,
    "w2_global": 0.009146779775619507,
    "ae_summary": {
      "mean": 0.21615202724933624,
      "std": 0.22578272223472595,
      "min": 4.655122756958008e-05,
      "max": 2.546203851699829,
      "p50": 0.16297647356987,
      "p90": 0.43440377712249756,
      "p95": 0.615584671497345,
      "p99": 1.111772894859314
    },
    "se_summary": {
      "mean": 0.09769953042268753,
      "std": 0.3208739161491394,
      "min": 2.1670167882348323e-09,
      "max": 6.483153820037842,
      "p50": 0.026561327278614044,
      "p90": 0.1887069195508957,
      "p95": 0.3789445161819458,
      "p99": 1.2360389232635498
    }
  }
}