{
  "best_alpha": 0.99,
  "best_gamma": 0.1,
  "alpha_grid": [
    0.01,
    0.25,
    0.5,
    0.75,
    0.99
  ],
  "gamma_grid": [
    0.1,
    1.0,
    5.0,
    10.0
  ],
  "results": {
    "(0.01, 0.1)": {
      "val_loss": 0.518751309468196,
      "val_eval": 0.7679376395849081,
      "epoch": 19,
      "mse": 0.7693729996681213,
      "w2_global": 0.07046200335025787,
      "cvar": 1.136198878288269
    },
    "(0.01, 1.0)": {
      "val_loss": 0.498265795982801,
      "val_eval": 0.7286501893630395,
      "epoch": 20,
      "mse": 0.7317692041397095,
      "w2_global": 0.06758427619934082,
      "cvar": 1.1305058002471924
    },
    "(0.01, 5.0)": {
      "val_loss": 0.45929508484326875,
      "val_eval": 0.7468659121256608,
      "epoch": 29,
      "mse": 0.7488980293273926,
      "w2_global": 0.0725027397274971,
      "cvar": 1.1819686889648438
    },
    "(0.01, 10.0)": {
      "val_loss": 0.45948224113537717,
      "val_eval": 0.7306245978061969,
      "epoch": 29,
      "mse": 0.7320659756660461,
      "w2_global": 0.07041864842176437,
      "cvar": 1.1236300468444824
    },
    "(0.25, 0.1)": {
      "val_loss": 0.33602798787447125,
      "val_eval": 0.4749077329268822,
      "epoch": 29,
      "mse": 0.47333842515945435,
      "w2_global": 0.05582785606384277,
      "cvar": 0.6297219395637512
    },
    "(0.25, 1.0)": {
      "val_loss": 0.33889348346453446,
      "val_eval": 0.4836216912819789,
      "epoch": 29,
      "mse": 0.48238080739974976,
      "w2_global": 0.055538468062877655,
      "cvar": 0.6182003021240234
    },
    "(0.25, 5.0)": {
      "val_loss": 0.34646886816391576,
      "val_eval": 0.4990539631018272,
      "epoch": 28,
      "mse": 0.4981433153152466,
      "w2_global": 0.05634583532810211,
      "cvar": 0.6442155838012695
    },
    "(0.25, 10.0)": {
      "val_loss": 0.34038365804232085,
      "val_eval": 0.4945566551043437,
      "epoch": 30,
      "mse": 0.49380600452423096,
      "w2_global": 0.05808804929256439,
      "cvar": 0.6440678834915161
    },
    "(0.5, 0.1)": {
      "val_loss": 0.325416508775491,
      "val_eval": 0.4570893668211423,
      "epoch": 30,
      "mse": 0.45562657713890076,
      "w2_global": 0.054758600890636444,
      "cvar": 0.5720906257629395
    },
    "(0.5, 1.0)": {
      "val_loss": 0.33379374329860395,
      "val_eval": 0.4761085911439015,
      "epoch": 27,
      "mse": 0.47390326857566833,
      "w2_global": 0.05473658815026283,
      "cvar": 0.6308579444885254
    },
    "(0.5, 5.0)": {
      "val_loss": 0.32968944425766283,
      "val_eval": 0.4654940229195815,
      "epoch": 27,
      "mse": 0.4639376699924469,
      "w2_global": 0.05502362549304962,
      "cvar": 0.5968992710113525
    },
    "(0.5, 10.0)": {
      "val_loss": 0.3299285379739908,
      "val_eval": 0.46428846969054294,
      "epoch": 29,
      "mse": 0.46246835589408875,
      "w2_global": 0.0553717166185379,
      "cvar": 0.588897168636322
    },
    "(0.75, 0.1)": {
      "val_loss": 0.3268013011950713,
      "val_eval": 0.464754655957222,
      "epoch": 29,
      "mse": 0.4628402888774872,
      "w2_global": 0.054586369544267654,
      "cvar": 0.5999062061309814
    },
    "(0.75, 1.0)": {
      "val_loss": 0.32855620407141173,
      "val_eval": 0.46245102698986346,
      "epoch": 27,
      "mse": 0.46019792556762695,
      "w2_global": 0.05410592630505562,
      "cvar": 0.5882337093353271
    },
    "(0.75, 5.0)": {
      "val_loss": 0.3280035051015707,
      "val_eval": 0.4644035261410933,
      "epoch": 28,
      "mse": 0.46294647455215454,
      "w2_global": 0.05506352335214615,
      "cvar": 0.5625960230827332
    },
    "(0.75, 10.0)": {
      "val_loss": 0.32620457731760466,
      "val_eval": 0.45855746475549847,
      "epoch": 29,
      "mse": 0.4566284716129303,
      "w2_global": 0.05477966368198395,
      "cvar": 0.5881337523460388
    },
    "(0.99, 0.1)": {
      "val_loss": 0.322350881420649,
      "val_eval": 0.45243511635523576,
      "epoch": 26,
      "mse": 0.4495837986469269,
      "w2_global": 0.05299153923988342,
      "cvar": 0.5724241137504578
    },
    "(0.99, 1.0)": {
      "val_loss": 0.33405275413623226,
      "val_eval": 0.4725553026566139,
      "epoch": 26,
      "mse": 0.47066158056259155,
      "w2_global": 0.05398474261164665,
      "cvar": 0.5850500464439392
    },
    "(0.99, 5.0)": {
      "val_loss": 0.3275257016603763,
      "val_eval": 0.4626622566810021,
      "epoch": 28,
      "mse": 0.4609017074108124,
      "w2_global": 0.05422630161046982,
      "cvar": 0.5528860092163086
    },
    "(0.99, 10.0)": {
      "val_loss": 0.32192261746296513,
      "val_eval": 0.45516390066880447,
      "epoch": 28,
      "mse": 0.4531557559967041,
      "w2_global": 0.05410534515976906,
      "cvar": 0.5855993032455444
    }
  }
}