{
  "train": {
    "mse": 0.30610400438308716,
    "rmse": 0.5532666666112167,
    "mae": 0.30608510971069336,
    "w2_global": 0.08036495745182037,
    "ae_summary": {
      "mean": 0.30608510971069336,
      "std": 0.46088603138923645,
      "min": 7.152557373046875e-07,
      "max": 34.813011169433594,
      "p50": 0.18620415031909943,
      "p90": 0.6913251876831055,
      "p95": 0.9644516706466675,
      "p99": 1.7870092391967773
    },
    "se_summary": {
      "mean": 0.30610400438308716,
      "std": 5.765378952026367,
      "min": 5.115907697472721e-13,
      "max": 1211.94580078125,
      "p50": 0.03467198461294174,
      "p90": 0.4779305160045624,
      "p95": 0.9301670789718628,
      "p99": 3.1934022903442383
    }
  },
  "val": {
    "mse": 0.4495837986469269,
    "rmse": 0.6705101033145786,
    "mae": 0.3338501453399658,
    "w2_global": 0.05299153923988342,
    "ae_summary": {
      "mean": 0.3338501453399658,
      "std": 0.5814876556396484,
      "min": 3.0040740966796875e-05,
      "max": 33.426326751708984,
      "p50": 0.19463276863098145,
      "p90": 0.7565870881080627,
      "p95": 1.0562143325805664,
      "p99": 2.028808116912842
    },
    "se_summary": {
      "mean": 0.4495837986469269,
      "std": 10.556779861450195,
      "min": 9.02446117834188e-10,
      "max": 1117.3193359375,
      "p50": 0.037881914526224136,
      "p90": 0.5724241137504578,
      "p95": 1.1155887842178345,
      "p99": 4.116062164306641
    }
  },
  "test": {
    "mse": 1.0326111316680908,
    "rmse": 1.0161747544925974,
    "mae": 0.34165090322494507,
    "w2_global": 0.1936923712491989,
    "ae_summary": {
      "mean": 0.34165090322494507,
      "std": 0.9570192098617554,
      "min": 2.629309892654419e-05,
      "max": 128.1767120361328,
      "p50": 0.20125369727611542,
      "p90": 0.7551820278167725,
      "p95": 1.0808624029159546,
      "p99": 2.0753588676452637
    },
    "se_summary": {
      "mean": 1.0326111316680908,
      "std": 101.40428161621094,
      "min": 6.913270511610392e-10,
      "max": 16429.26953125,
      "p50": 0.04050305113196373,
      "p90": 0.5702998638153076,
      "p95": 1.1682636737823486,
      "p99": 4.30711555480957
    }
  }
}