{
  "train": {
    "mse": 0.24593816697597504,
    "rmse": 0.4959215330835868,
    "mae": 0.3802100121974945,
    "w2_global": 0.408821702003479,
    "ae_summary": {
      "mean": 0.3802100121974945,
      "std": 0.31839996576309204,
      "min": 0.00024563074111938477,
      "max": 2.4874989986419678,
      "p50": 0.30597424507141113,
      "p90": 0.7892507314682007,
      "p95": 0.9706243276596069,
      "p99": 1.4834043979644775
    },
    "se_summary": {
      "mean": 0.24593816697597504,
      "std": 0.4538469612598419,
      "min": 6.033445743014454e-08,
      "max": 6.18765115737915,
      "p50": 0.09362024068832397,
      "p90": 0.6229171752929688,
      "p95": 0.9421129822731018,
      "p99": 2.200488567352295
    }
  },
  "val": {
    "mse": 1.2486395835876465,
    "rmse": 1.117425426410034,
    "mae": 0.8645317554473877,
    "w2_global": 0.4224123954772949,
    "ae_summary": {
      "mean": 0.8645317554473877,
      "std": 0.7079721093177795,
      "min": 0.00012026727199554443,
      "max": 5.108775615692139,
      "p50": 0.6902315020561218,
      "p90": 1.8595086336135864,
      "p95": 2.2484548091888428,
      "p99": 3.0996289253234863
    },
    "se_summary": {
      "mean": 1.2486395835876465,
      "std": 2.017359733581543,
      "min": 1.4464216491205661e-08,
      "max": 26.09958839416504,
      "p50": 0.4764195382595062,
      "p90": 3.457772970199585,
      "p95": 5.055549144744873,
      "p99": 9.608026504516602
    }
  },
  "test": {
    "mse": 1.1275900602340698,
    "rmse": 1.061880435940916,
    "mae": 0.8183304071426392,
    "w2_global": 0.4518265128135681,
    "ae_summary": {
      "mean": 0.8183304071426392,
      "std": 0.6767017841339111,
      "min": 0.0007649660110473633,
      "max": 5.4409966468811035,
      "p50": 0.6587686538696289,
      "p90": 1.764001488685608,
      "p95": 2.1122474670410156,
      "p99": 2.846864700317383
    },
    "se_summary": {
      "mean": 1.1275900602340698,
      "std": 1.937104344367981,
      "min": 5.8517298384686e-07,
      "max": 29.60444450378418,
      "p50": 0.43397611379623413,
      "p90": 3.111701250076294,
      "p95": 4.461589336395264,
      "p99": 8.104662895202637
    }
  }
}