{
  "best_alpha": 0.99,
  "best_gamma": 10.0,
  "alpha_grid": [
    0.01,
    0.25,
    0.5,
    0.75,
    0.99
  ],
  "gamma_grid": [
    0.1,
    1.0,
    5.0,
    10.0
  ],
  "results": {
    "(0.01, 0.1)": {
      "val_loss": 628.0827261117788,
      "val_eval": 647.1115347055288,
      "epoch": 1,
      "mse": 647.9791259765625,
      "w2_global": 23.279741287231445,
      "cvar": 1338.526123046875
    },
    "(0.01, 1.0)": {
      "val_loss": 90.14949915959285,
      "val_eval": 91.38395514855019,
      "epoch": 1,
      "mse": 91.34309387207031,
      "w2_global": 8.162129402160645,
      "cvar": 222.60647583007812
    },
    "(0.01, 5.0)": {
      "val_loss": 497.8157254732572,
      "val_eval": 522.6476651705228,
      "epoch": 1,
      "mse": 522.8712768554688,
      "w2_global": 20.937225341796875,
      "cvar": 1218.6324462890625
    },
    "(0.01, 10.0)": {
      "val_loss": 48.999069507305435,
      "val_eval": 51.7385500394381,
      "epoch": 1,
      "mse": 51.70125961303711,
      "w2_global": 6.053768634796143,
      "cvar": 205.4835662841797
    },
    "(0.25, 0.1)": {
      "val_loss": 0.923698251064007,
      "val_eval": 0.829455132667835,
      "epoch": 30,
      "mse": 0.808799147605896,
      "w2_global": 0.4965903162956238,
      "cvar": 1.5801138877868652
    },
    "(0.25, 1.0)": {
      "val_loss": 0.8598978519439697,
      "val_eval": 0.760843996818249,
      "epoch": 30,
      "mse": 0.7372075319290161,
      "w2_global": 0.4175061881542206,
      "cvar": 1.4146713018417358
    },
    "(0.25, 5.0)": {
      "val_loss": 0.8514988238994892,
      "val_eval": 0.7522852466656611,
      "epoch": 30,
      "mse": 0.7333135604858398,
      "w2_global": 0.4269312620162964,
      "cvar": 1.4109020233154297
    },
    "(0.25, 10.0)": {
      "val_loss": 0.8377596598405105,
      "val_eval": 0.7573765974778396,
      "epoch": 30,
      "mse": 0.7291267514228821,
      "w2_global": 0.4436572790145874,
      "cvar": 1.3743834495544434
    },
    "(0.5, 0.1)": {
      "val_loss": 0.8254695397156936,
      "val_eval": 0.7298266016519986,
      "epoch": 30,
      "mse": 0.7094709873199463,
      "w2_global": 0.42262697219848633,
      "cvar": 1.3494771718978882
    },
    "(0.5, 1.0)": {
      "val_loss": 0.8191365668406854,
      "val_eval": 0.7273028768025912,
      "epoch": 27,
      "mse": 0.7033937573432922,
      "w2_global": 0.39332127571105957,
      "cvar": 1.3307734727859497
    },
    "(0.5, 5.0)": {
      "val_loss": 0.8231247594723334,
      "val_eval": 0.7301035477564886,
      "epoch": 30,
      "mse": 0.7065597176551819,
      "w2_global": 0.4186214506626129,
      "cvar": 1.3193509578704834
    },
    "(0.5, 10.0)": {
      "val_loss": 0.8184953698745141,
      "val_eval": 0.7174439567785996,
      "epoch": 30,
      "mse": 0.6980205178260803,
      "w2_global": 0.42685267329216003,
      "cvar": 1.3196680545806885
    },
    "(0.75, 0.1)": {
      "val_loss": 0.8083685957468473,
      "val_eval": 0.7070848620854892,
      "epoch": 30,
      "mse": 0.6861470341682434,
      "w2_global": 0.416065514087677,
      "cvar": 1.2878464460372925
    },
    "(0.75, 1.0)": {
      "val_loss": 0.8095150016821347,
      "val_eval": 0.7174078455338111,
      "epoch": 30,
      "mse": 0.6966532468795776,
      "w2_global": 0.3984029293060303,
      "cvar": 1.3128668069839478
    },
    "(0.75, 5.0)": {
      "val_loss": 0.8155381129338191,
      "val_eval": 0.7178643712630639,
      "epoch": 20,
      "mse": 0.6948100924491882,
      "w2_global": 0.39227941632270813,
      "cvar": 1.3082208633422852
    },
    "(0.75, 10.0)": {
      "val_loss": 0.8044851330610422,
      "val_eval": 0.7207105159759521,
      "epoch": 27,
      "mse": 0.6966238617897034,
      "w2_global": 0.3766675889492035,
      "cvar": 1.3084385395050049
    },
    "(0.99, 0.1)": {
      "val_loss": 0.8013808337541727,
      "val_eval": 0.7063292035689721,
      "epoch": 21,
      "mse": 0.6849038600921631,
      "w2_global": 0.43127572536468506,
      "cvar": 1.2734695672988892
    },
    "(0.99, 1.0)": {
      "val_loss": 0.794734422977154,
      "val_eval": 0.7035452448404752,
      "epoch": 28,
      "mse": 0.6824626326560974,
      "w2_global": 0.42379966378211975,
      "cvar": 1.2780241966247559
    },
    "(0.99, 5.0)": {
      "val_loss": 0.7908777457017165,
      "val_eval": 0.6967648817942693,
      "epoch": 30,
      "mse": 0.6776843070983887,
      "w2_global": 0.42294877767562866,
      "cvar": 1.2543470859527588
    },
    "(0.99, 10.0)": {
      "val_loss": 0.7985276579856873,
      "val_eval": 0.69556646163647,
      "epoch": 28,
      "mse": 0.6767458319664001,
      "w2_global": 0.4358677566051483,
      "cvar": 1.256788730621338
    }
  }
}