{
  "train": {
    "mse": 0.6057482957839966,
    "rmse": 0.7782983334069248,
    "mae": 0.5184234976768494,
    "w2_global": 0.41603267192840576,
    "ae_summary": {
      "mean": 0.5184234976768494,
      "std": 0.5805044174194336,
      "min": 4.969537258148193e-06,
      "max": 24.00289535522461,
      "p50": 0.383479505777359,
      "p90": 1.0898832082748413,
      "p95": 1.413482904434204,
      "p99": 2.42850399017334
    },
    "se_summary": {
      "mean": 0.6057482957839966,
      "std": 4.805110454559326,
      "min": 2.4696300560123063e-11,
      "max": 576.1389770507812,
      "p50": 0.14705653488636017,
      "p90": 1.1878453493118286,
      "p95": 1.997934103012085,
      "p99": 5.8976311683654785
    }
  },
  "val": {
    "mse": 0.6767458319664001,
    "rmse": 0.8226456296403696,
    "mae": 0.5336617231369019,
    "w2_global": 0.4358677566051483,
    "ae_summary": {
      "mean": 0.5336617231369019,
      "std": 0.626059889793396,
      "min": 4.172325134277344e-07,
      "max": 47.707115173339844,
      "p50": 0.39467644691467285,
      "p90": 1.1210658550262451,
      "p95": 1.4589879512786865,
      "p99": 2.4623336791992188
    },
    "se_summary": {
      "mean": 0.6767458319664001,
      "std": 9.42026138305664,
      "min": 1.7408297026122455e-13,
      "max": 2275.96875,
      "p50": 0.15576951205730438,
      "p90": 1.256788730621338,
      "p95": 2.128645896911621,
      "p99": 6.0630879402160645
    }
  },
  "test": {
    "mse": 0.7044948935508728,
    "rmse": 0.8393419407791277,
    "mae": 0.5394936800003052,
    "w2_global": 0.4446711540222168,
    "ae_summary": {
      "mean": 0.5394936800003052,
      "std": 0.6429941654205322,
      "min": 3.3853575587272644e-06,
      "max": 63.88985824584961,
      "p50": 0.398033082485199,
      "p90": 1.132683277130127,
      "p95": 1.4845510721206665,
      "p99": 2.4862494468688965
    },
    "se_summary": {
      "mean": 0.7044948935508728,
      "std": 11.633767127990723,
      "min": 1.1460645800431823e-11,
      "max": 4081.9140625,
      "p50": 0.1584303379058838,
      "p90": 1.2829715013504028,
      "p95": 2.2038917541503906,
      "p99": 6.181436061859131
    }
  }
}