{
  "train": {
    "mse": 0.0,
    "rmse": 0.0,
    "mae": 0.0,
    "w2_global": 0.04171641916036606,
    "ae_summary": {
      "mean": 0.0,
      "std": 0.0,
      "min": 0.0,
      "max": 0.0,
      "p50": 0.0,
      "p90": 0.0,
      "p95": 0.0,
      "p99": 0.0
    },
    "se_summary": {
      "mean": 0.0,
      "std": 0.0,
      "min": 0.0,
      "max": 0.0,
      "p50": 0.0,
      "p90": 0.0,
      "p95": 0.0,
      "p99": 0.0
    }
  },
  "val": {
    "mse": 1.0078507661819458,
    "rmse": 1.0039177088695794,
    "mae": 0.47151872515678406,
    "w2_global": 0.07051630318164825,
    "ae_summary": {
      "mean": 0.47151872515678406,
      "std": 0.8862961530685425,
      "min": 2.0712614059448242e-05,
      "max": 23.926715850830078,
      "p50": 0.21081307530403137,
      "p90": 1.141567349433899,
      "p95": 1.477982997894287,
      "p99": 2.4912116527557373
    },
    "se_summary": {
      "mean": 1.0078507661819458,
      "std": 13.150954246520996,
      "min": 4.29012381175653e-10,
      "max": 572.4877319335938,
      "p50": 0.044442154467105865,
      "p90": 1.303176760673523,
      "p95": 2.184433937072754,
      "p99": 6.2064714431762695
    }
  },
  "test": {
    "mse": 1.6039005517959595,
    "rmse": 1.2664519540021877,
    "mae": 0.5531091690063477,
    "w2_global": 0.07660593837499619,
    "ae_summary": {
      "mean": 0.5531091690063477,
      "std": 1.1392852067947388,
      "min": 1.5810132026672363e-05,
      "max": 36.82993698120117,
      "p50": 0.2834654152393341,
      "p90": 1.2847923040390015,
      "p95": 1.5789459943771362,
      "p99": 2.963148593902588
    },
    "se_summary": {
      "mean": 1.6039005517959595,
      "std": 25.26219367980957,
      "min": 2.4996027470081117e-10,
      "max": 1356.4442138671875,
      "p50": 0.08035264164209366,
      "p90": 1.6506930589675903,
      "p95": 2.493070602416992,
      "p99": 8.780280113220215
    }
  }
}