{
  "test": {
    "mse": 0.5292138457298279,
    "rmse": 0.7274708555879251,
    "mae": 0.4771294891834259,
    "w2_global": 0.11574501544237137,
    "ae_summary": {
      "mean": 0.4771294891834259,
      "std": 0.5491459965705872,
      "min": 4.583597183227539e-05,
      "max": 5.001787185668945,
      "p50": 0.28775858879089355,
      "p90": 1.1763321161270142,
      "p95": 1.6197867393493652,
      "p99": 2.500356912612915
    },
    "se_summary": {
      "mean": 0.5292138457298279,
      "std": 1.3857990503311157,
      "min": 2.100936313809143e-09,
      "max": 25.01787567138672,
      "p50": 0.08280500769615173,
      "p90": 1.383757472038269,
      "p95": 2.623709201812744,
      "p99": 6.251784801483154
    }
  }
}