{
  "train": {
    "mse": 0.0,
    "rmse": 0.0,
    "mae": 0.0,
    "w2_global": 0.32386285066604614,
    "ae_summary": {
      "mean": 0.0,
      "std": 0.0,
      "min": 0.0,
      "max": 0.0,
      "p50": 0.0,
      "p90": 0.0,
      "p95": 0.0,
      "p99": 0.0
    },
    "se_summary": {
      "mean": 0.0,
      "std": 0.0,
      "min": 0.0,
      "max": 0.0,
      "p50": 0.0,
      "p90": 0.0,
      "p95": 0.0,
      "p99": 0.0
    }
  },
  "val": {
    "mse": 1.1711351871490479,
    "rmse": 1.0821899958644268,
    "mae": 0.635193943977356,
    "w2_global": 0.33976608514785767,
    "ae_summary": {
      "mean": 0.635193943977356,
      "std": 0.8761643171310425,
      "min": 1.3232231140136719e-05,
      "max": 20.957792282104492,
      "p50": 0.36411258578300476,
      "p90": 1.5820088386535645,
      "p95": 1.9067553281784058,
      "p99": 2.8038246631622314
    },
    "se_summary": {
      "mean": 1.1711351871490479,
      "std": 8.487733840942383,
      "min": 1.750919409460039e-10,
      "max": 439.22906494140625,
      "p50": 0.13257797062397003,
      "p90": 2.5027520656585693,
      "p95": 3.635716199874878,
      "p99": 7.861433029174805
    }
  },
  "test": {
    "mse": 1.7897143363952637,
    "rmse": 1.337802054264854,
    "mae": 0.6294319033622742,
    "w2_global": 0.4317529499530792,
    "ae_summary": {
      "mean": 0.6294319033622742,
      "std": 1.180478572845459,
      "min": 5.0961971282958984e-06,
      "max": 37.62894821166992,
      "p50": 0.33038973808288574,
      "p90": 1.5382509231567383,
      "p95": 1.8701896667480469,
      "p99": 2.9879868030548096
    },
    "se_summary": {
      "mean": 1.7897143363952637,
      "std": 24.71641731262207,
      "min": 2.5971225170451362e-11,
      "max": 1415.937744140625,
      "p50": 0.10915738344192505,
      "p90": 2.366215944290161,
      "p95": 3.4976093769073486,
      "p99": 8.92807388305664
    }
  }
}