{
  "train": {
    "mse": 0.0,
    "rmse": 0.0,
    "mae": 0.0,
    "w2_global": 0.24827386438846588,
    "ae_summary": {
      "mean": 0.0,
      "std": 0.0,
      "min": 0.0,
      "max": 0.0,
      "p50": 0.0,
      "p90": 0.0,
      "p95": 0.0,
      "p99": 0.0
    },
    "se_summary": {
      "mean": 0.0,
      "std": 0.0,
      "min": 0.0,
      "max": 0.0,
      "p50": 0.0,
      "p90": 0.0,
      "p95": 0.0,
      "p99": 0.0
    }
  },
  "val": {
    "mse": 0.6743388772010803,
    "rmse": 0.8211813911682853,
    "mae": 0.5729241371154785,
    "w2_global": 0.23626863956451416,
    "ae_summary": {
      "mean": 0.5729241371154785,
      "std": 0.5882999300956726,
      "min": 0.0,
      "max": 3.291825532913208,
      "p50": 0.40683162212371826,
      "p90": 1.3840725421905518,
      "p95": 1.7193959951400757,
      "p99": 2.604598045349121
    },
    "se_summary": {
      "mean": 0.6743388772010803,
      "std": 1.274941086769104,
      "min": 0.0,
      "max": 10.836114883422852,
      "p50": 0.16551196575164795,
      "p90": 1.9156566858291626,
      "p95": 2.956322431564331,
      "p99": 6.783930778503418
    }
  },
  "test": {
    "mse": 0.6335306167602539,
    "rmse": 0.7959463655047706,
    "mae": 0.5466643571853638,
    "w2_global": 0.24085111916065216,
    "ae_summary": {
      "mean": 0.5466643571853638,
      "std": 0.5785228610038757,
      "min": 0.0,
      "max": 3.229877471923828,
      "p50": 0.39924293756484985,
      "p90": 1.34658682346344,
      "p95": 1.6780775785446167,
      "p99": 2.522592782974243
    },
    "se_summary": {
      "mean": 0.6335306167602539,
      "std": 1.2040773630142212,
      "min": 0.0,
      "max": 10.432108879089355,
      "p50": 0.15939491987228394,
      "p90": 1.8132959604263306,
      "p95": 2.8159444332122803,
      "p99": 6.363474369049072
    }
  }
}