{
  "train": {
    "mse": 0.2657065987586975,
    "rmse": 0.5154673595473311,
    "mae": 0.3442300856113434,
    "w2_global": 0.03115629404783249,
    "ae_summary": {
      "mean": 0.3442300856113434,
      "std": 0.383682519197464,
      "min": 6.556510925292969e-06,
      "max": 9.236910820007324,
      "p50": 0.2322949916124344,
      "p90": 0.7433950901031494,
      "p95": 1.0242128372192383,
      "p99": 1.8408985137939453
    },
    "se_summary": {
      "mean": 0.2657065987586975,
      "std": 1.1178113222122192,
      "min": 4.298783551348606e-11,
      "max": 85.32051849365234,
      "p50": 0.05396096408367157,
      "p90": 0.5526363849639893,
      "p95": 1.0490119457244873,
      "p99": 3.3889076709747314
    }
  },
  "val": {
    "mse": 0.19419938325881958,
    "rmse": 0.4406805909713061,
    "mae": 0.3055226504802704,
    "w2_global": 0.02402087301015854,
    "ae_summary": {
      "mean": 0.3055226504802704,
      "std": 0.3175772428512573,
      "min": 0.0005060136318206787,
      "max": 2.445540189743042,
      "p50": 0.22394055128097534,
      "p90": 0.6454641819000244,
      "p95": 0.7797515392303467,
      "p99": 1.6889649629592896
    },
    "se_summary": {
      "mean": 0.19419938325881958,
      "std": 0.56477290391922,
      "min": 2.560497875947476e-07,
      "max": 5.980666637420654,
      "p50": 0.05014936998486519,
      "p90": 0.41672906279563904,
      "p95": 0.6085784435272217,
      "p99": 2.8566882610321045
    }
  },
  "test": {
    "mse": 0.38929200172424316,
    "rmse": 0.6239326900589863,
    "mae": 0.42508047819137573,
    "w2_global": 0.040019579231739044,
    "ae_summary": {
      "mean": 0.42508047819137573,
      "std": 0.4567258954048157,
      "min": 0.00225144624710083,
      "max": 3.096933364868164,
      "p50": 0.293878436088562,
      "p90": 0.9219818115234375,
      "p95": 1.2138351202011108,
      "p99": 2.378978729248047
    },
    "se_summary": {
      "mean": 0.38929200172424316,
      "std": 1.0096745491027832,
      "min": 5.069010057923151e-06,
      "max": 9.590996742248535,
      "p50": 0.08636453747749329,
      "p90": 0.8500832915306091,
      "p95": 1.4743947982788086,
      "p99": 5.660497665405273
    }
  }
}