{
  "train": {
    "mse": 0.0,
    "rmse": 0.0,
    "mae": 0.0,
    "w2_global": 0.038478199392557144,
    "ae_summary": {
      "mean": 0.0,
      "std": 0.0,
      "min": 0.0,
      "max": 0.0,
      "p50": 0.0,
      "p90": 0.0,
      "p95": 0.0,
      "p99": 0.0
    },
    "se_summary": {
      "mean": 0.0,
      "std": 0.0,
      "min": 0.0,
      "max": 0.0,
      "p50": 0.0,
      "p90": 0.0,
      "p95": 0.0,
      "p99": 0.0
    }
  },
  "val": {
    "mse": 0.06997420638799667,
    "rmse": 0.2645263812703691,
    "mae": 0.1428927183151245,
    "w2_global": 0.0722663402557373,
    "ae_summary": {
      "mean": 0.1428927183151245,
      "std": 0.22261148691177368,
      "min": 2.0265579223632812e-06,
      "max": 3.0042214393615723,
      "p50": 0.06832599639892578,
      "p90": 0.3356395363807678,
      "p95": 0.5347087383270264,
      "p99": 1.2081807851791382
    },
    "se_summary": {
      "mean": 0.06997420638799667,
      "std": 0.2872367799282074,
      "min": 4.106937012693379e-12,
      "max": 9.025346755981445,
      "p50": 0.004668441601097584,
      "p90": 0.11265389621257782,
      "p95": 0.28591346740722656,
      "p99": 1.4597009420394897
    }
  },
  "test": {
    "mse": 0.06928060948848724,
    "rmse": 0.2632120998139851,
    "mae": 0.14849720895290375,
    "w2_global": 0.04223481938242912,
    "ae_summary": {
      "mean": 0.14849720895290375,
      "std": 0.21732276678085327,
      "min": 5.960464477539062e-07,
      "max": 3.573065757751465,
      "p50": 0.07483857870101929,
      "p90": 0.38210031390190125,
      "p95": 0.5235135555267334,
      "p99": 0.9293674826622009
    },
    "se_summary": {
      "mean": 0.06928060948848724,
      "std": 0.3891642093658447,
      "min": 3.552713678800501e-13,
      "max": 12.766798973083496,
      "p50": 0.005600812844932079,
      "p90": 0.14600065350532532,
      "p95": 0.2740664482116699,
      "p99": 0.8637239336967468
    }
  }
}