{
  "test": {
    "mse": 0.28916245698928833,
    "rmse": 0.5377382792672364,
    "mae": 0.31367531418800354,
    "w2_global": 0.01637699268758297,
    "ae_summary": {
      "mean": 0.31367531418800354,
      "std": 0.43677249550819397,
      "min": 8.279085159301758e-05,
      "max": 3.077723503112793,
      "p50": 0.13461041450500488,
      "p90": 0.8128418326377869,
      "p95": 1.1734058856964111,
      "p99": 2.105238676071167
    },
    "se_summary": {
      "mean": 0.28916245698928833,
      "std": 0.875959038734436,
      "min": 6.854325107497061e-09,
      "max": 9.472381591796875,
      "p50": 0.018119962885975838,
      "p90": 0.6607120633125305,
      "p95": 1.3768997192382812,
      "p99": 4.4329400062561035
    }
  }
}