{
  "train": {
    "mse": 0.0,
    "rmse": 0.0,
    "mae": 0.0,
    "w2_global": 0.49909308552742004,
    "ae_summary": {
      "mean": 0.0,
      "std": 0.0,
      "min": 0.0,
      "max": 0.0,
      "p50": 0.0,
      "p90": 0.0,
      "p95": 0.0,
      "p99": 0.0
    },
    "se_summary": {
      "mean": 0.0,
      "std": 0.0,
      "min": 0.0,
      "max": 0.0,
      "p50": 0.0,
      "p90": 0.0,
      "p95": 0.0,
      "p99": 0.0
    }
  },
  "val": {
    "mse": 0.8849987387657166,
    "rmse": 0.9407437157726415,
    "mae": 0.7209910750389099,
    "w2_global": 0.38536855578422546,
    "ae_summary": {
      "mean": 0.7209910750389099,
      "std": 0.6042934060096741,
      "min": 4.279613494873047e-05,
      "max": 4.407926559448242,
      "p50": 0.5756005048751831,
      "p90": 1.5524170398712158,
      "p95": 1.9067885875701904,
      "p99": 2.7531332969665527
    },
    "se_summary": {
      "mean": 0.8849987387657166,
      "std": 1.5044372081756592,
      "min": 1.8315091665499494e-09,
      "max": 19.42981719970703,
      "p50": 0.33131593465805054,
      "p90": 2.410001039505005,
      "p95": 3.635843276977539,
      "p99": 7.57981538772583
    }
  },
  "test": {
    "mse": 0.5796875357627869,
    "rmse": 0.7613721401278004,
    "mae": 0.5873187184333801,
    "w2_global": 0.4324023723602295,
    "ae_summary": {
      "mean": 0.5873187184333801,
      "std": 0.48450422286987305,
      "min": 0.00010061264038085938,
      "max": 4.892372131347656,
      "p50": 0.4827618896961212,
      "p90": 1.2227599620819092,
      "p95": 1.501990795135498,
      "p99": 2.178696393966675
    },
    "se_summary": {
      "mean": 0.5796875357627869,
      "std": 1.0563147068023682,
      "min": 1.0122903404408135e-08,
      "max": 23.935304641723633,
      "p50": 0.2330591082572937,
      "p90": 1.4951417446136475,
      "p95": 2.255976438522339,
      "p99": 4.74672794342041
    }
  }
}