{
  "best_alpha": 0.99,
  "best_gamma": 0.1,
  "alpha_grid": [
    0.99
  ],
  "gamma_grid": [
    0.1
  ],
  "results": {
    "(0.99, 0.1)": {
      "val_loss": 0.15240244567394257,
      "val_eval": 0.16488857567310333,
      "epoch": 28,
      "mse": 0.16488857567310333
    }
  },
  "standalone_mode": true
}