{
  "train": {
    "mse": 0.11552947014570236,
    "rmse": 0.3398962638007402,
    "mae": 0.22816385328769684,
    "w2_global": 0.15487463772296906,
    "ae_summary": {
      "mean": 0.22816385328769684,
      "std": 0.2519339621067047,
      "min": 1.7285346984863281e-06,
      "max": 3.069429874420166,
      "p50": 0.1551804393529892,
      "p90": 0.4976882338523865,
      "p95": 0.6993809342384338,
      "p99": 1.277705430984497
    },
    "se_summary": {
      "mean": 0.11552947014570236,
      "std": 0.3514042794704437,
      "min": 2.9878322038712213e-12,
      "max": 9.42140007019043,
      "p50": 0.024080969393253326,
      "p90": 0.24769356846809387,
      "p95": 0.48913371562957764,
      "p99": 1.6325311660766602
    }
  },
  "val": {
    "mse": 0.16488857567310333,
    "rmse": 0.4060647432037203,
    "mae": 0.2806926369667053,
    "w2_global": 0.1658683568239212,
    "ae_summary": {
      "mean": 0.2806926369667053,
      "std": 0.2934284210205078,
      "min": 6.9141387939453125e-06,
      "max": 2.7300329208374023,
      "p50": 0.19512054324150085,
      "p90": 0.6255325675010681,
      "p95": 0.9049123525619507,
      "p99": 1.4325289726257324
    },
    "se_summary": {
      "mean": 0.16488857567310333,
      "std": 0.39816704392433167,
      "min": 4.780531526193954e-11,
      "max": 7.453079700469971,
      "p50": 0.03807202726602554,
      "p90": 0.3912909924983978,
      "p95": 0.8188663125038147,
      "p99": 2.0521395206451416
    }
  },
  "test": {
    "mse": 0.11784587055444717,
    "rmse": 0.34328686335839764,
    "mae": 0.2397761046886444,
    "w2_global": 0.14691796898841858,
    "ae_summary": {
      "mean": 0.2397761046886444,
      "std": 0.24566906690597534,
      "min": 4.172325134277344e-07,
      "max": 3.2111096382141113,
      "p50": 0.17150497436523438,
      "p90": 0.5147245526313782,
      "p95": 0.7051494717597961,
      "p99": 1.2188929319381714
    },
    "se_summary": {
      "mean": 0.11784587055444717,
      "std": 0.31669723987579346,
      "min": 1.7408297026122455e-13,
      "max": 10.311224937438965,
      "p50": 0.02941395901143551,
      "p90": 0.26494139432907104,
      "p95": 0.4972357153892517,
      "p99": 1.485700011253357
    }
  }
}