{
  "train": {
    "mse": 0.0,
    "rmse": 0.0,
    "mae": 0.0,
    "w2_global": 0.011575497686862946,
    "ae_summary": {
      "mean": 0.0,
      "std": 0.0,
      "min": 0.0,
      "max": 0.0,
      "p50": 0.0,
      "p90": 0.0,
      "p95": 0.0,
      "p99": 0.0
    },
    "se_summary": {
      "mean": 0.0,
      "std": 0.0,
      "min": 0.0,
      "max": 0.0,
      "p50": 0.0,
      "p90": 0.0,
      "p95": 0.0,
      "p99": 0.0
    }
  },
  "val": {
    "mse": 0.04949513077735901,
    "rmse": 0.22247501157963565,
    "mae": 0.10254685580730438,
    "w2_global": 0.011509955860674381,
    "ae_summary": {
      "mean": 0.10254685580730438,
      "std": 0.19743169844150543,
      "min": 1.7355196177959442e-06,
      "max": 5.265398979187012,
      "p50": 0.029565315693616867,
      "p90": 0.2745524048805237,
      "p95": 0.43294757604599,
      "p99": 0.9555157423019409
    },
    "se_summary": {
      "mean": 0.04949513077735901,
      "std": 0.3361480236053467,
      "min": 3.0120283437545803e-12,
      "max": 27.72442626953125,
      "p50": 0.000874107878189534,
      "p90": 0.07537902146577835,
      "p95": 0.18744362890720367,
      "p99": 0.9130113124847412
    }
  },
  "test": {
    "mse": 0.045641835778951645,
    "rmse": 0.21363949957569092,
    "mae": 0.09732628613710403,
    "w2_global": 0.011557234451174736,
    "ae_summary": {
      "mean": 0.09732628613710403,
      "std": 0.1901826113462448,
      "min": 3.427267074584961e-07,
      "max": 5.752105712890625,
      "p50": 0.025719523429870605,
      "p90": 0.2649891674518585,
      "p95": 0.4248686134815216,
      "p99": 0.920693039894104
    },
    "se_summary": {
      "mean": 0.045641835778951645,
      "std": 0.29335498809814453,
      "min": 1.1746159600534156e-13,
      "max": 33.08671951293945,
      "p50": 0.0006614938611164689,
      "p90": 0.0702192634344101,
      "p95": 0.18051335215568542,
      "p99": 0.8476757407188416
    }
  }
}