{
  "train": {
    "mse": 0.0,
    "rmse": 0.0,
    "mae": 0.0,
    "w2_global": 0.027076905593276024,
    "ae_summary": {
      "mean": 0.0,
      "std": 0.0,
      "min": 0.0,
      "max": 0.0,
      "p50": 0.0,
      "p90": 0.0,
      "p95": 0.0,
      "p99": 0.0
    },
    "se_summary": {
      "mean": 0.0,
      "std": 0.0,
      "min": 0.0,
      "max": 0.0,
      "p50": 0.0,
      "p90": 0.0,
      "p95": 0.0,
      "p99": 0.0
    }
  },
  "val": {
    "mse": 0.3590002655982971,
    "rmse": 0.5991663087977304,
    "mae": 0.4342554211616516,
    "w2_global": 0.04089279845356941,
    "ae_summary": {
      "mean": 0.4342554211616516,
      "std": 0.4128226041793823,
      "min": 0.0004195570945739746,
      "max": 2.7323241233825684,
      "p50": 0.31858691573143005,
      "p90": 0.9284132122993469,
      "p95": 1.3038980960845947,
      "p99": 1.868611216545105
    },
    "se_summary": {
      "mean": 0.3590002655982971,
      "std": 0.7485156655311584,
      "min": 1.760281520546414e-07,
      "max": 7.465595245361328,
      "p50": 0.10149762034416199,
      "p90": 0.8619574308395386,
      "p95": 1.7001644372940063,
      "p99": 3.493997812271118
    }
  },
  "test": {
    "mse": 0.2973872423171997,
    "rmse": 0.545332231137313,
    "mae": 0.3804594576358795,
    "w2_global": 0.03578338027000427,
    "ae_summary": {
      "mean": 0.3804594576358795,
      "std": 0.390688955783844,
      "min": 0.0008592605590820312,
      "max": 2.8070337772369385,
      "p50": 0.2520480155944824,
      "p90": 0.9496421813964844,
      "p95": 1.205445408821106,
      "p99": 1.6255416870117188
    },
    "se_summary": {
      "mean": 0.2973872423171997,
      "std": 0.6374208331108093,
      "min": 7.383287083939649e-07,
      "max": 7.879438400268555,
      "p50": 0.06352820247411728,
      "p90": 0.9018938541412354,
      "p95": 1.453101634979248,
      "p99": 2.643611431121826
    }
  }
}