{
  "test": {
    "mse": 0.8969985246658325,
    "rmse": 0.947100060535228,
    "mae": 0.6285099387168884,
    "w2_global": 0.4013158679008484,
    "ae_summary": {
      "mean": 0.6285099387168884,
      "std": 0.7085011005401611,
      "min": 0.0,
      "max": 3.4940569400787354,
      "p50": 0.4203888475894928,
      "p90": 1.533210039138794,
      "p95": 2.0735888481140137,
      "p99": 3.202319860458374
    },
    "se_summary": {
      "mean": 0.8969985246658325,
      "std": 1.7334328889846802,
      "min": 0.0,
      "max": 12.208434104919434,
      "p50": 0.1767267882823944,
      "p90": 2.3507330417633057,
      "p95": 4.299770832061768,
      "p99": 10.254852294921875
    }
  }
}