{
  "best_alpha": 0.99,
  "best_gamma": 10.0,
  "alpha_grid": [
    0.01,
    0.25,
    0.5,
    0.75,
    0.99
  ],
  "gamma_grid": [
    0.1,
    1.0,
    5.0,
    10.0
  ],
  "results": {
    "(0.01, 0.1)": {
      "val_loss": 0.6244657498139602,
      "val_eval": 0.9999887714019189,
      "epoch": 28,
      "mse": 1.003816843032837,
      "w2_global": 0.3528062105178833,
      "cvar": 1.963430404663086
    },
    "(0.01, 1.0)": {
      "val_loss": 0.6311052166498624,
      "val_eval": 0.9781928245837872,
      "epoch": 13,
      "mse": 0.9811841249465942,
      "w2_global": 0.33766472339630127,
      "cvar": 1.9215543270111084
    },
    "(0.01, 5.0)": {
      "val_loss": 0.6138623219269973,
      "val_eval": 0.9190749067526597,
      "epoch": 30,
      "mse": 0.9226913452148438,
      "w2_global": 0.3047499358654022,
      "cvar": 1.8096427917480469
    },
    "(0.01, 10.0)": {
      "val_loss": 0.5798385647627023,
      "val_eval": 0.9069227438706619,
      "epoch": 24,
      "mse": 0.910511314868927,
      "w2_global": 0.32846319675445557,
      "cvar": 1.7264443635940552
    },
    "(0.25, 0.1)": {
      "val_loss": 0.3741772702107063,
      "val_eval": 0.5839791710560138,
      "epoch": 30,
      "mse": 0.5882306098937988,
      "w2_global": 0.2538122236728668,
      "cvar": 1.0011237859725952
    },
    "(0.25, 1.0)": {
      "val_loss": 0.3908627904378451,
      "val_eval": 0.5924105254503397,
      "epoch": 22,
      "mse": 0.5968484282493591,
      "w2_global": 0.2418135106563568,
      "cvar": 1.0083328485488892
    },
    "(0.25, 5.0)": {
      "val_loss": 0.4089597532382378,
      "val_eval": 0.6206101454221286,
      "epoch": 20,
      "mse": 0.6252055168151855,
      "w2_global": 0.23688358068466187,
      "cvar": 1.0445798635482788
    },
    "(0.25, 10.0)": {
      "val_loss": 0.3887909146455618,
      "val_eval": 0.5899121532073388,
      "epoch": 28,
      "mse": 0.594308614730835,
      "w2_global": 0.24256253242492676,
      "cvar": 1.0053006410598755
    },
    "(0.5, 0.1)": {
      "val_loss": 0.37154616759373593,
      "val_eval": 0.5744582162453578,
      "epoch": 30,
      "mse": 0.5790098905563354,
      "w2_global": 0.23116086423397064,
      "cvar": 0.9395684599876404
    },
    "(0.5, 1.0)": {
      "val_loss": 0.36615885221041167,
      "val_eval": 0.5555298718122336,
      "epoch": 28,
      "mse": 0.5605447888374329,
      "w2_global": 0.2209324836730957,
      "cvar": 0.922360360622406
    },
    "(0.5, 5.0)": {
      "val_loss": 0.3629795198257153,
      "val_eval": 0.5412467282551986,
      "epoch": 28,
      "mse": 0.5449408292770386,
      "w2_global": 0.22798162698745728,
      "cvar": 0.9250817894935608
    },
    "(0.5, 10.0)": {
      "val_loss": 0.3681135934132796,
      "val_eval": 0.5626509831501887,
      "epoch": 30,
      "mse": 0.5671898722648621,
      "w2_global": 0.22400739789009094,
      "cvar": 0.9254063963890076
    },
    "(0.75, 0.1)": {
      "val_loss": 0.36312875839380115,
      "val_eval": 0.540647988135998,
      "epoch": 18,
      "mse": 0.5449597835540771,
      "w2_global": 0.22105510532855988,
      "cvar": 0.9042396545410156
    },
    "(0.75, 1.0)": {
      "val_loss": 0.35665398606887233,
      "val_eval": 0.5345304493720715,
      "epoch": 30,
      "mse": 0.539027214050293,
      "w2_global": 0.22151681780815125,
      "cvar": 0.89061439037323
    },
    "(0.75, 5.0)": {
      "val_loss": 0.36387046713095444,
      "val_eval": 0.5341326410953815,
      "epoch": 30,
      "mse": 0.5380573272705078,
      "w2_global": 0.21330171823501587,
      "cvar": 0.8963677287101746
    },
    "(0.75, 10.0)": {
      "val_loss": 0.36036850626652056,
      "val_eval": 0.532619453393496,
      "epoch": 29,
      "mse": 0.5372449159622192,
      "w2_global": 0.2210211157798767,
      "cvar": 0.8879807591438293
    },
    "(0.99, 0.1)": {
      "val_loss": 0.360120938374446,
      "val_eval": 0.5386079687338609,
      "epoch": 27,
      "mse": 0.5432089567184448,
      "w2_global": 0.21459975838661194,
      "cvar": 0.8917466998100281
    },
    "(0.99, 1.0)": {
      "val_loss": 0.3622715243926415,
      "val_eval": 0.5330245540692256,
      "epoch": 21,
      "mse": 0.5369237065315247,
      "w2_global": 0.2161874920129776,
      "cvar": 0.9038180112838745
    },
    "(0.99, 5.0)": {
      "val_loss": 0.35483887562384975,
      "val_eval": 0.5285891959300408,
      "epoch": 23,
      "mse": 0.5333675742149353,
      "w2_global": 0.21607132256031036,
      "cvar": 0.8865494132041931
    },
    "(0.99, 10.0)": {
      "val_loss": 0.35850091393177325,
      "val_eval": 0.5274654214198773,
      "epoch": 23,
      "mse": 0.5314421653747559,
      "w2_global": 0.2186042219400406,
      "cvar": 0.8932629227638245
    }
  }
}