{
  "train": {
    "mse": 0.3605361878871918,
    "rmse": 0.600446656987273,
    "mae": 0.35923951864242554,
    "w2_global": 0.20958979427814484,
    "ae_summary": {
      "mean": 0.35923951864242554,
      "std": 0.481126993894577,
      "min": 7.301568984985352e-07,
      "max": 72.82451629638672,
      "p50": 0.24225282669067383,
      "p90": 0.7881606817245483,
      "p95": 1.059927225112915,
      "p99": 1.861794114112854
    },
    "se_summary": {
      "mean": 0.3605361878871918,
      "std": 12.101622581481934,
      "min": 5.331290964250002e-13,
      "max": 5303.41015625,
      "p50": 0.058686431497335434,
      "p90": 0.6211972832679749,
      "p95": 1.1234458684921265,
      "p99": 3.466277599334717
    }
  },
  "val": {
    "mse": 0.5314421653747559,
    "rmse": 0.7290007992963765,
    "mae": 0.4300888180732727,
    "w2_global": 0.2186042219400406,
    "ae_summary": {
      "mean": 0.4300888180732727,
      "std": 0.5886134505271912,
      "min": 7.748603820800781e-06,
      "max": 35.75001907348633,
      "p50": 0.2823185622692108,
      "p90": 0.9451258778572083,
      "p95": 1.289717197418213,
      "p99": 2.3346292972564697
    },
    "se_summary": {
      "mean": 0.5314421653747559,
      "std": 7.488902568817139,
      "min": 6.004086117172847e-11,
      "max": 1278.0638427734375,
      "p50": 0.07970377057790756,
      "p90": 0.8932629227638245,
      "p95": 1.6633704900741577,
      "p99": 5.450493812561035
    }
  },
  "test": {
    "mse": 0.5189282894134521,
    "rmse": 0.7203667742292479,
    "mae": 0.4260038137435913,
    "w2_global": 0.20590399205684662,
    "ae_summary": {
      "mean": 0.4260038137435913,
      "std": 0.5809035897254944,
      "min": 4.6193599700927734e-07,
      "max": 35.75617218017578,
      "p50": 0.27840256690979004,
      "p90": 0.9367785453796387,
      "p95": 1.279693365097046,
      "p99": 2.315601110458374
    },
    "se_summary": {
      "mean": 0.5189282894134521,
      "std": 7.4974236488342285,
      "min": 2.1338486533295509e-13,
      "max": 1278.50390625,
      "p50": 0.07750798761844635,
      "p90": 0.8775540590286255,
      "p95": 1.6376152038574219,
      "p99": 5.362008571624756
    }
  }
}