{
  "test": {
    "mse": 2.3645050532650203e-05,
    "rmse": 0.00486261766260213,
    "mae": 0.0020621551666408777,
    "w2_global": 0.00013349569053389132,
    "ae_summary": {
      "mean": 0.0020621551666408777,
      "std": 0.004403699189424515,
      "min": 1.1920928955078125e-07,
      "max": 0.2765360176563263,
      "p50": 0.001182258129119873,
      "p90": 0.004232262261211872,
      "p95": 0.006093299016356468,
      "p99": 0.014874345622956753
    },
    "se_summary": {
      "mean": 2.3645050532650203e-05,
      "std": 0.000715862843208015,
      "min": 1.4210854715202004e-14,
      "max": 0.07647217065095901,
      "p50": 1.3977343087390182e-06,
      "p90": 1.7912043404066935e-05,
      "p95": 3.712829129653983e-05,
      "p99": 0.0002212461840827018
    }
  }
}