{
  "best_alpha": 0.99,
  "best_gamma": 1.0,
  "alpha_grid": [
    0.01,
    0.25,
    0.5,
    0.75,
    0.99
  ],
  "gamma_grid": [
    0.1,
    1.0,
    5.0,
    10.0
  ],
  "results": {
    "(0.01, 0.1)": {
      "val_loss": 0.9426283240318298,
      "val_eval": 0.9709330797195435,
      "epochs": 30,
      "mse": 0.9709330797195435,
      "w2_global": 0.3479556441307068,
      "cvar": 2.2964727878570557
    },
    "(0.01, 1.0)": {
      "val_loss": 0.9560229778289795,
      "val_eval": 0.9803431630134583,
      "epochs": 30,
      "mse": 0.9803431630134583,
      "w2_global": 0.34853437542915344,
      "cvar": 2.3217718601226807
    },
    "(0.01, 5.0)": {
      "val_loss": 0.9438676834106445,
      "val_eval": 0.9680161476135254,
      "epochs": 30,
      "mse": 0.9680162668228149,
      "w2_global": 0.3481014370918274,
      "cvar": 2.307417631149292
    },
    "(0.01, 10.0)": {
      "val_loss": 0.9476288557052612,
      "val_eval": 0.9735536575317383,
      "epochs": 30,
      "mse": 0.9735536575317383,
      "w2_global": 0.3486030101776123,
      "cvar": 2.3117127418518066
    },
    "(0.25, 0.1)": {
      "val_loss": 0.6869316101074219,
      "val_eval": 0.7164207100868225,
      "epochs": 30,
      "mse": 0.7164207696914673,
      "w2_global": 0.14494645595550537,
      "cvar": 1.6670174598693848
    },
    "(0.25, 1.0)": {
      "val_loss": 0.6807567477226257,
      "val_eval": 0.7053024768829346,
      "epochs": 30,
      "mse": 0.7053025364875793,
      "w2_global": 0.1375924050807953,
      "cvar": 1.6191191673278809
    },
    "(0.25, 5.0)": {
      "val_loss": 0.6847581267356873,
      "val_eval": 0.7085727453231812,
      "epochs": 30,
      "mse": 0.7085727453231812,
      "w2_global": 0.15808671712875366,
      "cvar": 1.6323922872543335
    },
    "(0.25, 10.0)": {
      "val_loss": 0.6864208579063416,
      "val_eval": 0.7059427499771118,
      "epochs": 30,
      "mse": 0.7059427499771118,
      "w2_global": 0.15193307399749756,
      "cvar": 1.6244068145751953
    },
    "(0.5, 0.1)": {
      "val_loss": 0.630081832408905,
      "val_eval": 0.6508842706680298,
      "epochs": 30,
      "mse": 0.6508842706680298,
      "w2_global": 0.08620961755514145,
      "cvar": 1.4815545082092285
    },
    "(0.5, 1.0)": {
      "val_loss": 0.6285589933395386,
      "val_eval": 0.6561909914016724,
      "epochs": 30,
      "mse": 0.6561909914016724,
      "w2_global": 0.10183766484260559,
      "cvar": 1.513372778892517
    },
    "(0.5, 5.0)": {
      "val_loss": 0.6216909289360046,
      "val_eval": 0.6469150185585022,
      "epochs": 30,
      "mse": 0.6469150185585022,
      "w2_global": 0.11180590838193893,
      "cvar": 1.4821842908859253
    },
    "(0.5, 10.0)": {
      "val_loss": 0.6399385929107666,
      "val_eval": 0.667727530002594,
      "epochs": 30,
      "mse": 0.667727530002594,
      "w2_global": 0.08574497699737549,
      "cvar": 1.532664179801941
    },
    "(0.75, 0.1)": {
      "val_loss": 0.6412588357925415,
      "val_eval": 0.666526734828949,
      "epochs": 30,
      "mse": 0.6665266752243042,
      "w2_global": 0.06255503743886948,
      "cvar": 1.571811318397522
    },
    "(0.75, 1.0)": {
      "val_loss": 0.6122176647186279,
      "val_eval": 0.6397862434387207,
      "epochs": 30,
      "mse": 0.6397861838340759,
      "w2_global": 0.06729713827371597,
      "cvar": 1.4571983814239502
    },
    "(0.75, 5.0)": {
      "val_loss": 0.6462000012397766,
      "val_eval": 0.6739453077316284,
      "epochs": 30,
      "mse": 0.6739453077316284,
      "w2_global": 0.058752838522195816,
      "cvar": 1.5415798425674438
    },
    "(0.75, 10.0)": {
      "val_loss": 0.6113888025283813,
      "val_eval": 0.6353587508201599,
      "epochs": 30,
      "mse": 0.6353587508201599,
      "w2_global": 0.05480540171265602,
      "cvar": 1.4364820718765259
    },
    "(0.99, 0.1)": {
      "val_loss": 0.6153879761695862,
      "val_eval": 0.6297715902328491,
      "epochs": 30,
      "mse": 0.6297715902328491,
      "w2_global": 0.06533759832382202,
      "cvar": 1.4361472129821777
    },
    "(0.99, 1.0)": {
      "val_loss": 0.5899648070335388,
      "val_eval": 0.611649751663208,
      "epochs": 30,
      "mse": 0.611649751663208,
      "w2_global": 0.0690951868891716,
      "cvar": 1.3985501527786255
    },
    "(0.99, 5.0)": {
      "val_loss": 0.6040544509887695,
      "val_eval": 0.6309174299240112,
      "epochs": 30,
      "mse": 0.6309174299240112,
      "w2_global": 0.062333397567272186,
      "cvar": 1.465928554534912
    },
    "(0.99, 10.0)": {
      "val_loss": 0.6194255948066711,
      "val_eval": 0.6355868577957153,
      "epochs": 30,
      "mse": 0.6355867981910706,
      "w2_global": 0.06686622649431229,
      "cvar": 1.461247205734253
    }
  }
}