{
  "train": {
    "mse": 0.6170137524604797,
    "rmse": 0.7855022294433541,
    "mae": 0.5374808311462402,
    "w2_global": 0.08410347998142242,
    "ae_summary": {
      "mean": 0.5374808311462402,
      "std": 0.5728246569633484,
      "min": 1.2367963790893555e-06,
      "max": 35.269622802734375,
      "p50": 0.3885716199874878,
      "p90": 1.1648536920547485,
      "p95": 1.516788363456726,
      "p99": 2.487592935562134
    },
    "se_summary": {
      "mean": 0.6170137524604797,
      "std": 5.2289509773254395,
      "min": 1.5296652833285407e-12,
      "max": 1243.9462890625,
      "p50": 0.1509879231452942,
      "p90": 1.3568841218948364,
      "p95": 2.3006467819213867,
      "p99": 6.1881184577941895
    }
  },
  "val": {
    "mse": 0.611649751663208,
    "rmse": 0.7820803997436632,
    "mae": 0.5469193458557129,
    "w2_global": 0.0690951868891716,
    "ae_summary": {
      "mean": 0.5469193458557129,
      "std": 0.5590429306030273,
      "min": 4.202127456665039e-06,
      "max": 8.502985000610352,
      "p50": 0.3961150050163269,
      "p90": 1.182603120803833,
      "p95": 1.5408281087875366,
      "p99": 2.5222549438476562
    },
    "se_summary": {
      "mean": 0.611649751663208,
      "std": 1.9744831323623657,
      "min": 1.765787516205819e-11,
      "max": 72.30075073242188,
      "p50": 0.1569070965051651,
      "p90": 1.3985501527786255,
      "p95": 2.3741512298583984,
      "p99": 6.361769676208496
    }
  },
  "test": {
    "mse": 0.6642501354217529,
    "rmse": 0.815015420358261,
    "mae": 0.5691307187080383,
    "w2_global": 0.06974518299102783,
    "ae_summary": {
      "mean": 0.5691307187080383,
      "std": 0.5833869576454163,
      "min": 4.3353065848350525e-06,
      "max": 20.805864334106445,
      "p50": 0.41337063908576965,
      "p90": 1.2256003618240356,
      "p95": 1.600273609161377,
      "p99": 2.627281665802002
    },
    "se_summary": {
      "mean": 0.6642501354217529,
      "std": 2.7164056301116943,
      "min": 1.8794882317152428e-11,
      "max": 432.8840026855469,
      "p50": 0.17087528109550476,
      "p90": 1.5020962953567505,
      "p95": 2.560875415802002,
      "p99": 6.902608871459961
    }
  }
}