{
  "train": {
    "mse": 0.0,
    "rmse": 0.0,
    "mae": 0.0,
    "w2_global": 0.34527790546417236,
    "ae_summary": {
      "mean": 0.0,
      "std": 0.0,
      "min": 0.0,
      "max": 0.0,
      "p50": 0.0,
      "p90": 0.0,
      "p95": 0.0,
      "p99": 0.0
    },
    "se_summary": {
      "mean": 0.0,
      "std": 0.0,
      "min": 0.0,
      "max": 0.0,
      "p50": 0.0,
      "p90": 0.0,
      "p95": 0.0,
      "p99": 0.0
    }
  },
  "val": {
    "mse": 1.1818591356277466,
    "rmse": 1.087133448858854,
    "mae": 0.6684831380844116,
    "w2_global": 0.3290652334690094,
    "ae_summary": {
      "mean": 0.6684831380844116,
      "std": 0.8573152422904968,
      "min": 0.0,
      "max": 19.827016830444336,
      "p50": 0.49139946699142456,
      "p90": 1.5273349285125732,
      "p95": 1.8126757144927979,
      "p99": 2.9212045669555664
    },
    "se_summary": {
      "mean": 1.1818591356277466,
      "std": 8.22618293762207,
      "min": 0.0,
      "max": 393.110595703125,
      "p50": 0.24147343635559082,
      "p90": 2.332751989364624,
      "p95": 3.2857933044433594,
      "p99": 8.533435821533203
    }
  },
  "test": {
    "mse": 1.7543315887451172,
    "rmse": 1.3245118303530237,
    "mae": 0.6737164855003357,
    "w2_global": 0.42135968804359436,
    "ae_summary": {
      "mean": 0.6737164855003357,
      "std": 1.1403673887252808,
      "min": 0.0,
      "max": 37.59507369995117,
      "p50": 0.46860671043395996,
      "p90": 1.4535932540893555,
      "p95": 1.7101513147354126,
      "p99": 3.040266990661621
    },
    "se_summary": {
      "mean": 1.7543315887451172,
      "std": 24.309938430786133,
      "min": 0.0,
      "max": 1413.3895263671875,
      "p50": 0.21959225833415985,
      "p90": 2.112933397293091,
      "p95": 2.9246177673339844,
      "p99": 9.243244171142578
    }
  }
}