{
  "best_alpha": 0.99,
  "best_gamma": 1.0,
  "alpha_grid": [
    0.01,
    0.25,
    0.5,
    0.75,
    0.99
  ],
  "gamma_grid": [
    0.1,
    1.0,
    5.0,
    10.0
  ],
  "results": {
    "(0.01, 0.1)": {
      "val_loss": 1.283906102180481,
      "val_eval": 1.5670875310897827,
      "epoch": 27,
      "mse": 1.5670872926712036,
      "w2_global": 0.47181078791618347,
      "cvar": 4.155956745147705
    },
    "(0.01, 1.0)": {
      "val_loss": 1.468093991279602,
      "val_eval": 1.6524779796600342,
      "epoch": 30,
      "mse": 1.6524779796600342,
      "w2_global": 0.4889852702617645,
      "cvar": 4.585979461669922
    },
    "(0.01, 5.0)": {
      "val_loss": 1.4914627075195312,
      "val_eval": 1.6946810483932495,
      "epoch": 30,
      "mse": 1.6946810483932495,
      "w2_global": 0.47215333580970764,
      "cvar": 4.772985935211182
    },
    "(0.01, 10.0)": {
      "val_loss": 1.3141555786132812,
      "val_eval": 1.5432929992675781,
      "epoch": 25,
      "mse": 1.5432929992675781,
      "w2_global": 0.4655805230140686,
      "cvar": 4.1032843589782715
    },
    "(0.25, 0.1)": {
      "val_loss": 1.282080888748169,
      "val_eval": 1.5138565301895142,
      "epoch": 30,
      "mse": 1.5138566493988037,
      "w2_global": 0.47222962975502014,
      "cvar": 4.159237861633301
    },
    "(0.25, 1.0)": {
      "val_loss": 1.348829746246338,
      "val_eval": 1.4817683696746826,
      "epoch": 30,
      "mse": 1.4817683696746826,
      "w2_global": 0.47321221232414246,
      "cvar": 4.128155708312988
    },
    "(0.25, 5.0)": {
      "val_loss": 1.3098454475402832,
      "val_eval": 1.5326529741287231,
      "epoch": 30,
      "mse": 1.532652735710144,
      "w2_global": 0.4627208709716797,
      "cvar": 4.326599597930908
    },
    "(0.25, 10.0)": {
      "val_loss": 1.3980669975280762,
      "val_eval": 1.5685768127441406,
      "epoch": 30,
      "mse": 1.5685768127441406,
      "w2_global": 0.4688784182071686,
      "cvar": 4.226643085479736
    },
    "(0.5, 0.1)": {
      "val_loss": 0.9622611999511719,
      "val_eval": 1.154853343963623,
      "epoch": 30,
      "mse": 1.154853343963623,
      "w2_global": 0.4134059548377991,
      "cvar": 3.004603624343872
    },
    "(0.5, 1.0)": {
      "val_loss": 0.9818530678749084,
      "val_eval": 1.1899861097335815,
      "epoch": 30,
      "mse": 1.1899861097335815,
      "w2_global": 0.40687960386276245,
      "cvar": 2.8631768226623535
    },
    "(0.5, 5.0)": {
      "val_loss": 0.9896374344825745,
      "val_eval": 1.1174808740615845,
      "epoch": 30,
      "mse": 1.1174808740615845,
      "w2_global": 0.40348032116889954,
      "cvar": 2.884572744369507
    },
    "(0.5, 10.0)": {
      "val_loss": 1.0100103616714478,
      "val_eval": 1.0797432661056519,
      "epoch": 30,
      "mse": 1.0797433853149414,
      "w2_global": 0.39759334921836853,
      "cvar": 2.538916826248169
    },
    "(0.75, 0.1)": {
      "val_loss": 0.7340278625488281,
      "val_eval": 0.8869926333427429,
      "epoch": 30,
      "mse": 0.8869926929473877,
      "w2_global": 0.33386099338531494,
      "cvar": 2.167858362197876
    },
    "(0.75, 1.0)": {
      "val_loss": 0.7051650881767273,
      "val_eval": 0.8669701814651489,
      "epoch": 30,
      "mse": 0.8669701814651489,
      "w2_global": 0.33882907032966614,
      "cvar": 2.0354464054107666
    },
    "(0.75, 5.0)": {
      "val_loss": 0.6798657178878784,
      "val_eval": 0.902443528175354,
      "epoch": 30,
      "mse": 0.902443528175354,
      "w2_global": 0.35819733142852783,
      "cvar": 2.0395827293395996
    },
    "(0.75, 10.0)": {
      "val_loss": 0.7249011397361755,
      "val_eval": 0.8497703075408936,
      "epoch": 30,
      "mse": 0.8497702479362488,
      "w2_global": 0.3315022885799408,
      "cvar": 1.9499921798706055
    },
    "(0.99, 0.1)": {
      "val_loss": 0.619798481464386,
      "val_eval": 0.847383975982666,
      "epoch": 30,
      "mse": 0.847383975982666,
      "w2_global": 0.30613237619400024,
      "cvar": 2.17942476272583
    },
    "(0.99, 1.0)": {
      "val_loss": 0.6160203218460083,
      "val_eval": 0.7178575992584229,
      "epoch": 30,
      "mse": 0.7178574800491333,
      "w2_global": 0.23573219776153564,
      "cvar": 1.612139344215393
    },
    "(0.99, 5.0)": {
      "val_loss": 0.7632931470870972,
      "val_eval": 0.7196044325828552,
      "epoch": 30,
      "mse": 0.7196044325828552,
      "w2_global": 0.23146361112594604,
      "cvar": 1.728716254234314
    },
    "(0.99, 10.0)": {
      "val_loss": 0.589103639125824,
      "val_eval": 0.7505816221237183,
      "epoch": 30,
      "mse": 0.750581681728363,
      "w2_global": 0.2752109467983246,
      "cvar": 1.6798861026763916
    }
  }
}