{
  "train": {
    "mse": 0.3629070222377777,
    "rmse": 0.6024176476812226,
    "mae": 0.42102858424186707,
    "w2_global": 0.10898151248693466,
    "ae_summary": {
      "mean": 0.42102858424186707,
      "std": 0.43086183071136475,
      "min": 3.533810377120972e-05,
      "max": 7.741582870483398,
      "p50": 0.30607497692108154,
      "p90": 0.9205344915390015,
      "p95": 1.1846354007720947,
      "p99": 1.9467220306396484
    },
    "se_summary": {
      "mean": 0.3629070222377777,
      "std": 1.2650374174118042,
      "min": 1.2487815226336352e-09,
      "max": 59.932106018066406,
      "p50": 0.09368189424276352,
      "p90": 0.8473837971687317,
      "p95": 1.4033610820770264,
      "p99": 3.7897279262542725
    }
  },
  "val": {
    "mse": 0.7178574800491333,
    "rmse": 0.8472647048290949,
    "mae": 0.5878450274467468,
    "w2_global": 0.23573219776153564,
    "ae_summary": {
      "mean": 0.5878450274467468,
      "std": 0.6101603507995605,
      "min": 0.0004108250141143799,
      "max": 5.7142438888549805,
      "p50": 0.4003477990627289,
      "p90": 1.2697004079818726,
      "p95": 1.8217071294784546,
      "p99": 3.0488193035125732
    },
    "se_summary": {
      "mean": 0.7178574800491333,
      "std": 1.7983338832855225,
      "min": 1.68777191333902e-07,
      "max": 32.652584075927734,
      "p50": 0.16027836501598358,
      "p90": 1.612139344215393,
      "p95": 3.3186240196228027,
      "p99": 9.296110153198242
    }
  },
  "test": {
    "mse": 0.5385505557060242,
    "rmse": 0.7338600382266527,
    "mae": 0.5232476592063904,
    "w2_global": 0.18727034330368042,
    "ae_summary": {
      "mean": 0.5232476592063904,
      "std": 0.5145506858825684,
      "min": 3.0487775802612305e-05,
      "max": 5.107683181762695,
      "p50": 0.3669019639492035,
      "p90": 1.1086310148239136,
      "p95": 1.4285717010498047,
      "p99": 2.4728736877441406
    },
    "se_summary": {
      "mean": 0.5385505557060242,
      "std": 1.3129748106002808,
      "min": 9.295044733903524e-10,
      "max": 26.08842658996582,
      "p50": 0.13461704552173615,
      "p90": 1.2290630340576172,
      "p95": 2.040818214416504,
      "p99": 6.115149021148682
    }
  }
}