{
  "train": {
    "mse": 0.0,
    "rmse": 0.0,
    "mae": 0.0,
    "w2_global": 0.028092412278056145,
    "ae_summary": {
      "mean": 0.0,
      "std": 0.0,
      "min": 0.0,
      "max": 0.0,
      "p50": 0.0,
      "p90": 0.0,
      "p95": 0.0,
      "p99": 0.0
    },
    "se_summary": {
      "mean": 0.0,
      "std": 0.0,
      "min": 0.0,
      "max": 0.0,
      "p50": 0.0,
      "p90": 0.0,
      "p95": 0.0,
      "p99": 0.0
    }
  },
  "val": {
    "mse": 0.6137955784797668,
    "rmse": 0.7834510696142848,
    "mae": 0.5700556635856628,
    "w2_global": 0.019993163645267487,
    "ae_summary": {
      "mean": 0.5700556635856628,
      "std": 0.5374310612678528,
      "min": 0.006409406661987305,
      "max": 3.363814353942871,
      "p50": 0.4269202947616577,
      "p90": 1.2460917234420776,
      "p95": 1.547782063484192,
      "p99": 2.5665669441223145
    },
    "se_summary": {
      "mean": 0.6137955784797668,
      "std": 1.2675154209136963,
      "min": 4.1080493247136474e-05,
      "max": 11.31524658203125,
      "p50": 0.18226094543933868,
      "p90": 1.5527446269989014,
      "p95": 2.395636796951294,
      "p99": 6.589094161987305
    }
  },
  "test": {
    "mse": 0.4158957004547119,
    "rmse": 0.6448997600051591,
    "mae": 0.4509611427783966,
    "w2_global": 0.02295241691172123,
    "ae_summary": {
      "mean": 0.4509611427783966,
      "std": 0.46100950241088867,
      "min": 0.0005782246589660645,
      "max": 6.231898307800293,
      "p50": 0.33634358644485474,
      "p90": 0.9735288619995117,
      "p95": 1.1715925931930542,
      "p99": 2.192333936691284
    },
    "se_summary": {
      "mean": 0.4158957004547119,
      "std": 1.4842984676361084,
      "min": 3.3434375268370786e-07,
      "max": 38.83655548095703,
      "p50": 0.11312700808048248,
      "p90": 0.9477587938308716,
      "p95": 1.3726346492767334,
      "p99": 4.80691385269165
    }
  }
}