{
  "best_alpha": 0.99,
  "best_gamma": 0.1,
  "alpha_grid": [
    0.99
  ],
  "gamma_grid": [
    0.1
  ],
  "results": {
    "(0.99, 0.1)": {
      "val_loss": 0.024443941190838814,
      "val_eval": 0.03026658482849598,
      "epoch": 30,
      "mse": 0.03026658482849598
    }
  },
  "standalone_mode": true
}