{
  "train": {
    "mse": 0.02219240367412567,
    "rmse": 0.14897115047594173,
    "mae": 0.11087359488010406,
    "w2_global": 0.004706080537289381,
    "ae_summary": {
      "mean": 0.11087359488010406,
      "std": 0.09949598461389542,
      "min": 1.0132789611816406e-06,
      "max": 1.219395637512207,
      "p50": 0.08621591329574585,
      "p90": 0.23317423462867737,
      "p95": 0.2959691286087036,
      "p99": 0.4643985629081726
    },
    "se_summary": {
      "mean": 0.02219240367412567,
      "std": 0.04909222200512886,
      "min": 1.0267342531733448e-12,
      "max": 1.486925721168518,
      "p50": 0.007433183491230011,
      "p90": 0.054370224475860596,
      "p95": 0.08759772777557373,
      "p99": 0.2156660109758377
    }
  },
  "val": {
    "mse": 0.03026658482849598,
    "rmse": 0.17397294280575926,
    "mae": 0.12871553003787994,
    "w2_global": 0.0053574685007333755,
    "ae_summary": {
      "mean": 0.12871553003787994,
      "std": 0.11704229563474655,
      "min": 1.1146068572998047e-05,
      "max": 0.8598545789718628,
      "p50": 0.09743267297744751,
      "p90": 0.26931869983673096,
      "p95": 0.3433619439601898,
      "p99": 0.5844630599021912
    },
    "se_summary": {
      "mean": 0.03026658482849598,
      "std": 0.06399302929639816,
      "min": 1.2423484463397472e-10,
      "max": 0.739349901676178,
      "p50": 0.009493125602602959,
      "p90": 0.07253281772136688,
      "p95": 0.11789742112159729,
      "p99": 0.3416019678115845
    }
  },
  "test": {
    "mse": 0.030297167599201202,
    "rmse": 0.1740608158064336,
    "mae": 0.1299300640821457,
    "w2_global": 0.004337956663221121,
    "ae_summary": {
      "mean": 0.1299300640821457,
      "std": 0.1158246174454689,
      "min": 2.193450927734375e-05,
      "max": 0.9968214631080627,
      "p50": 0.10116682201623917,
      "p90": 0.2770146131515503,
      "p95": 0.3456729054450989,
      "p99": 0.5486252307891846
    },
    "se_summary": {
      "mean": 0.030297167599201202,
      "std": 0.06286536902189255,
      "min": 4.81122697237879e-10,
      "max": 0.9936530590057373,
      "p50": 0.010234725661575794,
      "p90": 0.07673709839582443,
      "p95": 0.11948975920677185,
      "p99": 0.30098965764045715
    }
  }
}