{
  "test": {
    "mse": 0.28313785791397095,
    "rmse": 0.5321069985575936,
    "mae": 0.31535884737968445,
    "w2_global": 0.019520029425621033,
    "ae_summary": {
      "mean": 0.31535884737968445,
      "std": 0.42858681082725525,
      "min": 0.0001341104507446289,
      "max": 4.152261734008789,
      "p50": 0.16617214679718018,
      "p90": 0.7706432938575745,
      "p95": 1.1555464267730713,
      "p99": 2.081864595413208
    },
    "se_summary": {
      "mean": 0.28313785791397095,
      "std": 1.0122326612472534,
      "min": 1.7985612998927536e-08,
      "max": 17.24127769470215,
      "p50": 0.027613181620836258,
      "p90": 0.5938922166824341,
      "p95": 1.3352956771850586,
      "p99": 4.334198951721191
    }
  }
}