{
  "train": {
    "mse": 0.0,
    "rmse": 0.0,
    "mae": 0.0,
    "w2_global": 0.23882517218589783,
    "ae_summary": {
      "mean": 0.0,
      "std": 0.0,
      "min": 0.0,
      "max": 0.0,
      "p50": 0.0,
      "p90": 0.0,
      "p95": 0.0,
      "p99": 0.0
    },
    "se_summary": {
      "mean": 0.0,
      "std": 0.0,
      "min": 0.0,
      "max": 0.0,
      "p50": 0.0,
      "p90": 0.0,
      "p95": 0.0,
      "p99": 0.0
    }
  },
  "val": {
    "mse": 1.3733290433883667,
    "rmse": 1.1718912250667153,
    "mae": 0.8619741201400757,
    "w2_global": 0.3821060061454773,
    "ae_summary": {
      "mean": 0.8619741201400757,
      "std": 0.7939330339431763,
      "min": 2.288818359375e-05,
      "max": 8.170517921447754,
      "p50": 0.6373176574707031,
      "p90": 1.9091379642486572,
      "p95": 2.455427885055542,
      "p99": 3.6252248287200928
    },
    "se_summary": {
      "mean": 1.3733290433883667,
      "std": 2.7559220790863037,
      "min": 5.238689482212067e-10,
      "max": 66.75736236572266,
      "p50": 0.4061737656593323,
      "p90": 3.644807815551758,
      "p95": 6.029126167297363,
      "p99": 13.142254829406738
    }
  },
  "test": {
    "mse": 0.6182997822761536,
    "rmse": 0.7863204068801429,
    "mae": 0.5684353113174438,
    "w2_global": 0.25079146027565,
    "ae_summary": {
      "mean": 0.5684353113174438,
      "std": 0.5433056950569153,
      "min": 4.231929779052734e-06,
      "max": 7.537052154541016,
      "p50": 0.41985219717025757,
      "p90": 1.2301594018936157,
      "p95": 1.5857179164886475,
      "p99": 2.5662248134613037
    },
    "se_summary": {
      "mean": 0.6182997822761536,
      "std": 1.5007164478302002,
      "min": 1.7909229654833325e-11,
      "max": 56.80715560913086,
      "p50": 0.1762758493423462,
      "p90": 1.5132920742034912,
      "p95": 2.5145015716552734,
      "p99": 6.58551025390625
    }
  }
}