{
  "train": {
    "mse": 2451.2890625,
    "rmse": 49.51049446834479,
    "mae": 40.056427001953125,
    "w2_global": 0.2225407361984253,
    "ae_summary": {
      "mean": 40.056427001953125,
      "std": 29.099346160888672,
      "min": 0.0001383945345878601,
      "max": 208.1683807373047,
      "p50": 34.66433334350586,
      "p90": 82.09203338623047,
      "p95": 95.2809066772461,
      "p99": 118.59893035888672
    },
    "se_summary": {
      "mean": 2451.2890625,
      "std": 3157.5947265625,
      "min": 1.9153047148279256e-08,
      "max": 43334.07421875,
      "p50": 1201.615966796875,
      "p90": 6739.1015625,
      "p95": 9078.451171875,
      "p99": 14065.705078125
    }
  },
  "val": {
    "mse": 0.08288014680147171,
    "rmse": 0.28788912240908254,
    "mae": 0.19603459537029266,
    "w2_global": 0.11093723028898239,
    "ae_summary": {
      "mean": 0.19603459537029266,
      "std": 0.2108331024646759,
      "min": 5.641952157020569e-06,
      "max": 2.421459674835205,
      "p50": 0.13470545411109924,
      "p90": 0.43850958347320557,
      "p95": 0.6109638214111328,
      "p99": 1.0230835676193237
    },
    "se_summary": {
      "mean": 0.08288014680147171,
      "std": 0.22787752747535706,
      "min": 3.183162414210905e-11,
      "max": 5.863466739654541,
      "p50": 0.01814555935561657,
      "p90": 0.19229066371917725,
      "p95": 0.37327679991722107,
      "p99": 1.046700119972229
    }
  },
  "test": {
    "mse": 0.14464500546455383,
    "rmse": 0.380322238982358,
    "mae": 0.2540338635444641,
    "w2_global": 0.18223990499973297,
    "ae_summary": {
      "mean": 0.2540338635444641,
      "std": 0.28304025530815125,
      "min": 2.86102294921875e-06,
      "max": 2.3523035049438477,
      "p50": 0.1688995212316513,
      "p90": 0.577729344367981,
      "p95": 0.8467124104499817,
      "p99": 1.4105420112609863
    },
    "se_summary": {
      "mean": 0.14464500546455383,
      "std": 0.36534494161605835,
      "min": 8.185452315956354e-12,
      "max": 5.533331871032715,
      "p50": 0.028527047485113144,
      "p90": 0.3337711989879608,
      "p95": 0.7169219255447388,
      "p99": 1.9896286725997925
    }
  }
}