{
  "best_alpha": 0.99,
  "best_gamma": 10.0,
  "alpha_grid": [
    0.01,
    0.25,
    0.5,
    0.75,
    0.99
  ],
  "gamma_grid": [
    0.1,
    1.0,
    5.0,
    10.0
  ],
  "results": {
    "(0.01, 0.1)": {
      "val_loss": 0.5130078792572021,
      "val_eval": 0.7580098509788513,
      "epoch": 29,
      "mse": 0.7580099105834961,
      "w2_global": 0.07366537302732468,
      "cvar": 1.322726845741272
    },
    "(0.01, 1.0)": {
      "val_loss": 0.5228644609451294,
      "val_eval": 0.7502710223197937,
      "epoch": 28,
      "mse": 0.7502709031105042,
      "w2_global": 0.07311850786209106,
      "cvar": 1.2861231565475464
    },
    "(0.01, 5.0)": {
      "val_loss": 0.524898111820221,
      "val_eval": 0.7598621249198914,
      "epoch": 26,
      "mse": 0.7598621845245361,
      "w2_global": 0.07334988564252853,
      "cvar": 1.3243147134780884
    },
    "(0.01, 10.0)": {
      "val_loss": 0.5090687870979309,
      "val_eval": 0.7122098803520203,
      "epoch": 29,
      "mse": 0.7122098803520203,
      "w2_global": 0.07146268337965012,
      "cvar": 1.2598686218261719
    },
    "(0.25, 0.1)": {
      "val_loss": 0.1586681753396988,
      "val_eval": 0.2039983570575714,
      "epoch": 30,
      "mse": 0.2039983570575714,
      "w2_global": 0.034607578068971634,
      "cvar": 0.35001134872436523
    },
    "(0.25, 1.0)": {
      "val_loss": 0.151022806763649,
      "val_eval": 0.23974908888339996,
      "epoch": 30,
      "mse": 0.23974908888339996,
      "w2_global": 0.039777372032403946,
      "cvar": 0.39960774779319763
    },
    "(0.25, 5.0)": {
      "val_loss": 0.1488494873046875,
      "val_eval": 0.23116882145404816,
      "epoch": 30,
      "mse": 0.23116882145404816,
      "w2_global": 0.03823179379105568,
      "cvar": 0.29960310459136963
    },
    "(0.25, 10.0)": {
      "val_loss": 0.15805846452713013,
      "val_eval": 0.21589165925979614,
      "epoch": 29,
      "mse": 0.21589162945747375,
      "w2_global": 0.03563423454761505,
      "cvar": 0.3141182065010071
    },
    "(0.5, 0.1)": {
      "val_loss": 0.11981793493032455,
      "val_eval": 0.1781250536441803,
      "epoch": 30,
      "mse": 0.1781250387430191,
      "w2_global": 0.03302833065390587,
      "cvar": 0.23926720023155212
    },
    "(0.5, 1.0)": {
      "val_loss": 0.11591096967458725,
      "val_eval": 0.17662206292152405,
      "epoch": 30,
      "mse": 0.17662206292152405,
      "w2_global": 0.033379051834344864,
      "cvar": 0.2600289285182953
    },
    "(0.5, 5.0)": {
      "val_loss": 0.13268356025218964,
      "val_eval": 0.16631650924682617,
      "epoch": 30,
      "mse": 0.16631650924682617,
      "w2_global": 0.028361788019537926,
      "cvar": 0.21936069428920746
    },
    "(0.5, 10.0)": {
      "val_loss": 0.13934160768985748,
      "val_eval": 0.21206828951835632,
      "epoch": 30,
      "mse": 0.21206828951835632,
      "w2_global": 0.03366079181432724,
      "cvar": 0.2921731472015381
    },
    "(0.75, 0.1)": {
      "val_loss": 0.10309598594903946,
      "val_eval": 0.14608284831047058,
      "epoch": 30,
      "mse": 0.14608284831047058,
      "w2_global": 0.026735767722129822,
      "cvar": 0.20519529283046722
    },
    "(0.75, 1.0)": {
      "val_loss": 0.0964803472161293,
      "val_eval": 0.1499043107032776,
      "epoch": 30,
      "mse": 0.1499043107032776,
      "w2_global": 0.02667965181171894,
      "cvar": 0.1939431130886078
    },
    "(0.75, 5.0)": {
      "val_loss": 0.09643625468015671,
      "val_eval": 0.14848275482654572,
      "epoch": 30,
      "mse": 0.1484827697277069,
      "w2_global": 0.02892250567674637,
      "cvar": 0.17845898866653442
    },
    "(0.75, 10.0)": {
      "val_loss": 0.10685331374406815,
      "val_eval": 0.17696864902973175,
      "epoch": 30,
      "mse": 0.17696864902973175,
      "w2_global": 0.028490981087088585,
      "cvar": 0.21241338551044464
    },
    "(0.99, 0.1)": {
      "val_loss": 0.08925332129001617,
      "val_eval": 0.14297182857990265,
      "epoch": 30,
      "mse": 0.14297182857990265,
      "w2_global": 0.024054450914263725,
      "cvar": 0.18787293136119843
    },
    "(0.99, 1.0)": {
      "val_loss": 0.10695941746234894,
      "val_eval": 0.1412253975868225,
      "epoch": 30,
      "mse": 0.14122538268566132,
      "w2_global": 0.02315915748476982,
      "cvar": 0.1611446589231491
    },
    "(0.99, 5.0)": {
      "val_loss": 0.10052701085805893,
      "val_eval": 0.17771321535110474,
      "epoch": 30,
      "mse": 0.17771318554878235,
      "w2_global": 0.029407557100057602,
      "cvar": 0.19081884622573853
    },
    "(0.99, 10.0)": {
      "val_loss": 0.09007996320724487,
      "val_eval": 0.12488079071044922,
      "epoch": 30,
      "mse": 0.12488078325986862,
      "w2_global": 0.02015477418899536,
      "cvar": 0.17224261164665222
    }
  }
}