{
  "train": {
    "mse": 0.1359027922153473,
    "rmse": 0.3686499589249228,
    "mae": 0.16762839257717133,
    "w2_global": 0.04840831458568573,
    "ae_summary": {
      "mean": 0.16762839257717133,
      "std": 0.3283344507217407,
      "min": 1.5497207641601562e-06,
      "max": 30.229801177978516,
      "p50": 0.09979778528213501,
      "p90": 0.36195164918899536,
      "p95": 0.4946800768375397,
      "p99": 1.006439447402954
    },
    "se_summary": {
      "mean": 0.1359027922153473,
      "std": 3.9861538410186768,
      "min": 2.4016344468691386e-12,
      "max": 913.8408813476562,
      "p50": 0.009959598071873188,
      "p90": 0.13100899755954742,
      "p95": 0.2447083741426468,
      "p99": 1.0129203796386719
    }
  },
  "val": {
    "mse": 0.12488078325986862,
    "rmse": 0.35338475244394546,
    "mae": 0.1928463578224182,
    "w2_global": 0.02015477418899536,
    "ae_summary": {
      "mean": 0.1928463578224182,
      "std": 0.2961267828941345,
      "min": 8.474290370941162e-05,
      "max": 6.166503429412842,
      "p50": 0.11482095718383789,
      "p90": 0.4150211811065674,
      "p95": 0.5615569353103638,
      "p99": 1.168328881263733
    },
    "se_summary": {
      "mean": 0.12488078325986862,
      "std": 1.1858917474746704,
      "min": 7.181359507058005e-09,
      "max": 38.02576446533203,
      "p50": 0.013183852657675743,
      "p90": 0.17224261164665222,
      "p95": 0.3153474032878876,
      "p99": 1.3649985790252686
    }
  },
  "test": {
    "mse": 0.17163272202014923,
    "rmse": 0.4142857975119944,
    "mae": 0.20932430028915405,
    "w2_global": 0.02839096263051033,
    "ae_summary": {
      "mean": 0.20932430028915405,
      "std": 0.3575136959552765,
      "min": 3.9577484130859375e-05,
      "max": 10.511678695678711,
      "p50": 0.12560519576072693,
      "p90": 0.44945216178894043,
      "p95": 0.6005140542984009,
      "p99": 1.2282874584197998
    },
    "se_summary": {
      "mean": 0.17163272202014923,
      "std": 2.1975226402282715,
      "min": 1.5663772501284257e-09,
      "max": 110.49539184570312,
      "p50": 0.01577666960656643,
      "p90": 0.2020072489976883,
      "p95": 0.36061903834342957,
      "p99": 1.5087507963180542
    }
  }
}