{
  "best_alpha": 0.75,
  "best_gamma": 1.0,
  "alpha_grid": [
    0.01,
    0.25,
    0.5,
    0.75,
    0.99
  ],
  "gamma_grid": [
    0.1,
    1.0,
    5.0,
    10.0
  ],
  "results": {
    "(0.01, 0.1)": {
      "val_loss": 0.8283816576004028,
      "val_eval": 1.0108916759490967,
      "epoch": 27,
      "mse": 1.0108915567398071,
      "w2_global": 0.05163240432739258,
      "cvar": 2.438586711883545
    },
    "(0.01, 1.0)": {
      "val_loss": 0.8316060304641724,
      "val_eval": 1.0351358652114868,
      "epoch": 30,
      "mse": 1.0351358652114868,
      "w2_global": 0.05434789881110191,
      "cvar": 2.560082197189331
    },
    "(0.01, 5.0)": {
      "val_loss": 0.8151844143867493,
      "val_eval": 1.012001633644104,
      "epoch": 27,
      "mse": 1.012001633644104,
      "w2_global": 0.052383437752723694,
      "cvar": 2.53338885307312
    },
    "(0.01, 10.0)": {
      "val_loss": 0.8537041544914246,
      "val_eval": 1.057695984840393,
      "epoch": 22,
      "mse": 1.057695984840393,
      "w2_global": 0.05735473707318306,
      "cvar": 2.6226298809051514
    },
    "(0.25, 0.1)": {
      "val_loss": 0.4289344549179077,
      "val_eval": 0.5078585147857666,
      "epoch": 30,
      "mse": 0.5078585147857666,
      "w2_global": 0.029641902074217796,
      "cvar": 1.127851128578186
    },
    "(0.25, 1.0)": {
      "val_loss": 0.42715325951576233,
      "val_eval": 0.4961857497692108,
      "epoch": 30,
      "mse": 0.4961857497692108,
      "w2_global": 0.029204867780208588,
      "cvar": 1.067650556564331
    },
    "(0.25, 5.0)": {
      "val_loss": 0.41860878467559814,
      "val_eval": 0.5069676637649536,
      "epoch": 30,
      "mse": 0.5069676637649536,
      "w2_global": 0.03022659569978714,
      "cvar": 1.1237537860870361
    },
    "(0.25, 10.0)": {
      "val_loss": 0.4149007499217987,
      "val_eval": 0.4974565804004669,
      "epoch": 30,
      "mse": 0.4974565804004669,
      "w2_global": 0.029662014916539192,
      "cvar": 1.1004315614700317
    },
    "(0.5, 0.1)": {
      "val_loss": 0.3881874084472656,
      "val_eval": 0.4463711380958557,
      "epoch": 30,
      "mse": 0.4463711380958557,
      "w2_global": 0.027856698259711266,
      "cvar": 0.946631669998169
    },
    "(0.5, 1.0)": {
      "val_loss": 0.3907492160797119,
      "val_eval": 0.45296868681907654,
      "epoch": 30,
      "mse": 0.45296865701675415,
      "w2_global": 0.028022894635796547,
      "cvar": 0.9865724444389343
    },
    "(0.5, 5.0)": {
      "val_loss": 0.3880426287651062,
      "val_eval": 0.4679471552371979,
      "epoch": 30,
      "mse": 0.46794718503952026,
      "w2_global": 0.02824353240430355,
      "cvar": 0.996922492980957
    },
    "(0.5, 10.0)": {
      "val_loss": 0.3889957368373871,
      "val_eval": 0.45425960421562195,
      "epoch": 30,
      "mse": 0.45425960421562195,
      "w2_global": 0.028098823502659798,
      "cvar": 0.9651869535446167
    },
    "(0.75, 0.1)": {
      "val_loss": 0.37725740671157837,
      "val_eval": 0.44390350580215454,
      "epoch": 30,
      "mse": 0.44390353560447693,
      "w2_global": 0.02874075621366501,
      "cvar": 0.9583961367607117
    },
    "(0.75, 1.0)": {
      "val_loss": 0.37903866171836853,
      "val_eval": 0.43460434675216675,
      "epoch": 30,
      "mse": 0.43460434675216675,
      "w2_global": 0.027927424758672714,
      "cvar": 0.9638358950614929
    },
    "(0.75, 5.0)": {
      "val_loss": 0.3767146170139313,
      "val_eval": 0.4388502538204193,
      "epoch": 30,
      "mse": 0.4388502836227417,
      "w2_global": 0.028492236509919167,
      "cvar": 0.9734050631523132
    },
    "(0.75, 10.0)": {
      "val_loss": 0.38691622018814087,
      "val_eval": 0.46301358938217163,
      "epoch": 30,
      "mse": 0.46301358938217163,
      "w2_global": 0.028675461187958717,
      "cvar": 1.0287458896636963
    },
    "(0.99, 0.1)": {
      "val_loss": 0.37895339727401733,
      "val_eval": 0.4459264278411865,
      "epoch": 30,
      "mse": 0.4459264576435089,
      "w2_global": 0.028256090357899666,
      "cvar": 0.9703624248504639
    },
    "(0.99, 1.0)": {
      "val_loss": 0.387229859828949,
      "val_eval": 0.45412781834602356,
      "epoch": 30,
      "mse": 0.45412781834602356,
      "w2_global": 0.02714199386537075,
      "cvar": 1.0188164710998535
    },
    "(0.99, 5.0)": {
      "val_loss": 0.37825435400009155,
      "val_eval": 0.4378739893436432,
      "epoch": 30,
      "mse": 0.4378739893436432,
      "w2_global": 0.02782893180847168,
      "cvar": 0.9822670817375183
    },
    "(0.99, 10.0)": {
      "val_loss": 0.3762904107570648,
      "val_eval": 0.4396991729736328,
      "epoch": 30,
      "mse": 0.4396991431713104,
      "w2_global": 0.027887092903256416,
      "cvar": 0.9802038669586182
    }
  }
}