{
  "train": {
    "mse": 0.3637973964214325,
    "rmse": 0.6031561957084023,
    "mae": 0.3885568678379059,
    "w2_global": 0.04925299435853958,
    "ae_summary": {
      "mean": 0.3885568678379059,
      "std": 0.4613252282142639,
      "min": 2.0563602447509766e-06,
      "max": 35.55915069580078,
      "p50": 0.25838902592658997,
      "p90": 0.8713051080703735,
      "p95": 1.1722692251205444,
      "p99": 2.0015640258789062
    },
    "se_summary": {
      "mean": 0.3637973964214325,
      "std": 4.058870315551758,
      "min": 4.228617456192296e-12,
      "max": 1264.4532470703125,
      "p50": 0.06676489114761353,
      "p90": 0.7591725587844849,
      "p95": 1.3742151260375977,
      "p99": 4.006258487701416
    }
  },
  "val": {
    "mse": 0.43460434675216675,
    "rmse": 0.6592452857261603,
    "mae": 0.43338924646377563,
    "w2_global": 0.027927424758672714,
    "ae_summary": {
      "mean": 0.43338924646377563,
      "std": 0.49676766991615295,
      "min": 6.398558616638184e-05,
      "max": 7.100283145904541,
      "p50": 0.28294292092323303,
      "p90": 0.9817514419555664,
      "p95": 1.2837541103363037,
      "p99": 2.1859328746795654
    },
    "se_summary": {
      "mean": 0.43460434675216675,
      "std": 1.742907166481018,
      "min": 4.0941552370554746e-09,
      "max": 50.41402053833008,
      "p50": 0.08005669713020325,
      "p90": 0.9638358950614929,
      "p95": 1.648025393486023,
      "p99": 4.7783026695251465
    }
  },
  "test": {
    "mse": 0.5185896158218384,
    "rmse": 0.7201316656152806,
    "mae": 0.46503525972366333,
    "w2_global": 0.04487859830260277,
    "ae_summary": {
      "mean": 0.46503525972366333,
      "std": 0.5498470664024353,
      "min": 7.5660645961761475e-06,
      "max": 21.94914436340332,
      "p50": 0.30112224817276,
      "p90": 1.0700631141662598,
      "p95": 1.4347120523452759,
      "p99": 2.4492616653442383
    },
    "se_summary": {
      "mean": 0.5185896158218384,
      "std": 4.214676856994629,
      "min": 5.724533347351013e-11,
      "max": 481.7649230957031,
      "p50": 0.09067460894584656,
      "p90": 1.1450350284576416,
      "p95": 2.058398723602295,
      "p99": 5.9988837242126465
    }
  }
}