{
  "train": {
    "mse": 0.04397452250123024,
    "rmse": 0.20970103123549547,
    "mae": 0.1574556529521942,
    "w2_global": 0.013243508525192738,
    "ae_summary": {
      "mean": 0.1574556529521942,
      "std": 0.13849996030330658,
      "min": 2.6226043701171875e-06,
      "max": 1.7751102447509766,
      "p50": 0.12278729677200317,
      "p90": 0.3350737690925598,
      "p95": 0.4197166860103607,
      "p99": 0.6370329260826111
    },
    "se_summary": {
      "mean": 0.04397452250123024,
      "std": 0.09118582308292389,
      "min": 6.87805368215777e-12,
      "max": 3.1510164737701416,
      "p50": 0.015076720155775547,
      "p90": 0.11227443069219589,
      "p95": 0.17616209387779236,
      "p99": 0.4058109521865845
    }
  },
  "val": {
    "mse": 0.056153036653995514,
    "rmse": 0.23696631966166734,
    "mae": 0.17625640332698822,
    "w2_global": 0.01385264191776514,
    "ae_summary": {
      "mean": 0.17625640332698822,
      "std": 0.15838783979415894,
      "min": 0.00012695789337158203,
      "max": 1.3330249786376953,
      "p50": 0.13498477637767792,
      "p90": 0.3823196589946747,
      "p95": 0.47849538922309875,
      "p99": 0.7018014788627625
    },
    "se_summary": {
      "mean": 0.056153036653995514,
      "std": 0.11785764247179031,
      "min": 1.6118306689349993e-08,
      "max": 1.7769556045532227,
      "p50": 0.018220918253064156,
      "p90": 0.1461683213710785,
      "p95": 0.22895820438861847,
      "p99": 0.4925253689289093
    }
  },
  "test": {
    "mse": 0.0586058534681797,
    "rmse": 0.24208645866338682,
    "mae": 0.17788515985012054,
    "w2_global": 0.01356467418372631,
    "ae_summary": {
      "mean": 0.17788515985012054,
      "std": 0.16420330107212067,
      "min": 6.386637687683105e-05,
      "max": 1.123760461807251,
      "p50": 0.1311889886856079,
      "p90": 0.38983821868896484,
      "p95": 0.5048320293426514,
      "p99": 0.747071385383606
    },
    "se_summary": {
      "mean": 0.0586058534681797,
      "std": 0.11465884745121002,
      "min": 4.0789140953734204e-09,
      "max": 1.262837529182434,
      "p50": 0.017210550606250763,
      "p90": 0.15197382867336273,
      "p95": 0.25485554337501526,
      "p99": 0.5581170320510864
    }
  }
}