{
  "best_alpha": 0.99,
  "best_gamma": 0.1,
  "alpha_grid": [
    0.99
  ],
  "gamma_grid": [
    0.1
  ],
  "results": {
    "(0.99, 0.1)": {
      "val_loss": 0.012486460487147829,
      "val_eval": 4.066219641612126,
      "epoch": 28,
      "mse": 4.066219641612126
    }
  },
  "standalone_mode": true
}