{
  "train": {
    "mse": 0.010277466848492622,
    "rmse": 0.10137784199958402,
    "mae": 0.007684960030019283,
    "w2_global": 1.0164343118667603,
    "ae_summary": {
      "mean": 0.007684960030019283,
      "std": 0.10108614712953568,
      "min": 0.0,
      "max": 24.45914077758789,
      "p50": 0.0049051642417907715,
      "p90": 0.013550926931202412,
      "p95": 0.01855221763253212,
      "p99": 0.045005083084106445
    },
    "se_summary": {
      "mean": 0.010277466848492622,
      "std": 2.064695119857788,
      "min": 0.0,
      "max": 598.2495727539062,
      "p50": 2.4060636860667728e-05,
      "p90": 0.00018362762057222426,
      "p95": 0.000344184780260548,
      "p99": 0.002025457564741373
    }
  },
  "val": {
    "mse": 4.088569641113281,
    "rmse": 2.022021177216817,
    "mae": 1.3525331020355225,
    "w2_global": 0.999363362789154,
    "ae_summary": {
      "mean": 1.3525331020355225,
      "std": 1.5030715465545654,
      "min": 1.1429190635681152e-05,
      "max": 49.234596252441406,
      "p50": 0.8613118529319763,
      "p90": 3.4053592681884766,
      "p95": 5.032623291015625,
      "p99": 6.50160551071167
    },
    "se_summary": {
      "mean": 4.088569641113281,
      "std": 12.821256637573242,
      "min": 1.3062639858674174e-10,
      "max": 2424.04541015625,
      "p50": 0.7418581247329712,
      "p90": 11.596471786499023,
      "p95": 25.32729721069336,
      "p99": 42.2708740234375
    }
  },
  "test": {
    "mse": 4.06885290145874,
    "rmse": 2.017139782330104,
    "mae": 1.3500272035598755,
    "w2_global": 1.0045875310897827,
    "ae_summary": {
      "mean": 1.3500272035598755,
      "std": 1.4987592697143555,
      "min": 9.134411811828613e-06,
      "max": 38.9032096862793,
      "p50": 0.8588315844535828,
      "p90": 3.372191905975342,
      "p95": 5.023750305175781,
      "p99": 6.4295654296875
    },
    "se_summary": {
      "mean": 4.06885290145874,
      "std": 12.255176544189453,
      "min": 8.343747914807409e-11,
      "max": 1513.459716796875,
      "p50": 0.7375916838645935,
      "p90": 11.371678352355957,
      "p95": 25.238065719604492,
      "p99": 41.33931350708008
    }
  }
}