{
  "train": {
    "mse": 0.1425597369670868,
    "rmse": 0.37757083701881267,
    "mae": 0.16386733949184418,
    "w2_global": 0.05003882572054863,
    "ae_summary": {
      "mean": 0.16386733949184418,
      "std": 0.340157687664032,
      "min": 6.109476089477539e-07,
      "max": 30.275243759155273,
      "p50": 0.09831325709819794,
      "p90": 0.34518930315971375,
      "p95": 0.47731855511665344,
      "p99": 1.0124542713165283
    },
    "se_summary": {
      "mean": 0.1425597369670868,
      "std": 4.468225955963135,
      "min": 3.7325698087897763e-13,
      "max": 916.5903930664062,
      "p50": 0.00966549664735794,
      "p90": 0.11915566027164459,
      "p95": 0.22783300280570984,
      "p99": 1.0250637531280518
    }
  },
  "val": {
    "mse": 0.12708386778831482,
    "rmse": 0.35648824354852826,
    "mae": 0.18379822373390198,
    "w2_global": 0.02238479256629944,
    "ae_summary": {
      "mean": 0.18379822373390198,
      "std": 0.305453896522522,
      "min": 4.488229751586914e-05,
      "max": 7.283645153045654,
      "p50": 0.10910427570343018,
      "p90": 0.38414931297302246,
      "p95": 0.5555647015571594,
      "p99": 1.1938037872314453
    },
    "se_summary": {
      "mean": 0.12708386778831482,
      "std": 1.3707672357559204,
      "min": 2.0144206303029932e-09,
      "max": 53.05148696899414,
      "p50": 0.011903743259608746,
      "p90": 0.14757071435451508,
      "p95": 0.3086526691913605,
      "p99": 1.4252445697784424
    }
  },
  "test": {
    "mse": 0.17366376519203186,
    "rmse": 0.41672984677370045,
    "mae": 0.19851326942443848,
    "w2_global": 0.030266694724559784,
    "ae_summary": {
      "mean": 0.19851326942443848,
      "std": 0.36640995740890503,
      "min": 7.578730583190918e-05,
      "max": 12.053776741027832,
      "p50": 0.11812002956867218,
      "p90": 0.4245462417602539,
      "p95": 0.6052111387252808,
      "p99": 1.2062612771987915
    },
    "se_summary": {
      "mean": 0.17366376519203186,
      "std": 2.5170445442199707,
      "min": 5.743715725259335e-09,
      "max": 145.2935333251953,
      "p50": 0.013952340930700302,
      "p90": 0.18023952841758728,
      "p95": 0.36628052592277527,
      "p99": 1.455080270767212
    }
  }
}