{
  "train": {
    "mse": 0.0,
    "rmse": 0.0,
    "mae": 0.0,
    "w2_global": 0.08412684500217438,
    "ae_summary": {
      "mean": 0.0,
      "std": 0.0,
      "min": 0.0,
      "max": 0.0,
      "p50": 0.0,
      "p90": 0.0,
      "p95": 0.0,
      "p99": 0.0
    },
    "se_summary": {
      "mean": 0.0,
      "std": 0.0,
      "min": 0.0,
      "max": 0.0,
      "p50": 0.0,
      "p90": 0.0,
      "p95": 0.0,
      "p99": 0.0
    }
  },
  "val": {
    "mse": 1.1666096448898315,
    "rmse": 1.0800970534585452,
    "mae": 0.7365086674690247,
    "w2_global": 0.08133715391159058,
    "ae_summary": {
      "mean": 0.7365086674690247,
      "std": 0.7900408506393433,
      "min": 6.20642676949501e-05,
      "max": 8.0668306350708,
      "p50": 0.42344844341278076,
      "p90": 1.8238534927368164,
      "p95": 2.269981622695923,
      "p99": 3.4492969512939453
    },
    "se_summary": {
      "mean": 1.1666096448898315,
      "std": 2.676511764526367,
      "min": 3.851973406909792e-09,
      "max": 65.0737533569336,
      "p50": 0.17930859327316284,
      "p90": 3.326441526412964,
      "p95": 5.152817249298096,
      "p99": 11.897648811340332
    }
  },
  "test": {
    "mse": 1.2544231414794922,
    "rmse": 1.1200103309699836,
    "mae": 0.7615587115287781,
    "w2_global": 0.08469963818788528,
    "ae_summary": {
      "mean": 0.7615587115287781,
      "std": 0.8212499618530273,
      "min": 1.2055039405822754e-05,
      "max": 10.673563957214355,
      "p50": 0.42390409111976624,
      "p90": 1.866684913635254,
      "p95": 2.342190980911255,
      "p99": 3.6600873470306396
    },
    "se_summary": {
      "mean": 1.2544231414794922,
      "std": 2.8684728145599365,
      "min": 1.4532397507593942e-10,
      "max": 113.92496490478516,
      "p50": 0.17969468235969543,
      "p90": 3.4845125675201416,
      "p95": 5.485858917236328,
      "p99": 13.396241188049316
    }
  }
}