{
  "train": {
    "mse": 0.0003609578125178814,
    "rmse": 0.018998889770665058,
    "mae": 0.01282912865281105,
    "w2_global": 0.11699506640434265,
    "ae_summary": {
      "mean": 0.01282912865281105,
      "std": 0.014013252221047878,
      "min": 0.0,
      "max": 0.2685127258300781,
      "p50": 0.008939623832702637,
      "p90": 0.02758312225341797,
      "p95": 0.0392155647277832,
      "p99": 0.06562293320894241
    },
    "se_summary": {
      "mean": 0.0003609578125178814,
      "std": 0.001206676010042429,
      "min": 0.0,
      "max": 0.07209908217191696,
      "p50": 7.991687743924558e-05,
      "p90": 0.000760828610509634,
      "p95": 0.0015378606040030718,
      "p99": 0.004306368995457888
    }
  },
  "val": {
    "mse": 1.3146584033966064,
    "rmse": 1.1465855412469697,
    "mae": 0.9966967105865479,
    "w2_global": 0.1166471466422081,
    "ae_summary": {
      "mean": 0.9966967105865479,
      "std": 0.566792905330658,
      "min": 0.00022971630096435547,
      "max": 3.6418588161468506,
      "p50": 1.001878023147583,
      "p90": 1.5582693815231323,
      "p95": 2.0251996517181396,
      "p99": 2.837127923965454
    },
    "se_summary": {
      "mean": 1.3146584033966064,
      "std": 1.4940801858901978,
      "min": 5.276957892874634e-08,
      "max": 13.26313591003418,
      "p50": 1.0037596225738525,
      "p90": 2.428203582763672,
      "p95": 4.101434707641602,
      "p99": 8.049295425415039
    }
  },
  "test": {
    "mse": 1.232985019683838,
    "rmse": 1.1103985859518364,
    "mae": 0.9446746706962585,
    "w2_global": 0.10573142766952515,
    "ae_summary": {
      "mean": 0.9446746706962585,
      "std": 0.5835878849029541,
      "min": 0.0002396702766418457,
      "max": 3.4073147773742676,
      "p50": 0.8499581813812256,
      "p90": 1.6768360137939453,
      "p95": 2.0354247093200684,
      "p99": 2.844017505645752
    },
    "se_summary": {
      "mean": 1.232985019683838,
      "std": 1.5436725616455078,
      "min": 5.744184150557885e-08,
      "max": 11.609793663024902,
      "p50": 0.7224289178848267,
      "p90": 2.811779260635376,
      "p95": 4.142954349517822,
      "p99": 8.088435173034668
    }
  }
}