{
  "train": {
    "mse": 0.07503491640090942,
    "rmse": 0.27392501966945154,
    "mae": 0.20945872366428375,
    "w2_global": 0.04607886075973511,
    "ae_summary": {
      "mean": 0.20945872366428375,
      "std": 0.1765274852514267,
      "min": 9.28342342376709e-06,
      "max": 1.9281991720199585,
      "p50": 0.167730450630188,
      "p90": 0.43977418541908264,
      "p95": 0.546207845211029,
      "p99": 0.8069467544555664
    },
    "se_summary": {
      "mean": 0.07503491640090942,
      "std": 0.14059405028820038,
      "min": 8.618195046494748e-11,
      "max": 3.717952013015747,
      "p50": 0.02813350409269333,
      "p90": 0.19340132176876068,
      "p95": 0.2983430027961731,
      "p99": 0.6511631011962891
    }
  },
  "val": {
    "mse": 0.08258295059204102,
    "rmse": 0.2873724944945863,
    "mae": 0.21980470418930054,
    "w2_global": 0.04684634506702423,
    "ae_summary": {
      "mean": 0.21980470418930054,
      "std": 0.18511849641799927,
      "min": 3.254413604736328e-05,
      "max": 1.8158204555511475,
      "p50": 0.17540264129638672,
      "p90": 0.46269434690475464,
      "p95": 0.5696746706962585,
      "p99": 0.8476388454437256
    },
    "se_summary": {
      "mean": 0.08258295059204102,
      "std": 0.1497153490781784,
      "min": 1.0591207910692901e-09,
      "max": 3.29720401763916,
      "p50": 0.030766086652874947,
      "p90": 0.21408605575561523,
      "p95": 0.32452934980392456,
      "p99": 0.7184918522834778
    }
  },
  "test": {
    "mse": 0.08366968482732773,
    "rmse": 0.2892571258021619,
    "mae": 0.22224335372447968,
    "w2_global": 0.04733779653906822,
    "ae_summary": {
      "mean": 0.22224335372447968,
      "std": 0.18514205515384674,
      "min": 3.645569086074829e-05,
      "max": 1.7932487726211548,
      "p50": 0.17763280868530273,
      "p90": 0.46776774525642395,
      "p95": 0.5802478790283203,
      "p99": 0.8430603742599487
    },
    "se_summary": {
      "mean": 0.08366968482732773,
      "std": 0.14685560762882233,
      "min": 1.3290173406232952e-09,
      "max": 3.2157411575317383,
      "p50": 0.031553417444229126,
      "p90": 0.2188066691160202,
      "p95": 0.3366875946521759,
      "p99": 0.7107507586479187
    }
  }
}