{
  "train": {
    "mse": 0.0,
    "rmse": 0.0,
    "mae": 0.0,
    "w2_global": 0.03025810420513153,
    "ae_summary": {
      "mean": 0.0,
      "std": 0.0,
      "min": 0.0,
      "max": 0.0,
      "p50": 0.0,
      "p90": 0.0,
      "p95": 0.0,
      "p99": 0.0
    },
    "se_summary": {
      "mean": 0.0,
      "std": 0.0,
      "min": 0.0,
      "max": 0.0,
      "p50": 0.0,
      "p90": 0.0,
      "p95": 0.0,
      "p99": 0.0
    }
  },
  "val": {
    "mse": 0.5228800177574158,
    "rmse": 0.7231044307411038,
    "mae": 0.13403518497943878,
    "w2_global": 0.06595363467931747,
    "ae_summary": {
      "mean": 0.13403518497943878,
      "std": 0.7105734348297119,
      "min": 3.332644701004028e-05,
      "max": 23.142080307006836,
      "p50": 0.04998612403869629,
      "p90": 0.23271945118904114,
      "p95": 0.32164981961250305,
      "p99": 0.8346470594406128
    },
    "se_summary": {
      "mean": 0.5228800177574158,
      "std": 12.334725379943848,
      "min": 1.1106520148018717e-09,
      "max": 535.555908203125,
      "p50": 0.002498613204807043,
      "p90": 0.05415835231542587,
      "p95": 0.10345859825611115,
      "p99": 0.696635901927948
    }
  },
  "test": {
    "mse": 0.9789586663246155,
    "rmse": 0.9894234009384534,
    "mae": 0.15988580882549286,
    "w2_global": 0.07150840759277344,
    "ae_summary": {
      "mean": 0.15988580882549286,
      "std": 0.9764196276664734,
      "min": 1.6838312149047852e-06,
      "max": 35.75022888183594,
      "p50": 0.0505843460559845,
      "p90": 0.23533198237419128,
      "p95": 0.35459843277931213,
      "p99": 1.3149425983428955
    },
    "se_summary": {
      "mean": 0.9789586663246155,
      "std": 23.290102005004883,
      "min": 2.8352875602877248e-12,
      "max": 1278.078857421875,
      "p50": 0.0025587761774659157,
      "p90": 0.05538114160299301,
      "p95": 0.12574173510074615,
      "p99": 1.7290862798690796
    }
  }
}