{
  "best_alpha": 0.75,
  "best_gamma": 5.0,
  "alpha_grid": [
    0.01,
    0.25,
    0.5,
    0.75,
    0.99
  ],
  "gamma_grid": [
    0.1,
    1.0,
    5.0,
    10.0
  ],
  "results": {
    "(0.01, 0.1)": {
      "val_loss": 0.5441364645957947,
      "val_eval": 1.0404777526855469,
      "epoch": 30,
      "mse": 1.0404775142669678,
      "w2_global": 0.4440189301967621,
      "cvar": 1.8077752590179443
    },
    "(0.01, 1.0)": {
      "val_loss": 0.5399141907691956,
      "val_eval": 1.0393778085708618,
      "epoch": 30,
      "mse": 1.0393778085708618,
      "w2_global": 0.4464064836502075,
      "cvar": 1.814618706703186
    },
    "(0.01, 5.0)": {
      "val_loss": 0.5348812341690063,
      "val_eval": 1.0369007587432861,
      "epoch": 30,
      "mse": 1.0369007587432861,
      "w2_global": 0.4457056522369385,
      "cvar": 1.8004001379013062
    },
    "(0.01, 10.0)": {
      "val_loss": 0.5391654372215271,
      "val_eval": 1.0368711948394775,
      "epoch": 27,
      "mse": 1.0368711948394775,
      "w2_global": 0.44527408480644226,
      "cvar": 1.75300133228302
    },
    "(0.25, 0.1)": {
      "val_loss": 0.405604749917984,
      "val_eval": 0.8082606196403503,
      "epoch": 30,
      "mse": 0.8082605600357056,
      "w2_global": 0.3667360544204712,
      "cvar": 1.1818952560424805
    },
    "(0.25, 1.0)": {
      "val_loss": 0.40491828322410583,
      "val_eval": 0.810451865196228,
      "epoch": 30,
      "mse": 0.8104518055915833,
      "w2_global": 0.3711024522781372,
      "cvar": 1.218493938446045
    },
    "(0.25, 5.0)": {
      "val_loss": 0.4014339745044708,
      "val_eval": 0.8190107345581055,
      "epoch": 30,
      "mse": 0.8190107345581055,
      "w2_global": 0.370562344789505,
      "cvar": 1.1969941854476929
    },
    "(0.25, 10.0)": {
      "val_loss": 0.4053294360637665,
      "val_eval": 0.8107509613037109,
      "epoch": 30,
      "mse": 0.8107509016990662,
      "w2_global": 0.3707713186740875,
      "cvar": 1.1989660263061523
    },
    "(0.5, 0.1)": {
      "val_loss": 0.39751654863357544,
      "val_eval": 0.7990650534629822,
      "epoch": 30,
      "mse": 0.7990649938583374,
      "w2_global": 0.36172401905059814,
      "cvar": 1.1517300605773926
    },
    "(0.5, 1.0)": {
      "val_loss": 0.4005815386772156,
      "val_eval": 0.7989645004272461,
      "epoch": 30,
      "mse": 0.7989645004272461,
      "w2_global": 0.3622312545776367,
      "cvar": 1.1884589195251465
    },
    "(0.5, 5.0)": {
      "val_loss": 0.39788487553596497,
      "val_eval": 0.799109935760498,
      "epoch": 30,
      "mse": 0.799109935760498,
      "w2_global": 0.36182862520217896,
      "cvar": 1.156935691833496
    },
    "(0.5, 10.0)": {
      "val_loss": 0.3941401243209839,
      "val_eval": 0.7936553955078125,
      "epoch": 30,
      "mse": 0.7936553955078125,
      "w2_global": 0.36133065819740295,
      "cvar": 1.162968635559082
    },
    "(0.75, 0.1)": {
      "val_loss": 0.39915725588798523,
      "val_eval": 0.795864462852478,
      "epoch": 30,
      "mse": 0.795864462852478,
      "w2_global": 0.35983893275260925,
      "cvar": 1.1682324409484863
    },
    "(0.75, 1.0)": {
      "val_loss": 0.3943749666213989,
      "val_eval": 0.7981131672859192,
      "epoch": 30,
      "mse": 0.798113226890564,
      "w2_global": 0.3581785559654236,
      "cvar": 1.1653703451156616
    },
    "(0.75, 5.0)": {
      "val_loss": 0.3890548050403595,
      "val_eval": 0.7830758690834045,
      "epoch": 30,
      "mse": 0.7830758690834045,
      "w2_global": 0.3565753996372223,
      "cvar": 1.1371982097625732
    },
    "(0.75, 10.0)": {
      "val_loss": 0.4051934480667114,
      "val_eval": 0.8083456158638,
      "epoch": 30,
      "mse": 0.8083456158638,
      "w2_global": 0.36031031608581543,
      "cvar": 1.2016229629516602
    },
    "(0.99, 0.1)": {
      "val_loss": 0.3942858874797821,
      "val_eval": 0.7971159815788269,
      "epoch": 30,
      "mse": 0.7971159815788269,
      "w2_global": 0.35944631695747375,
      "cvar": 1.1876745223999023
    },
    "(0.99, 1.0)": {
      "val_loss": 0.40008866786956787,
      "val_eval": 0.7972205281257629,
      "epoch": 30,
      "mse": 0.7972205281257629,
      "w2_global": 0.35718730092048645,
      "cvar": 1.161848545074463
    },
    "(0.99, 5.0)": {
      "val_loss": 0.3903273940086365,
      "val_eval": 0.7859347462654114,
      "epoch": 30,
      "mse": 0.7859346866607666,
      "w2_global": 0.3568806052207947,
      "cvar": 1.1673979759216309
    },
    "(0.99, 10.0)": {
      "val_loss": 0.39866703748703003,
      "val_eval": 0.798478901386261,
      "epoch": 30,
      "mse": 0.798478901386261,
      "w2_global": 0.3608587086200714,
      "cvar": 1.1493226289749146
    }
  }
}