{
  "train": {
    "mse": 0.394243448972702,
    "rmse": 0.6278880863439774,
    "mae": 0.40635526180267334,
    "w2_global": 0.1930232048034668,
    "ae_summary": {
      "mean": 0.40635526180267334,
      "std": 0.4786635637283325,
      "min": 7.152557373046875e-07,
      "max": 43.89299011230469,
      "p50": 0.2727813720703125,
      "p90": 0.9077268838882446,
      "p95": 1.2239810228347778,
      "p99": 2.0734875202178955
    },
    "se_summary": {
      "mean": 0.394243448972702,
      "std": 5.165582180023193,
      "min": 5.115907697472721e-13,
      "max": 1926.5946044921875,
      "p50": 0.07440967857837677,
      "p90": 0.8239681124687195,
      "p95": 1.4981296062469482,
      "p99": 4.299350738525391
    }
  },
  "val": {
    "mse": 0.7830758690834045,
    "rmse": 0.884915741233822,
    "mae": 0.48022326827049255,
    "w2_global": 0.3565753996372223,
    "ae_summary": {
      "mean": 0.48022326827049255,
      "std": 0.7432774901390076,
      "min": 2.4437904357910156e-06,
      "max": 91.84912109375,
      "p50": 0.31755077838897705,
      "p90": 1.0663950443267822,
      "p95": 1.416427493095398,
      "p99": 2.356987714767456
    },
    "se_summary": {
      "mean": 0.7830758690834045,
      "std": 43.3014030456543,
      "min": 5.972111694063642e-12,
      "max": 8436.2607421875,
      "p50": 0.10083848237991333,
      "p90": 1.1371982097625732,
      "p95": 2.0062668323516846,
      "p99": 5.555395126342773
    }
  },
  "test": {
    "mse": 0.6905573010444641,
    "rmse": 0.8309977743920041,
    "mae": 0.5359411835670471,
    "w2_global": 0.21962369978427887,
    "ae_summary": {
      "mean": 0.5359411835670471,
      "std": 0.6350781917572021,
      "min": 1.245737075805664e-05,
      "max": 23.086942672729492,
      "p50": 0.3474922776222229,
      "p90": 1.220571756362915,
      "p95": 1.646742820739746,
      "p99": 2.8182480335235596
    },
    "se_summary": {
      "mean": 0.6905573010444641,
      "std": 3.8845818042755127,
      "min": 1.5518608620368468e-10,
      "max": 533.0068969726562,
      "p50": 0.12075088173151016,
      "p90": 1.489795446395874,
      "p95": 2.711761951446533,
      "p99": 7.942521572113037
    }
  }
}