{
  "train": {
    "mse": 0.0,
    "rmse": 0.0,
    "mae": 0.0,
    "w2_global": 0.06261596083641052,
    "ae_summary": {
      "mean": 0.0,
      "std": 0.0,
      "min": 0.0,
      "max": 0.0,
      "p50": 0.0,
      "p90": 0.0,
      "p95": 0.0,
      "p99": 0.0
    },
    "se_summary": {
      "mean": 0.0,
      "std": 0.0,
      "min": 0.0,
      "max": 0.0,
      "p50": 0.0,
      "p90": 0.0,
      "p95": 0.0,
      "p99": 0.0
    }
  },
  "val": {
    "mse": 0.6963354349136353,
    "rmse": 0.8344671562821603,
    "mae": 0.5279930233955383,
    "w2_global": 0.04958701878786087,
    "ae_summary": {
      "mean": 0.5279930233955383,
      "std": 0.6461878418922424,
      "min": 4.000961780548096e-05,
      "max": 9.463085174560547,
      "p50": 0.3227487802505493,
      "p90": 1.2309763431549072,
      "p95": 1.7899972200393677,
      "p99": 2.924614191055298
    },
    "se_summary": {
      "mean": 0.6963354349136353,
      "std": 2.4928975105285645,
      "min": 1.6007695169406588e-09,
      "max": 89.54998016357422,
      "p50": 0.10416677594184875,
      "p90": 1.5153027772903442,
      "p95": 3.2040905952453613,
      "p99": 8.55337142944336
    }
  },
  "test": {
    "mse": 0.7625924944877625,
    "rmse": 0.8732654204122378,
    "mae": 0.5400396585464478,
    "w2_global": 0.06035681813955307,
    "ae_summary": {
      "mean": 0.5400396585464478,
      "std": 0.6862577199935913,
      "min": 2.9519200325012207e-05,
      "max": 23.29808235168457,
      "p50": 0.31694668531417847,
      "p90": 1.3040575981140137,
      "p95": 1.7689474821090698,
      "p99": 3.044229507446289
    },
    "se_summary": {
      "mean": 0.7625924944877625,
      "std": 5.044447898864746,
      "min": 8.713831878282008e-10,
      "max": 542.8006591796875,
      "p50": 0.10045519471168518,
      "p90": 1.700566291809082,
      "p95": 3.1291751861572266,
      "p99": 9.26734447479248
    }
  }
}