{
  "train": {
    "mse": 2152.863037109375,
    "rmse": 46.39895512950022,
    "mae": 34.61206817626953,
    "w2_global": 0.005696543958038092,
    "ae_summary": {
      "mean": 34.61206817626953,
      "std": 30.90093231201172,
      "min": 2.7865171432495117e-06,
      "max": 518.44873046875,
      "p50": 27.198040008544922,
      "p90": 71.81714630126953,
      "p95": 91.10304260253906,
      "p99": 146.13906860351562
    },
    "se_summary": {
      "mean": 2152.863037109375,
      "std": 4903.5712890625,
      "min": 7.76467778962342e-12,
      "max": 268789.09375,
      "p50": 739.7333984375,
      "p90": 5157.70263671875,
      "p95": 8299.7646484375,
      "p99": 21356.62890625
    }
  },
  "val": {
    "mse": 0.048318296670913696,
    "rmse": 0.21981423218461923,
    "mae": 0.07834315299987793,
    "w2_global": 0.0059094117023050785,
    "ae_summary": {
      "mean": 0.07834315299987793,
      "std": 0.20537927746772766,
      "min": 1.8402934074401855e-06,
      "max": 5.596360206604004,
      "p50": 0.01624336838722229,
      "p90": 0.2070881575345993,
      "p95": 0.3859333097934723,
      "p99": 0.9572824239730835
    },
    "se_summary": {
      "mean": 0.048318296670913696,
      "std": 0.42608126997947693,
      "min": 3.3866798254678088e-12,
      "max": 31.31924819946289,
      "p50": 0.00026384700322523713,
      "p90": 0.04288550466299057,
      "p95": 0.14894452691078186,
      "p99": 0.9163897037506104
    }
  },
  "test": {
    "mse": 0.05334796756505966,
    "rmse": 0.2309717895437875,
    "mae": 0.08105345815420151,
    "w2_global": 0.006179621908813715,
    "ae_summary": {
      "mean": 0.08105345815420151,
      "std": 0.216282919049263,
      "min": 2.5331974029541016e-07,
      "max": 5.569283485412598,
      "p50": 0.015935081988573074,
      "p90": 0.2085210233926773,
      "p95": 0.40496766567230225,
      "p99": 1.0223349332809448
    },
    "se_summary": {
      "mean": 0.05334796756505966,
      "std": 0.4594917893409729,
      "min": 6.417089082333405e-14,
      "max": 31.016918182373047,
      "p50": 0.0002539268461987376,
      "p90": 0.043481018394231796,
      "p95": 0.1639988124370575,
      "p99": 1.0451686382293701
    }
  }
}