{
  "train": {
    "mse": 0.0,
    "rmse": 0.0,
    "mae": 0.0,
    "w2_global": 0.24050039052963257,
    "ae_summary": {
      "mean": 0.0,
      "std": 0.0,
      "min": 0.0,
      "max": 0.0,
      "p50": 0.0,
      "p90": 0.0,
      "p95": 0.0,
      "p99": 0.0
    },
    "se_summary": {
      "mean": 0.0,
      "std": 0.0,
      "min": 0.0,
      "max": 0.0,
      "p50": 0.0,
      "p90": 0.0,
      "p95": 0.0,
      "p99": 0.0
    }
  },
  "val": {
    "mse": 0.8266267776489258,
    "rmse": 0.9091901768326173,
    "mae": 0.47709304094314575,
    "w2_global": 0.38506364822387695,
    "ae_summary": {
      "mean": 0.47709304094314575,
      "std": 0.7739566564559937,
      "min": 1.0728836059570312e-06,
      "max": 91.84520721435547,
      "p50": 0.2979104518890381,
      "p90": 1.097372055053711,
      "p95": 1.4646714925765991,
      "p99": 2.3979828357696533
    },
    "se_summary": {
      "mean": 0.8266267776489258,
      "std": 43.367149353027344,
      "min": 1.1510792319313623e-12,
      "max": 8435.5419921875,
      "p50": 0.08875063806772232,
      "p90": 1.2042254209518433,
      "p95": 2.1452627182006836,
      "p99": 5.750328063964844
    }
  },
  "test": {
    "mse": 0.7405149936676025,
    "rmse": 0.8605318086320822,
    "mae": 0.5291890501976013,
    "w2_global": 0.27224376797676086,
    "ae_summary": {
      "mean": 0.5291890501976013,
      "std": 0.6785823106765747,
      "min": 1.8030405044555664e-06,
      "max": 23.262012481689453,
      "p50": 0.31746768951416016,
      "p90": 1.256113052368164,
      "p95": 1.7104278802871704,
      "p99": 2.9834225177764893
    },
    "se_summary": {
      "mean": 0.7405149936676025,
      "std": 4.305988311767578,
      "min": 3.2509550607073834e-12,
      "max": 541.1212158203125,
      "p50": 0.10078573226928711,
      "p90": 1.57781982421875,
      "p95": 2.925563335418701,
      "p99": 8.900810241699219
    }
  }
}