{
  "train": {
    "mse": 0.25606581568717957,
    "rmse": 0.5060294612838067,
    "mae": 0.3793189823627472,
    "w2_global": 0.21401818096637726,
    "ae_summary": {
      "mean": 0.3793189823627472,
      "std": 0.3349372148513794,
      "min": 5.066394805908203e-06,
      "max": 2.889724016189575,
      "p50": 0.2872561812400818,
      "p90": 0.837122917175293,
      "p95": 1.055568814277649,
      "p99": 1.521148681640625
    },
    "se_summary": {
      "mean": 0.25606581568717957,
      "std": 0.4767428934574127,
      "min": 2.566835632933362e-11,
      "max": 8.350504875183105,
      "p50": 0.08251611143350601,
      "p90": 0.7007747888565063,
      "p95": 1.1142256259918213,
      "p99": 2.3138933181762695
    }
  },
  "val": {
    "mse": 0.33524805307388306,
    "rmse": 0.5790060907053423,
    "mae": 0.435537725687027,
    "w2_global": 0.23004306852817535,
    "ae_summary": {
      "mean": 0.435537725687027,
      "std": 0.38151660561561584,
      "min": 1.2755393981933594e-05,
      "max": 2.984226942062378,
      "p50": 0.32574450969696045,
      "p90": 0.9680449962615967,
      "p95": 1.181647777557373,
      "p99": 1.7298407554626465
    },
    "se_summary": {
      "mean": 0.33524805307388306,
      "std": 0.6022910475730896,
      "min": 1.6270007563434774e-10,
      "max": 8.905610084533691,
      "p50": 0.10610948503017426,
      "p90": 0.9371111392974854,
      "p95": 1.3962914943695068,
      "p99": 2.99235200881958
    }
  },
  "test": {
    "mse": 0.3276823163032532,
    "rmse": 0.572435425444,
    "mae": 0.4258553385734558,
    "w2_global": 0.23578087985515594,
    "ae_summary": {
      "mean": 0.4258553385734558,
      "std": 0.38253042101860046,
      "min": 2.065300941467285e-05,
      "max": 3.166059970855713,
      "p50": 0.3176971673965454,
      "p90": 0.9456462264060974,
      "p95": 1.1799010038375854,
      "p99": 1.7426671981811523
    },
    "se_summary": {
      "mean": 0.3276823163032532,
      "std": 0.6273055672645569,
      "min": 4.2654679788256544e-10,
      "max": 10.023935317993164,
      "p50": 0.10093148797750473,
      "p90": 0.8942467570304871,
      "p95": 1.3921663761138916,
      "p99": 3.0368895530700684
    }
  }
}