{
  "best_alpha": 0.99,
  "best_gamma": 0.1,
  "alpha_grid": [
    0.01,
    0.25,
    0.5,
    0.75,
    0.99
  ],
  "gamma_grid": [
    0.1,
    1.0,
    5.0,
    10.0
  ],
  "results": {
    "(0.01, 0.1)": {
      "val_loss": 0.619296133518219,
      "val_eval": 0.7336921393871307,
      "epoch": 29,
      "mse": 0.7010718584060669,
      "w2_global": 0.058767639100551605,
      "cvar": 1.8592612743377686
    },
    "(0.01, 1.0)": {
      "val_loss": 0.5682132542133331,
      "val_eval": 0.6792119741439819,
      "epoch": 29,
      "mse": 0.6406359076499939,
      "w2_global": 0.05803494155406952,
      "cvar": 1.8040064573287964
    },
    "(0.01, 5.0)": {
      "val_loss": 0.598893404006958,
      "val_eval": 0.7114582657814026,
      "epoch": 23,
      "mse": 0.6650369167327881,
      "w2_global": 0.05743121728301048,
      "cvar": 1.8339613676071167
    },
    "(0.01, 10.0)": {
      "val_loss": 0.5973191261291504,
      "val_eval": 0.7245821952819824,
      "epoch": 30,
      "mse": 0.6964658498764038,
      "w2_global": 0.06079983711242676,
      "cvar": 1.882428765296936
    },
    "(0.25, 0.1)": {
      "val_loss": 0.2485152930021286,
      "val_eval": 0.33136676251888275,
      "epoch": 28,
      "mse": 0.3377959132194519,
      "w2_global": 0.04352375864982605,
      "cvar": 0.8681330680847168
    },
    "(0.25, 1.0)": {
      "val_loss": 0.27540773153305054,
      "val_eval": 0.3399876654148102,
      "epoch": 30,
      "mse": 0.33982929587364197,
      "w2_global": 0.04148303344845772,
      "cvar": 0.8288047313690186
    },
    "(0.25, 5.0)": {
      "val_loss": 0.23628074675798416,
      "val_eval": 0.3158210217952728,
      "epoch": 30,
      "mse": 0.31966790556907654,
      "w2_global": 0.042942531406879425,
      "cvar": 0.8185339570045471
    },
    "(0.25, 10.0)": {
      "val_loss": 0.23552655428647995,
      "val_eval": 0.3136538416147232,
      "epoch": 30,
      "mse": 0.3180553615093231,
      "w2_global": 0.042303070425987244,
      "cvar": 0.7934334874153137
    },
    "(0.5, 0.1)": {
      "val_loss": 0.16880875080823898,
      "val_eval": 0.20606840401887894,
      "epoch": 29,
      "mse": 0.2111985981464386,
      "w2_global": 0.03098849579691887,
      "cvar": 0.5424245595932007
    },
    "(0.5, 1.0)": {
      "val_loss": 0.1514533907175064,
      "val_eval": 0.18936291337013245,
      "epoch": 30,
      "mse": 0.19398880004882812,
      "w2_global": 0.028554724529385567,
      "cvar": 0.48185452818870544
    },
    "(0.5, 5.0)": {
      "val_loss": 0.15605635195970535,
      "val_eval": 0.19511819630861282,
      "epoch": 29,
      "mse": 0.21128562092781067,
      "w2_global": 0.031057137995958328,
      "cvar": 0.5357176661491394
    },
    "(0.5, 10.0)": {
      "val_loss": 0.1546165719628334,
      "val_eval": 0.19946083426475525,
      "epoch": 30,
      "mse": 0.21077553927898407,
      "w2_global": 0.02970283292233944,
      "cvar": 0.5177095532417297
    },
    "(0.75, 0.1)": {
      "val_loss": 0.12187902629375458,
      "val_eval": 0.14503594487905502,
      "epoch": 29,
      "mse": 0.1518455594778061,
      "w2_global": 0.021936051547527313,
      "cvar": 0.32056909799575806
    },
    "(0.75, 1.0)": {
      "val_loss": 0.11877362430095673,
      "val_eval": 0.1432838961482048,
      "epoch": 30,
      "mse": 0.14508038759231567,
      "w2_global": 0.01910320855677128,
      "cvar": 0.3332388401031494
    },
    "(0.75, 5.0)": {
      "val_loss": 0.12622757628560066,
      "val_eval": 0.15596306324005127,
      "epoch": 30,
      "mse": 0.1583554446697235,
      "w2_global": 0.020924238488078117,
      "cvar": 0.3554854094982147
    },
    "(0.75, 10.0)": {
      "val_loss": 0.12219609320163727,
      "val_eval": 0.14765293896198273,
      "epoch": 30,
      "mse": 0.14633697271347046,
      "w2_global": 0.019988076761364937,
      "cvar": 0.34402114152908325
    },
    "(0.99, 0.1)": {
      "val_loss": 0.07967718318104744,
      "val_eval": 0.09787584468722343,
      "epoch": 30,
      "mse": 0.09366714954376221,
      "w2_global": 0.010315529070794582,
      "cvar": 0.2348049432039261
    },
    "(0.99, 1.0)": {
      "val_loss": 0.08403800427913666,
      "val_eval": 0.10083308443427086,
      "epoch": 30,
      "mse": 0.1023627370595932,
      "w2_global": 0.01154734194278717,
      "cvar": 0.24019229412078857
    },
    "(0.99, 5.0)": {
      "val_loss": 0.09141001105308533,
      "val_eval": 0.1039581149816513,
      "epoch": 30,
      "mse": 0.09982136636972427,
      "w2_global": 0.011120962910354137,
      "cvar": 0.250787615776062
    },
    "(0.99, 10.0)": {
      "val_loss": 0.0877532847225666,
      "val_eval": 0.10457033663988113,
      "epoch": 30,
      "mse": 0.10618431121110916,
      "w2_global": 0.013139979913830757,
      "cvar": 0.2721303403377533
    }
  }
}