{
  "train": {
    "mse": 0.08657903224229813,
    "rmse": 0.2942431515639712,
    "mae": 0.2056533545255661,
    "w2_global": 0.01057368703186512,
    "ae_summary": {
      "mean": 0.2056533545255661,
      "std": 0.21044175326824188,
      "min": 1.0192394256591797e-05,
      "max": 5.154687881469727,
      "p50": 0.15037763118743896,
      "p90": 0.4381077289581299,
      "p95": 0.5759063363075256,
      "p99": 0.9892125129699707
    },
    "se_summary": {
      "mean": 0.08657903224229813,
      "std": 0.3030959665775299,
      "min": 1.0388490068180545e-10,
      "max": 26.5708065032959,
      "p50": 0.02261343225836754,
      "p90": 0.1919383853673935,
      "p95": 0.33166810870170593,
      "p99": 0.978541374206543
    }
  },
  "val": {
    "mse": 0.09366714954376221,
    "rmse": 0.3060508937150196,
    "mae": 0.22201916575431824,
    "w2_global": 0.010315529070794582,
    "ae_summary": {
      "mean": 0.22201916575431824,
      "std": 0.2106529027223587,
      "min": 0.00025159120559692383,
      "max": 1.588577389717102,
      "p50": 0.1666177362203598,
      "p90": 0.48456668853759766,
      "p95": 0.6268532276153564,
      "p99": 0.9912424683570862
    },
    "se_summary": {
      "mean": 0.09366714954376221,
      "std": 0.20640365779399872,
      "min": 6.329813118099992e-08,
      "max": 2.52357816696167,
      "p50": 0.02776164561510086,
      "p90": 0.2348049432039261,
      "p95": 0.3929643929004669,
      "p99": 0.9832993149757385
    }
  },
  "test": {
    "mse": 0.11721370369195938,
    "rmse": 0.3423648692432671,
    "mae": 0.23397627472877502,
    "w2_global": 0.013052910566329956,
    "ae_summary": {
      "mean": 0.23397627472877502,
      "std": 0.24993762373924255,
      "min": 0.0003178119659423828,
      "max": 3.3977272510528564,
      "p50": 0.16528040170669556,
      "p90": 0.5040116906166077,
      "p95": 0.6727548241615295,
      "p99": 1.190420150756836
    },
    "se_summary": {
      "mean": 0.11721370369195938,
      "std": 0.41049036383628845,
      "min": 1.0100444569616229e-07,
      "max": 11.544550895690918,
      "p50": 0.027317611500620842,
      "p90": 0.2540314495563507,
      "p95": 0.45259907841682434,
      "p99": 1.4171736240386963
    }
  }
}