{
  "train": {
    "mse": 0.0,
    "rmse": 0.0,
    "mae": 0.0,
    "w2_global": 0.22916516661643982,
    "ae_summary": {
      "mean": 0.0,
      "std": 0.0,
      "min": 0.0,
      "max": 0.0,
      "p50": 0.0,
      "p90": 0.0,
      "p95": 0.0,
      "p99": 0.0
    },
    "se_summary": {
      "mean": 0.0,
      "std": 0.0,
      "min": 0.0,
      "max": 0.0,
      "p50": 0.0,
      "p90": 0.0,
      "p95": 0.0,
      "p99": 0.0
    }
  },
  "val": {
    "mse": 1.8036580085754395,
    "rmse": 1.3430033538958268,
    "mae": 0.9922407269477844,
    "w2_global": 0.21295827627182007,
    "ae_summary": {
      "mean": 0.9922407269477844,
      "std": 0.90505051612854,
      "min": 6.988644599914551e-06,
      "max": 11.511094093322754,
      "p50": 0.7289336919784546,
      "p90": 2.2271952629089355,
      "p95": 2.7901840209960938,
      "p99": 4.039505481719971
    },
    "se_summary": {
      "mean": 1.8036580085754395,
      "std": 3.4777908325195312,
      "min": 4.884115334391481e-11,
      "max": 132.5052947998047,
      "p50": 0.5313442945480347,
      "p90": 4.960399150848389,
      "p95": 7.78512716293335,
      "p99": 16.31760597229004
    }
  },
  "test": {
    "mse": 1.8668819665908813,
    "rmse": 1.3663388915605386,
    "mae": 1.0097979307174683,
    "w2_global": 0.1802034080028534,
    "ae_summary": {
      "mean": 1.0097979307174683,
      "std": 0.9204293489456177,
      "min": 3.6954879760742188e-06,
      "max": 12.416139602661133,
      "p50": 0.7455753087997437,
      "p90": 2.2566373348236084,
      "p95": 2.828890323638916,
      "p99": 4.128334999084473
    },
    "se_summary": {
      "mean": 1.8668819665908813,
      "std": 3.6669845581054688,
      "min": 1.3656631381309126e-11,
      "max": 154.1605224609375,
      "p50": 0.5558825731277466,
      "p90": 5.092411994934082,
      "p95": 8.002620697021484,
      "p99": 17.04315185546875
    }
  }
}