{
  "best_alpha": 0.99,
  "best_gamma": 10.0,
  "alpha_grid": [
    0.01,
    0.25,
    0.5,
    0.75,
    0.99
  ],
  "gamma_grid": [
    0.1,
    1.0,
    5.0,
    10.0
  ],
  "results": {
    "(0.01, 0.1)": {
      "val_loss": 0.7200944721698761,
      "val_eval": 0.8381894528865814,
      "epochs": 30,
      "mse": 0.7656089067459106,
      "w2_global": 0.11094804853200912,
      "cvar": 1.4553313255310059
    },
    "(0.01, 1.0)": {
      "val_loss": 0.6438522338867188,
      "val_eval": 0.7687366008758545,
      "epochs": 30,
      "mse": 0.7028704881668091,
      "w2_global": 0.10577359795570374,
      "cvar": 1.3108327388763428
    },
    "(0.01, 5.0)": {
      "val_loss": 0.7181729972362518,
      "val_eval": 0.8366471827030182,
      "epochs": 30,
      "mse": 0.7802501320838928,
      "w2_global": 0.11253217607736588,
      "cvar": 1.5249346494674683
    },
    "(0.01, 10.0)": {
      "val_loss": 0.7861752808094025,
      "val_eval": 0.9391476213932037,
      "epochs": 30,
      "mse": 0.8569024205207825,
      "w2_global": 0.12144123762845993,
      "cvar": 1.5582365989685059
    },
    "(0.25, 0.1)": {
      "val_loss": 0.4329427033662796,
      "val_eval": 0.4408959448337555,
      "epochs": 30,
      "mse": 0.5466721653938293,
      "w2_global": 0.1374828815460205,
      "cvar": 1.3042376041412354
    },
    "(0.25, 1.0)": {
      "val_loss": 0.4305717647075653,
      "val_eval": 0.454603835940361,
      "epochs": 30,
      "mse": 0.5651257038116455,
      "w2_global": 0.14323973655700684,
      "cvar": 1.39932119846344
    },
    "(0.25, 5.0)": {
      "val_loss": 0.44466790556907654,
      "val_eval": 0.4388362020254135,
      "epochs": 30,
      "mse": 0.550562858581543,
      "w2_global": 0.1512235850095749,
      "cvar": 1.7064701318740845
    },
    "(0.25, 10.0)": {
      "val_loss": 0.39360348880290985,
      "val_eval": 0.3917486071586609,
      "epochs": 30,
      "mse": 0.46697622537612915,
      "w2_global": 0.11123104393482208,
      "cvar": 1.1147968769073486
    },
    "(0.5, 0.1)": {
      "val_loss": 0.6047546118497849,
      "val_eval": 0.6439939141273499,
      "epochs": 30,
      "mse": 0.7343981266021729,
      "w2_global": 0.18689130246639252,
      "cvar": 2.02652645111084
    },
    "(0.5, 1.0)": {
      "val_loss": 0.6055268347263336,
      "val_eval": 0.6328554898500443,
      "epochs": 30,
      "mse": 0.7435150146484375,
      "w2_global": 0.19505879282951355,
      "cvar": 2.1196277141571045
    },
    "(0.5, 5.0)": {
      "val_loss": 0.48493070900440216,
      "val_eval": 0.5070053189992905,
      "epochs": 30,
      "mse": 0.564476490020752,
      "w2_global": 0.16003413498401642,
      "cvar": 1.5720974206924438
    },
    "(0.5, 10.0)": {
      "val_loss": 0.4688999652862549,
      "val_eval": 0.497991606593132,
      "epochs": 30,
      "mse": 0.569882869720459,
      "w2_global": 0.16509844362735748,
      "cvar": 1.6162110567092896
    },
    "(0.75, 0.1)": {
      "val_loss": 0.5570738613605499,
      "val_eval": 0.584301084280014,
      "epochs": 30,
      "mse": 0.6264986991882324,
      "w2_global": 0.17106646299362183,
      "cvar": 1.5351523160934448
    },
    "(0.75, 1.0)": {
      "val_loss": 0.5692426860332489,
      "val_eval": 0.6206296980381012,
      "epochs": 30,
      "mse": 0.6711373925209045,
      "w2_global": 0.1859886348247528,
      "cvar": 1.7078521251678467
    },
    "(0.75, 5.0)": {
      "val_loss": 0.5227771997451782,
      "val_eval": 0.545370027422905,
      "epochs": 30,
      "mse": 0.5985062122344971,
      "w2_global": 0.16723990440368652,
      "cvar": 1.5680466890335083
    },
    "(0.75, 10.0)": {
      "val_loss": 0.5638351738452911,
      "val_eval": 0.5998382866382599,
      "epochs": 30,
      "mse": 0.6563909649848938,
      "w2_global": 0.1823948174715042,
      "cvar": 1.7418086528778076
    },
    "(0.99, 0.1)": {
      "val_loss": 0.43178690969944,
      "val_eval": 0.4720640033483505,
      "epochs": 30,
      "mse": 0.44483259320259094,
      "w2_global": 0.1360638588666916,
      "cvar": 1.1891142129898071
    },
    "(0.99, 1.0)": {
      "val_loss": 0.43614451587200165,
      "val_eval": 0.4596863389015198,
      "epochs": 30,
      "mse": 0.4196839928627014,
      "w2_global": 0.13168184459209442,
      "cvar": 1.1145954132080078
    },
    "(0.99, 5.0)": {
      "val_loss": 0.43348896503448486,
      "val_eval": 0.45897819101810455,
      "epochs": 30,
      "mse": 0.421662837266922,
      "w2_global": 0.13698922097682953,
      "cvar": 1.0677865743637085
    },
    "(0.99, 10.0)": {
      "val_loss": 0.35485197603702545,
      "val_eval": 0.3727289140224457,
      "epochs": 30,
      "mse": 0.34546375274658203,
      "w2_global": 0.11904430389404297,
      "cvar": 0.9303479790687561
    }
  }
}