{
  "train": {
    "mse": 0.32517799735069275,
    "rmse": 0.5702438051839693,
    "mae": 0.45992863178253174,
    "w2_global": 0.11881627887487411,
    "ae_summary": {
      "mean": 0.45992863178253174,
      "std": 0.3371107578277588,
      "min": 4.470348358154297e-08,
      "max": 2.5579729080200195,
      "p50": 0.40102994441986084,
      "p90": 0.9199706315994263,
      "p95": 1.1380009651184082,
      "p99": 1.538267731666565
    },
    "se_summary": {
      "mean": 0.32517799735069275,
      "std": 0.47719866037368774,
      "min": 1.9984014443252818e-15,
      "max": 6.543225288391113,
      "p50": 0.16082501411437988,
      "p90": 0.8463459610939026,
      "p95": 1.2950462102890015,
      "p99": 2.366267681121826
    }
  },
  "val": {
    "mse": 0.34546375274658203,
    "rmse": 0.5877616462024228,
    "mae": 0.4738970398902893,
    "w2_global": 0.11904430389404297,
    "ae_summary": {
      "mean": 0.4738970398902893,
      "std": 0.34768569469451904,
      "min": 0.00014019012451171875,
      "max": 2.1764674186706543,
      "p50": 0.4132935404777527,
      "p90": 0.964545488357544,
      "p95": 1.1721596717834473,
      "p99": 1.5840407609939575
    },
    "se_summary": {
      "mean": 0.34546375274658203,
      "std": 0.5074300169944763,
      "min": 1.9653271010611206e-08,
      "max": 4.737010478973389,
      "p50": 0.17081153392791748,
      "p90": 0.9303479790687561,
      "p95": 1.3739583492279053,
      "p99": 2.509185314178467
    }
  },
  "test": {
    "mse": 0.34496909379959106,
    "rmse": 0.5873406965293577,
    "mae": 0.47480466961860657,
    "w2_global": 0.11773978173732758,
    "ae_summary": {
      "mean": 0.47480466961860657,
      "std": 0.34573057293891907,
      "min": 0.00011622905731201172,
      "max": 2.3178350925445557,
      "p50": 0.4161972403526306,
      "p90": 0.9571282863616943,
      "p95": 1.1709016561508179,
      "p99": 1.579389214515686
    },
    "se_summary": {
      "mean": 0.34496909379959106,
      "std": 0.5033239126205444,
      "min": 1.3509193763638905e-08,
      "max": 5.372359752655029,
      "p50": 0.17322014272212982,
      "p90": 0.9160946011543274,
      "p95": 1.371010661125183,
      "p99": 2.4944705963134766
    }
  }
}