{
  "train": {
    "mse": 0.0,
    "rmse": 0.0,
    "mae": 0.0,
    "w2_global": 0.054622478783130646,
    "ae_summary": {
      "mean": 0.0,
      "std": 0.0,
      "min": 0.0,
      "max": 0.0,
      "p50": 0.0,
      "p90": 0.0,
      "p95": 0.0,
      "p99": 0.0
    },
    "se_summary": {
      "mean": 0.0,
      "std": 0.0,
      "min": 0.0,
      "max": 0.0,
      "p50": 0.0,
      "p90": 0.0,
      "p95": 0.0,
      "p99": 0.0
    }
  },
  "val": {
    "mse": 0.7042742371559143,
    "rmse": 0.8392104844172971,
    "mae": 0.6634168028831482,
    "w2_global": 0.047809578478336334,
    "ae_summary": {
      "mean": 0.6634168028831482,
      "std": 0.5139575004577637,
      "min": 0.0017573833465576172,
      "max": 3.105414390563965,
      "p50": 0.5707525014877319,
      "p90": 1.312652826309204,
      "p95": 1.8208019733428955,
      "p99": 2.236575126647949
    },
    "se_summary": {
      "mean": 0.7042742371559143,
      "std": 1.123465657234192,
      "min": 3.088396169914631e-06,
      "max": 9.643598556518555,
      "p50": 0.3257584273815155,
      "p90": 1.723315954208374,
      "p95": 3.3153295516967773,
      "p99": 5.003672122955322
    }
  },
  "test": {
    "mse": 0.9189486503601074,
    "rmse": 0.9586180941126177,
    "mae": 0.7066716551780701,
    "w2_global": 0.05689132586121559,
    "ae_summary": {
      "mean": 0.7066716551780701,
      "std": 0.647737443447113,
      "min": 5.08427619934082e-05,
      "max": 6.906933784484863,
      "p50": 0.5349269509315491,
      "p90": 1.4836679697036743,
      "p95": 1.8176627159118652,
      "p99": 3.154466390609741
    },
    "se_summary": {
      "mean": 0.9189486503601074,
      "std": 2.195573568344116,
      "min": 2.5849864471183537e-09,
      "max": 47.70573425292969,
      "p50": 0.2861468493938446,
      "p90": 2.2012734413146973,
      "p95": 3.3039629459381104,
      "p99": 9.950665473937988
    }
  }
}