{
  "train": {
    "mse": 0.0,
    "rmse": 0.0,
    "mae": 0.0,
    "w2_global": 0.23053349554538727,
    "ae_summary": {
      "mean": 0.0,
      "std": 0.0,
      "min": 0.0,
      "max": 0.0,
      "p50": 0.0,
      "p90": 0.0,
      "p95": 0.0,
      "p99": 0.0
    },
    "se_summary": {
      "mean": 0.0,
      "std": 0.0,
      "min": 0.0,
      "max": 0.0,
      "p50": 0.0,
      "p90": 0.0,
      "p95": 0.0,
      "p99": 0.0
    }
  },
  "val": {
    "mse": 1.1220942735671997,
    "rmse": 1.059289513573697,
    "mae": 0.8074538111686707,
    "w2_global": 0.2641114294528961,
    "ae_summary": {
      "mean": 0.8074538111686707,
      "std": 0.6856476068496704,
      "min": 2.4318695068359375e-05,
      "max": 8.431330680847168,
      "p50": 0.6365437507629395,
      "p90": 1.711092233657837,
      "p95": 2.1645617485046387,
      "p99": 3.116342067718506
    },
    "se_summary": {
      "mean": 1.1220942735671997,
      "std": 2.110675096511841,
      "min": 5.913989298278466e-10,
      "max": 71.08733367919922,
      "p50": 0.4051879346370697,
      "p90": 2.9278368949890137,
      "p95": 4.685328006744385,
      "p99": 9.711668014526367
    }
  },
  "test": {
    "mse": 0.842681348323822,
    "rmse": 0.9179767689456101,
    "mae": 0.7086617946624756,
    "w2_global": 0.32581961154937744,
    "ae_summary": {
      "mean": 0.7086617946624756,
      "std": 0.5835064649581909,
      "min": 0.00016763806343078613,
      "max": 5.968067169189453,
      "p50": 0.5767138004302979,
      "p90": 1.4825999736785889,
      "p95": 1.8227088451385498,
      "p99": 2.606905698776245
    },
    "se_summary": {
      "mean": 0.842681348323822,
      "std": 1.4365694522857666,
      "min": 2.8102519422645855e-08,
      "max": 35.61782455444336,
      "p50": 0.33259883522987366,
      "p90": 2.1981029510498047,
      "p95": 3.322267532348633,
      "p99": 6.795957565307617
    }
  }
}