{
  "train": {
    "mse": 0.01565558835864067,
    "rmse": 0.1251222936116529,
    "mae": 0.0753091350197792,
    "w2_global": 0.04307866096496582,
    "ae_summary": {
      "mean": 0.0753091350197792,
      "std": 0.09992057830095291,
      "min": 7.271766662597656e-06,
      "max": 3.939751148223877,
      "p50": 0.04753494635224342,
      "p90": 0.16960807144641876,
      "p95": 0.23332728445529938,
      "p99": 0.4251145124435425
    },
    "se_summary": {
      "mean": 0.01565558835864067,
      "std": 0.14859314262866974,
      "min": 5.2878590395266656e-11,
      "max": 15.521638870239258,
      "p50": 0.0022595711052417755,
      "p90": 0.028766898438334465,
      "p95": 0.05444162338972092,
      "p99": 0.18072234094142914
    }
  },
  "val": {
    "mse": 0.5110307931900024,
    "rmse": 0.7148641781415561,
    "mae": 0.5371543765068054,
    "w2_global": 0.05894395336508751,
    "ae_summary": {
      "mean": 0.5371543765068054,
      "std": 0.4716947078704834,
      "min": 0.005015850067138672,
      "max": 2.782433271408081,
      "p50": 0.4296293258666992,
      "p90": 1.17715585231781,
      "p95": 1.4180094003677368,
      "p99": 2.1817739009857178
    },
    "se_summary": {
      "mean": 0.5110307931900024,
      "std": 0.9498396515846252,
      "min": 2.5158751668641344e-05,
      "max": 7.741934776306152,
      "p50": 0.18458135426044464,
      "p90": 1.3857111930847168,
      "p95": 2.016052722930908,
      "p99": 4.760375499725342
    }
  },
  "test": {
    "mse": 0.24844126403331757,
    "rmse": 0.49843882677146806,
    "mae": 0.3724155128002167,
    "w2_global": 0.03930582106113434,
    "ae_summary": {
      "mean": 0.3724155128002167,
      "std": 0.33128228783607483,
      "min": 0.0011200755834579468,
      "max": 2.08320689201355,
      "p50": 0.28272873163223267,
      "p90": 0.8119898438453674,
      "p95": 1.0540268421173096,
      "p99": 1.446027398109436
    },
    "se_summary": {
      "mean": 0.24844126403331757,
      "std": 0.457674115896225,
      "min": 1.2545692698040511e-06,
      "max": 4.33975076675415,
      "p50": 0.07993557304143906,
      "p90": 0.6593292951583862,
      "p95": 1.1109731197357178,
      "p99": 2.0911247730255127
    }
  }
}