{
  "best_alpha": 0.99,
  "best_gamma": 0.1,
  "alpha_grid": [
    0.01,
    0.25,
    0.5,
    0.75,
    0.99
  ],
  "gamma_grid": [
    0.1,
    1.0,
    5.0,
    10.0
  ],
  "results": {
    "(0.01, 0.1)": {
      "val_loss": 0.493167906999588,
      "val_eval": 0.6331508755683899,
      "epochs": 30,
      "mse": 0.6331508755683899,
      "w2_global": 0.06240322068333626,
      "cvar": 1.678894281387329
    },
    "(0.01, 1.0)": {
      "val_loss": 0.5529891848564148,
      "val_eval": 0.6786932349205017,
      "epochs": 30,
      "mse": 0.6786932349205017,
      "w2_global": 0.06299780309200287,
      "cvar": 1.688520073890686
    },
    "(0.01, 5.0)": {
      "val_loss": 0.49428316950798035,
      "val_eval": 0.6472454071044922,
      "epochs": 30,
      "mse": 0.6472453474998474,
      "w2_global": 0.06406188011169434,
      "cvar": 1.7062608003616333
    },
    "(0.01, 10.0)": {
      "val_loss": 0.5455142855644226,
      "val_eval": 0.6722412109375,
      "epochs": 30,
      "mse": 0.6722412705421448,
      "w2_global": 0.06531354784965515,
      "cvar": 1.8552782535552979
    },
    "(0.25, 0.1)": {
      "val_loss": 0.5521158576011658,
      "val_eval": 0.7245611548423767,
      "epochs": 30,
      "mse": 0.7245611548423767,
      "w2_global": 0.06366278231143951,
      "cvar": 2.2280426025390625
    },
    "(0.25, 1.0)": {
      "val_loss": 0.5144802331924438,
      "val_eval": 0.7027146220207214,
      "epochs": 30,
      "mse": 0.7027146220207214,
      "w2_global": 0.06586085259914398,
      "cvar": 1.7898014783859253
    },
    "(0.25, 5.0)": {
      "val_loss": 0.5551565885543823,
      "val_eval": 0.7072137594223022,
      "epochs": 30,
      "mse": 0.707213819026947,
      "w2_global": 0.06305061280727386,
      "cvar": 1.8472129106521606
    },
    "(0.25, 10.0)": {
      "val_loss": 0.5332053303718567,
      "val_eval": 0.6933421492576599,
      "epochs": 30,
      "mse": 0.6933420896530151,
      "w2_global": 0.060932308435440063,
      "cvar": 2.0607879161834717
    },
    "(0.5, 0.1)": {
      "val_loss": 0.4310687184333801,
      "val_eval": 0.5365028381347656,
      "epochs": 30,
      "mse": 0.5365028381347656,
      "w2_global": 0.0543658472597599,
      "cvar": 1.37019681930542
    },
    "(0.5, 1.0)": {
      "val_loss": 0.4230441749095917,
      "val_eval": 0.5340492129325867,
      "epochs": 30,
      "mse": 0.5340492129325867,
      "w2_global": 0.05907696485519409,
      "cvar": 1.382405400276184
    },
    "(0.5, 5.0)": {
      "val_loss": 0.4095363914966583,
      "val_eval": 0.48967164754867554,
      "epochs": 30,
      "mse": 0.48967164754867554,
      "w2_global": 0.05554751679301262,
      "cvar": 1.2933918237686157
    },
    "(0.5, 10.0)": {
      "val_loss": 0.438833624124527,
      "val_eval": 0.5316661596298218,
      "epochs": 30,
      "mse": 0.531666100025177,
      "w2_global": 0.05465594679117203,
      "cvar": 1.2725622653961182
    },
    "(0.75, 0.1)": {
      "val_loss": 0.26852357387542725,
      "val_eval": 0.3103083074092865,
      "epochs": 30,
      "mse": 0.3103082776069641,
      "w2_global": 0.040779028087854385,
      "cvar": 0.5961325764656067
    },
    "(0.75, 1.0)": {
      "val_loss": 0.250535249710083,
      "val_eval": 0.328451544046402,
      "epochs": 30,
      "mse": 0.328451544046402,
      "w2_global": 0.035145536065101624,
      "cvar": 0.7956646084785461
    },
    "(0.75, 5.0)": {
      "val_loss": 0.2772909998893738,
      "val_eval": 0.33526867628097534,
      "epochs": 30,
      "mse": 0.33526867628097534,
      "w2_global": 0.04384160041809082,
      "cvar": 0.7174819707870483
    },
    "(0.75, 10.0)": {
      "val_loss": 0.32930606603622437,
      "val_eval": 0.3693802058696747,
      "epochs": 30,
      "mse": 0.3693802058696747,
      "w2_global": 0.04466034844517708,
      "cvar": 0.911844789981842
    },
    "(0.99, 0.1)": {
      "val_loss": 0.21111036837100983,
      "val_eval": 0.22998012602329254,
      "epochs": 30,
      "mse": 0.22998011112213135,
      "w2_global": 0.024303141981363297,
      "cvar": 0.5105813145637512
    },
    "(0.99, 1.0)": {
      "val_loss": 0.24813494086265564,
      "val_eval": 0.26153501868247986,
      "epochs": 30,
      "mse": 0.26153501868247986,
      "w2_global": 0.023495789617300034,
      "cvar": 0.5843152403831482
    },
    "(0.99, 5.0)": {
      "val_loss": 0.21480406820774078,
      "val_eval": 0.2371358573436737,
      "epochs": 30,
      "mse": 0.2371358573436737,
      "w2_global": 0.024213165044784546,
      "cvar": 0.5003955960273743
    },
    "(0.99, 10.0)": {
      "val_loss": 0.2549361288547516,
      "val_eval": 0.23987437784671783,
      "epochs": 30,
      "mse": 0.23987437784671783,
      "w2_global": 0.02177090011537075,
      "cvar": 0.49086838960647583
    }
  }
}