{
  "train": {
    "mse": 0.39131513237953186,
    "rmse": 0.6255518622620605,
    "mae": 0.40804898738861084,
    "w2_global": 0.03361854702234268,
    "ae_summary": {
      "mean": 0.40804898738861084,
      "std": 0.47414252161979675,
      "min": 4.105269908905029e-05,
      "max": 9.387990951538086,
      "p50": 0.261615514755249,
      "p90": 0.9275062084197998,
      "p95": 1.2649956941604614,
      "p99": 2.2357988357543945
    },
    "se_summary": {
      "mean": 0.39131513237953186,
      "std": 1.5752466917037964,
      "min": 1.6853241024961108e-09,
      "max": 88.1343765258789,
      "p50": 0.0684426873922348,
      "p90": 0.8602677583694458,
      "p95": 1.6002141237258911,
      "p99": 4.9987993240356445
    }
  },
  "val": {
    "mse": 0.22998011112213135,
    "rmse": 0.47956241629440827,
    "mae": 0.3332839012145996,
    "w2_global": 0.024303141981363297,
    "ae_summary": {
      "mean": 0.3332839012145996,
      "std": 0.34482166171073914,
      "min": 0.0007480382919311523,
      "max": 2.552213430404663,
      "p50": 0.24910877645015717,
      "p90": 0.7145267724990845,
      "p95": 0.8567666411399841,
      "p99": 1.6443674564361572
    },
    "se_summary": {
      "mean": 0.22998011112213135,
      "std": 0.6401472687721252,
      "min": 5.595612719844212e-07,
      "max": 6.513793468475342,
      "p50": 0.062055181711912155,
      "p90": 0.5105813145637512,
      "p95": 0.7340571880340576,
      "p99": 2.726015567779541
    }
  },
  "test": {
    "mse": 0.5636381506919861,
    "rmse": 0.7507583836974357,
    "mae": 0.4982375502586365,
    "w2_global": 0.045517876744270325,
    "ae_summary": {
      "mean": 0.4982375502586365,
      "std": 0.5616025924682617,
      "min": 0.0005170106887817383,
      "max": 4.235973834991455,
      "p50": 0.33023515343666077,
      "p90": 1.1334996223449707,
      "p95": 1.5480623245239258,
      "p99": 2.8022522926330566
    },
    "se_summary": {
      "mean": 0.5636381506919861,
      "std": 1.5945144891738892,
      "min": 2.673000381037127e-07,
      "max": 17.94347381591797,
      "p50": 0.10905525833368301,
      "p90": 1.2848471403121948,
      "p95": 2.3966073989868164,
      "p99": 7.861234188079834
    }
  }
}