{
  "train": {
    "mse": 0.13116499781608582,
    "rmse": 0.36216708549519766,
    "mae": 0.22011412680149078,
    "w2_global": 0.0219243336468935,
    "ae_summary": {
      "mean": 0.22011412680149078,
      "std": 0.2876017093658447,
      "min": 9.47713851928711e-06,
      "max": 6.807635307312012,
      "p50": 0.1353399157524109,
      "p90": 0.49664342403411865,
      "p95": 0.6901708841323853,
      "p99": 1.4100981950759888
    },
    "se_summary": {
      "mean": 0.13116499781608582,
      "std": 0.6939145922660828,
      "min": 8.981615451375546e-11,
      "max": 46.34389877319336,
      "p50": 0.01831689290702343,
      "p90": 0.2466547042131424,
      "p95": 0.4763358235359192,
      "p99": 1.9883850812911987
    }
  },
  "val": {
    "mse": 0.13936421275138855,
    "rmse": 0.3733151654452154,
    "mae": 0.23713280260562897,
    "w2_global": 0.017669936642050743,
    "ae_summary": {
      "mean": 0.23713280260562897,
      "std": 0.28832659125328064,
      "min": 0.0011869333684444427,
      "max": 2.462245464324951,
      "p50": 0.1507359743118286,
      "p90": 0.48255428671836853,
      "p95": 0.6945095062255859,
      "p99": 1.4625440835952759
    },
    "se_summary": {
      "mean": 0.13936421275138855,
      "std": 0.48964643478393555,
      "min": 1.4088108173382352e-06,
      "max": 6.062652587890625,
      "p50": 0.02272133342921734,
      "p90": 0.23285897076129913,
      "p95": 0.4823777377605438,
      "p99": 2.1430916786193848
    }
  },
  "test": {
    "mse": 0.1918536126613617,
    "rmse": 0.4380109732202627,
    "mae": 0.27454105019569397,
    "w2_global": 0.028867658227682114,
    "ae_summary": {
      "mean": 0.27454105019569397,
      "std": 0.3412928581237793,
      "min": 1.1295080184936523e-05,
      "max": 3.025047779083252,
      "p50": 0.17621296644210815,
      "p90": 0.5910050272941589,
      "p95": 0.812622606754303,
      "p99": 1.6962062120437622
    },
    "se_summary": {
      "mean": 0.1918536126613617,
      "std": 0.724078357219696,
      "min": 1.275788363841457e-10,
      "max": 9.150914192199707,
      "p50": 0.03105100989341736,
      "p90": 0.34928739070892334,
      "p95": 0.660356342792511,
      "p99": 2.8802120685577393
    }
  }
}