{
  "train": {
    "mse": 0.0,
    "rmse": 0.0,
    "mae": 0.0,
    "w2_global": 0.6398602724075317,
    "ae_summary": {
      "mean": 0.0,
      "std": 0.0,
      "min": 0.0,
      "max": 0.0,
      "p50": 0.0,
      "p90": 0.0,
      "p95": 0.0,
      "p99": 0.0
    },
    "se_summary": {
      "mean": 0.0,
      "std": 0.0,
      "min": 0.0,
      "max": 0.0,
      "p50": 0.0,
      "p90": 0.0,
      "p95": 0.0,
      "p99": 0.0
    }
  },
  "val": {
    "mse": 1.4429274797439575,
    "rmse": 1.201219163909716,
    "mae": 0.8609936833381653,
    "w2_global": 0.32528921961784363,
    "ae_summary": {
      "mean": 0.8609936833381653,
      "std": 0.837626039981842,
      "min": 1.862645149230957e-08,
      "max": 39.23005676269531,
      "p50": 0.6454840302467346,
      "p90": 1.89313805103302,
      "p95": 2.382352590560913,
      "p99": 3.5599684715270996
    },
    "se_summary": {
      "mean": 1.4429274797439575,
      "std": 6.908337593078613,
      "min": 3.469446951953614e-16,
      "max": 1538.997314453125,
      "p50": 0.41664963960647583,
      "p90": 3.5839715003967285,
      "p95": 5.675603866577148,
      "p99": 12.673375129699707
    }
  },
  "test": {
    "mse": 1.331969976425171,
    "rmse": 1.154110036532553,
    "mae": 0.8247591257095337,
    "w2_global": 0.4993310272693634,
    "ae_summary": {
      "mean": 0.8247591257095337,
      "std": 0.8073055744171143,
      "min": 1.043081283569336e-07,
      "max": 30.854244232177734,
      "p50": 0.6064351797103882,
      "p90": 1.8175983428955078,
      "p95": 2.3169960975646973,
      "p99": 3.579232692718506
    },
    "se_summary": {
      "mean": 1.331969976425171,
      "std": 4.344205379486084,
      "min": 1.0880185641326534e-14,
      "max": 951.984375,
      "p50": 0.36776357889175415,
      "p90": 3.303663730621338,
      "p95": 5.368471145629883,
      "p99": 12.810906410217285
    }
  }
}