{
  "train": {
    "mse": 0.0,
    "rmse": 0.0,
    "mae": 0.0,
    "w2_global": 0.8835603594779968,
    "ae_summary": {
      "mean": 0.0,
      "std": 0.0,
      "min": 0.0,
      "max": 0.0,
      "p50": 0.0,
      "p90": 0.0,
      "p95": 0.0,
      "p99": 0.0
    },
    "se_summary": {
      "mean": 0.0,
      "std": 0.0,
      "min": 0.0,
      "max": 0.0,
      "p50": 0.0,
      "p90": 0.0,
      "p95": 0.0,
      "p99": 0.0
    }
  },
  "val": {
    "mse": 1.3727009296417236,
    "rmse": 1.171623202929049,
    "mae": 0.8350010514259338,
    "w2_global": 0.8797220587730408,
    "ae_summary": {
      "mean": 0.8350010514259338,
      "std": 0.8218724131584167,
      "min": 8.344650268554688e-06,
      "max": 4.4470534324646,
      "p50": 0.5673952102661133,
      "p90": 1.8765186071395874,
      "p95": 2.3769493103027344,
      "p99": 3.90407133102417
    },
    "se_summary": {
      "mean": 1.3727009296417236,
      "std": 2.5031940937042236,
      "min": 6.963318810448982e-11,
      "max": 19.77628517150879,
      "p50": 0.32193732261657715,
      "p90": 3.521322250366211,
      "p95": 5.649888515472412,
      "p99": 15.241772651672363
    }
  },
  "test": {
    "mse": 1.3908284902572632,
    "rmse": 1.1793339180474982,
    "mae": 0.8439974188804626,
    "w2_global": 0.8888567686080933,
    "ae_summary": {
      "mean": 0.8439974188804626,
      "std": 0.82370924949646,
      "min": 0.0,
      "max": 4.457207202911377,
      "p50": 0.5888544917106628,
      "p90": 1.8823004961013794,
      "p95": 2.435420036315918,
      "p99": 3.8948192596435547
    },
    "se_summary": {
      "mean": 1.3908284902572632,
      "std": 2.518916130065918,
      "min": 0.0,
      "max": 19.866695404052734,
      "p50": 0.34674960374832153,
      "p90": 3.5430550575256348,
      "p95": 5.931270599365234,
      "p99": 15.169617652893066
    }
  }
}