{
  "best_alpha": 0.5,
  "best_gamma": 1.0,
  "alpha_grid": [
    0.01,
    0.25,
    0.5,
    0.75,
    0.99
  ],
  "gamma_grid": [
    0.1,
    1.0,
    5.0,
    10.0
  ],
  "results": {
    "(0.01, 0.1)": {
      "val_loss": 1.0328094959259033,
      "val_eval": 1.0242140293121338,
      "epoch": 1,
      "mse": 1.0242140293121338,
      "w2_global": 0.8148443698883057,
      "cvar": 2.5404276847839355
    },
    "(0.01, 1.0)": {
      "val_loss": 1.0281777381896973,
      "val_eval": 1.0148556232452393,
      "epoch": 1,
      "mse": 1.0148555040359497,
      "w2_global": 0.7920500040054321,
      "cvar": 2.5851218700408936
    },
    "(0.01, 5.0)": {
      "val_loss": 1.0455937385559082,
      "val_eval": 1.033919095993042,
      "epoch": 1,
      "mse": 1.033919095993042,
      "w2_global": 0.759386420249939,
      "cvar": 2.5065436363220215
    },
    "(0.01, 10.0)": {
      "val_loss": 1.0532610416412354,
      "val_eval": 1.0445324182510376,
      "epoch": 1,
      "mse": 1.0445324182510376,
      "w2_global": 0.7662630081176758,
      "cvar": 2.670135021209717
    },
    "(0.25, 0.1)": {
      "val_loss": 0.367148756980896,
      "val_eval": 0.3628115952014923,
      "epoch": 30,
      "mse": 0.3628115952014923,
      "w2_global": 0.19398453831672668,
      "cvar": 1.0206305980682373
    },
    "(0.25, 1.0)": {
      "val_loss": 0.3626439869403839,
      "val_eval": 0.35722553730010986,
      "epoch": 30,
      "mse": 0.35722553730010986,
      "w2_global": 0.22345547378063202,
      "cvar": 1.0340040922164917
    },
    "(0.25, 5.0)": {
      "val_loss": 0.2978670001029968,
      "val_eval": 0.3129420280456543,
      "epoch": 30,
      "mse": 0.3129420280456543,
      "w2_global": 0.19147545099258423,
      "cvar": 0.896100640296936
    },
    "(0.25, 10.0)": {
      "val_loss": 0.29774123430252075,
      "val_eval": 0.30418214201927185,
      "epoch": 29,
      "mse": 0.30418214201927185,
      "w2_global": 0.1749662458896637,
      "cvar": 0.8553393483161926
    },
    "(0.5, 0.1)": {
      "val_loss": 0.30160239338874817,
      "val_eval": 0.30297619104385376,
      "epoch": 30,
      "mse": 0.30297616124153137,
      "w2_global": 0.1690545678138733,
      "cvar": 0.8442063331604004
    },
    "(0.5, 1.0)": {
      "val_loss": 0.2583368122577667,
      "val_eval": 0.2782694399356842,
      "epoch": 30,
      "mse": 0.2782694399356842,
      "w2_global": 0.16589075326919556,
      "cvar": 0.7885018587112427
    },
    "(0.5, 5.0)": {
      "val_loss": 0.27113157510757446,
      "val_eval": 0.29394951462745667,
      "epoch": 29,
      "mse": 0.29394954442977905,
      "w2_global": 0.17690593004226685,
      "cvar": 0.8200351595878601
    },
    "(0.5, 10.0)": {
      "val_loss": 0.26718461513519287,
      "val_eval": 0.29424741864204407,
      "epoch": 29,
      "mse": 0.29424741864204407,
      "w2_global": 0.17622427642345428,
      "cvar": 0.8547365069389343
    },
    "(0.75, 0.1)": {
      "val_loss": 0.27515581250190735,
      "val_eval": 0.30077439546585083,
      "epoch": 29,
      "mse": 0.30077439546585083,
      "w2_global": 0.18735752999782562,
      "cvar": 0.8733974099159241
    },
    "(0.75, 1.0)": {
      "val_loss": 0.2778884470462799,
      "val_eval": 0.2921142876148224,
      "epoch": 30,
      "mse": 0.2921143174171448,
      "w2_global": 0.17222753167152405,
      "cvar": 0.8329655528068542
    },
    "(0.75, 5.0)": {
      "val_loss": 0.26984015107154846,
      "val_eval": 0.29734089970588684,
      "epoch": 27,
      "mse": 0.29734089970588684,
      "w2_global": 0.17985990643501282,
      "cvar": 0.8336787819862366
    },
    "(0.75, 10.0)": {
      "val_loss": 0.2741573750972748,
      "val_eval": 0.2869766056537628,
      "epoch": 29,
      "mse": 0.2869766354560852,
      "w2_global": 0.17162327468395233,
      "cvar": 0.803977370262146
    },
    "(0.99, 0.1)": {
      "val_loss": 0.2817375361919403,
      "val_eval": 0.29913145303726196,
      "epoch": 30,
      "mse": 0.29913145303726196,
      "w2_global": 0.18835243582725525,
      "cvar": 0.8229159712791443
    },
    "(0.99, 1.0)": {
      "val_loss": 0.2803933620452881,
      "val_eval": 0.31812500953674316,
      "epoch": 29,
      "mse": 0.31812500953674316,
      "w2_global": 0.261518269777298,
      "cvar": 0.9299723505973816
    },
    "(0.99, 5.0)": {
      "val_loss": 0.28284963965415955,
      "val_eval": 0.3038887083530426,
      "epoch": 30,
      "mse": 0.3038887083530426,
      "w2_global": 0.18763011693954468,
      "cvar": 0.8216207027435303
    },
    "(0.99, 10.0)": {
      "val_loss": 0.2561991214752197,
      "val_eval": 0.28176581859588623,
      "epoch": 30,
      "mse": 0.2817658483982086,
      "w2_global": 0.21443401277065277,
      "cvar": 0.7826782464981079
    }
  }
}