{
  "train": {
    "mse": 0.29064640402793884,
    "rmse": 0.5391163177162595,
    "mae": 0.3904309570789337,
    "w2_global": 0.153471902012825,
    "ae_summary": {
      "mean": 0.3904309570789337,
      "std": 0.37176617980003357,
      "min": 7.724761962890625e-05,
      "max": 3.081021547317505,
      "p50": 0.2854136526584625,
      "p90": 0.8667182922363281,
      "p95": 1.1821280717849731,
      "p99": 1.7601109743118286
    },
    "se_summary": {
      "mean": 0.29064640402793884,
      "std": 0.6003343462944031,
      "min": 5.967194738332182e-09,
      "max": 9.492693901062012,
      "p50": 0.08146095275878906,
      "p90": 0.7512005567550659,
      "p95": 1.397426962852478,
      "p99": 3.097991704940796
    }
  },
  "val": {
    "mse": 0.2782694399356842,
    "rmse": 0.5275125021605499,
    "mae": 0.38535499572753906,
    "w2_global": 0.16589075326919556,
    "ae_summary": {
      "mean": 0.38535499572753906,
      "std": 0.36023738980293274,
      "min": 3.8743019104003906e-05,
      "max": 2.2208175659179688,
      "p50": 0.28074872493743896,
      "p90": 0.8879762887954712,
      "p95": 1.1763911247253418,
      "p99": 1.6013363599777222
    },
    "se_summary": {
      "mean": 0.2782694399356842,
      "std": 0.5304862856864929,
      "min": 1.5010215292932116e-09,
      "max": 4.93203067779541,
      "p50": 0.07881984859704971,
      "p90": 0.7885018587112427,
      "p95": 1.3838961124420166,
      "p99": 2.5642778873443604
    }
  },
  "test": {
    "mse": 0.2888009250164032,
    "rmse": 0.5374020143397336,
    "mae": 0.3938799202442169,
    "w2_global": 0.15684516727924347,
    "ae_summary": {
      "mean": 0.3938799202442169,
      "std": 0.365594744682312,
      "min": 2.3245811462402344e-06,
      "max": 2.6705634593963623,
      "p50": 0.2925242781639099,
      "p90": 0.8725476861000061,
      "p95": 1.1652886867523193,
      "p99": 1.7012995481491089
    },
    "se_summary": {
      "mean": 0.2888009250164032,
      "std": 0.5684410929679871,
      "min": 5.403677505455562e-12,
      "max": 7.131909370422363,
      "p50": 0.08557046204805374,
      "p90": 0.761339545249939,
      "p95": 1.3578976392745972,
      "p99": 2.8944201469421387
    }
  }
}