{
  "train": {
    "mse": 0.0,
    "rmse": 0.0,
    "mae": 0.0,
    "w2_global": 0.41070014238357544,
    "ae_summary": {
      "mean": 0.0,
      "std": 0.0,
      "min": 0.0,
      "max": 0.0,
      "p50": 0.0,
      "p90": 0.0,
      "p95": 0.0,
      "p99": 0.0
    },
    "se_summary": {
      "mean": 0.0,
      "std": 0.0,
      "min": 0.0,
      "max": 0.0,
      "p50": 0.0,
      "p90": 0.0,
      "p95": 0.0,
      "p99": 0.0
    }
  },
  "val": {
    "mse": 1.0157521963119507,
    "rmse": 1.0078453236047438,
    "mae": 0.8134691119194031,
    "w2_global": 0.3703351616859436,
    "ae_summary": {
      "mean": 0.8134691119194031,
      "std": 0.59499591588974,
      "min": 0.00018066167831420898,
      "max": 3.889350414276123,
      "p50": 0.685797929763794,
      "p90": 1.6268380880355835,
      "p95": 1.981472134590149,
      "p99": 2.396874189376831
    },
    "se_summary": {
      "mean": 1.0157521963119507,
      "std": 1.341363787651062,
      "min": 3.263864201130673e-08,
      "max": 15.127046585083008,
      "p50": 0.4703187942504883,
      "p90": 2.6466033458709717,
      "p95": 3.9262406826019287,
      "p99": 5.745014190673828
    }
  },
  "test": {
    "mse": 1.2540289163589478,
    "rmse": 1.1198343254066414,
    "mae": 0.9058303833007812,
    "w2_global": 0.4438839256763458,
    "ae_summary": {
      "mean": 0.9058303833007812,
      "std": 0.6584073901176453,
      "min": 5.1021575927734375e-05,
      "max": 5.3583502769470215,
      "p50": 0.813902735710144,
      "p90": 1.7384008169174194,
      "p95": 2.063039779663086,
      "p99": 2.8849475383758545
    },
    "se_summary": {
      "mean": 1.2540289163589478,
      "std": 1.8708117008209229,
      "min": 2.603201210149564e-09,
      "max": 28.711917877197266,
      "p50": 0.6624376773834229,
      "p90": 3.0220372676849365,
      "p95": 4.256133556365967,
      "p99": 8.323036193847656
    }
  }
}