{
  "train": {
    "mse": 0.0,
    "rmse": 0.0,
    "mae": 0.0,
    "w2_global": 0.03841482475399971,
    "ae_summary": {
      "mean": 0.0,
      "std": 0.0,
      "min": 0.0,
      "max": 0.0,
      "p50": 0.0,
      "p90": 0.0,
      "p95": 0.0,
      "p99": 0.0
    },
    "se_summary": {
      "mean": 0.0,
      "std": 0.0,
      "min": 0.0,
      "max": 0.0,
      "p50": 0.0,
      "p90": 0.0,
      "p95": 0.0,
      "p99": 0.0
    }
  },
  "val": {
    "mse": 0.16686534881591797,
    "rmse": 0.4084915529309241,
    "mae": 0.1379341036081314,
    "w2_global": 0.037873417139053345,
    "ae_summary": {
      "mean": 0.1379341036081314,
      "std": 0.38449907302856445,
      "min": 4.887580871582031e-06,
      "max": 2.829479217529297,
      "p50": 0.03794106841087341,
      "p90": 0.18903407454490662,
      "p95": 0.7092196941375732,
      "p99": 2.53568172454834
    },
    "se_summary": {
      "mean": 0.16686534881591797,
      "std": 0.8747248649597168,
      "min": 2.3888446776254568e-11,
      "max": 8.005952835083008,
      "p50": 0.0014395246980711818,
      "p90": 0.03573388233780861,
      "p95": 0.5029926300048828,
      "p99": 6.429681777954102
    }
  },
  "test": {
    "mse": 0.16767239570617676,
    "rmse": 0.40947819930513607,
    "mae": 0.13691167533397675,
    "w2_global": 0.036015626043081284,
    "ae_summary": {
      "mean": 0.13691167533397675,
      "std": 0.38591137528419495,
      "min": 2.682209014892578e-07,
      "max": 2.8313286304473877,
      "p50": 0.03849419951438904,
      "p90": 0.17753778398036957,
      "p95": 0.6856760382652283,
      "p99": 2.538829803466797
    },
    "se_summary": {
      "mean": 0.16767239570617676,
      "std": 0.883141279220581,
      "min": 7.194245199571014e-14,
      "max": 8.016422271728516,
      "p50": 0.0014818033669143915,
      "p90": 0.03151967003941536,
      "p95": 0.4701516628265381,
      "p99": 6.445656776428223
    }
  }
}