{
  "train": {
    "mse": 0.0,
    "rmse": 0.0,
    "mae": 0.0,
    "w2_global": 0.03036976419389248,
    "ae_summary": {
      "mean": 0.0,
      "std": 0.0,
      "min": 0.0,
      "max": 0.0,
      "p50": 0.0,
      "p90": 0.0,
      "p95": 0.0,
      "p99": 0.0
    },
    "se_summary": {
      "mean": 0.0,
      "std": 0.0,
      "min": 0.0,
      "max": 0.0,
      "p50": 0.0,
      "p90": 0.0,
      "p95": 0.0,
      "p99": 0.0
    }
  },
  "val": {
    "mse": 0.4813855290412903,
    "rmse": 0.6938195219517035,
    "mae": 0.5013608932495117,
    "w2_global": 0.033486999571323395,
    "ae_summary": {
      "mean": 0.5013608932495117,
      "std": 0.47960689663887024,
      "min": 0.00038351118564605713,
      "max": 3.9718756675720215,
      "p50": 0.35609424114227295,
      "p90": 1.1511485576629639,
      "p95": 1.4892431497573853,
      "p99": 2.0701067447662354
    },
    "se_summary": {
      "mean": 0.4813855290412903,
      "std": 1.0315239429473877,
      "min": 1.470808257408862e-07,
      "max": 15.775795936584473,
      "p50": 0.12680311501026154,
      "p90": 1.3251428604125977,
      "p95": 2.2178497314453125,
      "p99": 4.285341739654541
    }
  },
  "test": {
    "mse": 0.45295897126197815,
    "rmse": 0.6730222665424809,
    "mae": 0.49198952317237854,
    "w2_global": 0.02916359156370163,
    "ae_summary": {
      "mean": 0.49198952317237854,
      "std": 0.4592442512512207,
      "min": 3.402680158615112e-05,
      "max": 3.145704746246338,
      "p50": 0.3548479676246643,
      "p90": 1.1377928256988525,
      "p95": 1.4654886722564697,
      "p99": 2.0360231399536133
    },
    "se_summary": {
      "mean": 0.45295897126197815,
      "std": 0.8711534142494202,
      "min": 1.1578231706721454e-09,
      "max": 9.895458221435547,
      "p50": 0.12591707706451416,
      "p90": 1.2945724725723267,
      "p95": 2.1476571559906006,
      "p99": 4.145390033721924
    }
  }
}