{
  "best_alpha": 0.99,
  "best_gamma": 1.0,
  "alpha_grid": [
    0.99
  ],
  "gamma_grid": [
    1.0
  ],
  "results": {
    "(0.99, 1.0)": {
      "val_loss": 0.0009388371254317462,
      "val_eval": 1.3243154287338257,
      "epoch": 30,
      "mse": 1.3243154287338257
    }
  },
  "standalone_mode": true
}