{
  "train": {
    "mse": 0.0009448245982639492,
    "rmse": 0.03073799925603404,
    "mae": 0.01699509099125862,
    "w2_global": 0.44759464263916016,
    "ae_summary": {
      "mean": 0.01699509099125862,
      "std": 0.025612330064177513,
      "min": 1.1920928955078125e-07,
      "max": 0.5557773113250732,
      "p50": 0.012534856796264648,
      "p90": 0.03263181447982788,
      "p95": 0.042339026927948,
      "p99": 0.07789329439401627
    },
    "se_summary": {
      "mean": 0.0009448245982639492,
      "std": 0.00981244258582592,
      "min": 1.4210854715202004e-14,
      "max": 0.30888840556144714,
      "p50": 0.00015712263120803982,
      "p90": 0.001064835349097848,
      "p95": 0.0017925931606441736,
      "p99": 0.006067365407943726
    }
  },
  "val": {
    "mse": 1.451928734779358,
    "rmse": 1.2049600552629776,
    "mae": 0.9709522724151611,
    "w2_global": 0.47059816122055054,
    "ae_summary": {
      "mean": 0.9709522724151611,
      "std": 0.7135688662528992,
      "min": 3.6954879760742188e-06,
      "max": 4.001655101776123,
      "p50": 0.8342753052711487,
      "p90": 1.9851244688034058,
      "p95": 2.4210290908813477,
      "p99": 3.043374538421631
    },
    "se_summary": {
      "mean": 1.451928734779358,
      "std": 1.9556087255477905,
      "min": 1.3656631381309126e-11,
      "max": 16.013242721557617,
      "p50": 0.6960152983665466,
      "p90": 3.9407191276550293,
      "p95": 5.861382007598877,
      "p99": 9.262128829956055
    }
  },
  "test": {
    "mse": 1.4797765016555786,
    "rmse": 1.2164606453377678,
    "mae": 0.9752068519592285,
    "w2_global": 0.4447645843029022,
    "ae_summary": {
      "mean": 0.9752068519592285,
      "std": 0.7271507382392883,
      "min": 6.079673767089844e-06,
      "max": 3.94573974609375,
      "p50": 0.8259317278862,
      "p90": 2.002549409866333,
      "p95": 2.4482169151306152,
      "p99": 3.0475382804870605
    },
    "se_summary": {
      "mean": 1.4797765016555786,
      "std": 2.0087637901306152,
      "min": 3.696243311424041e-11,
      "max": 15.568861961364746,
      "p50": 0.6821632385253906,
      "p90": 4.010204315185547,
      "p95": 5.993765830993652,
      "p99": 9.287489891052246
    }
  }
}