{
  "train": {
    "mse": 0.0,
    "rmse": 0.0,
    "mae": 0.0,
    "w2_global": 0.28726574778556824,
    "ae_summary": {
      "mean": 0.0,
      "std": 0.0,
      "min": 0.0,
      "max": 0.0,
      "p50": 0.0,
      "p90": 0.0,
      "p95": 0.0,
      "p99": 0.0
    },
    "se_summary": {
      "mean": 0.0,
      "std": 0.0,
      "min": 0.0,
      "max": 0.0,
      "p50": 0.0,
      "p90": 0.0,
      "p95": 0.0,
      "p99": 0.0
    }
  },
  "val": {
    "mse": 1.4451974630355835,
    "rmse": 1.2021636590063698,
    "mae": 0.779285728931427,
    "w2_global": 0.36487165093421936,
    "ae_summary": {
      "mean": 0.779285728931427,
      "std": 0.9153749346733093,
      "min": 6.829947233200073e-05,
      "max": 12.219791412353516,
      "p50": 0.547297477722168,
      "p90": 1.6037250757217407,
      "p95": 2.0582940578460693,
      "p99": 4.559907913208008
    },
    "se_summary": {
      "mean": 1.4451974630355835,
      "std": 6.071747303009033,
      "min": 4.664817865318582e-09,
      "max": 149.32330322265625,
      "p50": 0.29953455924987793,
      "p90": 2.571934223175049,
      "p95": 4.236574172973633,
      "p99": 20.79277229309082
    }
  },
  "test": {
    "mse": 1.9026604890823364,
    "rmse": 1.3793695984334062,
    "mae": 0.7886906266212463,
    "w2_global": 0.43755078315734863,
    "ae_summary": {
      "mean": 0.7886906266212463,
      "std": 1.1316481828689575,
      "min": 5.497783422470093e-05,
      "max": 31.49686622619629,
      "p50": 0.579897403717041,
      "p90": 1.5515097379684448,
      "p95": 1.9467636346817017,
      "p99": 3.830848455429077
    },
    "se_summary": {
      "mean": 1.9026604890823364,
      "std": 19.670194625854492,
      "min": 3.0225622005275454e-09,
      "max": 992.0526123046875,
      "p50": 0.33628103137016296,
      "p90": 2.4071826934814453,
      "p95": 3.789888858795166,
      "p99": 14.675424575805664
    }
  }
}