{
  "best_alpha": 0.99,
  "best_gamma": 5.0,
  "alpha_grid": [
    0.99
  ],
  "gamma_grid": [
    5.0
  ],
  "results": {
    "(0.99, 5.0)": {
      "val_loss": 0.05793309584259987,
      "val_eval": 0.29425153136253357,
      "epoch": 30,
      "mse": 0.29425153136253357
    }
  },
  "standalone_mode": true
}