{
  "train": {
    "mse": 0.05436830222606659,
    "rmse": 0.23317011435015977,
    "mae": 0.17159180343151093,
    "w2_global": 0.17001250386238098,
    "ae_summary": {
      "mean": 0.17159180343151093,
      "std": 0.15787513554096222,
      "min": 5.811452865600586e-07,
      "max": 1.8306329250335693,
      "p50": 0.12733745574951172,
      "p90": 0.3817046880722046,
      "p95": 0.47935616970062256,
      "p99": 0.7038189172744751
    },
    "se_summary": {
      "mean": 0.05436830222606659,
      "std": 0.11513326317071915,
      "min": 3.377298440909726e-13,
      "max": 3.3512167930603027,
      "p50": 0.016214827075600624,
      "p90": 0.14569847285747528,
      "p95": 0.2297823429107666,
      "p99": 0.495363712310791
    }
  },
  "val": {
    "mse": 0.2942515015602112,
    "rmse": 0.542449538261589,
    "mae": 0.3852922022342682,
    "w2_global": 0.17909342050552368,
    "ae_summary": {
      "mean": 0.3852922022342682,
      "std": 0.3818395733833313,
      "min": 1.537799835205078e-05,
      "max": 3.1846585273742676,
      "p50": 0.2771476209163666,
      "p90": 0.8704508543014526,
      "p95": 1.183335304260254,
      "p99": 1.8407856225967407
    },
    "se_summary": {
      "mean": 0.2942515015602112,
      "std": 0.6471689343452454,
      "min": 2.3648283331567654e-10,
      "max": 10.142049789428711,
      "p50": 0.0768108069896698,
      "p90": 0.7576847076416016,
      "p95": 1.400282382965088,
      "p99": 3.3885037899017334
    }
  },
  "test": {
    "mse": 0.28100886940956116,
    "rmse": 0.5301026970404519,
    "mae": 0.37536707520484924,
    "w2_global": 0.16709990799427032,
    "ae_summary": {
      "mean": 0.37536707520484924,
      "std": 0.37431055307388306,
      "min": 8.560717105865479e-06,
      "max": 3.483684778213501,
      "p50": 0.26518046855926514,
      "p90": 0.8461016416549683,
      "p95": 1.1738978624343872,
      "p99": 1.7771170139312744
    },
    "se_summary": {
      "mean": 0.28100886940956116,
      "std": 0.6223456859588623,
      "min": 7.328587736665781e-11,
      "max": 12.136059761047363,
      "p50": 0.07032068818807602,
      "p90": 0.7158880233764648,
      "p95": 1.3780360221862793,
      "p99": 3.1581454277038574
    }
  }
}