{
  "train": {
    "mse": 0.0,
    "rmse": 0.0,
    "mae": 0.0,
    "w2_global": 0.06177376210689545,
    "ae_summary": {
      "mean": 0.0,
      "std": 0.0,
      "min": 0.0,
      "max": 0.0,
      "p50": 0.0,
      "p90": 0.0,
      "p95": 0.0,
      "p99": 0.0
    },
    "se_summary": {
      "mean": 0.0,
      "std": 0.0,
      "min": 0.0,
      "max": 0.0,
      "p50": 0.0,
      "p90": 0.0,
      "p95": 0.0,
      "p99": 0.0
    }
  },
  "val": {
    "mse": 0.06578879803419113,
    "rmse": 0.2564932709335493,
    "mae": 0.1822803020477295,
    "w2_global": 0.06176453083753586,
    "ae_summary": {
      "mean": 0.1822803020477295,
      "std": 0.18045136332511902,
      "min": 1.430511474609375e-06,
      "max": 1.5503206253051758,
      "p50": 0.12843731045722961,
      "p90": 0.4096132516860962,
      "p95": 0.5594955086708069,
      "p99": 0.8309476971626282
    },
    "se_summary": {
      "mean": 0.06578879803419113,
      "std": 0.14978532493114471,
      "min": 2.0463630789890885e-12,
      "max": 2.403494119644165,
      "p50": 0.016496144235134125,
      "p90": 0.16778302192687988,
      "p95": 0.3130352199077606,
      "p99": 0.6904740929603577
    }
  },
  "test": {
    "mse": 0.07005245238542557,
    "rmse": 0.26467423823527964,
    "mae": 0.1850835531949997,
    "w2_global": 0.0660942792892456,
    "ae_summary": {
      "mean": 0.1850835531949997,
      "std": 0.18919968605041504,
      "min": 1.1265277862548828e-05,
      "max": 2.1055221557617188,
      "p50": 0.12852680683135986,
      "p90": 0.4145280122756958,
      "p95": 0.5558046698570251,
      "p99": 0.8727292418479919
    },
    "se_summary": {
      "mean": 0.07005245238542557,
      "std": 0.1814604252576828,
      "min": 1.269064853204327e-10,
      "max": 4.433223724365234,
      "p50": 0.01651914045214653,
      "p90": 0.17183347046375275,
      "p95": 0.3089188039302826,
      "p99": 0.7616564035415649
    }
  }
}