{
  "train": {
    "mse": 0.428940087556839,
    "rmse": 0.6549351781335607,
    "mae": 0.4393254518508911,
    "w2_global": 0.7789933085441589,
    "ae_summary": {
      "mean": 0.4393254518508911,
      "std": 0.4857295751571655,
      "min": 0.00013168156147003174,
      "max": 4.468447208404541,
      "p50": 0.2963940501213074,
      "p90": 0.984272837638855,
      "p95": 1.3756334781646729,
      "p99": 2.2019166946411133
    },
    "se_summary": {
      "mean": 0.428940087556839,
      "std": 1.2197672128677368,
      "min": 1.7340033409141142e-08,
      "max": 19.96702003479004,
      "p50": 0.0878494381904602,
      "p90": 0.9687933325767517,
      "p95": 1.8923680782318115,
      "p99": 4.848465442657471
    }
  },
  "val": {
    "mse": 0.6326801180839539,
    "rmse": 0.7954119172378258,
    "mae": 0.6212238073348999,
    "w2_global": 0.6578205227851868,
    "ae_summary": {
      "mean": 0.6212238073348999,
      "std": 0.4967505633831024,
      "min": 0.00014346837997436523,
      "max": 3.370100975036621,
      "p50": 0.4981937110424042,
      "p90": 1.3393722772598267,
      "p95": 1.4950902462005615,
      "p99": 1.8362735509872437
    },
    "se_summary": {
      "mean": 0.6326801180839539,
      "std": 0.8803765177726746,
      "min": 2.0583176052468843e-08,
      "max": 11.357580184936523,
      "p50": 0.24819697439670563,
      "p90": 1.7939186096191406,
      "p95": 2.235294818878174,
      "p99": 3.371901035308838
    }
  },
  "test": {
    "mse": 0.7686288356781006,
    "rmse": 0.8767147972277533,
    "mae": 0.6600062251091003,
    "w2_global": 0.71150803565979,
    "ae_summary": {
      "mean": 0.6600062251091003,
      "std": 0.5770794749259949,
      "min": 0.0001485869288444519,
      "max": 4.219326496124268,
      "p50": 0.4602033197879791,
      "p90": 1.4655526876449585,
      "p95": 1.85530424118042,
      "p99": 2.4961867332458496
    },
    "se_summary": {
      "mean": 0.7686288356781006,
      "std": 1.3609217405319214,
      "min": 2.2078076256093482e-08,
      "max": 17.802715301513672,
      "p50": 0.21178708970546722,
      "p90": 2.1478447914123535,
      "p95": 3.4421539306640625,
      "p99": 6.230948448181152
    }
  }
}