{
  "best_alpha": 0.99,
  "best_gamma": 10.0,
  "alpha_grid": [
    0.01,
    0.25,
    0.5,
    0.75,
    0.99
  ],
  "gamma_grid": [
    0.1,
    1.0,
    5.0,
    10.0
  ],
  "results": {
    "(0.01, 0.1)": {
      "val_loss": 0.47189905643463137,
      "val_eval": 0.8137633740901947,
      "epoch": 27,
      "mse": 0.8264521360397339,
      "w2_global": 0.05505889654159546,
      "cvar": 2.053158760070801
    },
    "(0.01, 1.0)": {
      "val_loss": 0.31170336455106734,
      "val_eval": 0.7442127406597138,
      "epoch": 29,
      "mse": 0.7599433064460754,
      "w2_global": 0.05203491449356079,
      "cvar": 1.7683302164077759
    },
    "(0.01, 5.0)": {
      "val_loss": 0.3397673681378365,
      "val_eval": 0.7863168954849243,
      "epoch": 30,
      "mse": 0.8062925338745117,
      "w2_global": 0.049684759229421616,
      "cvar": 1.764552354812622
    },
    "(0.01, 10.0)": {
      "val_loss": 0.4249340444803238,
      "val_eval": 0.7464615285396576,
      "epoch": 30,
      "mse": 0.761985719203949,
      "w2_global": 0.05307641997933388,
      "cvar": 2.0361154079437256
    },
    "(0.25, 0.1)": {
      "val_loss": 0.1920473836362362,
      "val_eval": 0.2813410431146622,
      "epoch": 7,
      "mse": 0.2904468774795532,
      "w2_global": 0.028680017217993736,
      "cvar": 0.7226361036300659
    },
    "(0.25, 1.0)": {
      "val_loss": 0.18537743017077446,
      "val_eval": 0.2747041180729866,
      "epoch": 8,
      "mse": 0.2870998680591583,
      "w2_global": 0.026822416111826897,
      "cvar": 0.5487433671951294
    },
    "(0.25, 5.0)": {
      "val_loss": 0.11791871935129165,
      "val_eval": 0.2384497970342636,
      "epoch": 15,
      "mse": 0.2488420307636261,
      "w2_global": 0.027850313112139702,
      "cvar": 0.558548629283905
    },
    "(0.25, 10.0)": {
      "val_loss": 0.13998915031552314,
      "val_eval": 0.25282849073410035,
      "epoch": 9,
      "mse": 0.26257091760635376,
      "w2_global": 0.028519634157419205,
      "cvar": 0.615943431854248
    },
    "(0.5, 0.1)": {
      "val_loss": 0.12072534337639809,
      "val_eval": 0.1756895199418068,
      "epoch": 7,
      "mse": 0.18176566064357758,
      "w2_global": 0.020236076787114143,
      "cvar": 0.4118603467941284
    },
    "(0.5, 1.0)": {
      "val_loss": 0.14897502958774567,
      "val_eval": 0.17185273468494416,
      "epoch": 5,
      "mse": 0.1754923313856125,
      "w2_global": 0.019069962203502655,
      "cvar": 0.3812200427055359
    },
    "(0.5, 5.0)": {
      "val_loss": 0.09680943638086319,
      "val_eval": 0.15465350151062013,
      "epoch": 9,
      "mse": 0.16208450496196747,
      "w2_global": 0.01366492174565792,
      "cvar": 0.3343690037727356
    },
    "(0.5, 10.0)": {
      "val_loss": 0.12702010869979857,
      "val_eval": 0.16441838070750237,
      "epoch": 7,
      "mse": 0.17093628644943237,
      "w2_global": 0.018185941502451897,
      "cvar": 0.3599476218223572
    },
    "(0.75, 0.1)": {
      "val_loss": 0.07300422638654709,
      "val_eval": 0.10534214526414871,
      "epoch": 9,
      "mse": 0.10841099172830582,
      "w2_global": 0.015788989141583443,
      "cvar": 0.2630171775817871
    },
    "(0.75, 1.0)": {
      "val_loss": 0.07279272042214871,
      "val_eval": 0.11912696585059165,
      "epoch": 8,
      "mse": 0.12255950272083282,
      "w2_global": 0.01573348604142666,
      "cvar": 0.2687951922416687
    },
    "(0.75, 5.0)": {
      "val_loss": 0.07343105785548687,
      "val_eval": 0.09928511753678322,
      "epoch": 9,
      "mse": 0.10181623697280884,
      "w2_global": 0.01681697368621826,
      "cvar": 0.22377029061317444
    },
    "(0.75, 10.0)": {
      "val_loss": 0.08189564496278763,
      "val_eval": 0.11776460185647011,
      "epoch": 8,
      "mse": 0.121258944272995,
      "w2_global": 0.011173316277563572,
      "cvar": 0.2760882079601288
    },
    "(0.99, 0.1)": {
      "val_loss": 0.024778810888528825,
      "val_eval": 0.03699438069015741,
      "epoch": 28,
      "mse": 0.03694423660635948,
      "w2_global": 0.010761991143226624,
      "cvar": 0.0629478320479393
    },
    "(0.99, 1.0)": {
      "val_loss": 0.02523546712473035,
      "val_eval": 0.034982530400156975,
      "epoch": 29,
      "mse": 0.0351044200360775,
      "w2_global": 0.009595233015716076,
      "cvar": 0.05949270352721214
    },
    "(0.99, 5.0)": {
      "val_loss": 0.02508167438209057,
      "val_eval": 0.034803212899714706,
      "epoch": 26,
      "mse": 0.03478445112705231,
      "w2_global": 0.009707162156701088,
      "cvar": 0.05621463060379028
    },
    "(0.99, 10.0)": {
      "val_loss": 0.024443497136235236,
      "val_eval": 0.033044017292559145,
      "epoch": 28,
      "mse": 0.033108990639448166,
      "w2_global": 0.008816415444016457,
      "cvar": 0.0543011873960495
    }
  }
}