{
  "train": {
    "mse": 0.02413780242204666,
    "rmse": 0.15536345265874682,
    "mae": 0.07703527063131332,
    "w2_global": 0.008345287293195724,
    "ae_summary": {
      "mean": 0.07703527063131332,
      "std": 0.13491985201835632,
      "min": 1.862645149230957e-09,
      "max": 6.0317535400390625,
      "p50": 0.03353790193796158,
      "p90": 0.18684113025665283,
      "p95": 0.294310599565506,
      "p99": 0.6513563394546509
    },
    "se_summary": {
      "mean": 0.02413780242204666,
      "std": 0.1705716997385025,
      "min": 3.469446951953614e-18,
      "max": 36.382049560546875,
      "p50": 0.001124790869653225,
      "p90": 0.034909605979919434,
      "p95": 0.08661872893571854,
      "p99": 0.4242651164531708
    }
  },
  "val": {
    "mse": 0.033108990639448166,
    "rmse": 0.1819587608208194,
    "mae": 0.09870739281177521,
    "w2_global": 0.008816415444016457,
    "ae_summary": {
      "mean": 0.09870739281177521,
      "std": 0.1528588980436325,
      "min": 7.152557373046875e-06,
      "max": 4.217880725860596,
      "p50": 0.050515852868556976,
      "p90": 0.2330261468887329,
      "p95": 0.33950337767601013,
      "p99": 0.7269849181175232
    },
    "se_summary": {
      "mean": 0.033108990639448166,
      "std": 0.21315418183803558,
      "min": 5.1159076974727213e-11,
      "max": 17.790517807006836,
      "p50": 0.0025518513284623623,
      "p90": 0.0543011873960495,
      "p95": 0.11526254564523697,
      "p99": 0.5285071730613708
    }
  },
  "test": {
    "mse": 0.029364649206399918,
    "rmse": 0.17136116598109363,
    "mae": 0.09409826248884201,
    "w2_global": 0.00836784765124321,
    "ae_summary": {
      "mean": 0.09409826248884201,
      "std": 0.14321371912956238,
      "min": 2.3469328880310059e-07,
      "max": 3.2505884170532227,
      "p50": 0.04753109812736511,
      "p90": 0.22874757647514343,
      "p95": 0.3301744759082794,
      "p99": 0.6959484219551086
    },
    "se_summary": {
      "mean": 0.029364649206399918,
      "std": 0.15880654752254486,
      "min": 5.508093980921558e-14,
      "max": 10.566325187683105,
      "p50": 0.0022592053283005953,
      "p90": 0.052325453609228134,
      "p95": 0.10901519656181335,
      "p99": 0.4843442142009735
    }
  }
}