{
  "best_alpha": 0.99,
  "best_gamma": 10.0,
  "alpha_grid": [
    0.01,
    0.25,
    0.5,
    0.75,
    0.99
  ],
  "gamma_grid": [
    0.1,
    1.0,
    5.0,
    10.0
  ],
  "results": {
    "(0.01, 0.1)": {
      "val_loss": 0.36610808968544006,
      "val_eval": 0.7392851114273071,
      "epoch": 29,
      "mse": 0.7392851114273071,
      "w2_global": 0.7296971678733826,
      "cvar": 2.072584629058838
    },
    "(0.01, 1.0)": {
      "val_loss": 0.3547493815422058,
      "val_eval": 0.7265270352363586,
      "epoch": 1,
      "mse": 0.7265270948410034,
      "w2_global": 0.6910273432731628,
      "cvar": 2.119767904281616
    },
    "(0.01, 5.0)": {
      "val_loss": 0.3419157862663269,
      "val_eval": 0.7440617680549622,
      "epoch": 25,
      "mse": 0.7440617680549622,
      "w2_global": 0.7199850082397461,
      "cvar": 2.071070432662964
    },
    "(0.01, 10.0)": {
      "val_loss": 0.3570554256439209,
      "val_eval": 0.7365589141845703,
      "epoch": 30,
      "mse": 0.7365589141845703,
      "w2_global": 0.7239233255386353,
      "cvar": 2.0746469497680664
    },
    "(0.25, 0.1)": {
      "val_loss": 0.3780730962753296,
      "val_eval": 0.7315636277198792,
      "epoch": 1,
      "mse": 0.7315636277198792,
      "w2_global": 0.714280366897583,
      "cvar": 2.0411407947540283
    },
    "(0.25, 1.0)": {
      "val_loss": 0.35192814469337463,
      "val_eval": 0.7339766025543213,
      "epoch": 30,
      "mse": 0.7339766025543213,
      "w2_global": 0.7381522059440613,
      "cvar": 2.040792226791382
    },
    "(0.25, 5.0)": {
      "val_loss": 0.3350159525871277,
      "val_eval": 0.7343021631240845,
      "epoch": 12,
      "mse": 0.7343021631240845,
      "w2_global": 0.7165368795394897,
      "cvar": 2.057559013366699
    },
    "(0.25, 10.0)": {
      "val_loss": 0.33863750100135803,
      "val_eval": 0.7378687262535095,
      "epoch": 24,
      "mse": 0.7378686666488647,
      "w2_global": 0.727778971195221,
      "cvar": 2.043816089630127
    },
    "(0.5, 0.1)": {
      "val_loss": 0.3496081531047821,
      "val_eval": 0.7305578589439392,
      "epoch": 29,
      "mse": 0.7305578589439392,
      "w2_global": 0.7305652499198914,
      "cvar": 2.04504132270813
    },
    "(0.5, 1.0)": {
      "val_loss": 0.3331258296966553,
      "val_eval": 0.7399422526359558,
      "epoch": 30,
      "mse": 0.7399422526359558,
      "w2_global": 0.7285120487213135,
      "cvar": 2.048558235168457
    },
    "(0.5, 5.0)": {
      "val_loss": 0.3499869704246521,
      "val_eval": 0.7322126030921936,
      "epoch": 17,
      "mse": 0.7322126030921936,
      "w2_global": 0.7351557612419128,
      "cvar": 2.0408763885498047
    },
    "(0.5, 10.0)": {
      "val_loss": 0.3570370078086853,
      "val_eval": 0.7378295063972473,
      "epoch": 23,
      "mse": 0.7378295063972473,
      "w2_global": 0.7279055714607239,
      "cvar": 2.053999185562134
    },
    "(0.75, 0.1)": {
      "val_loss": 0.33913350105285645,
      "val_eval": 0.7405063509941101,
      "epoch": 30,
      "mse": 0.7405062317848206,
      "w2_global": 0.7380973696708679,
      "cvar": 2.0526087284088135
    },
    "(0.75, 1.0)": {
      "val_loss": 0.3460937738418579,
      "val_eval": 0.7357186079025269,
      "epoch": 27,
      "mse": 0.7357186079025269,
      "w2_global": 0.7289948463439941,
      "cvar": 2.091329336166382
    },
    "(0.75, 5.0)": {
      "val_loss": 0.33437180519104004,
      "val_eval": 0.7217137813568115,
      "epoch": 1,
      "mse": 0.7217137813568115,
      "w2_global": 0.6853538155555725,
      "cvar": 2.06097149848938
    },
    "(0.75, 10.0)": {
      "val_loss": 0.33468496799468994,
      "val_eval": 0.7350247502326965,
      "epoch": 26,
      "mse": 0.7350246906280518,
      "w2_global": 0.7370670437812805,
      "cvar": 2.036977767944336
    },
    "(0.99, 0.1)": {
      "val_loss": 0.2867696285247803,
      "val_eval": 0.6047759652137756,
      "epoch": 30,
      "mse": 0.6047759652137756,
      "w2_global": 0.5989516377449036,
      "cvar": 1.6123363971710205
    },
    "(0.99, 1.0)": {
      "val_loss": 0.2893070578575134,
      "val_eval": 0.6398977637290955,
      "epoch": 30,
      "mse": 0.6398977637290955,
      "w2_global": 0.5894919633865356,
      "cvar": 1.7542037963867188
    },
    "(0.99, 5.0)": {
      "val_loss": 0.2933197617530823,
      "val_eval": 0.6398853659629822,
      "epoch": 29,
      "mse": 0.6398853063583374,
      "w2_global": 0.6254966855049133,
      "cvar": 1.7267417907714844
    },
    "(0.99, 10.0)": {
      "val_loss": 0.2936963737010956,
      "val_eval": 0.584656834602356,
      "epoch": 29,
      "mse": 0.584656834602356,
      "w2_global": 0.5695492625236511,
      "cvar": 1.5659531354904175
    }
  }
}