{
  "train": {
    "mse": 0.3933568298816681,
    "rmse": 0.6271816562062925,
    "mae": 0.4220396876335144,
    "w2_global": 0.6577678322792053,
    "ae_summary": {
      "mean": 0.4220396876335144,
      "std": 0.4639389216899872,
      "min": 0.0003710680757649243,
      "max": 4.346229076385498,
      "p50": 0.28330132365226746,
      "p90": 0.9399649500846863,
      "p95": 1.3129721879959106,
      "p99": 2.083063840866089
    },
    "se_summary": {
      "mean": 0.3933568298816681,
      "std": 1.1471755504608154,
      "min": 1.3769151507858624e-07,
      "max": 18.889707565307617,
      "p50": 0.08025965094566345,
      "p90": 0.8835340738296509,
      "p95": 1.7238960266113281,
      "p99": 4.339155197143555
    }
  },
  "val": {
    "mse": 0.584656834602356,
    "rmse": 0.7646285598918968,
    "mae": 0.6060227155685425,
    "w2_global": 0.5695492625236511,
    "ae_summary": {
      "mean": 0.6060227155685425,
      "std": 0.46625450253486633,
      "min": 0.00015307962894439697,
      "max": 3.447723627090454,
      "p50": 0.5084582567214966,
      "p90": 1.2513798475265503,
      "p95": 1.428817629814148,
      "p99": 1.883859395980835
    },
    "se_summary": {
      "mean": 0.584656834602356,
      "std": 0.8244670629501343,
      "min": 2.3433372575709654e-08,
      "max": 11.886797904968262,
      "p50": 0.25852981209754944,
      "p90": 1.5659531354904175,
      "p95": 2.041520595550537,
      "p99": 3.5489304065704346
    }
  },
  "test": {
    "mse": 0.61219322681427,
    "rmse": 0.7824277773790179,
    "mae": 0.5654270648956299,
    "w2_global": 0.5637601017951965,
    "ae_summary": {
      "mean": 0.5654270648956299,
      "std": 0.5408192276954651,
      "min": 2.882257103919983e-05,
      "max": 4.1350998878479,
      "p50": 0.3997842073440552,
      "p90": 1.2869361639022827,
      "p95": 1.7298016548156738,
      "p99": 2.424055814743042
    },
    "se_summary": {
      "mean": 0.61219322681427,
      "std": 1.2279777526855469,
      "min": 8.307405874319329e-10,
      "max": 17.099050521850586,
      "p50": 0.15982741117477417,
      "p90": 1.6562047004699707,
      "p95": 2.992213726043701,
      "p99": 5.8761725425720215
    }
  }
}