{
  "train": {
    "mse": 0.0,
    "rmse": 0.0,
    "mae": 0.0,
    "w2_global": 0.176531121134758,
    "ae_summary": {
      "mean": 0.0,
      "std": 0.0,
      "min": 0.0,
      "max": 0.0,
      "p50": 0.0,
      "p90": 0.0,
      "p95": 0.0,
      "p99": 0.0
    },
    "se_summary": {
      "mean": 0.0,
      "std": 0.0,
      "min": 0.0,
      "max": 0.0,
      "p50": 0.0,
      "p90": 0.0,
      "p95": 0.0,
      "p99": 0.0
    }
  },
  "val": {
    "mse": 1.260120153427124,
    "rmse": 1.1225507353465696,
    "mae": 0.8318393230438232,
    "w2_global": 0.19539913535118103,
    "ae_summary": {
      "mean": 0.8318393230438232,
      "std": 0.7537662386894226,
      "min": 6.154179573059082e-06,
      "max": 10.577817916870117,
      "p50": 0.6380999088287354,
      "p90": 1.7846810817718506,
      "p95": 2.2622127532958984,
      "p99": 3.391425609588623
    },
    "se_summary": {
      "mean": 1.260120153427124,
      "std": 2.8951070308685303,
      "min": 3.7873926217457665e-11,
      "max": 111.89022827148438,
      "p50": 0.40717148780822754,
      "p90": 3.185086488723755,
      "p95": 5.117606163024902,
      "p99": 11.501768112182617
    }
  },
  "test": {
    "mse": 1.4170565605163574,
    "rmse": 1.1904018483337286,
    "mae": 0.8822720050811768,
    "w2_global": 0.22016851603984833,
    "ae_summary": {
      "mean": 0.8822720050811768,
      "std": 0.7991573810577393,
      "min": 1.4640390872955322e-05,
      "max": 20.807575225830078,
      "p50": 0.687649667263031,
      "p90": 1.8505144119262695,
      "p95": 2.344330310821533,
      "p99": 3.648411273956299
    },
    "se_summary": {
      "mean": 1.4170565605163574,
      "std": 3.7411837577819824,
      "min": 2.143410449129135e-10,
      "max": 432.9552001953125,
      "p50": 0.4728620648384094,
      "p90": 3.424403667449951,
      "p95": 5.495884418487549,
      "p99": 13.310905456542969
    }
  }
}