{
  "train": {
    "mse": 3193.469482421875,
    "rmse": 56.51079084937562,
    "mae": 45.50236892700195,
    "w2_global": 0.18369291722774506,
    "ae_summary": {
      "mean": 45.50236892700195,
      "std": 33.51124572753906,
      "min": 0.00038498640060424805,
      "max": 231.9947052001953,
      "p50": 38.81315231323242,
      "p90": 94.15569305419922,
      "p95": 109.27033996582031,
      "p99": 136.0534210205078
    },
    "se_summary": {
      "mean": 3193.469482421875,
      "std": 4152.36328125,
      "min": 1.4821452509750088e-07,
      "max": 53821.54296875,
      "p50": 1506.4608154296875,
      "p90": 8865.2939453125,
      "p95": 11940.0068359375,
      "p99": 18510.533203125
    }
  },
  "val": {
    "mse": 0.2947639226913452,
    "rmse": 0.5429216542848012,
    "mae": 0.21679648756980896,
    "w2_global": 0.11351870745420456,
    "ae_summary": {
      "mean": 0.21679648756980896,
      "std": 0.49775823950767517,
      "min": 6.198883056640625e-06,
      "max": 3.3860723972320557,
      "p50": 0.031149353832006454,
      "p90": 0.7685772180557251,
      "p95": 1.3050880432128906,
      "p99": 2.619380235671997
    },
    "se_summary": {
      "mean": 0.2947639226913452,
      "std": 1.113365888595581,
      "min": 3.842615114990622e-11,
      "max": 11.465486526489258,
      "p50": 0.0009702822426334023,
      "p90": 0.5907109379768372,
      "p95": 1.7032556533813477,
      "p99": 6.861152172088623
    }
  },
  "test": {
    "mse": 0.6002257466316223,
    "rmse": 0.7747423743617114,
    "mae": 0.25749388337135315,
    "w2_global": 0.19310429692268372,
    "ae_summary": {
      "mean": 0.25749388337135315,
      "std": 0.7307000756263733,
      "min": 4.112720489501953e-06,
      "max": 8.344347953796387,
      "p50": 0.03232085704803467,
      "p90": 0.7193999886512756,
      "p95": 1.4785271883010864,
      "p99": 3.8254268169403076
    },
    "se_summary": {
      "mean": 0.6002257466316223,
      "std": 3.529792308807373,
      "min": 1.6914469824769185e-11,
      "max": 69.62814331054688,
      "p50": 0.001044637756422162,
      "p90": 0.5175389051437378,
      "p95": 2.1860427856445312,
      "p99": 14.633891105651855
    }
  }
}