{
  "train": {
    "mse": 0.0,
    "rmse": 0.0,
    "mae": 0.0,
    "w2_global": 0.05749722570180893,
    "ae_summary": {
      "mean": 0.0,
      "std": 0.0,
      "min": 0.0,
      "max": 0.0,
      "p50": 0.0,
      "p90": 0.0,
      "p95": 0.0,
      "p99": 0.0
    },
    "se_summary": {
      "mean": 0.0,
      "std": 0.0,
      "min": 0.0,
      "max": 0.0,
      "p50": 0.0,
      "p90": 0.0,
      "p95": 0.0,
      "p99": 0.0
    }
  },
  "val": {
    "mse": 0.9439666271209717,
    "rmse": 0.9715794497214171,
    "mae": 0.6469559669494629,
    "w2_global": 0.05838759243488312,
    "ae_summary": {
      "mean": 0.6469559669494629,
      "std": 0.7248548865318298,
      "min": 2.1919608116149902e-05,
      "max": 8.074682235717773,
      "p50": 0.37811142206192017,
      "p90": 1.6228969097137451,
      "p95": 2.1156415939331055,
      "p99": 3.3308188915252686
    },
    "se_summary": {
      "mean": 0.9439666271209717,
      "std": 2.3653478622436523,
      "min": 4.804692199655847e-10,
      "max": 65.20049285888672,
      "p50": 0.14296823740005493,
      "p90": 2.6337943077087402,
      "p95": 4.4759392738342285,
      "p99": 11.094355583190918
    }
  },
  "test": {
    "mse": 0.891746997833252,
    "rmse": 0.9443235662807806,
    "mae": 0.6231540441513062,
    "w2_global": 0.05662829428911209,
    "ae_summary": {
      "mean": 0.6231540441513062,
      "std": 0.7095252275466919,
      "min": 6.318092346191406e-06,
      "max": 9.733222961425781,
      "p50": 0.3536694049835205,
      "p90": 1.5445027351379395,
      "p95": 2.0403456687927246,
      "p99": 3.3160693645477295
    },
    "se_summary": {
      "mean": 0.891746997833252,
      "std": 2.319859027862549,
      "min": 3.991829089500243e-11,
      "max": 94.73562622070312,
      "p50": 0.12508204579353333,
      "p90": 2.385488510131836,
      "p95": 4.163010120391846,
      "p99": 10.996317863464355
    }
  }
}