{
  "train": {
    "mse": 0.30053290724754333,
    "rmse": 0.5482088171924484,
    "mae": 0.3052162826061249,
    "w2_global": 0.0810052901506424,
    "ae_summary": {
      "mean": 0.3052162826061249,
      "std": 0.4553854465484619,
      "min": 2.384185791015625e-07,
      "max": 35.714447021484375,
      "p50": 0.1876969188451767,
      "p90": 0.685842752456665,
      "p95": 0.9553544521331787,
      "p99": 1.7588251829147339
    },
    "se_summary": {
      "mean": 0.30053290724754333,
      "std": 5.705377578735352,
      "min": 5.684341886080802e-14,
      "max": 1275.521728515625,
      "p50": 0.035230133682489395,
      "p90": 0.4703802764415741,
      "p95": 0.9127020835876465,
      "p99": 3.09346604347229
    }
  },
  "val": {
    "mse": 0.477169394493103,
    "rmse": 0.6907744888841097,
    "mae": 0.3388654887676239,
    "w2_global": 0.056033696979284286,
    "ae_summary": {
      "mean": 0.3388654887676239,
      "std": 0.6019464731216431,
      "min": 6.529688835144043e-05,
      "max": 33.31319046020508,
      "p50": 0.19776256382465363,
      "p90": 0.754483699798584,
      "p95": 1.0534497499465942,
      "p99": 2.0090384483337402
    },
    "se_summary": {
      "mean": 0.477169394493103,
      "std": 10.661487579345703,
      "min": 4.263683628380477e-09,
      "max": 1109.7686767578125,
      "p50": 0.039110034704208374,
      "p90": 0.5692456364631653,
      "p95": 1.109756350517273,
      "p99": 4.036235809326172
    }
  },
  "test": {
    "mse": 1.0378695726394653,
    "rmse": 1.0187588392939053,
    "mae": 0.34466326236724854,
    "w2_global": 0.19393178820610046,
    "ae_summary": {
      "mean": 0.34466326236724854,
      "std": 0.9586849212646484,
      "min": 9.834766387939453e-07,
      "max": 128.04820251464844,
      "p50": 0.20554041862487793,
      "p90": 0.7517483234405518,
      "p95": 1.0675890445709229,
      "p99": 2.022819995880127
    },
    "se_summary": {
      "mean": 1.0378695726394653,
      "std": 101.22900390625,
      "min": 9.672262990534364e-13,
      "max": 16396.341796875,
      "p50": 0.04224686324596405,
      "p90": 0.5651254653930664,
      "p95": 1.1397464275360107,
      "p99": 4.091802597045898
    }
  }
}