{
  "train": {
    "mse": 0.0,
    "rmse": 0.0,
    "mae": 0.0,
    "w2_global": 0.01855272427201271,
    "ae_summary": {
      "mean": 0.0,
      "std": 0.0,
      "min": 0.0,
      "max": 0.0,
      "p50": 0.0,
      "p90": 0.0,
      "p95": 0.0,
      "p99": 0.0
    },
    "se_summary": {
      "mean": 0.0,
      "std": 0.0,
      "min": 0.0,
      "max": 0.0,
      "p50": 0.0,
      "p90": 0.0,
      "p95": 0.0,
      "p99": 0.0
    }
  },
  "val": {
    "mse": 0.30855342745780945,
    "rmse": 0.5554758567731,
    "mae": 0.40846407413482666,
    "w2_global": 0.033787667751312256,
    "ae_summary": {
      "mean": 0.40846407413482666,
      "std": 0.37644457817077637,
      "min": 8.660554885864258e-05,
      "max": 4.634159088134766,
      "p50": 0.31495827436447144,
      "p90": 0.8418381214141846,
      "p95": 1.0526025295257568,
      "p99": 1.7287951707839966
    },
    "se_summary": {
      "mean": 0.30855342745780945,
      "std": 0.8573361039161682,
      "min": 7.500521093106727e-09,
      "max": 21.47542953491211,
      "p50": 0.09919874370098114,
      "p90": 0.7086920738220215,
      "p95": 1.1079720258712769,
      "p99": 2.9891231060028076
    }
  },
  "test": {
    "mse": 0.23584938049316406,
    "rmse": 0.4856432646430547,
    "mae": 0.3546181917190552,
    "w2_global": 0.02670096978545189,
    "ae_summary": {
      "mean": 0.3546181917190552,
      "std": 0.33180615305900574,
      "min": 0.0001456141471862793,
      "max": 3.4948387145996094,
      "p50": 0.2686414122581482,
      "p90": 0.7520837187767029,
      "p95": 0.9521644711494446,
      "p99": 1.5333524942398071
    },
    "se_summary": {
      "mean": 0.23584938049316406,
      "std": 0.5869571566581726,
      "min": 2.120347986078741e-08,
      "max": 12.213897705078125,
      "p50": 0.07216820865869522,
      "p90": 0.5656299591064453,
      "p95": 0.906617283821106,
      "p99": 2.35117244720459
    }
  }
}