{
  "test": {
    "mse": 0.3194866180419922,
    "rmse": 0.5652314729754458,
    "mae": 0.35086145997047424,
    "w2_global": 0.046630386263132095,
    "ae_summary": {
      "mean": 0.35086145997047424,
      "std": 0.4431511163711548,
      "min": 5.960464477539062e-07,
      "max": 4.801147937774658,
      "p50": 0.20412278175354004,
      "p90": 0.8516928553581238,
      "p95": 1.2359627485275269,
      "p99": 2.1192078590393066
    },
    "se_summary": {
      "mean": 0.3194866180419922,
      "std": 1.022178292274475,
      "min": 3.552713678800501e-13,
      "max": 23.051021575927734,
      "p50": 0.04166610911488533,
      "p90": 0.7253807187080383,
      "p95": 1.5276038646697998,
      "p99": 4.491044998168945
    }
  }
}