{
  "train": {
    "mse": 0.0,
    "rmse": 0.0,
    "mae": 0.0,
    "w2_global": 0.14838631451129913,
    "ae_summary": {
      "mean": 0.0,
      "std": 0.0,
      "min": 0.0,
      "max": 0.0,
      "p50": 0.0,
      "p90": 0.0,
      "p95": 0.0,
      "p99": 0.0
    },
    "se_summary": {
      "mean": 0.0,
      "std": 0.0,
      "min": 0.0,
      "max": 0.0,
      "p50": 0.0,
      "p90": 0.0,
      "p95": 0.0,
      "p99": 0.0
    }
  },
  "val": {
    "mse": 0.22362546622753143,
    "rmse": 0.47289054360129834,
    "mae": 0.17997023463249207,
    "w2_global": 0.1461068093776703,
    "ae_summary": {
      "mean": 0.17997023463249207,
      "std": 0.43730559945106506,
      "min": 5.066394805908203e-07,
      "max": 3.090139389038086,
      "p50": 0.04764270782470703,
      "p90": 0.3956437408924103,
      "p95": 0.7995423078536987,
      "p99": 2.713639259338379
    },
    "se_summary": {
      "mean": 0.22362546622753143,
      "std": 1.0617567300796509,
      "min": 2.566835632933362e-13,
      "max": 9.548961639404297,
      "p50": 0.002269827527925372,
      "p90": 0.15653397142887115,
      "p95": 0.6392679810523987,
      "p99": 7.363838195800781
    }
  },
  "test": {
    "mse": 0.22388310730457306,
    "rmse": 0.4731628760845181,
    "mae": 0.18030616641044617,
    "w2_global": 0.1473880410194397,
    "ae_summary": {
      "mean": 0.18030616641044617,
      "std": 0.4374617636203766,
      "min": 3.5762786865234375e-07,
      "max": 3.1011595726013184,
      "p50": 0.047483205795288086,
      "p90": 0.4015008509159088,
      "p95": 0.8002251982688904,
      "p99": 2.700319528579712
    },
    "se_summary": {
      "mean": 0.22388310730457306,
      "std": 1.0597054958343506,
      "min": 1.2789769243681803e-13,
      "max": 9.61719036102295,
      "p50": 0.002254654886201024,
      "p90": 0.16120292246341705,
      "p95": 0.6403603553771973,
      "p99": 7.291725158691406
    }
  }
}