{
  "best_alpha": 0.99,
  "best_gamma": 5.0,
  "alpha_grid": [
    0.99
  ],
  "gamma_grid": [
    5.0
  ],
  "results": {
    "(0.99, 5.0)": {
      "val_loss": 0.0007030543638393283,
      "val_eval": 0.2903646230697632,
      "epoch": 30,
      "mse": 0.2903646230697632
    }
  },
  "standalone_mode": true
}