{
  "train": {
    "mse": 0.0011063130805268884,
    "rmse": 0.033261285010156905,
    "mae": 0.016058187931776047,
    "w2_global": 0.07417035102844238,
    "ae_summary": {
      "mean": 0.016058187931776047,
      "std": 0.029128124937415123,
      "min": 3.5762786865234375e-07,
      "max": 1.2675492763519287,
      "p50": 0.009701013565063477,
      "p90": 0.03346195071935654,
      "p95": 0.04778217151761055,
      "p99": 0.10017712414264679
    },
    "se_summary": {
      "mean": 0.0011063130805268884,
      "std": 0.01618013344705105,
      "min": 1.2789769243681803e-13,
      "max": 1.6066811084747314,
      "p50": 9.410966595169157e-05,
      "p90": 0.0011197020066902041,
      "p95": 0.0022831358946859837,
      "p99": 0.010035456158220768
    }
  },
  "val": {
    "mse": 0.2903646230697632,
    "rmse": 0.5388549183869098,
    "mae": 0.38242796063423157,
    "w2_global": 0.0778370276093483,
    "ae_summary": {
      "mean": 0.38242796063423157,
      "std": 0.37962281703948975,
      "min": 3.4809112548828125e-05,
      "max": 2.980912208557129,
      "p50": 0.26661232113838196,
      "p90": 0.8813017010688782,
      "p95": 1.1366316080093384,
      "p99": 1.8801742792129517
    },
    "se_summary": {
      "mean": 0.2903646230697632,
      "std": 0.6331071257591248,
      "min": 1.2116743164369836e-09,
      "max": 8.88583755493164,
      "p50": 0.07108213007450104,
      "p90": 0.7766926884651184,
      "p95": 1.2919316291809082,
      "p99": 3.535057783126831
    }
  },
  "test": {
    "mse": 0.28238043189048767,
    "rmse": 0.5313947985165903,
    "mae": 0.37444061040878296,
    "w2_global": 0.07643482834100723,
    "ae_summary": {
      "mean": 0.37444061040878296,
      "std": 0.37706056237220764,
      "min": 2.0623207092285156e-05,
      "max": 3.29290771484375,
      "p50": 0.25398144125938416,
      "p90": 0.8768173456192017,
      "p95": 1.1935174465179443,
      "p99": 1.7299678325653076
    },
    "se_summary": {
      "mean": 0.28238043189048767,
      "std": 0.6183601021766663,
      "min": 4.2531667077128077e-10,
      "max": 10.843241691589355,
      "p50": 0.06450657546520233,
      "p90": 0.7688087224960327,
      "p95": 1.4244840145111084,
      "p99": 2.992788791656494
    }
  }
}