{
  "test": {
    "mse": 0.8424518704414368,
    "rmse": 0.917851769318683,
    "mae": 0.5971857309341431,
    "w2_global": 0.05566146969795227,
    "ae_summary": {
      "mean": 0.5971857309341431,
      "std": 0.6970086693763733,
      "min": 2.384185791015625e-07,
      "max": 3.3512701988220215,
      "p50": 0.3477514982223511,
      "p90": 1.6195094585418701,
      "p95": 2.0121641159057617,
      "p99": 2.8622493743896484
    },
    "se_summary": {
      "mean": 0.8424518704414368,
      "std": 1.5859875679016113,
      "min": 5.684341886080802e-14,
      "max": 11.231012344360352,
      "p50": 0.12093108892440796,
      "p90": 2.6228108406066895,
      "p95": 4.04880428314209,
      "p99": 8.192472457885742
    }
  }
}