{
  "train": {
    "mse": 0.011276829987764359,
    "rmse": 0.10619241963419215,
    "mae": 0.008166384883224964,
    "w2_global": 0.10001348704099655,
    "ae_summary": {
      "mean": 0.008166384883224964,
      "std": 0.10587795078754425,
      "min": 1.4901161193847656e-08,
      "max": 49.196048736572266,
      "p50": 0.005600951611995697,
      "p90": 0.016151636838912964,
      "p95": 0.020042389631271362,
      "p99": 0.02734820544719696
    },
    "se_summary": {
      "mean": 0.011276829987764359,
      "std": 3.087827682495117,
      "min": 2.220446049250313e-16,
      "max": 2420.251220703125,
      "p50": 3.137065868941136e-05,
      "p90": 0.0002608753857202828,
      "p95": 0.0004016973834950477,
      "p99": 0.0007479243213310838
    }
  },
  "val": {
    "mse": 1.3900539875030518,
    "rmse": 1.1790055078340609,
    "mae": 0.8271114230155945,
    "w2_global": 0.0814589112997055,
    "ae_summary": {
      "mean": 0.8271114230155945,
      "std": 0.8402026891708374,
      "min": 9.735720232129097e-05,
      "max": 33.43281555175781,
      "p50": 0.6591233015060425,
      "p90": 1.662132740020752,
      "p95": 2.087663173675537,
      "p99": 3.2446062564849854
    },
    "se_summary": {
      "mean": 1.3900539875030518,
      "std": 12.39577865600586,
      "min": 9.478425155862169e-09,
      "max": 1117.753173828125,
      "p50": 0.43444353342056274,
      "p90": 2.7626852989196777,
      "p95": 4.358337879180908,
      "p99": 10.527469635009766
    }
  },
  "test": {
    "mse": 1.9353253841400146,
    "rmse": 1.3911597263218967,
    "mae": 0.8343250155448914,
    "w2_global": 0.20191264152526855,
    "ae_summary": {
      "mean": 0.8343250155448914,
      "std": 1.1132056713104248,
      "min": 6.186333484947681e-05,
      "max": 127.97663116455078,
      "p50": 0.6589778661727905,
      "p90": 1.7012598514556885,
      "p95": 2.10244083404541,
      "p99": 3.265413522720337
    },
    "se_summary": {
      "mean": 1.9353253841400146,
      "std": 101.1654052734375,
      "min": 3.82707199264587e-09,
      "max": 16378.0185546875,
      "p50": 0.4342518448829651,
      "p90": 2.894284725189209,
      "p95": 4.420257091522217,
      "p99": 10.662924766540527
    }
  }
}