{
  "train": {
    "mse": 0.0,
    "rmse": 0.0,
    "mae": 0.0,
    "w2_global": 0.12129606306552887,
    "ae_summary": {
      "mean": 0.0,
      "std": 0.0,
      "min": 0.0,
      "max": 0.0,
      "p50": 0.0,
      "p90": 0.0,
      "p95": 0.0,
      "p99": 0.0
    },
    "se_summary": {
      "mean": 0.0,
      "std": 0.0,
      "min": 0.0,
      "max": 0.0,
      "p50": 0.0,
      "p90": 0.0,
      "p95": 0.0,
      "p99": 0.0
    }
  },
  "val": {
    "mse": 0.41305646300315857,
    "rmse": 0.6426946887933326,
    "mae": 0.4807513952255249,
    "w2_global": 0.17165395617485046,
    "ae_summary": {
      "mean": 0.4807513952255249,
      "std": 0.4265378713607788,
      "min": 0.0001437067985534668,
      "max": 4.337522506713867,
      "p50": 0.3755715489387512,
      "p90": 1.022741675376892,
      "p95": 1.2536600828170776,
      "p99": 2.039001941680908
    },
    "se_summary": {
      "mean": 0.41305646300315857,
      "std": 0.8983801007270813,
      "min": 2.0651643950486687e-08,
      "max": 18.814102172851562,
      "p50": 0.14105404913425446,
      "p90": 1.0460007190704346,
      "p95": 1.5716636180877686,
      "p99": 4.157533645629883
    }
  },
  "test": {
    "mse": 0.3675079047679901,
    "rmse": 0.606224302356801,
    "mae": 0.4570373594760895,
    "w2_global": 0.17279216647148132,
    "ae_summary": {
      "mean": 0.4570373594760895,
      "std": 0.39827725291252136,
      "min": 1.519918441772461e-05,
      "max": 3.820211410522461,
      "p50": 0.35723447799682617,
      "p90": 0.9491274952888489,
      "p95": 1.2091556787490845,
      "p99": 1.8442484140396118
    },
    "se_summary": {
      "mean": 0.3675079047679901,
      "std": 0.7441973090171814,
      "min": 2.3101520696400257e-10,
      "max": 14.594015121459961,
      "p50": 0.12761646509170532,
      "p90": 0.9008430242538452,
      "p95": 1.4620585441589355,
      "p99": 3.4012584686279297
    }
  }
}