{
  "train": {
    "mse": 0.0,
    "rmse": 0.0,
    "mae": 0.0,
    "w2_global": 0.6970009207725525,
    "ae_summary": {
      "mean": 0.0,
      "std": 0.0,
      "min": 0.0,
      "max": 0.0,
      "p50": 0.0,
      "p90": 0.0,
      "p95": 0.0,
      "p99": 0.0
    },
    "se_summary": {
      "mean": 0.0,
      "std": 0.0,
      "min": 0.0,
      "max": 0.0,
      "p50": 0.0,
      "p90": 0.0,
      "p95": 0.0,
      "p99": 0.0
    }
  },
  "val": {
    "mse": 1.8097171783447266,
    "rmse": 1.345257290760666,
    "mae": 1.0641144514083862,
    "w2_global": 0.415154367685318,
    "ae_summary": {
      "mean": 1.0641144514083862,
      "std": 0.8230296969413757,
      "min": 0.0,
      "max": 4.914486408233643,
      "p50": 0.8862866163253784,
      "p90": 2.2532358169555664,
      "p95": 2.724482297897339,
      "p99": 3.548666477203369
    },
    "se_summary": {
      "mean": 1.8097171783447266,
      "std": 2.6271700859069824,
      "min": 0.0,
      "max": 24.152175903320312,
      "p50": 0.7855039238929749,
      "p90": 5.0770721435546875,
      "p95": 7.4228034019470215,
      "p99": 12.593033790588379
    }
  },
  "test": {
    "mse": 1.070908784866333,
    "rmse": 1.034847227790814,
    "mae": 0.7985742688179016,
    "w2_global": 0.47655633091926575,
    "ae_summary": {
      "mean": 0.7985742688179016,
      "std": 0.658170223236084,
      "min": 3.0472874641418457e-06,
      "max": 5.012814044952393,
      "p50": 0.6476535201072693,
      "p90": 1.6412487030029297,
      "p95": 2.128457546234131,
      "p99": 3.0701375007629395
    },
    "se_summary": {
      "mean": 1.070908784866333,
      "std": 1.8089796304702759,
      "min": 9.28596088911604e-12,
      "max": 25.128305435180664,
      "p50": 0.41945508122444153,
      "p90": 2.693697214126587,
      "p95": 4.530331134796143,
      "p99": 9.425745010375977
    }
  }
}