{
  "best_alpha": 0.99,
  "best_gamma": 10.0,
  "alpha_grid": [
    0.01,
    0.25,
    0.5,
    0.75,
    0.99
  ],
  "gamma_grid": [
    0.1,
    1.0,
    5.0,
    10.0
  ],
  "results": {
    "(0.01, 0.1)": {
      "val_loss": 0.36473384499549866,
      "val_eval": 0.7386236786842346,
      "epochs": 30,
      "mse": 0.7386236786842346,
      "w2_global": 0.7289410829544067,
      "cvar": 2.068302631378174
    },
    "(0.01, 1.0)": {
      "val_loss": 0.3388095498085022,
      "val_eval": 0.7467893958091736,
      "epochs": 30,
      "mse": 0.7467893958091736,
      "w2_global": 0.7318700551986694,
      "cvar": 2.0577335357666016
    },
    "(0.01, 5.0)": {
      "val_loss": 0.34053272008895874,
      "val_eval": 0.7338095307350159,
      "epochs": 30,
      "mse": 0.7338095307350159,
      "w2_global": 0.7363138794898987,
      "cvar": 2.0458085536956787
    },
    "(0.01, 10.0)": {
      "val_loss": 0.3659697473049164,
      "val_eval": 0.7386807203292847,
      "epochs": 30,
      "mse": 0.7386806607246399,
      "w2_global": 0.7278813719749451,
      "cvar": 2.0530598163604736
    },
    "(0.25, 0.1)": {
      "val_loss": 0.34231290221214294,
      "val_eval": 0.7309763431549072,
      "epochs": 30,
      "mse": 0.7309763431549072,
      "w2_global": 0.7330116629600525,
      "cvar": 2.0514562129974365
    },
    "(0.25, 1.0)": {
      "val_loss": 0.3350358009338379,
      "val_eval": 0.7380849719047546,
      "epochs": 30,
      "mse": 0.7380849719047546,
      "w2_global": 0.7288211584091187,
      "cvar": 2.062654972076416
    },
    "(0.25, 5.0)": {
      "val_loss": 0.3544299006462097,
      "val_eval": 0.749970018863678,
      "epochs": 30,
      "mse": 0.749970018863678,
      "w2_global": 0.7170702815055847,
      "cvar": 2.078193187713623
    },
    "(0.25, 10.0)": {
      "val_loss": 0.335748553276062,
      "val_eval": 0.7364235520362854,
      "epochs": 30,
      "mse": 0.7364234328269958,
      "w2_global": 0.7172272801399231,
      "cvar": 2.0761990547180176
    },
    "(0.5, 0.1)": {
      "val_loss": 0.34058210253715515,
      "val_eval": 0.7319173812866211,
      "epochs": 30,
      "mse": 0.7319173216819763,
      "w2_global": 0.7185013294219971,
      "cvar": 2.0653584003448486
    },
    "(0.5, 1.0)": {
      "val_loss": 0.34403473138809204,
      "val_eval": 0.7333965301513672,
      "epochs": 30,
      "mse": 0.7333965301513672,
      "w2_global": 0.7290586233139038,
      "cvar": 2.058877468109131
    },
    "(0.5, 5.0)": {
      "val_loss": 0.37492722272872925,
      "val_eval": 0.7364901900291443,
      "epochs": 30,
      "mse": 0.7364901900291443,
      "w2_global": 0.7276060581207275,
      "cvar": 2.0729496479034424
    },
    "(0.5, 10.0)": {
      "val_loss": 0.34396493434906006,
      "val_eval": 0.7392684817314148,
      "epochs": 30,
      "mse": 0.7392684817314148,
      "w2_global": 0.7184098362922668,
      "cvar": 2.069103717803955
    },
    "(0.75, 0.1)": {
      "val_loss": 0.33577021956443787,
      "val_eval": 0.732799232006073,
      "epochs": 30,
      "mse": 0.7327993512153625,
      "w2_global": 0.7309921979904175,
      "cvar": 2.0676920413970947
    },
    "(0.75, 1.0)": {
      "val_loss": 0.349783718585968,
      "val_eval": 0.7369170188903809,
      "epochs": 30,
      "mse": 0.7369170188903809,
      "w2_global": 0.7361037135124207,
      "cvar": 2.0638909339904785
    },
    "(0.75, 5.0)": {
      "val_loss": 0.3689534366130829,
      "val_eval": 0.7370361089706421,
      "epochs": 30,
      "mse": 0.7370361089706421,
      "w2_global": 0.7347657084465027,
      "cvar": 2.0369372367858887
    },
    "(0.75, 10.0)": {
      "val_loss": 0.34093332290649414,
      "val_eval": 0.7257609963417053,
      "epochs": 30,
      "mse": 0.7257609963417053,
      "w2_global": 0.7127184271812439,
      "cvar": 2.03480863571167
    },
    "(0.99, 0.1)": {
      "val_loss": 0.33378487825393677,
      "val_eval": 0.717130720615387,
      "epochs": 30,
      "mse": 0.717130720615387,
      "w2_global": 0.7018764615058899,
      "cvar": 2.011735200881958
    },
    "(0.99, 1.0)": {
      "val_loss": 0.3552260994911194,
      "val_eval": 0.7163475155830383,
      "epochs": 30,
      "mse": 0.7163474559783936,
      "w2_global": 0.7176563143730164,
      "cvar": 2.032208204269409
    },
    "(0.99, 5.0)": {
      "val_loss": 0.3357664942741394,
      "val_eval": 0.7143892049789429,
      "epochs": 30,
      "mse": 0.7143892049789429,
      "w2_global": 0.7104859352111816,
      "cvar": 1.9964723587036133
    },
    "(0.99, 10.0)": {
      "val_loss": 0.3314533829689026,
      "val_eval": 0.7142561078071594,
      "epochs": 30,
      "mse": 0.7142561078071594,
      "w2_global": 0.7139427065849304,
      "cvar": 2.0290348529815674
    }
  }
}