{
  "train": {
    "mse": 0.48507383465766907,
    "rmse": 0.6964724220367013,
    "mae": 0.472368985414505,
    "w2_global": 0.8340132236480713,
    "ae_summary": {
      "mean": 0.472368985414505,
      "std": 0.511802077293396,
      "min": 2.300366759300232e-05,
      "max": 4.785507678985596,
      "p50": 0.3328198194503784,
      "p90": 1.0484727621078491,
      "p95": 1.4852467775344849,
      "p99": 2.3207244873046875
    },
    "se_summary": {
      "mean": 0.48507383465766907,
      "std": 1.3446874618530273,
      "min": 5.291687088515573e-10,
      "max": 22.90108299255371,
      "p50": 0.11076928675174713,
      "p90": 1.0992965698242188,
      "p95": 2.205965995788574,
      "p99": 5.385855674743652
    }
  },
  "val": {
    "mse": 0.7142561078071594,
    "rmse": 0.8451367391180905,
    "mae": 0.6604758501052856,
    "w2_global": 0.7139427065849304,
    "ae_summary": {
      "mean": 0.6604758501052856,
      "std": 0.5272833704948425,
      "min": 2.296677848789841e-06,
      "max": 3.538658857345581,
      "p50": 0.521192193031311,
      "p90": 1.424441933631897,
      "p95": 1.6214334964752197,
      "p99": 1.9015204906463623
    },
    "se_summary": {
      "mean": 0.7142561078071594,
      "std": 0.987074077129364,
      "min": 5.274729004273171e-12,
      "max": 12.522106170654297,
      "p50": 0.2716413140296936,
      "p90": 2.0290348529815674,
      "p95": 2.629046678543091,
      "p99": 3.6157920360565186
    }
  },
  "test": {
    "mse": 0.8876116275787354,
    "rmse": 0.9421314279752774,
    "mae": 0.7195490002632141,
    "w2_global": 0.7794394493103027,
    "ae_summary": {
      "mean": 0.7195490002632141,
      "std": 0.6081617474555969,
      "min": 0.0005144979804754257,
      "max": 4.323548316955566,
      "p50": 0.5392131805419922,
      "p90": 1.5817780494689941,
      "p95": 2.031287431716919,
      "p99": 2.5905840396881104
    },
    "se_summary": {
      "mean": 0.8876116275787354,
      "std": 1.487945318222046,
      "min": 2.647081771556259e-07,
      "max": 18.693069458007812,
      "p50": 0.2907508611679077,
      "p90": 2.5020217895507812,
      "p95": 4.12613582611084,
      "p99": 6.7111287117004395
    }
  }
}