{
  "best_alpha": 0.99,
  "best_gamma": 1.0,
  "alpha_grid": [
    0.99
  ],
  "gamma_grid": [
    1.0
  ],
  "results": {
    "(0.99, 1.0)": {
      "val_loss": 0.015939836390316486,
      "val_eval": 1.237331211566925,
      "epoch": 30,
      "mse": 1.237331211566925
    }
  },
  "standalone_mode": true
}