{
  "train": {
    "mse": 0.012877998873591423,
    "rmse": 0.11348127102562529,
    "mae": 0.08660650998353958,
    "w2_global": 0.4848392903804779,
    "ae_summary": {
      "mean": 0.08660650998353958,
      "std": 0.07333015650510788,
      "min": 1.1920928955078125e-07,
      "max": 1.310164213180542,
      "p50": 0.06986868381500244,
      "p90": 0.18023863434791565,
      "p95": 0.22364577651023865,
      "p99": 0.3316577970981598
    },
    "se_summary": {
      "mean": 0.012877998873591423,
      "std": 0.02684895694255829,
      "min": 1.4210854715202004e-14,
      "max": 1.7165303230285645,
      "p50": 0.0048816329799592495,
      "p90": 0.0324859656393528,
      "p95": 0.05001743137836456,
      "p99": 0.10999688506126404
    }
  },
  "val": {
    "mse": 1.2872647047042847,
    "rmse": 1.1345768835580445,
    "mae": 0.9049636721611023,
    "w2_global": 0.5030422210693359,
    "ae_summary": {
      "mean": 0.9049636721611023,
      "std": 0.6843284964561462,
      "min": 3.4868717193603516e-06,
      "max": 3.6416893005371094,
      "p50": 0.8258795142173767,
      "p90": 1.8265788555145264,
      "p95": 2.209023952484131,
      "p99": 3.0907793045043945
    },
    "se_summary": {
      "mean": 1.2872647047042847,
      "std": 1.8054988384246826,
      "min": 1.2158274387275014e-11,
      "max": 13.261900901794434,
      "p50": 0.6820769906044006,
      "p90": 3.3363900184631348,
      "p95": 4.879786968231201,
      "p99": 9.552916526794434
    }
  },
  "test": {
    "mse": 1.2825355529785156,
    "rmse": 1.1324908622053051,
    "mae": 0.8998696208000183,
    "w2_global": 0.4800240993499756,
    "ae_summary": {
      "mean": 0.8998696208000183,
      "std": 0.687582790851593,
      "min": 6.109476089477539e-06,
      "max": 3.782726287841797,
      "p50": 0.811704695224762,
      "p90": 1.836095929145813,
      "p95": 2.2011525630950928,
      "p99": 3.084280014038086
    },
    "se_summary": {
      "mean": 1.2825355529785156,
      "std": 1.8103346824645996,
      "min": 3.732569808789776e-11,
      "max": 14.3090181350708,
      "p50": 0.6588644981384277,
      "p90": 3.371248245239258,
      "p95": 4.8450727462768555,
      "p99": 9.51278305053711
    }
  }
}