{
  "best_alpha": 0.99,
  "best_gamma": 1.0,
  "alpha_grid": [
    0.99
  ],
  "gamma_grid": [
    1.0
  ],
  "results": {
    "(0.99, 1.0)": {
      "val_loss": 0.004321834538131952,
      "val_eval": 1.1937613487243652,
      "epoch": 30,
      "mse": 1.1937613487243652
    }
  },
  "standalone_mode": true
}