{
  "train": {
    "mse": 0.003624094882979989,
    "rmse": 0.06020045583697842,
    "mae": 0.04200298711657524,
    "w2_global": 0.36934542655944824,
    "ae_summary": {
      "mean": 0.04200298711657524,
      "std": 0.043125905096530914,
      "min": 2.8312206268310547e-06,
      "max": 0.5824747681617737,
      "p50": 0.030443735420703888,
      "p90": 0.09033861756324768,
      "p95": 0.11114604026079178,
      "p99": 0.20919348299503326
    },
    "se_summary": {
      "mean": 0.003624094882979989,
      "std": 0.011210202239453793,
      "min": 8.01581023779363e-12,
      "max": 0.33927685022354126,
      "p50": 0.0009268210269510746,
      "p90": 0.00816106516867876,
      "p95": 0.012353447265923023,
      "p99": 0.0437619574368
    }
  },
  "val": {
    "mse": 1.1937614679336548,
    "rmse": 1.0925939172142844,
    "mae": 0.8298457264900208,
    "w2_global": 0.32324475049972534,
    "ae_summary": {
      "mean": 0.8298457264900208,
      "std": 0.710716187953949,
      "min": 0.0002340078353881836,
      "max": 5.36907958984375,
      "p50": 0.6592164039611816,
      "p90": 1.7394726276397705,
      "p95": 2.1320481300354004,
      "p99": 3.120375394821167
    },
    "se_summary": {
      "mean": 1.1937614679336548,
      "std": 2.178211212158203,
      "min": 5.475966702306323e-08,
      "max": 28.827014923095703,
      "p50": 0.4345662593841553,
      "p90": 3.025773048400879,
      "p95": 4.545685768127441,
      "p99": 9.736766815185547
    }
  },
  "test": {
    "mse": 1.2510415315628052,
    "rmse": 1.118499678838937,
    "mae": 0.8198168277740479,
    "w2_global": 0.3687533140182495,
    "ae_summary": {
      "mean": 0.8198168277740479,
      "std": 0.7608823180198669,
      "min": 0.0007576942443847656,
      "max": 8.201582908630371,
      "p50": 0.6155791282653809,
      "p90": 1.7386338710784912,
      "p95": 2.1584572792053223,
      "p99": 3.833817720413208
    },
    "se_summary": {
      "mean": 1.2510415315628052,
      "std": 2.8068947792053223,
      "min": 5.741005679738009e-07,
      "max": 67.26596069335938,
      "p50": 0.37893766164779663,
      "p90": 3.0228476524353027,
      "p95": 4.658944129943848,
      "p99": 14.698164939880371
    }
  }
}