{
  "train": {
    "mse": 0.3493178188800812,
    "rmse": 0.5910311488238849,
    "mae": 0.354288786649704,
    "w2_global": 0.21203285455703735,
    "ae_summary": {
      "mean": 0.354288786649704,
      "std": 0.47307220101356506,
      "min": 1.0728836059570312e-06,
      "max": 72.55592346191406,
      "p50": 0.23671120405197144,
      "p90": 0.7803492546081543,
      "p95": 1.0508599281311035,
      "p99": 1.852318286895752
    },
    "se_summary": {
      "mean": 0.3493178188800812,
      "std": 11.589158058166504,
      "min": 1.1510792319313623e-12,
      "max": 5264.36181640625,
      "p50": 0.056032195687294006,
      "p90": 0.6089449524879456,
      "p95": 1.104306697845459,
      "p99": 3.4310829639434814
    }
  },
  "val": {
    "mse": 0.5545265674591064,
    "rmse": 0.7446654063800107,
    "mae": 0.4286167323589325,
    "w2_global": 0.2236606776714325,
    "ae_summary": {
      "mean": 0.4286167323589325,
      "std": 0.6089452505111694,
      "min": 2.9802322387695312e-06,
      "max": 35.71739196777344,
      "p50": 0.2763192057609558,
      "p90": 0.9472746849060059,
      "p95": 1.3005752563476562,
      "p99": 2.369990348815918
    },
    "se_summary": {
      "mean": 0.5545265674591064,
      "std": 8.113828659057617,
      "min": 8.881784197001252e-12,
      "max": 1275.7320556640625,
      "p50": 0.0763523057103157,
      "p90": 0.8973293304443359,
      "p95": 1.6914960145950317,
      "p99": 5.616854190826416
    }
  },
  "test": {
    "mse": 0.5228687524795532,
    "rmse": 0.7230966411756822,
    "mae": 0.42608118057250977,
    "w2_global": 0.20847167074680328,
    "ae_summary": {
      "mean": 0.42608118057250977,
      "std": 0.584229052066803,
      "min": 2.805609256029129e-06,
      "max": 35.78651809692383,
      "p50": 0.27513396739959717,
      "p90": 0.9496774673461914,
      "p95": 1.2930898666381836,
      "p99": 2.3141989707946777
    },
    "se_summary": {
      "mean": 0.5228687524795532,
      "std": 7.543577671051025,
      "min": 7.871443080675888e-12,
      "max": 1280.6749267578125,
      "p50": 0.07569870352745056,
      "p90": 0.9018872976303101,
      "p95": 1.672081470489502,
      "p99": 5.355517864227295
    }
  }
}