{
  "best_alpha": 0.99,
  "best_gamma": 10.0,
  "alpha_grid": [
    0.99
  ],
  "gamma_grid": [
    10.0
  ],
  "results": {
    "(0.99, 10.0)": {
      "val_loss": 0.026988501875446394,
      "val_eval": 1.0658136101869435,
      "epoch": 30,
      "mse": 1.0658136101869435
    }
  },
  "standalone_mode": true
}