{
  "train": {
    "mse": 0.03101564571261406,
    "rmse": 0.17611259385011072,
    "mae": 0.09949637204408646,
    "w2_global": 0.26520609855651855,
    "ae_summary": {
      "mean": 0.09949637204408646,
      "std": 0.14531385898590088,
      "min": 0.0,
      "max": 21.540475845336914,
      "p50": 0.06697161495685577,
      "p90": 0.21028254926204681,
      "p95": 0.28991276025772095,
      "p99": 0.5494480133056641
    },
    "se_summary": {
      "mean": 0.03101564571261406,
      "std": 0.94240802526474,
      "min": 0.0,
      "max": 463.9920959472656,
      "p50": 0.004485197365283966,
      "p90": 0.0442187525331974,
      "p95": 0.08404940366744995,
      "p99": 0.30189311504364014
    }
  },
  "val": {
    "mse": 1.0670310258865356,
    "rmse": 1.0329719385765208,
    "mae": 0.7390567064285278,
    "w2_global": 0.2607632577419281,
    "ae_summary": {
      "mean": 0.7390567064285278,
      "std": 0.7216829657554626,
      "min": 3.327801823616028e-05,
      "max": 32.32743453979492,
      "p50": 0.5650973916053772,
      "p90": 1.5582776069641113,
      "p95": 1.9484144449234009,
      "p99": 3.025304079055786
    },
    "se_summary": {
      "mean": 1.0670310258865356,
      "std": 6.833651542663574,
      "min": 1.1074264838484282e-09,
      "max": 1045.06298828125,
      "p50": 0.31933507323265076,
      "p90": 2.4282290935516357,
      "p95": 3.796318769454956,
      "p99": 9.152464866638184
    }
  },
  "test": {
    "mse": 1.0882545709609985,
    "rmse": 1.0431944070790442,
    "mae": 0.7365449070930481,
    "w2_global": 0.2733267843723297,
    "ae_summary": {
      "mean": 0.7365449070930481,
      "std": 0.738753080368042,
      "min": 8.199363946914673e-06,
      "max": 36.07877731323242,
      "p50": 0.5660460591316223,
      "p90": 1.560706615447998,
      "p95": 1.9387259483337402,
      "p99": 2.90922474861145
    },
    "se_summary": {
      "mean": 1.0882545709609985,
      "std": 9.456392288208008,
      "min": 6.722956913396416e-11,
      "max": 1301.67822265625,
      "p50": 0.3204081356525421,
      "p90": 2.435805320739746,
      "p95": 3.7586586475372314,
      "p99": 8.46358871459961
    }
  }
}