{
  "train": {
    "mse": 2689.340087890625,
    "rmse": 51.85884773007037,
    "mae": 39.54133224487305,
    "w2_global": 1.033359169960022,
    "ae_summary": {
      "mean": 39.54133224487305,
      "std": 33.55328369140625,
      "min": 0.004912614822387695,
      "max": 313.8800354003906,
      "p50": 31.281837463378906,
      "p90": 83.21629333496094,
      "p95": 104.90740966796875,
      "p99": 152.94520568847656
    },
    "se_summary": {
      "mean": 2689.340087890625,
      "std": 4975.53466796875,
      "min": 2.4133783881552517e-05,
      "max": 98520.6796875,
      "p50": 978.5534057617188,
      "p90": 6924.951171875,
      "p95": 11005.56640625,
      "p99": 23392.251953125
    }
  },
  "val": {
    "mse": 7.999454021453857,
    "rmse": 2.8283306068162997,
    "mae": 0.7017508745193481,
    "w2_global": 0.7816025018692017,
    "ae_summary": {
      "mean": 0.7017508745193481,
      "std": 2.7398905754089355,
      "min": 0.0032746195793151855,
      "max": 21.657899856567383,
      "p50": 0.15261846780776978,
      "p90": 0.5882251858711243,
      "p95": 0.9606091976165771,
      "p99": 15.611292839050293
    },
    "se_summary": {
      "mean": 7.999454021453857,
      "std": 47.06466293334961,
      "min": 1.0723133527790196e-05,
      "max": 469.06463623046875,
      "p50": 0.02329239621758461,
      "p90": 0.3460135757923126,
      "p95": 0.924295961856842,
      "p99": 243.87242126464844
    }
  },
  "test": {
    "mse": 112.91366577148438,
    "rmse": 10.626084216280445,
    "mae": 2.858916759490967,
    "w2_global": 3.286451816558838,
    "ae_summary": {
      "mean": 2.858916759490967,
      "std": 10.234269142150879,
      "min": 0.00030499696731567383,
      "max": 127.36875915527344,
      "p50": 0.17424917221069336,
      "p90": 8.343857765197754,
      "p95": 18.6494083404541,
      "p99": 41.273292541503906
    },
    "se_summary": {
      "mean": 112.91366577148438,
      "std": 928.4685668945312,
      "min": 9.302314651904453e-08,
      "max": 16222.80078125,
      "p50": 0.030362773686647415,
      "p90": 69.64384460449219,
      "p95": 347.8611145019531,
      "p99": 1710.177978515625
    }
  }
}