{
  "train": {
    "mse": 0.0,
    "rmse": 0.0,
    "mae": 0.0,
    "w2_global": 0.5319191217422485,
    "ae_summary": {
      "mean": 0.0,
      "std": 0.0,
      "min": 0.0,
      "max": 0.0,
      "p50": 0.0,
      "p90": 0.0,
      "p95": 0.0,
      "p99": 0.0
    },
    "se_summary": {
      "mean": 0.0,
      "std": 0.0,
      "min": 0.0,
      "max": 0.0,
      "p50": 0.0,
      "p90": 0.0,
      "p95": 0.0,
      "p99": 0.0
    }
  },
  "val": {
    "mse": 1.6474418640136719,
    "rmse": 1.2835271185345762,
    "mae": 0.9841641783714294,
    "w2_global": 0.23191064596176147,
    "ae_summary": {
      "mean": 0.9841641783714294,
      "std": 0.8239311575889587,
      "min": 0.0,
      "max": 5.2174835205078125,
      "p50": 0.7759929299354553,
      "p90": 2.095484972000122,
      "p95": 2.6041834354400635,
      "p99": 3.6313302516937256
    },
    "se_summary": {
      "mean": 1.6474418640136719,
      "std": 2.6188197135925293,
      "min": 0.0,
      "max": 27.22213363647461,
      "p50": 0.6021650433540344,
      "p90": 4.391057014465332,
      "p95": 6.781772613525391,
      "p99": 13.186562538146973
    }
  },
  "test": {
    "mse": 1.3521593809127808,
    "rmse": 1.1628238821561847,
    "mae": 0.8871644139289856,
    "w2_global": 0.37007397413253784,
    "ae_summary": {
      "mean": 0.8871644139289856,
      "std": 0.7517305016517639,
      "min": 0.0,
      "max": 5.17008638381958,
      "p50": 0.6903566718101501,
      "p90": 1.9460692405700684,
      "p95": 2.3483083248138428,
      "p99": 3.233140468597412
    },
    "se_summary": {
      "mean": 1.3521593809127808,
      "std": 2.283221483230591,
      "min": 0.0,
      "max": 26.729793548583984,
      "p50": 0.47659236192703247,
      "p90": 3.7871856689453125,
      "p95": 5.514551639556885,
      "p99": 10.453252792358398
    }
  }
}