{
  "train": {
    "mse": 0.0,
    "rmse": 0.0,
    "mae": 0.0,
    "w2_global": 0.018305588513612747,
    "ae_summary": {
      "mean": 0.0,
      "std": 0.0,
      "min": 0.0,
      "max": 0.0,
      "p50": 0.0,
      "p90": 0.0,
      "p95": 0.0,
      "p99": 0.0
    },
    "se_summary": {
      "mean": 0.0,
      "std": 0.0,
      "min": 0.0,
      "max": 0.0,
      "p50": 0.0,
      "p90": 0.0,
      "p95": 0.0,
      "p99": 0.0
    }
  },
  "val": {
    "mse": 0.2098117470741272,
    "rmse": 0.45805212266086837,
    "mae": 0.31729719042778015,
    "w2_global": 0.016534265130758286,
    "ae_summary": {
      "mean": 0.31729719042778015,
      "std": 0.3303547203540802,
      "min": 0.0010640546679496765,
      "max": 2.7485063076019287,
      "p50": 0.22908347845077515,
      "p90": 0.6510654091835022,
      "p95": 1.0409729480743408,
      "p99": 1.5061205625534058
    },
    "se_summary": {
      "mean": 0.2098117470741272,
      "std": 0.5491092205047607,
      "min": 1.1322123327772715e-06,
      "max": 7.554286956787109,
      "p50": 0.05247924104332924,
      "p90": 0.42394617199897766,
      "p95": 1.083650827407837,
      "p99": 2.273374319076538
    }
  },
  "test": {
    "mse": 0.2864603102207184,
    "rmse": 0.5352198709135512,
    "mae": 0.3428187370300293,
    "w2_global": 0.025149522349238396,
    "ae_summary": {
      "mean": 0.3428187370300293,
      "std": 0.4110177755355835,
      "min": 0.0001882314682006836,
      "max": 4.434423446655273,
      "p50": 0.20393741130828857,
      "p90": 0.8302712440490723,
      "p95": 1.181293249130249,
      "p99": 1.9056695699691772
    },
    "se_summary": {
      "mean": 0.2864603102207184,
      "std": 0.9052377343177795,
      "min": 3.543108562098496e-08,
      "max": 19.664112091064453,
      "p50": 0.04159046709537506,
      "p90": 0.6893588304519653,
      "p95": 1.3955695629119873,
      "p99": 3.6320409774780273
    }
  }
}