{
  "best_alpha": 0.99,
  "best_gamma": 0.1,
  "alpha_grid": [
    0.99
  ],
  "gamma_grid": [
    0.1
  ],
  "results": {
    "(0.99, 0.1)": {
      "val_loss": 0.04861994832754135,
      "val_eval": 0.053917139768600464,
      "epoch": 30,
      "mse": 0.053917139768600464
    }
  },
  "standalone_mode": true
}