{
  "train": {
    "mse": 0.043397869914770126,
    "rmse": 0.2083215541291158,
    "mae": 0.15640822052955627,
    "w2_global": 0.009984583593904972,
    "ae_summary": {
      "mean": 0.15640822052955627,
      "std": 0.13760210573673248,
      "min": 9.5367431640625e-07,
      "max": 1.7430548667907715,
      "p50": 0.12167485058307648,
      "p90": 0.3317232131958008,
      "p95": 0.4164199233055115,
      "p99": 0.6361610889434814
    },
    "se_summary": {
      "mean": 0.043397869914770126,
      "std": 0.08957014977931976,
      "min": 9.094947017729282e-13,
      "max": 3.0382401943206787,
      "p50": 0.014804769307374954,
      "p90": 0.11004029214382172,
      "p95": 0.17340555787086487,
      "p99": 0.4047009348869324
    }
  },
  "val": {
    "mse": 0.053917136043310165,
    "rmse": 0.23220063747395303,
    "mae": 0.17059330642223358,
    "w2_global": 0.011003716848790646,
    "ae_summary": {
      "mean": 0.17059330642223358,
      "std": 0.15752796828746796,
      "min": 0.00015944242477416992,
      "max": 1.3421106338500977,
      "p50": 0.12871743738651276,
      "p90": 0.3568814694881439,
      "p95": 0.47374460101127625,
      "p99": 0.7545782327651978
    },
    "se_summary": {
      "mean": 0.053917136043310165,
      "std": 0.11967045813798904,
      "min": 2.5421886817866834e-08,
      "max": 1.8012609481811523,
      "p50": 0.016568178310990334,
      "p90": 0.12736450135707855,
      "p95": 0.22443395853042603,
      "p99": 0.5694049596786499
    }
  },
  "test": {
    "mse": 0.05365714430809021,
    "rmse": 0.23164011808857768,
    "mae": 0.17372798919677734,
    "w2_global": 0.009927602484822273,
    "ae_summary": {
      "mean": 0.17372798919677734,
      "std": 0.15321791172027588,
      "min": 7.56382942199707e-05,
      "max": 1.1684436798095703,
      "p50": 0.1333962082862854,
      "p90": 0.377579003572464,
      "p95": 0.48861849308013916,
      "p99": 0.7125387787818909
    },
    "se_summary": {
      "mean": 0.05365714430809021,
      "std": 0.09971516579389572,
      "min": 5.7211515525068535e-09,
      "max": 1.3652606010437012,
      "p50": 0.017794547602534294,
      "p90": 0.14256590604782104,
      "p95": 0.23874802887439728,
      "p99": 0.5077115297317505
    }
  }
}