{
  "best_alpha": 0.99,
  "best_gamma": 10.0,
  "alpha_grid": [
    0.01,
    0.25,
    0.5,
    0.75,
    0.99
  ],
  "gamma_grid": [
    0.1,
    1.0,
    5.0,
    10.0
  ],
  "results": {
    "(0.01, 0.1)": {
      "val_loss": 0.3303442895412445,
      "val_eval": 1.0825330018997192,
      "epoch": 30,
      "mse": 1.0825328826904297,
      "w2_global": 0.8620630502700806,
      "cvar": 1.952509880065918
    },
    "(0.01, 1.0)": {
      "val_loss": 0.3295884430408478,
      "val_eval": 1.0814086198806763,
      "epoch": 30,
      "mse": 1.0814086198806763,
      "w2_global": 0.8614085912704468,
      "cvar": 1.9418572187423706
    },
    "(0.01, 5.0)": {
      "val_loss": 0.3332096338272095,
      "val_eval": 1.0838227272033691,
      "epoch": 30,
      "mse": 1.0838227272033691,
      "w2_global": 0.8618172407150269,
      "cvar": 1.95552659034729
    },
    "(0.01, 10.0)": {
      "val_loss": 0.3325076699256897,
      "val_eval": 1.0831159353256226,
      "epoch": 29,
      "mse": 1.083115816116333,
      "w2_global": 0.8636703491210938,
      "cvar": 1.950628638267517
    },
    "(0.25, 0.1)": {
      "val_loss": 0.33099478483200073,
      "val_eval": 1.0830827951431274,
      "epoch": 30,
      "mse": 1.0830827951431274,
      "w2_global": 0.8626214265823364,
      "cvar": 1.9521937370300293
    },
    "(0.25, 1.0)": {
      "val_loss": 0.331840455532074,
      "val_eval": 1.082553505897522,
      "epoch": 30,
      "mse": 1.082553505897522,
      "w2_global": 0.8650294542312622,
      "cvar": 1.9570469856262207
    },
    "(0.25, 5.0)": {
      "val_loss": 0.3295597732067108,
      "val_eval": 1.0798511505126953,
      "epoch": 30,
      "mse": 1.0798511505126953,
      "w2_global": 0.8603301644325256,
      "cvar": 1.9402191638946533
    },
    "(0.25, 10.0)": {
      "val_loss": 0.32927829027175903,
      "val_eval": 1.0812406539916992,
      "epoch": 30,
      "mse": 1.0812406539916992,
      "w2_global": 0.8617053031921387,
      "cvar": 1.9460276365280151
    },
    "(0.5, 0.1)": {
      "val_loss": 0.32941049337387085,
      "val_eval": 1.0814467668533325,
      "epoch": 30,
      "mse": 1.081446647644043,
      "w2_global": 0.8620771765708923,
      "cvar": 1.942101240158081
    },
    "(0.5, 1.0)": {
      "val_loss": 0.33094707131385803,
      "val_eval": 1.080958604812622,
      "epoch": 30,
      "mse": 1.080958604812622,
      "w2_global": 0.8611287474632263,
      "cvar": 1.9451367855072021
    },
    "(0.5, 5.0)": {
      "val_loss": 0.3309890031814575,
      "val_eval": 1.0828375816345215,
      "epoch": 30,
      "mse": 1.0828375816345215,
      "w2_global": 0.8622468113899231,
      "cvar": 1.9505031108856201
    },
    "(0.5, 10.0)": {
      "val_loss": 0.3297378420829773,
      "val_eval": 1.082410216331482,
      "epoch": 30,
      "mse": 1.082410216331482,
      "w2_global": 0.859738290309906,
      "cvar": 1.9524904489517212
    },
    "(0.75, 0.1)": {
      "val_loss": 0.32653486728668213,
      "val_eval": 1.0787053108215332,
      "epoch": 30,
      "mse": 1.0787053108215332,
      "w2_global": 0.8590978384017944,
      "cvar": 1.943472981452942
    },
    "(0.75, 1.0)": {
      "val_loss": 0.3264244794845581,
      "val_eval": 1.0774410963058472,
      "epoch": 30,
      "mse": 1.0774410963058472,
      "w2_global": 0.8618699908256531,
      "cvar": 1.9347636699676514
    },
    "(0.75, 5.0)": {
      "val_loss": 0.32801565527915955,
      "val_eval": 1.077355980873108,
      "epoch": 30,
      "mse": 1.077355980873108,
      "w2_global": 0.8582955002784729,
      "cvar": 1.943070888519287
    },
    "(0.75, 10.0)": {
      "val_loss": 0.32971900701522827,
      "val_eval": 1.0825048685073853,
      "epoch": 30,
      "mse": 1.0825049877166748,
      "w2_global": 0.8623219728469849,
      "cvar": 1.9622089862823486
    },
    "(0.99, 0.1)": {
      "val_loss": 0.24918821454048157,
      "val_eval": 0.8255528211593628,
      "epoch": 30,
      "mse": 0.8255528211593628,
      "w2_global": 0.6368993520736694,
      "cvar": 0.982630729675293
    },
    "(0.99, 1.0)": {
      "val_loss": 0.23450274765491486,
      "val_eval": 0.8076325058937073,
      "epoch": 30,
      "mse": 0.8076325058937073,
      "w2_global": 0.6307064294815063,
      "cvar": 0.883535623550415
    },
    "(0.99, 5.0)": {
      "val_loss": 0.23231357336044312,
      "val_eval": 0.8236507773399353,
      "epoch": 30,
      "mse": 0.8236507177352905,
      "w2_global": 0.6693853735923767,
      "cvar": 0.9196687936782837
    },
    "(0.99, 10.0)": {
      "val_loss": 0.22404401004314423,
      "val_eval": 0.8053721785545349,
      "epoch": 30,
      "mse": 0.8053722381591797,
      "w2_global": 0.6468623876571655,
      "cvar": 0.8588362336158752
    }
  }
}