{
  "train": {
    "mse": 0.25733062624931335,
    "rmse": 0.5072776618867751,
    "mae": 0.24458467960357666,
    "w2_global": 0.6002563834190369,
    "ae_summary": {
      "mean": 0.24458467960357666,
      "std": 0.4444197416305542,
      "min": 2.9802322387695312e-08,
      "max": 19.25412940979004,
      "p50": 0.10412508249282837,
      "p90": 0.6012001037597656,
      "p95": 0.8062270283699036,
      "p99": 1.4199548959732056
    },
    "se_summary": {
      "mean": 0.25733062624931335,
      "std": 4.213592529296875,
      "min": 8.881784197001252e-16,
      "max": 370.72149658203125,
      "p50": 0.010842032730579376,
      "p90": 0.36144155263900757,
      "p95": 0.6500020027160645,
      "p99": 2.016293525695801
    }
  },
  "val": {
    "mse": 0.8053722381591797,
    "rmse": 0.897425338487375,
    "mae": 0.43925681710243225,
    "w2_global": 0.6468623876571655,
    "ae_summary": {
      "mean": 0.43925681710243225,
      "std": 0.7825762629508972,
      "min": 5.4508447647094727e-05,
      "max": 32.0955810546875,
      "p50": 0.26928097009658813,
      "p90": 0.9267341494560242,
      "p95": 1.223831295967102,
      "p99": 2.717992067337036
    },
    "se_summary": {
      "mean": 0.8053722381591797,
      "std": 13.783736228942871,
      "min": 2.9711708648960666e-09,
      "max": 1030.1263427734375,
      "p50": 0.07251223921775818,
      "p90": 0.8588362336158752,
      "p95": 1.4977630376815796,
      "p99": 7.387505054473877
    }
  },
  "test": {
    "mse": 1.0314583778381348,
    "rmse": 1.0156073935523189,
    "mae": 0.45326849818229675,
    "w2_global": 0.7711970806121826,
    "ae_summary": {
      "mean": 0.45326849818229675,
      "std": 0.908848762512207,
      "min": 5.811452865600586e-07,
      "max": 36.863948822021484,
      "p50": 0.2741711139678955,
      "p90": 0.9161756038665771,
      "p95": 1.2300899028778076,
      "p99": 3.2368664741516113
    },
    "se_summary": {
      "mean": 1.0314583778381348,
      "std": 17.631168365478516,
      "min": 3.377298440909726e-13,
      "max": 1358.95068359375,
      "p50": 0.07516980171203613,
      "p90": 0.8393777012825012,
      "p95": 1.513121247291565,
      "p99": 10.47730541229248
    }
  }
}