{
  "train": {
    "mse": 0.0,
    "rmse": 0.0,
    "mae": 0.0,
    "w2_global": 0.2235555648803711,
    "ae_summary": {
      "mean": 0.0,
      "std": 0.0,
      "min": 0.0,
      "max": 0.0,
      "p50": 0.0,
      "p90": 0.0,
      "p95": 0.0,
      "p99": 0.0
    },
    "se_summary": {
      "mean": 0.0,
      "std": 0.0,
      "min": 0.0,
      "max": 0.0,
      "p50": 0.0,
      "p90": 0.0,
      "p95": 0.0,
      "p99": 0.0
    }
  },
  "val": {
    "mse": 5.455717086791992,
    "rmse": 2.335747650494803,
    "mae": 1.7867457866668701,
    "w2_global": 1.0768038034439087,
    "ae_summary": {
      "mean": 1.7867457866668701,
      "std": 1.5044124126434326,
      "min": 0.0004118382930755615,
      "max": 12.214561462402344,
      "p50": 1.4281792640686035,
      "p90": 3.7785115242004395,
      "p95": 4.760437488555908,
      "p99": 6.844999313354492
    },
    "se_summary": {
      "mean": 5.455717086791992,
      "std": 9.485289573669434,
      "min": 1.6961078586064104e-07,
      "max": 149.1955108642578,
      "p50": 2.039695978164673,
      "p90": 14.277151107788086,
      "p95": 22.661767959594727,
      "p99": 46.85421371459961
    }
  },
  "test": {
    "mse": 3.446690320968628,
    "rmse": 1.8565264126773495,
    "mae": 1.4247405529022217,
    "w2_global": 0.6021361351013184,
    "ae_summary": {
      "mean": 1.4247405529022217,
      "std": 1.1902960538864136,
      "min": 0.00015684962272644043,
      "max": 10.009746551513672,
      "p50": 1.1322389841079712,
      "p90": 3.043593406677246,
      "p95": 3.778236150741577,
      "p99": 5.322498321533203
    },
    "se_summary": {
      "mean": 3.446690320968628,
      "std": 5.997274875640869,
      "min": 2.460180326124828e-08,
      "max": 100.19502258300781,
      "p50": 1.2819651365280151,
      "p90": 9.26346206665039,
      "p95": 14.275069236755371,
      "p99": 28.329010009765625
    }
  }
}