{
  "train": {
    "mse": 0.5931289792060852,
    "rmse": 0.770148673443047,
    "mae": 0.5156511068344116,
    "w2_global": 0.4203825891017914,
    "ae_summary": {
      "mean": 0.5156511068344116,
      "std": 0.5720427632331848,
      "min": 1.3113021850585938e-06,
      "max": 23.85127830505371,
      "p50": 0.3768487274646759,
      "p90": 1.090611219406128,
      "p95": 1.420255422592163,
      "p99": 2.4429895877838135
    },
    "se_summary": {
      "mean": 0.5931289792060852,
      "std": 4.122412204742432,
      "min": 1.7195134205394424e-12,
      "max": 568.8834838867188,
      "p50": 0.14201496541500092,
      "p90": 1.1894328594207764,
      "p95": 2.0171256065368652,
      "p99": 5.968197822570801
    }
  },
  "val": {
    "mse": 0.6870824694633484,
    "rmse": 0.8289043789625848,
    "mae": 0.5372694134712219,
    "w2_global": 0.4381749629974365,
    "ae_summary": {
      "mean": 0.5372694134712219,
      "std": 0.6312084197998047,
      "min": 4.410743713378906e-06,
      "max": 48.15327072143555,
      "p50": 0.39496099948883057,
      "p90": 1.1386593580245972,
      "p95": 1.4788440465927124,
      "p99": 2.4761745929718018
    },
    "se_summary": {
      "mean": 0.6870824694633484,
      "std": 9.482104301452637,
      "min": 1.9454660105111543e-11,
      "max": 2318.737548828125,
      "p50": 0.15599419176578522,
      "p90": 1.2965450286865234,
      "p95": 2.1869795322418213,
      "p99": 6.131440162658691
    }
  },
  "test": {
    "mse": 0.6933720707893372,
    "rmse": 0.8326896605514789,
    "mae": 0.5407840609550476,
    "w2_global": 0.4420859217643738,
    "ae_summary": {
      "mean": 0.5407840609550476,
      "std": 0.6331861615180969,
      "min": 4.133209586143494e-06,
      "max": 61.71664810180664,
      "p50": 0.3969038426876068,
      "p90": 1.145261287689209,
      "p95": 1.4897449016571045,
      "p99": 2.491981029510498
    },
    "se_summary": {
      "mean": 0.6933720707893372,
      "std": 10.731725692749023,
      "min": 1.708342148298847e-11,
      "max": 3808.944580078125,
      "p50": 0.15753266215324402,
      "p90": 1.311623454093933,
      "p95": 2.2193398475646973,
      "p99": 6.209969520568848
    }
  }
}