{
  "train": {
    "mse": 0.3590106666088104,
    "rmse": 0.5991749883037596,
    "mae": 0.39077091217041016,
    "w2_global": 0.6536410450935364,
    "ae_summary": {
      "mean": 0.39077091217041016,
      "std": 0.4542122483253479,
      "min": 3.113504499197006e-05,
      "max": 28.511850357055664,
      "p50": 0.26529109477996826,
      "p90": 0.8625882267951965,
      "p95": 1.1713424921035767,
      "p99": 2.0278666019439697
    },
    "se_summary": {
      "mean": 0.3590106666088104,
      "std": 4.053205490112305,
      "min": 9.693910119068505e-10,
      "max": 812.9255981445312,
      "p50": 0.07037937641143799,
      "p90": 0.7440584897994995,
      "p95": 1.372043251991272,
      "p99": 4.112242698669434
    }
  },
  "val": {
    "mse": 0.8936958909034729,
    "rmse": 0.9453549020888784,
    "mae": 0.6433276534080505,
    "w2_global": 0.657343864440918,
    "ae_summary": {
      "mean": 0.6433276534080505,
      "std": 0.692694365978241,
      "min": 8.687376976013184e-06,
      "max": 39.30512619018555,
      "p50": 0.45584866404533386,
      "p90": 1.4377280473709106,
      "p95": 1.8689866065979004,
      "p99": 2.892876148223877
    },
    "se_summary": {
      "mean": 0.8936958909034729,
      "std": 6.688014030456543,
      "min": 7.547051872336397e-11,
      "max": 1544.8929443359375,
      "p50": 0.20779800415039062,
      "p90": 2.0670619010925293,
      "p95": 3.4931108951568604,
      "p99": 8.368731498718262
    }
  },
  "test": {
    "mse": 0.9458640813827515,
    "rmse": 0.9725554387194344,
    "mae": 0.6672611236572266,
    "w2_global": 0.6740469336509705,
    "ae_summary": {
      "mean": 0.6672611236572266,
      "std": 0.7075496315956116,
      "min": 4.3995678424835205e-06,
      "max": 30.65003204345703,
      "p50": 0.4741584062576294,
      "p90": 1.4577805995941162,
      "p95": 1.915979266166687,
      "p99": 3.2083210945129395
    },
    "se_summary": {
      "mean": 0.9458640813827515,
      "std": 4.090449333190918,
      "min": 1.93561972006151e-11,
      "max": 939.4244384765625,
      "p50": 0.22482618689537048,
      "p90": 2.125124454498291,
      "p95": 3.670976400375366,
      "p99": 10.293323516845703
    }
  }
}