{
  "best_alpha": 0.99,
  "best_gamma": 10.0,
  "alpha_grid": [
    0.01,
    0.25,
    0.5,
    0.75,
    0.99
  ],
  "gamma_grid": [
    0.1,
    1.0,
    5.0,
    10.0
  ],
  "results": {
    "(0.01, 0.1)": {
      "val_loss": 1.174155354499817,
      "val_eval": 1.161068081855774,
      "epochs": 30,
      "mse": 1.161068081855774,
      "w2_global": 0.4703187942504883,
      "cvar": 4.145196914672852
    },
    "(0.01, 1.0)": {
      "val_loss": 0.9460137486457825,
      "val_eval": 0.956687867641449,
      "epochs": 30,
      "mse": 0.9566877484321594,
      "w2_global": 0.42534586787223816,
      "cvar": 3.213655471801758
    },
    "(0.01, 5.0)": {
      "val_loss": 1.1680140495300293,
      "val_eval": 1.1664254665374756,
      "epochs": 30,
      "mse": 1.1664254665374756,
      "w2_global": 0.4769818186759949,
      "cvar": 3.943025827407837
    },
    "(0.01, 10.0)": {
      "val_loss": 1.3601738214492798,
      "val_eval": 1.35348641872406,
      "epochs": 30,
      "mse": 1.3534865379333496,
      "w2_global": 0.5119938254356384,
      "cvar": 4.857137680053711
    },
    "(0.25, 0.1)": {
      "val_loss": 0.7895404100418091,
      "val_eval": 0.7789813876152039,
      "epochs": 30,
      "mse": 0.7789813280105591,
      "w2_global": 0.37360942363739014,
      "cvar": 2.520681142807007
    },
    "(0.25, 1.0)": {
      "val_loss": 0.8635388612747192,
      "val_eval": 0.8745150566101074,
      "epochs": 30,
      "mse": 0.8745151162147522,
      "w2_global": 0.40937355160713196,
      "cvar": 3.0633277893066406
    },
    "(0.25, 5.0)": {
      "val_loss": 0.8815658688545227,
      "val_eval": 0.8724562525749207,
      "epochs": 30,
      "mse": 0.8724563121795654,
      "w2_global": 0.40603506565093994,
      "cvar": 2.9846668243408203
    },
    "(0.25, 10.0)": {
      "val_loss": 0.8577730655670166,
      "val_eval": 0.8547524809837341,
      "epochs": 30,
      "mse": 0.8547524809837341,
      "w2_global": 0.4029982388019562,
      "cvar": 2.8753421306610107
    },
    "(0.5, 0.1)": {
      "val_loss": 0.6628620028495789,
      "val_eval": 0.6593948006629944,
      "epochs": 30,
      "mse": 0.6593948006629944,
      "w2_global": 0.3460865318775177,
      "cvar": 1.8708605766296387
    },
    "(0.5, 1.0)": {
      "val_loss": 0.5315385460853577,
      "val_eval": 0.5431420803070068,
      "epochs": 30,
      "mse": 0.5431421399116516,
      "w2_global": 0.295928418636322,
      "cvar": 1.3369981050491333
    },
    "(0.5, 5.0)": {
      "val_loss": 0.5548915266990662,
      "val_eval": 0.5574731826782227,
      "epochs": 30,
      "mse": 0.5574731826782227,
      "w2_global": 0.3067125380039215,
      "cvar": 1.514237642288208
    },
    "(0.5, 10.0)": {
      "val_loss": 0.549341082572937,
      "val_eval": 0.5517215728759766,
      "epochs": 30,
      "mse": 0.5517215728759766,
      "w2_global": 0.2880397140979767,
      "cvar": 1.543101191520691
    },
    "(0.75, 0.1)": {
      "val_loss": 0.2888999581336975,
      "val_eval": 0.28668150305747986,
      "epochs": 30,
      "mse": 0.28668147325515747,
      "w2_global": 0.1433141529560089,
      "cvar": 0.5944471955299377
    },
    "(0.75, 1.0)": {
      "val_loss": 0.26053014397621155,
      "val_eval": 0.2670920789241791,
      "epochs": 30,
      "mse": 0.2670920789241791,
      "w2_global": 0.12486909329891205,
      "cvar": 0.6146633625030518
    },
    "(0.75, 5.0)": {
      "val_loss": 0.3188839554786682,
      "val_eval": 0.31644192337989807,
      "epochs": 30,
      "mse": 0.31644192337989807,
      "w2_global": 0.16012945771217346,
      "cvar": 0.6403869986534119
    },
    "(0.75, 10.0)": {
      "val_loss": 0.32008248567581177,
      "val_eval": 0.3193078935146332,
      "epochs": 30,
      "mse": 0.3193078935146332,
      "w2_global": 0.16463635861873627,
      "cvar": 0.6497954726219177
    },
    "(0.99, 0.1)": {
      "val_loss": 0.22738447785377502,
      "val_eval": 0.22926032543182373,
      "epochs": 30,
      "mse": 0.22926031053066254,
      "w2_global": 0.06550657004117966,
      "cvar": 0.5028241872787476
    },
    "(0.99, 1.0)": {
      "val_loss": 0.2545275390148163,
      "val_eval": 0.25296467542648315,
      "epochs": 30,
      "mse": 0.25296467542648315,
      "w2_global": 0.0853133276104927,
      "cvar": 0.5642687678337097
    },
    "(0.99, 5.0)": {
      "val_loss": 0.22835798561573029,
      "val_eval": 0.23077529668807983,
      "epochs": 30,
      "mse": 0.23077529668807983,
      "w2_global": 0.07289423048496246,
      "cvar": 0.48638060688972473
    },
    "(0.99, 10.0)": {
      "val_loss": 0.20997817814350128,
      "val_eval": 0.21325351297855377,
      "epochs": 30,
      "mse": 0.21325352787971497,
      "w2_global": 0.06301359832286835,
      "cvar": 0.4781505763530731
    }
  }
}