{
  "train": {
    "mse": 0.11717548221349716,
    "rmse": 0.34230904488999,
    "mae": 0.23282116651535034,
    "w2_global": 0.03254284709692001,
    "ae_summary": {
      "mean": 0.23282116651535034,
      "std": 0.2509377896785736,
      "min": 6.258487701416016e-07,
      "max": 3.455411195755005,
      "p50": 0.16294701397418976,
      "p90": 0.5080840587615967,
      "p95": 0.6977925896644592,
      "p99": 1.2492308616638184
    },
    "se_summary": {
      "mean": 0.11717548221349716,
      "std": 0.3496318459510803,
      "min": 3.9168668308775523e-13,
      "max": 11.939866065979004,
      "p50": 0.026551729068160057,
      "p90": 0.2581494450569153,
      "p95": 0.4869145154953003,
      "p99": 1.5605777502059937
    }
  },
  "val": {
    "mse": 0.21325352787971497,
    "rmse": 0.46179381533289826,
    "mae": 0.30661138892173767,
    "w2_global": 0.06301359832286835,
    "ae_summary": {
      "mean": 0.30661138892173767,
      "std": 0.3453157842159271,
      "min": 1.5497207641601562e-05,
      "max": 3.319605827331543,
      "p50": 0.20453497767448425,
      "p90": 0.6914843320846558,
      "p95": 0.9448996186256409,
      "p99": 1.7612318992614746
    },
    "se_summary": {
      "mean": 0.21325352787971497,
      "std": 0.6404837369918823,
      "min": 2.4016344468691386e-10,
      "max": 11.019783020019531,
      "p50": 0.04183455556631088,
      "p90": 0.4781505763530731,
      "p95": 0.8928353190422058,
      "p99": 3.101938009262085
    }
  },
  "test": {
    "mse": 0.13562601804733276,
    "rmse": 0.36827437875493424,
    "mae": 0.2438022494316101,
    "w2_global": 0.032671790570020676,
    "ae_summary": {
      "mean": 0.2438022494316101,
      "std": 0.27601900696754456,
      "min": 3.933906555175781e-06,
      "max": 3.4155936241149902,
      "p50": 0.1697157323360443,
      "p90": 0.5125858187675476,
      "p95": 0.7471626996994019,
      "p99": 1.4142595529556274
    },
    "se_summary": {
      "mean": 0.13562601804733276,
      "std": 0.45421934127807617,
      "min": 1.5475620784854982e-11,
      "max": 11.666279792785645,
      "p50": 0.028803430497646332,
      "p90": 0.2627441883087158,
      "p95": 0.5582520961761475,
      "p99": 2.0001301765441895
    }
  }
}