{
  "train": {
    "mse": 0.0,
    "rmse": 0.0,
    "mae": 0.0,
    "w2_global": 0.3981008529663086,
    "ae_summary": {
      "mean": 0.0,
      "std": 0.0,
      "min": 0.0,
      "max": 0.0,
      "p50": 0.0,
      "p90": 0.0,
      "p95": 0.0,
      "p99": 0.0
    },
    "se_summary": {
      "mean": 0.0,
      "std": 0.0,
      "min": 0.0,
      "max": 0.0,
      "p50": 0.0,
      "p90": 0.0,
      "p95": 0.0,
      "p99": 0.0
    }
  },
  "val": {
    "mse": 1.3702675104141235,
    "rmse": 1.1705842602795082,
    "mae": 0.7731225490570068,
    "w2_global": 0.4354245364665985,
    "ae_summary": {
      "mean": 0.7731225490570068,
      "std": 0.8789476156234741,
      "min": 0.0,
      "max": 91.86038208007812,
      "p50": 0.5915426015853882,
      "p90": 1.6550569534301758,
      "p95": 2.064790725708008,
      "p99": 3.0762884616851807
    },
    "se_summary": {
      "mean": 1.3702675104141235,
      "std": 43.3891487121582,
      "min": 0.0,
      "max": 8438.330078125,
      "p50": 0.3499225974082947,
      "p90": 2.739213466644287,
      "p95": 4.263360500335693,
      "p99": 9.463552474975586
    }
  },
  "test": {
    "mse": 1.3633148670196533,
    "rmse": 1.167610751500539,
    "mae": 0.8395925760269165,
    "w2_global": 0.3798522353172302,
    "ae_summary": {
      "mean": 0.8395925760269165,
      "std": 0.8114179372787476,
      "min": 0.0,
      "max": 21.752147674560547,
      "p50": 0.639654278755188,
      "p90": 1.7743369340896606,
      "p95": 2.3065974712371826,
      "p99": 3.68424654006958
    },
    "se_summary": {
      "mean": 1.3633148670196533,
      "std": 4.578502178192139,
      "min": 0.0,
      "max": 473.1559143066406,
      "p50": 0.4091576039791107,
      "p90": 3.148271322250366,
      "p95": 5.32039213180542,
      "p99": 13.573674201965332
    }
  }
}