{
  "best_alpha": 0.99,
  "best_gamma": 10.0,
  "alpha_grid": [
    0.01,
    0.25,
    0.5,
    0.75,
    0.99
  ],
  "gamma_grid": [
    0.1,
    1.0,
    5.0,
    10.0
  ],
  "results": {
    "(0.01, 0.1)": {
      "val_loss": 0.6467922513301556,
      "val_eval": 0.688061888401325,
      "epoch": 27,
      "mse": 0.6926813125610352,
      "w2_global": 0.25402742624282837,
      "cvar": 1.3684786558151245
    },
    "(0.01, 1.0)": {
      "val_loss": 0.6247012340105497,
      "val_eval": 0.6645336105273321,
      "epoch": 25,
      "mse": 0.6696214079856873,
      "w2_global": 0.25794848799705505,
      "cvar": 1.2884466648101807
    },
    "(0.01, 5.0)": {
      "val_loss": 0.7446987491387588,
      "val_eval": 0.7538084937975957,
      "epoch": 11,
      "mse": 0.758694052696228,
      "w2_global": 0.2882700264453888,
      "cvar": 1.545861005783081
    },
    "(0.01, 10.0)": {
      "val_loss": 0.6212968963843125,
      "val_eval": 0.6736548313727746,
      "epoch": 30,
      "mse": 0.6784105896949768,
      "w2_global": 0.27040180563926697,
      "cvar": 1.3215532302856445
    },
    "(0.25, 0.1)": {
      "val_loss": 0.4465437691945296,
      "val_eval": 0.44369282630773693,
      "epoch": 28,
      "mse": 0.44674965739250183,
      "w2_global": 0.18283900618553162,
      "cvar": 0.7622708678245544
    },
    "(0.25, 1.0)": {
      "val_loss": 0.4579487122022189,
      "val_eval": 0.45571765762109023,
      "epoch": 23,
      "mse": 0.4592360556125641,
      "w2_global": 0.18466763198375702,
      "cvar": 0.7879544496536255
    },
    "(0.25, 5.0)": {
      "val_loss": 0.4589525025624495,
      "val_eval": 0.45453715553650487,
      "epoch": 25,
      "mse": 0.4576473832130432,
      "w2_global": 0.18255053460597992,
      "cvar": 0.7888014316558838
    },
    "(0.25, 10.0)": {
      "val_loss": 0.473512365267827,
      "val_eval": 0.46156323185333836,
      "epoch": 18,
      "mse": 0.4646815061569214,
      "w2_global": 0.17568084597587585,
      "cvar": 0.80638188123703
    },
    "(0.5, 0.1)": {
      "val_loss": 0.43957536724897533,
      "val_eval": 0.43144301955516523,
      "epoch": 30,
      "mse": 0.43428847193717957,
      "w2_global": 0.1664700210094452,
      "cvar": 0.7277990579605103
    },
    "(0.5, 1.0)": {
      "val_loss": 0.43620043305250317,
      "val_eval": 0.4285624554524055,
      "epoch": 30,
      "mse": 0.43138638138771057,
      "w2_global": 0.17058135569095612,
      "cvar": 0.7447673082351685
    },
    "(0.5, 5.0)": {
      "val_loss": 0.4412559477182535,
      "val_eval": 0.4302273919949165,
      "epoch": 27,
      "mse": 0.43311530351638794,
      "w2_global": 0.16759641468524933,
      "cvar": 0.7498269081115723
    },
    "(0.5, 10.0)": {
      "val_loss": 0.4468778899082771,
      "val_eval": 0.43864761866056,
      "epoch": 29,
      "mse": 0.44193509221076965,
      "w2_global": 0.16456545889377594,
      "cvar": 0.7537292838096619
    },
    "(0.75, 0.1)": {
      "val_loss": 0.43381749437405515,
      "val_eval": 0.4227067048733051,
      "epoch": 30,
      "mse": 0.425812691450119,
      "w2_global": 0.16424693167209625,
      "cvar": 0.7174803614616394
    },
    "(0.75, 1.0)": {
      "val_loss": 0.4338361552128425,
      "val_eval": 0.4248069478915288,
      "epoch": 28,
      "mse": 0.4279419183731079,
      "w2_global": 0.16451281309127808,
      "cvar": 0.7182683348655701
    },
    "(0.75, 5.0)": {
      "val_loss": 0.4321239498945383,
      "val_eval": 0.4219742027612833,
      "epoch": 25,
      "mse": 0.4249231219291687,
      "w2_global": 0.16129089891910553,
      "cvar": 0.7097323536872864
    },
    "(0.75, 10.0)": {
      "val_loss": 0.435818775342061,
      "val_eval": 0.4266212101166065,
      "epoch": 29,
      "mse": 0.42926928400993347,
      "w2_global": 0.16474784910678864,
      "cvar": 0.7179462313652039
    },
    "(0.99, 0.1)": {
      "val_loss": 0.43361106973427993,
      "val_eval": 0.4245345752972823,
      "epoch": 30,
      "mse": 0.4276430606842041,
      "w2_global": 0.15772134065628052,
      "cvar": 0.7329440116882324
    },
    "(0.99, 1.0)": {
      "val_loss": 0.4345807203879723,
      "val_eval": 0.42192864876527053,
      "epoch": 28,
      "mse": 0.42510658502578735,
      "w2_global": 0.16097447276115417,
      "cvar": 0.721121609210968
    },
    "(0.99, 5.0)": {
      "val_loss": 0.4332862702699808,
      "val_eval": 0.4236507255297441,
      "epoch": 27,
      "mse": 0.42628949880599976,
      "w2_global": 0.16018588840961456,
      "cvar": 0.7192705273628235
    },
    "(0.99, 10.0)": {
      "val_loss": 0.42807035262768084,
      "val_eval": 0.42017685450040376,
      "epoch": 30,
      "mse": 0.4228101074695587,
      "w2_global": 0.15840739011764526,
      "cvar": 0.7156923413276672
    }
  }
}