{
  "train": {
    "mse": 0.3842010498046875,
    "rmse": 0.619839535528904,
    "mae": 0.3745061755180359,
    "w2_global": 0.15941974520683289,
    "ae_summary": {
      "mean": 0.3745061755180359,
      "std": 0.4939091205596924,
      "min": 1.6391277313232422e-07,
      "max": 72.77958679199219,
      "p50": 0.2503468990325928,
      "p90": 0.8221554160118103,
      "p95": 1.1059798002243042,
      "p99": 1.9775782823562622
    },
    "se_summary": {
      "mean": 0.3842010498046875,
      "std": 9.008403778076172,
      "min": 2.6867397195928788e-14,
      "max": 5296.8681640625,
      "p50": 0.06267356127500534,
      "p90": 0.6759395599365234,
      "p95": 1.2231913805007935,
      "p99": 3.910815715789795
    }
  },
  "val": {
    "mse": 0.4228101074695587,
    "rmse": 0.6502385004516102,
    "mae": 0.38886210322380066,
    "w2_global": 0.15840739011764526,
    "ae_summary": {
      "mean": 0.38886210322380066,
      "std": 0.5211490988731384,
      "min": 6.22868537902832e-06,
      "max": 31.8183536529541,
      "p50": 0.2606657147407532,
      "p90": 0.845986008644104,
      "p95": 1.143595814704895,
      "p99": 2.0649282932281494
    },
    "se_summary": {
      "mean": 0.4228101074695587,
      "std": 6.322999477386475,
      "min": 3.879652155092117e-11,
      "max": 1012.4076538085938,
      "p50": 0.06794661283493042,
      "p90": 0.7156923413276672,
      "p95": 1.3078113794326782,
      "p99": 4.263929843902588
    }
  },
  "test": {
    "mse": 0.44455334544181824,
    "rmse": 0.666748337412114,
    "mae": 0.3875107169151306,
    "w2_global": 0.1752270758152008,
    "ae_summary": {
      "mean": 0.3875107169151306,
      "std": 0.5425760746002197,
      "min": 4.291534423828125e-06,
      "max": 35.559486389160156,
      "p50": 0.2562830448150635,
      "p90": 0.8512210845947266,
      "p95": 1.1523336172103882,
      "p99": 2.082030773162842
    },
    "se_summary": {
      "mean": 0.44455334544181824,
      "std": 8.718208312988281,
      "min": 1.8417267710901797e-11,
      "max": 1264.47705078125,
      "p50": 0.06568101048469543,
      "p90": 0.7245773077011108,
      "p95": 1.3278728723526,
      "p99": 4.33485221862793
    }
  }
}