{
  "train": {
    "mse": 2426.9228515625,
    "rmse": 49.26380873991068,
    "mae": 35.12752914428711,
    "w2_global": 0.6290518045425415,
    "ae_summary": {
      "mean": 35.12752914428711,
      "std": 34.53953552246094,
      "min": 0.008174922317266464,
      "max": 325.4751281738281,
      "p50": 25.597797393798828,
      "p90": 75.98233032226562,
      "p95": 99.79149627685547,
      "p99": 167.225341796875
    },
    "se_summary": {
      "mean": 2426.9228515625,
      "std": 6064.958984375,
      "min": 6.682935782009736e-05,
      "max": 105934.0625,
      "p50": 655.2472534179688,
      "p90": 5773.314453125,
      "p95": 9958.34375,
      "p99": 27964.380859375
    }
  },
  "val": {
    "mse": 0.855204701423645,
    "rmse": 0.9247727836737222,
    "mae": 0.4392169117927551,
    "w2_global": 0.6632946133613586,
    "ae_summary": {
      "mean": 0.4392169117927551,
      "std": 0.8138139843940735,
      "min": 2.4177134037017822e-06,
      "max": 32.113014221191406,
      "p50": 0.22384151816368103,
      "p90": 1.0153663158416748,
      "p95": 1.3284637928009033,
      "p99": 2.9279532432556152
    },
    "se_summary": {
      "mean": 0.855204701423645,
      "std": 13.853804588317871,
      "min": 5.845338102439257e-12,
      "max": 1031.2457275390625,
      "p50": 0.0501050241291523,
      "p90": 1.0309686660766602,
      "p95": 1.764816164970398,
      "p99": 8.572915077209473
    }
  },
  "test": {
    "mse": 1.091210961341858,
    "rmse": 1.044610435206282,
    "mae": 0.4531046450138092,
    "w2_global": 0.779183030128479,
    "ae_summary": {
      "mean": 0.4531046450138092,
      "std": 0.9412264227867126,
      "min": 3.5800039768218994e-06,
      "max": 36.912986755371094,
      "p50": 0.21763774752616882,
      "p90": 0.9980567693710327,
      "p95": 1.3929414749145508,
      "p99": 3.431152105331421
    },
    "se_summary": {
      "mean": 1.091210961341858,
      "std": 17.691871643066406,
      "min": 1.2816428474060615e-11,
      "max": 1362.568603515625,
      "p50": 0.0473661944270134,
      "p90": 0.996117353439331,
      "p95": 1.9402859210968018,
      "p99": 11.772805213928223
    }
  }
}