{
  "train": {
    "mse": 0.0,
    "rmse": 0.0,
    "mae": 0.0,
    "w2_global": 0.13288311660289764,
    "ae_summary": {
      "mean": 0.0,
      "std": 0.0,
      "min": 0.0,
      "max": 0.0,
      "p50": 0.0,
      "p90": 0.0,
      "p95": 0.0,
      "p99": 0.0
    },
    "se_summary": {
      "mean": 0.0,
      "std": 0.0,
      "min": 0.0,
      "max": 0.0,
      "p50": 0.0,
      "p90": 0.0,
      "p95": 0.0,
      "p99": 0.0
    }
  },
  "val": {
    "mse": 0.9887735247612,
    "rmse": 0.9943709191047373,
    "mae": 0.7049365043640137,
    "w2_global": 0.2926015853881836,
    "ae_summary": {
      "mean": 0.7049365043640137,
      "std": 0.7013117074966431,
      "min": 6.753206253051758e-05,
      "max": 5.489664554595947,
      "p50": 0.5175077319145203,
      "p90": 1.5087862014770508,
      "p95": 2.097809314727783,
      "p99": 3.5500619411468506
    },
    "se_summary": {
      "mean": 0.9887735247612,
      "std": 2.3568241596221924,
      "min": 4.560579469625736e-09,
      "max": 30.136417388916016,
      "p50": 0.2678142488002777,
      "p90": 2.2764384746551514,
      "p95": 4.4008097648620605,
      "p99": 12.603973388671875
    }
  },
  "test": {
    "mse": 0.5868118405342102,
    "rmse": 0.7660364485676973,
    "mae": 0.5210132002830505,
    "w2_global": 0.23892991244792938,
    "ae_summary": {
      "mean": 0.5210132002830505,
      "std": 0.5615665912628174,
      "min": 7.343292236328125e-05,
      "max": 4.379817485809326,
      "p50": 0.36113250255584717,
      "p90": 1.1153732538223267,
      "p95": 1.599480390548706,
      "p99": 2.7756338119506836
    },
    "se_summary": {
      "mean": 0.5868118405342102,
      "std": 1.61028254032135,
      "min": 5.3923940868116915e-09,
      "max": 19.18280029296875,
      "p50": 0.13041669130325317,
      "p90": 1.2440574169158936,
      "p95": 2.5583417415618896,
      "p99": 7.704174995422363
    }
  }
}