{
  "train": {
    "mse": 0.0,
    "rmse": 0.0,
    "mae": 0.0,
    "w2_global": 0.020205164328217506,
    "ae_summary": {
      "mean": 0.0,
      "std": 0.0,
      "min": 0.0,
      "max": 0.0,
      "p50": 0.0,
      "p90": 0.0,
      "p95": 0.0,
      "p99": 0.0
    },
    "se_summary": {
      "mean": 0.0,
      "std": 0.0,
      "min": 0.0,
      "max": 0.0,
      "p50": 0.0,
      "p90": 0.0,
      "p95": 0.0,
      "p99": 0.0
    }
  },
  "val": {
    "mse": 0.03842579573392868,
    "rmse": 0.19602498752436812,
    "mae": 0.11170125007629395,
    "w2_global": 0.01933658868074417,
    "ae_summary": {
      "mean": 0.11170125007629395,
      "std": 0.16108576953411102,
      "min": 4.76837158203125e-07,
      "max": 1.4193458557128906,
      "p50": 0.05205899477005005,
      "p90": 0.29015398025512695,
      "p95": 0.4323105812072754,
      "p99": 0.8027265071868896
    },
    "se_summary": {
      "mean": 0.03842579573392868,
      "std": 0.12392521649599075,
      "min": 2.2737367544323206e-13,
      "max": 2.014542579650879,
      "p50": 0.002710138913244009,
      "p90": 0.08418933302164078,
      "p95": 0.18689244985580444,
      "p99": 0.6443716287612915
    }
  },
  "test": {
    "mse": 0.0386265330016613,
    "rmse": 0.19653634015535473,
    "mae": 0.1098080649971962,
    "w2_global": 0.01838948391377926,
    "ae_summary": {
      "mean": 0.1098080649971962,
      "std": 0.16299915313720703,
      "min": 4.410743713378906e-06,
      "max": 2.132765293121338,
      "p50": 0.04963819682598114,
      "p90": 0.28179624676704407,
      "p95": 0.4349296987056732,
      "p99": 0.8143336772918701
    },
    "se_summary": {
      "mean": 0.0386265330016613,
      "std": 0.13487806916236877,
      "min": 1.9454660105111543e-11,
      "max": 4.548687934875488,
      "p50": 0.0024639505427330732,
      "p90": 0.07940913736820221,
      "p95": 0.18916387856006622,
      "p99": 0.6631394028663635
    }
  }
}