{
  "train": {
    "mse": 0.0,
    "rmse": 0.0,
    "mae": 0.0,
    "w2_global": 0.021406561136245728,
    "ae_summary": {
      "mean": 0.0,
      "std": 0.0,
      "min": 0.0,
      "max": 0.0,
      "p50": 0.0,
      "p90": 0.0,
      "p95": 0.0,
      "p99": 0.0
    },
    "se_summary": {
      "mean": 0.0,
      "std": 0.0,
      "min": 0.0,
      "max": 0.0,
      "p50": 0.0,
      "p90": 0.0,
      "p95": 0.0,
      "p99": 0.0
    }
  },
  "val": {
    "mse": 0.2137502133846283,
    "rmse": 0.46233128099299997,
    "mae": 0.3158425986766815,
    "w2_global": 0.023478003218770027,
    "ae_summary": {
      "mean": 0.3158425986766815,
      "std": 0.337629497051239,
      "min": 0.0007993578910827637,
      "max": 2.912672519683838,
      "p50": 0.22138629853725433,
      "p90": 0.6856894493103027,
      "p95": 0.9597679376602173,
      "p99": 1.6899226903915405
    },
    "se_summary": {
      "mean": 0.2137502133846283,
      "std": 0.5816513299942017,
      "min": 6.389730629052792e-07,
      "max": 8.483661651611328,
      "p50": 0.049011893570423126,
      "p90": 0.470170259475708,
      "p95": 0.9211589694023132,
      "p99": 2.8594233989715576
    }
  },
  "test": {
    "mse": 0.22633247077465057,
    "rmse": 0.47574412321609455,
    "mae": 0.31304100155830383,
    "w2_global": 0.021197812631726265,
    "ae_summary": {
      "mean": 0.31304100155830383,
      "std": 0.3582426607608795,
      "min": 0.00017824769020080566,
      "max": 3.699201822280884,
      "p50": 0.21378609538078308,
      "p90": 0.7007932066917419,
      "p95": 0.9176502227783203,
      "p99": 1.8255079984664917
    },
    "se_summary": {
      "mean": 0.22633247077465057,
      "std": 0.7034969329833984,
      "min": 3.177223817374397e-08,
      "max": 13.684094429016113,
      "p50": 0.04570487141609192,
      "p90": 0.49111178517341614,
      "p95": 0.8420819044113159,
      "p99": 3.3324806690216064
    }
  }
}