{
  "best_alpha": 0.75,
  "best_gamma": 5.0,
  "alpha_grid": [
    0.01,
    0.25,
    0.5,
    0.75,
    0.99
  ],
  "gamma_grid": [
    0.1,
    1.0,
    5.0,
    10.0
  ],
  "results": {
    "(0.01, 0.1)": {
      "val_loss": 0.4718192517757416,
      "val_eval": 0.6114341616630554,
      "epoch": 24,
      "mse": 0.6114341616630554,
      "w2_global": 0.06218034401535988,
      "cvar": 1.644715666770935
    },
    "(0.01, 1.0)": {
      "val_loss": 0.47102952003479004,
      "val_eval": 0.6149110794067383,
      "epoch": 30,
      "mse": 0.6149111986160278,
      "w2_global": 0.06316128373146057,
      "cvar": 1.615119218826294
    },
    "(0.01, 5.0)": {
      "val_loss": 0.5170621275901794,
      "val_eval": 0.663625955581665,
      "epoch": 30,
      "mse": 0.6636260747909546,
      "w2_global": 0.06338245421648026,
      "cvar": 1.9110828638076782
    },
    "(0.01, 10.0)": {
      "val_loss": 0.47423484921455383,
      "val_eval": 0.5840005874633789,
      "epoch": 30,
      "mse": 0.5840007066726685,
      "w2_global": 0.060432400554418564,
      "cvar": 1.5666626691818237
    },
    "(0.25, 0.1)": {
      "val_loss": 0.30232638120651245,
      "val_eval": 0.37476396560668945,
      "epoch": 30,
      "mse": 0.37476402521133423,
      "w2_global": 0.04805610328912735,
      "cvar": 0.8383945822715759
    },
    "(0.25, 1.0)": {
      "val_loss": 0.30378466844558716,
      "val_eval": 0.35875222086906433,
      "epoch": 30,
      "mse": 0.35875219106674194,
      "w2_global": 0.04299432784318924,
      "cvar": 0.7584924101829529
    },
    "(0.25, 5.0)": {
      "val_loss": 0.2762655019760132,
      "val_eval": 0.34541431069374084,
      "epoch": 30,
      "mse": 0.34541434049606323,
      "w2_global": 0.044222891330718994,
      "cvar": 0.7272900342941284
    },
    "(0.25, 10.0)": {
      "val_loss": 0.2747707962989807,
      "val_eval": 0.3648872673511505,
      "epoch": 30,
      "mse": 0.3648872375488281,
      "w2_global": 0.047438472509384155,
      "cvar": 0.8073508143424988
    },
    "(0.5, 0.1)": {
      "val_loss": 0.22015613317489624,
      "val_eval": 0.3314301073551178,
      "epoch": 30,
      "mse": 0.3314301073551178,
      "w2_global": 0.042025379836559296,
      "cvar": 0.6527841091156006
    },
    "(0.5, 1.0)": {
      "val_loss": 0.20332743227481842,
      "val_eval": 0.29104888439178467,
      "epoch": 29,
      "mse": 0.29104888439178467,
      "w2_global": 0.03621683642268181,
      "cvar": 0.6267601847648621
    },
    "(0.5, 5.0)": {
      "val_loss": 0.24476873874664307,
      "val_eval": 0.35504552721977234,
      "epoch": 30,
      "mse": 0.35504552721977234,
      "w2_global": 0.04258495569229126,
      "cvar": 0.9415916800498962
    },
    "(0.5, 10.0)": {
      "val_loss": 0.24256294965744019,
      "val_eval": 0.26787543296813965,
      "epoch": 30,
      "mse": 0.26787543296813965,
      "w2_global": 0.03263810649514198,
      "cvar": 0.6333701610565186
    },
    "(0.75, 0.1)": {
      "val_loss": 0.18084613978862762,
      "val_eval": 0.2314067780971527,
      "epoch": 30,
      "mse": 0.23140674829483032,
      "w2_global": 0.028540994971990585,
      "cvar": 0.5699713826179504
    },
    "(0.75, 1.0)": {
      "val_loss": 0.19229663908481598,
      "val_eval": 0.27015700936317444,
      "epoch": 30,
      "mse": 0.27015700936317444,
      "w2_global": 0.03498867526650429,
      "cvar": 0.5916439294815063
    },
    "(0.75, 5.0)": {
      "val_loss": 0.1678972989320755,
      "val_eval": 0.2185152918100357,
      "epoch": 30,
      "mse": 0.2185152918100357,
      "w2_global": 0.03285953029990196,
      "cvar": 0.395308256149292
    },
    "(0.75, 10.0)": {
      "val_loss": 0.18534043431282043,
      "val_eval": 0.24058398604393005,
      "epoch": 30,
      "mse": 0.24058398604393005,
      "w2_global": 0.029262227937579155,
      "cvar": 0.5350908041000366
    },
    "(0.99, 0.1)": {
      "val_loss": 0.19017021358013153,
      "val_eval": 0.24116164445877075,
      "epoch": 30,
      "mse": 0.24116164445877075,
      "w2_global": 0.027577366679906845,
      "cvar": 0.5510725975036621
    },
    "(0.99, 1.0)": {
      "val_loss": 0.17197972536087036,
      "val_eval": 0.25749361515045166,
      "epoch": 30,
      "mse": 0.25749361515045166,
      "w2_global": 0.015547147952020168,
      "cvar": 0.6101186275482178
    },
    "(0.99, 5.0)": {
      "val_loss": 0.2324337512254715,
      "val_eval": 0.2585383951663971,
      "epoch": 30,
      "mse": 0.2585383951663971,
      "w2_global": 0.02078261971473694,
      "cvar": 0.7016368508338928
    },
    "(0.99, 10.0)": {
      "val_loss": 0.16197454929351807,
      "val_eval": 0.2497122585773468,
      "epoch": 30,
      "mse": 0.2497122585773468,
      "w2_global": 0.02341511845588684,
      "cvar": 0.6006051898002625
    }
  }
}