{
  "train": {
    "mse": 0.2858884334564209,
    "rmse": 0.5346853593062194,
    "mae": 0.3631511330604553,
    "w2_global": 0.04215071722865105,
    "ae_summary": {
      "mean": 0.3631511330604553,
      "std": 0.39244064688682556,
      "min": 4.172325134277344e-06,
      "max": 8.797379493713379,
      "p50": 0.24863439798355103,
      "p90": 0.7997336387634277,
      "p95": 1.1086812019348145,
      "p99": 1.794952154159546
    },
    "se_summary": {
      "mean": 0.2858884334564209,
      "std": 1.0741989612579346,
      "min": 1.7408297026122455e-11,
      "max": 77.39388275146484,
      "p50": 0.061819061636924744,
      "p90": 0.639573872089386,
      "p95": 1.229174256324768,
      "p99": 3.2218565940856934
    }
  },
  "val": {
    "mse": 0.2185152918100357,
    "rmse": 0.46745619239671615,
    "mae": 0.33387765288352966,
    "w2_global": 0.03285953029990196,
    "ae_summary": {
      "mean": 0.33387765288352966,
      "std": 0.3271711766719818,
      "min": 0.001076340675354004,
      "max": 2.300395965576172,
      "p50": 0.25085127353668213,
      "p90": 0.6287313103675842,
      "p95": 0.7939003109931946,
      "p99": 1.954927921295166
    },
    "se_summary": {
      "mean": 0.2185152918100357,
      "std": 0.5920946002006531,
      "min": 1.1585092352106585e-06,
      "max": 5.291821479797363,
      "p50": 0.06292635947465897,
      "p90": 0.395308256149292,
      "p95": 0.6302779912948608,
      "p99": 3.8225040435791016
    }
  },
  "test": {
    "mse": 0.44990381598472595,
    "rmse": 0.6707486980864935,
    "mae": 0.4664430320262909,
    "w2_global": 0.05068005621433258,
    "ae_summary": {
      "mean": 0.4664430320262909,
      "std": 0.4820111393928528,
      "min": 0.0007147341966629028,
      "max": 3.983772039413452,
      "p50": 0.3576433062553406,
      "p90": 0.9904173016548157,
      "p95": 1.3818273544311523,
      "p99": 2.131702184677124
    },
    "se_summary": {
      "mean": 0.44990381598472595,
      "std": 1.2784969806671143,
      "min": 5.108449840918183e-07,
      "max": 15.870439529418945,
      "p50": 0.12790873646736145,
      "p90": 0.9809314608573914,
      "p95": 1.9095076322555542,
      "p99": 4.563146591186523
    }
  }
}