{
  "train": {
    "mse": 0.05248791724443436,
    "rmse": 0.22910241649627872,
    "mae": 0.16326716542243958,
    "w2_global": 0.018319444730877876,
    "ae_summary": {
      "mean": 0.16326716542243958,
      "std": 0.16072256863117218,
      "min": 2.384185791015625e-07,
      "max": 2.686284065246582,
      "p50": 0.11816084384918213,
      "p90": 0.3550066351890564,
      "p95": 0.46138685941696167,
      "p99": 0.8198609352111816
    },
    "se_summary": {
      "mean": 0.05248791724443436,
      "std": 0.13305366039276123,
      "min": 5.684341886080802e-14,
      "max": 7.216122150421143,
      "p50": 0.013961984775960445,
      "p90": 0.12602970004081726,
      "p95": 0.21287783980369568,
      "p99": 0.6721720099449158
    }
  },
  "val": {
    "mse": 0.05136939138174057,
    "rmse": 0.2266481665086673,
    "mae": 0.16185599565505981,
    "w2_global": 0.018756533041596413,
    "ae_summary": {
      "mean": 0.16185599565505981,
      "std": 0.15865695476531982,
      "min": 1.0207295417785645e-05,
      "max": 1.8563406467437744,
      "p50": 0.11939835548400879,
      "p90": 0.34455281496047974,
      "p95": 0.44839438796043396,
      "p99": 0.8374455571174622
    },
    "se_summary": {
      "mean": 0.05136939138174057,
      "std": 0.12813489139080048,
      "min": 1.0418887974594782e-10,
      "max": 3.446000576019287,
      "p50": 0.014255966991186142,
      "p90": 0.11871664226055145,
      "p95": 0.2010575234889984,
      "p99": 0.7013163566589355
    }
  },
  "test": {
    "mse": 0.050974905490875244,
    "rmse": 0.22577622879939163,
    "mae": 0.15952710807323456,
    "w2_global": 0.018401257693767548,
    "ae_summary": {
      "mean": 0.15952710807323456,
      "std": 0.15976858139038086,
      "min": 2.0503997802734375e-05,
      "max": 2.188157320022583,
      "p50": 0.11640626192092896,
      "p90": 0.3409125506877899,
      "p95": 0.4537315368652344,
      "p99": 0.8169934749603271
    },
    "se_summary": {
      "mean": 0.050974905490875244,
      "std": 0.13718470931053162,
      "min": 4.204139258945361e-10,
      "max": 4.788032531738281,
      "p50": 0.013550417497754097,
      "p90": 0.1162213683128357,
      "p95": 0.2058723121881485,
      "p99": 0.6674784421920776
    }
  }
}