{
  "train": {
    "mse": 0.0,
    "rmse": 0.0,
    "mae": 0.0,
    "w2_global": 0.3418658673763275,
    "ae_summary": {
      "mean": 0.0,
      "std": 0.0,
      "min": 0.0,
      "max": 0.0,
      "p50": 0.0,
      "p90": 0.0,
      "p95": 0.0,
      "p99": 0.0
    },
    "se_summary": {
      "mean": 0.0,
      "std": 0.0,
      "min": 0.0,
      "max": 0.0,
      "p50": 0.0,
      "p90": 0.0,
      "p95": 0.0,
      "p99": 0.0
    }
  },
  "val": {
    "mse": 0.9597009420394897,
    "rmse": 0.9796432728496071,
    "mae": 0.6622419953346252,
    "w2_global": 0.31805655360221863,
    "ae_summary": {
      "mean": 0.6622419953346252,
      "std": 0.7218978404998779,
      "min": 6.062909960746765e-06,
      "max": 35.893497467041016,
      "p50": 0.5052948594093323,
      "p90": 1.3704603910446167,
      "p95": 1.7772512435913086,
      "p99": 2.901027202606201
    },
    "se_summary": {
      "mean": 0.9597009420394897,
      "std": 8.822736740112305,
      "min": 3.675887719212234e-11,
      "max": 1288.3431396484375,
      "p50": 0.2553229033946991,
      "p90": 1.8781616687774658,
      "p95": 3.1586220264434814,
      "p99": 8.415958404541016
    }
  },
  "test": {
    "mse": 0.8673658967018127,
    "rmse": 0.9313248073050631,
    "mae": 0.6357195973396301,
    "w2_global": 0.3148825168609619,
    "ae_summary": {
      "mean": 0.6357195973396301,
      "std": 0.6806075572967529,
      "min": 2.0357780158519745e-05,
      "max": 35.73391342163086,
      "p50": 0.48131367564201355,
      "p90": 1.324633002281189,
      "p95": 1.7130111455917358,
      "p99": 2.847548246383667
    },
    "se_summary": {
      "mean": 0.8673658967018127,
      "std": 7.832719326019287,
      "min": 4.1443920517636457e-10,
      "max": 1276.91259765625,
      "p50": 0.23166285455226898,
      "p90": 1.754652500152588,
      "p95": 2.9344072341918945,
      "p99": 8.10853099822998
    }
  }
}