{
  "train": {
    "mse": 0.09326228499412537,
    "rmse": 0.3053887440527653,
    "mae": 0.2184983342885971,
    "w2_global": 0.01092089619487524,
    "ae_summary": {
      "mean": 0.2184983342885971,
      "std": 0.21335595846176147,
      "min": 1.1622905731201172e-06,
      "max": 4.303851127624512,
      "p50": 0.16324114799499512,
      "p90": 0.46592575311660767,
      "p95": 0.6003298759460449,
      "p99": 0.9924042820930481
    },
    "se_summary": {
      "mean": 0.09326228499412537,
      "std": 0.2749963402748108,
      "min": 1.3509193763638905e-12,
      "max": 18.523134231567383,
      "p50": 0.026647672057151794,
      "p90": 0.2170867919921875,
      "p95": 0.3603959381580353,
      "p99": 0.984866201877594
    }
  },
  "val": {
    "mse": 0.11899852007627487,
    "rmse": 0.34496162116426066,
    "mae": 0.23281140625476837,
    "w2_global": 0.01496224757283926,
    "ae_summary": {
      "mean": 0.23281140625476837,
      "std": 0.25455328822135925,
      "min": 0.0002957284450531006,
      "max": 3.3203155994415283,
      "p50": 0.16769537329673767,
      "p90": 0.4765006899833679,
      "p95": 0.6688470244407654,
      "p99": 1.2589702606201172
    },
    "se_summary": {
      "mean": 0.11899852007627487,
      "std": 0.45474639534950256,
      "min": 8.745531232534631e-08,
      "max": 11.024496078491211,
      "p50": 0.02812177687883377,
      "p90": 0.22705306112766266,
      "p95": 0.44741499423980713,
      "p99": 1.5852655172348022
    }
  },
  "test": {
    "mse": 0.1161254495382309,
    "rmse": 0.34077184381669634,
    "mae": 0.23731021583080292,
    "w2_global": 0.012097428552806377,
    "ae_summary": {
      "mean": 0.23731021583080292,
      "std": 0.2445594072341919,
      "min": 0.0003838539123535156,
      "max": 3.1643662452697754,
      "p50": 0.17848175764083862,
      "p90": 0.48931488394737244,
      "p95": 0.6586065292358398,
      "p99": 1.148182988166809
    },
    "se_summary": {
      "mean": 0.1161254495382309,
      "std": 0.4079657196998596,
      "min": 1.4734382602910046e-07,
      "max": 10.013214111328125,
      "p50": 0.0318557471036911,
      "p90": 0.2394290566444397,
      "p95": 0.43376320600509644,
      "p99": 1.3183256387710571
    }
  }
}