{
  "train": {
    "mse": 0.004380171187222004,
    "rmse": 0.06618286173339745,
    "mae": 0.046484097838401794,
    "w2_global": 0.2711252272129059,
    "ae_summary": {
      "mean": 0.046484097838401794,
      "std": 0.047110509127378464,
      "min": 6.5267086029052734e-06,
      "max": 0.6434823274612427,
      "p50": 0.033903349190950394,
      "p90": 0.09702464193105698,
      "p95": 0.12771356105804443,
      "p99": 0.23680175840854645
    },
    "se_summary": {
      "mean": 0.004380171187222004,
      "std": 0.012487927451729774,
      "min": 4.2597925187237706e-11,
      "max": 0.4140695035457611,
      "p50": 0.0011494370410218835,
      "p90": 0.009413780644536018,
      "p95": 0.016310758888721466,
      "p99": 0.0560750737786293
    }
  },
  "val": {
    "mse": 1.4565256834030151,
    "rmse": 1.2068660586009596,
    "mae": 0.9015762209892273,
    "w2_global": 0.3514176905155182,
    "ae_summary": {
      "mean": 0.9015762209892273,
      "std": 0.8023004531860352,
      "min": 0.001200258731842041,
      "max": 5.37459659576416,
      "p50": 0.6934625506401062,
      "p90": 1.8758354187011719,
      "p95": 2.396714687347412,
      "p99": 3.991323471069336
    },
    "se_summary": {
      "mean": 1.4565256834030151,
      "std": 2.9348304271698,
      "min": 1.4406210766537697e-06,
      "max": 28.886287689208984,
      "p50": 0.48089030385017395,
      "p90": 3.5187625885009766,
      "p95": 5.744365215301514,
      "p99": 15.93199634552002
    }
  },
  "test": {
    "mse": 1.559426188468933,
    "rmse": 1.2487698700997447,
    "mae": 0.9255019426345825,
    "w2_global": 0.40941038727760315,
    "ae_summary": {
      "mean": 0.9255019426345825,
      "std": 0.8383747935295105,
      "min": 0.0002897977828979492,
      "max": 5.907856464385986,
      "p50": 0.6874433755874634,
      "p90": 2.062669277191162,
      "p95": 2.499063014984131,
      "p99": 3.9419102668762207
    },
    "se_summary": {
      "mean": 1.559426188468933,
      "std": 3.080471992492676,
      "min": 8.398275497256691e-08,
      "max": 34.902767181396484,
      "p50": 0.4725785255432129,
      "p90": 4.254605293273926,
      "p95": 6.245320796966553,
      "p99": 15.538755416870117
    }
  }
}