{
  "train": {
    "mse": 0.0,
    "rmse": 0.0,
    "mae": 0.0,
    "w2_global": 0.07142546027898788,
    "ae_summary": {
      "mean": 0.0,
      "std": 0.0,
      "min": 0.0,
      "max": 0.0,
      "p50": 0.0,
      "p90": 0.0,
      "p95": 0.0,
      "p99": 0.0
    },
    "se_summary": {
      "mean": 0.0,
      "std": 0.0,
      "min": 0.0,
      "max": 0.0,
      "p50": 0.0,
      "p90": 0.0,
      "p95": 0.0,
      "p99": 0.0
    }
  },
  "val": {
    "mse": 1.2299965620040894,
    "rmse": 1.1090521006716003,
    "mae": 0.6157649159431458,
    "w2_global": 0.08522477746009827,
    "ae_summary": {
      "mean": 0.6157649159431458,
      "std": 0.9224045276641846,
      "min": 0.0,
      "max": 23.934040069580078,
      "p50": 0.40948325395584106,
      "p90": 1.4135184288024902,
      "p95": 1.6589769124984741,
      "p99": 2.851374626159668
    },
    "se_summary": {
      "mean": 1.2299965620040894,
      "std": 13.16627311706543,
      "min": 0.0,
      "max": 572.8382568359375,
      "p50": 0.16767653822898865,
      "p90": 1.9980344772338867,
      "p95": 2.752204418182373,
      "p99": 8.13063907623291
    }
  },
  "test": {
    "mse": 1.6835522651672363,
    "rmse": 1.2975177321205427,
    "mae": 0.6501767039299011,
    "w2_global": 0.08898749202489853,
    "ae_summary": {
      "mean": 0.6501767039299011,
      "std": 1.122863531112671,
      "min": 0.0,
      "max": 36.82160186767578,
      "p50": 0.46801310777664185,
      "p90": 1.2985997200012207,
      "p95": 1.6015827655792236,
      "p99": 3.028963565826416
    },
    "se_summary": {
      "mean": 1.6835522651672363,
      "std": 25.1737003326416,
      "min": 0.0,
      "max": 1355.830322265625,
      "p50": 0.219036266207695,
      "p90": 1.6863610744476318,
      "p95": 2.565070629119873,
      "p99": 9.174636840820312
    }
  }
}