{
  "train": {
    "mse": 0.47774168848991394,
    "rmse": 0.6911886055845495,
    "mae": 0.5171508193016052,
    "w2_global": 0.3518817722797394,
    "ae_summary": {
      "mean": 0.5171508193016052,
      "std": 0.45858117938041687,
      "min": 0.00012862682342529297,
      "max": 3.6496660709381104,
      "p50": 0.3968472480773926,
      "p90": 1.0951693058013916,
      "p95": 1.386142373085022,
      "p99": 2.174172878265381
    },
    "se_summary": {
      "mean": 0.47774168848991394,
      "std": 0.9415754675865173,
      "min": 1.6544859704481496e-08,
      "max": 13.320062637329102,
      "p50": 0.15748773515224457,
      "p90": 1.199395775794983,
      "p95": 1.921393632888794,
      "p99": 4.727303981781006
    }
  },
  "val": {
    "mse": 0.546066164970398,
    "rmse": 0.7389628982367098,
    "mae": 0.5417497158050537,
    "w2_global": 0.38989824056625366,
    "ae_summary": {
      "mean": 0.5417497158050537,
      "std": 0.5025668144226074,
      "min": 0.00011007487773895264,
      "max": 5.0236406326293945,
      "p50": 0.4197981357574463,
      "p90": 1.0955642461776733,
      "p95": 1.4239274263381958,
      "p99": 2.5519697666168213
    },
    "se_summary": {
      "mean": 0.546066164970398,
      "std": 1.2776340246200562,
      "min": 1.2116478487200766e-08,
      "max": 25.23696517944336,
      "p50": 0.17623047530651093,
      "p90": 1.2002613544464111,
      "p95": 2.02756929397583,
      "p99": 6.512550354003906
    }
  },
  "test": {
    "mse": 0.5858132839202881,
    "rmse": 0.765384402715582,
    "mae": 0.5689858794212341,
    "w2_global": 0.3523397147655487,
    "ae_summary": {
      "mean": 0.5689858794212341,
      "std": 0.5119261741638184,
      "min": 0.00015279732178896666,
      "max": 5.762802600860596,
      "p50": 0.44546037912368774,
      "p90": 1.1784876585006714,
      "p95": 1.568180799484253,
      "p99": 2.356137752532959
    },
    "se_summary": {
      "mean": 0.5858132839202881,
      "std": 1.3131614923477173,
      "min": 2.334702209338957e-08,
      "max": 33.20989227294922,
      "p50": 0.1984349489212036,
      "p90": 1.3888332843780518,
      "p95": 2.45919132232666,
      "p99": 5.551385402679443
    }
  }
}