{
  "train": {
    "mse": 0.0,
    "rmse": 0.0,
    "mae": 0.0,
    "w2_global": 0.1430460810661316,
    "ae_summary": {
      "mean": 0.0,
      "std": 0.0,
      "min": 0.0,
      "max": 0.0,
      "p50": 0.0,
      "p90": 0.0,
      "p95": 0.0,
      "p99": 0.0
    },
    "se_summary": {
      "mean": 0.0,
      "std": 0.0,
      "min": 0.0,
      "max": 0.0,
      "p50": 0.0,
      "p90": 0.0,
      "p95": 0.0,
      "p99": 0.0
    }
  },
  "val": {
    "mse": 0.29239189624786377,
    "rmse": 0.5407327401294134,
    "mae": 0.3795710802078247,
    "w2_global": 0.12445800006389618,
    "ae_summary": {
      "mean": 0.3795710802078247,
      "std": 0.3851203918457031,
      "min": 7.043592631816864e-05,
      "max": 3.6466376781463623,
      "p50": 0.2600135803222656,
      "p90": 0.8868205547332764,
      "p95": 1.1723015308380127,
      "p99": 1.7468702793121338
    },
    "se_summary": {
      "mean": 0.29239189624786377,
      "std": 0.6728878021240234,
      "min": 4.9612198793624884e-09,
      "max": 13.297966003417969,
      "p50": 0.06760706007480621,
      "p90": 0.7864513993263245,
      "p95": 1.374290943145752,
      "p99": 3.051569938659668
    }
  },
  "test": {
    "mse": 0.3577151596546173,
    "rmse": 0.5980929356334326,
    "mae": 0.42386770248413086,
    "w2_global": 0.1287265121936798,
    "ae_summary": {
      "mean": 0.42386770248413086,
      "std": 0.42196133732795715,
      "min": 0.00021979212760925293,
      "max": 3.4817144870758057,
      "p50": 0.2949349582195282,
      "p90": 0.9612044095993042,
      "p95": 1.2256234884262085,
      "p99": 1.9959579706192017
    },
    "se_summary": {
      "mean": 0.3577151596546173,
      "std": 0.8231160044670105,
      "min": 4.8308578470823704e-08,
      "max": 12.122335433959961,
      "p50": 0.08698663115501404,
      "p90": 0.9239143133163452,
      "p95": 1.5021532773971558,
      "p99": 3.9838926792144775
    }
  }
}