{
  "train": {
    "mse": 0.0,
    "rmse": 0.0,
    "mae": 0.0,
    "w2_global": 0.19386114180088043,
    "ae_summary": {
      "mean": 0.0,
      "std": 0.0,
      "min": 0.0,
      "max": 0.0,
      "p50": 0.0,
      "p90": 0.0,
      "p95": 0.0,
      "p99": 0.0
    },
    "se_summary": {
      "mean": 0.0,
      "std": 0.0,
      "min": 0.0,
      "max": 0.0,
      "p50": 0.0,
      "p90": 0.0,
      "p95": 0.0,
      "p99": 0.0
    }
  },
  "val": {
    "mse": 0.8683781027793884,
    "rmse": 0.9318680715527217,
    "mae": 0.6822766661643982,
    "w2_global": 0.27896785736083984,
    "ae_summary": {
      "mean": 0.6822766661643982,
      "std": 0.6347256898880005,
      "min": 0.00047678127884864807,
      "max": 4.582081317901611,
      "p50": 0.5000404715538025,
      "p90": 1.4975618124008179,
      "p95": 1.841286540031433,
      "p99": 2.9924304485321045
    },
    "se_summary": {
      "mean": 0.8683781027793884,
      "std": 1.7708144187927246,
      "min": 2.2732038473805005e-07,
      "max": 20.99547004699707,
      "p50": 0.2500404715538025,
      "p90": 2.2426939010620117,
      "p95": 3.390338897705078,
      "p99": 8.954995155334473
    }
  },
  "test": {
    "mse": 0.6440613269805908,
    "rmse": 0.8025343151420946,
    "mae": 0.5328344106674194,
    "w2_global": 0.26347216963768005,
    "ae_summary": {
      "mean": 0.5328344106674194,
      "std": 0.6001240015029907,
      "min": 4.0397047996520996e-05,
      "max": 9.603185653686523,
      "p50": 0.3537116050720215,
      "p90": 1.1715035438537598,
      "p95": 1.512934684753418,
      "p99": 3.102229356765747
    },
    "se_summary": {
      "mean": 0.6440613269805908,
      "std": 2.3871240615844727,
      "min": 1.631921486833221e-09,
      "max": 92.22117614746094,
      "p50": 0.1251118928194046,
      "p90": 1.3724302053451538,
      "p95": 2.288975477218628,
      "p99": 9.623858451843262
    }
  }
}