{
  "train": {
    "mse": 0.0,
    "rmse": 0.0,
    "mae": 0.0,
    "w2_global": 0.09567935019731522,
    "ae_summary": {
      "mean": 0.0,
      "std": 0.0,
      "min": 0.0,
      "max": 0.0,
      "p50": 0.0,
      "p90": 0.0,
      "p95": 0.0,
      "p99": 0.0
    },
    "se_summary": {
      "mean": 0.0,
      "std": 0.0,
      "min": 0.0,
      "max": 0.0,
      "p50": 0.0,
      "p90": 0.0,
      "p95": 0.0,
      "p99": 0.0
    }
  },
  "val": {
    "mse": 1.200661540031433,
    "rmse": 1.0957470237383413,
    "mae": 0.919839084148407,
    "w2_global": 0.09369649738073349,
    "ae_summary": {
      "mean": 0.919839084148407,
      "std": 0.5954474210739136,
      "min": 5.0902366638183594e-05,
      "max": 3.88556170463562,
      "p50": 0.8685560822486877,
      "p90": 1.6301499605178833,
      "p95": 2.141400098800659,
      "p99": 2.715148448944092
    },
    "se_summary": {
      "mean": 1.200661540031433,
      "std": 1.5463626384735107,
      "min": 2.591050929368066e-09,
      "max": 15.097589492797852,
      "p50": 0.7543896436691284,
      "p90": 2.657388925552368,
      "p95": 4.585594177246094,
      "p99": 7.372039794921875
    }
  },
  "test": {
    "mse": 1.3059250116348267,
    "rmse": 1.142770760754241,
    "mae": 0.9383451342582703,
    "w2_global": 0.09940551221370697,
    "ae_summary": {
      "mean": 0.9383451342582703,
      "std": 0.6522526144981384,
      "min": 0.0001079663634300232,
      "max": 3.9818923473358154,
      "p50": 0.8802376985549927,
      "p90": 1.7608369588851929,
      "p95": 2.266228437423706,
      "p99": 3.1471502780914307
    },
    "se_summary": {
      "mean": 1.3059250116348267,
      "std": 1.8709245920181274,
      "min": 1.1656736020881908e-08,
      "max": 15.855466842651367,
      "p50": 0.7748184204101562,
      "p90": 3.1005465984344482,
      "p95": 5.135791301727295,
      "p99": 9.90455436706543
    }
  }
}