{
  "train": {
    "mse": 0.0,
    "rmse": 0.0,
    "mae": 0.0,
    "w2_global": 0.06730499118566513,
    "ae_summary": {
      "mean": 0.0,
      "std": 0.0,
      "min": 0.0,
      "max": 0.0,
      "p50": 0.0,
      "p90": 0.0,
      "p95": 0.0,
      "p99": 0.0
    },
    "se_summary": {
      "mean": 0.0,
      "std": 0.0,
      "min": 0.0,
      "max": 0.0,
      "p50": 0.0,
      "p90": 0.0,
      "p95": 0.0,
      "p99": 0.0
    }
  },
  "val": {
    "mse": 0.577032744884491,
    "rmse": 0.7596267141724882,
    "mae": 0.4156801402568817,
    "w2_global": 0.05090254172682762,
    "ae_summary": {
      "mean": 0.4156801402568817,
      "std": 0.6358009576797485,
      "min": 0.0,
      "max": 8.834187507629395,
      "p50": 0.2721324861049652,
      "p90": 0.890762984752655,
      "p95": 1.1927257776260376,
      "p99": 3.0903894901275635
    },
    "se_summary": {
      "mean": 0.577032744884491,
      "std": 3.348033905029297,
      "min": 0.0,
      "max": 78.0428695678711,
      "p50": 0.07405608892440796,
      "p90": 0.7934586405754089,
      "p95": 1.422595739364624,
      "p99": 9.551015853881836
    }
  },
  "test": {
    "mse": 0.7392534017562866,
    "rmse": 0.8597984657792119,
    "mae": 0.4157973527908325,
    "w2_global": 0.05695801600813866,
    "ae_summary": {
      "mean": 0.4157973527908325,
      "std": 0.7525728940963745,
      "min": 0.0,
      "max": 20.706439971923828,
      "p50": 0.24985459446907043,
      "p90": 0.8778411149978638,
      "p95": 1.2151262760162354,
      "p99": 3.1040191650390625
    },
    "se_summary": {
      "mean": 0.7392534017562866,
      "std": 8.369569778442383,
      "min": 0.0,
      "max": 428.75665283203125,
      "p50": 0.06242731958627701,
      "p90": 0.7706050872802734,
      "p95": 1.4765321016311646,
      "p99": 9.634958267211914
    }
  }
}