{
  "train": {
    "mse": 0.0,
    "rmse": 0.0,
    "mae": 0.0,
    "w2_global": 0.443783700466156,
    "ae_summary": {
      "mean": 0.0,
      "std": 0.0,
      "min": 0.0,
      "max": 0.0,
      "p50": 0.0,
      "p90": 0.0,
      "p95": 0.0,
      "p99": 0.0
    },
    "se_summary": {
      "mean": 0.0,
      "std": 0.0,
      "min": 0.0,
      "max": 0.0,
      "p50": 0.0,
      "p90": 0.0,
      "p95": 0.0,
      "p99": 0.0
    }
  },
  "val": {
    "mse": 1.0882757902145386,
    "rmse": 1.043204577355055,
    "mae": 0.7970671653747559,
    "w2_global": 0.28679922223091125,
    "ae_summary": {
      "mean": 0.7970671653747559,
      "std": 0.6730228662490845,
      "min": 0.0,
      "max": 6.572432518005371,
      "p50": 0.6373680233955383,
      "p90": 1.6734482049942017,
      "p95": 2.122408151626587,
      "p99": 3.0150632858276367
    },
    "se_summary": {
      "mean": 1.0882757902145386,
      "std": 1.9782856702804565,
      "min": 0.0,
      "max": 43.196868896484375,
      "p50": 0.40623798966407776,
      "p90": 2.800429344177246,
      "p95": 4.504617214202881,
      "p99": 9.090712547302246
    }
  },
  "test": {
    "mse": 0.8728952407836914,
    "rmse": 0.9342886281999216,
    "mae": 0.7242380976676941,
    "w2_global": 0.3562740087509155,
    "ae_summary": {
      "mean": 0.7242380976676941,
      "std": 0.5902326107025146,
      "min": 0.0,
      "max": 5.27354621887207,
      "p50": 0.5924740433692932,
      "p90": 1.5161476135253906,
      "p95": 1.8399574756622314,
      "p99": 2.6291415691375732
    },
    "se_summary": {
      "mean": 0.8728952407836914,
      "std": 1.437804102897644,
      "min": 0.0,
      "max": 27.81028938293457,
      "p50": 0.3510254919528961,
      "p90": 2.298703670501709,
      "p95": 3.385443687438965,
      "p99": 6.912385940551758
    }
  }
}