{
  "train": {
    "mse": 0.0,
    "rmse": 0.0,
    "mae": 0.0,
    "w2_global": 2.110731840133667,
    "ae_summary": {
      "mean": 0.0,
      "std": 0.0,
      "min": 0.0,
      "max": 0.0,
      "p50": 0.0,
      "p90": 0.0,
      "p95": 0.0,
      "p99": 0.0
    },
    "se_summary": {
      "mean": 0.0,
      "std": 0.0,
      "min": 0.0,
      "max": 0.0,
      "p50": 0.0,
      "p90": 0.0,
      "p95": 0.0,
      "p99": 0.0
    }
  },
  "val": {
    "mse": 6.282625198364258,
    "rmse": 2.5065165465969415,
    "mae": 2.284433126449585,
    "w2_global": 2.1226561069488525,
    "ae_summary": {
      "mean": 2.284433126449585,
      "std": 1.031498908996582,
      "min": 0.0010404586791992188,
      "max": 5.9456281661987305,
      "p50": 2.3232295513153076,
      "p90": 3.581886053085327,
      "p95": 3.818265199661255,
      "p99": 4.332391738891602
    },
    "se_summary": {
      "mean": 6.282625198364258,
      "std": 4.824955940246582,
      "min": 1.0825542631209828e-06,
      "max": 35.350494384765625,
      "p50": 5.397395610809326,
      "p90": 12.82990837097168,
      "p95": 14.57914924621582,
      "p99": 18.769622802734375
    }
  },
  "test": {
    "mse": 6.2845869064331055,
    "rmse": 2.506907837642442,
    "mae": 2.28786301612854,
    "w2_global": 2.1319944858551025,
    "ae_summary": {
      "mean": 2.28786301612854,
      "std": 1.0248267650604248,
      "min": 0.00122833251953125,
      "max": 6.054388523101807,
      "p50": 2.3625147342681885,
      "p90": 3.570756196975708,
      "p95": 3.811321258544922,
      "p99": 4.233584880828857
    },
    "se_summary": {
      "mean": 6.2845869064331055,
      "std": 4.684290885925293,
      "min": 1.5088007785379887e-06,
      "max": 36.65562057495117,
      "p50": 5.581475734710693,
      "p90": 12.750299453735352,
      "p95": 14.526168823242188,
      "p99": 17.923240661621094
    }
  }
}