{
  "train": {
    "mse": 0.26977047324180603,
    "rmse": 0.519394333085957,
    "mae": 0.34648796916007996,
    "w2_global": 0.02181519940495491,
    "ae_summary": {
      "mean": 0.34648796916007996,
      "std": 0.38693228363990784,
      "min": 1.0967254638671875e-05,
      "max": 8.903078079223633,
      "p50": 0.23282210528850555,
      "p90": 0.7617737650871277,
      "p95": 1.0432251691818237,
      "p99": 1.8737646341323853
    },
    "se_summary": {
      "mean": 0.26977047324180603,
      "std": 1.0637640953063965,
      "min": 1.2028067430946976e-10,
      "max": 79.26480102539062,
      "p50": 0.054206132888793945,
      "p90": 0.5802992582321167,
      "p95": 1.0883188247680664,
      "p99": 3.5109939575195312
    }
  },
  "val": {
    "mse": 0.27011382579803467,
    "rmse": 0.5197247596546029,
    "mae": 0.3702297508716583,
    "w2_global": 0.03196059539914131,
    "ae_summary": {
      "mean": 0.3702297508716583,
      "std": 0.3647516369819641,
      "min": 0.0004889965057373047,
      "max": 2.1079890727996826,
      "p50": 0.2226163148880005,
      "p90": 0.8679348826408386,
      "p95": 1.0526282787322998,
      "p99": 1.7585299015045166
    },
    "se_summary": {
      "mean": 0.27011382579803467,
      "std": 0.5626009702682495,
      "min": 2.3911758262329386e-07,
      "max": 4.443617820739746,
      "p50": 0.04955802485346794,
      "p90": 0.7533268928527832,
      "p95": 1.108033299446106,
      "p99": 3.0945732593536377
    }
  },
  "test": {
    "mse": 0.17912937700748444,
    "rmse": 0.42323678598094994,
    "mae": 0.311504602432251,
    "w2_global": 0.01997007615864277,
    "ae_summary": {
      "mean": 0.311504602432251,
      "std": 0.28652089834213257,
      "min": 6.0230493545532227e-05,
      "max": 1.664607286453247,
      "p50": 0.22565725445747375,
      "p90": 0.7197170257568359,
      "p95": 0.9003517627716064,
      "p99": 1.2050039768218994
    },
    "se_summary": {
      "mean": 0.17912937700748444,
      "std": 0.30858030915260315,
      "min": 3.627712352738399e-09,
      "max": 2.7709174156188965,
      "p50": 0.050921209156513214,
      "p90": 0.5179927349090576,
      "p95": 0.8106353282928467,
      "p99": 1.4520409107208252
    }
  }
}