{
  "best_alpha": 0.99,
  "best_gamma": 10.0,
  "alpha_grid": [
    0.99
  ],
  "gamma_grid": [
    10.0
  ],
  "results": {
    "(0.99, 10.0)": {
      "val_loss": 0.2404995709657669,
      "val_eval": 0.8391417264938354,
      "epoch": 30,
      "mse": 0.8391417264938354
    }
  },
  "standalone_mode": true
}