{
  "train": {
    "mse": 0.27569150924682617,
    "rmse": 0.5250633383191271,
    "mae": 0.258129358291626,
    "w2_global": 0.6301773190498352,
    "ae_summary": {
      "mean": 0.258129358291626,
      "std": 0.4572315812110901,
      "min": 5.278736352920532e-06,
      "max": 19.224210739135742,
      "p50": 0.11366281658411026,
      "p90": 0.6509653329849243,
      "p95": 0.8539040684700012,
      "p99": 1.5107605457305908
    },
    "se_summary": {
      "mean": 0.27569150924682617,
      "std": 4.206596851348877,
      "min": 2.7865057483644762e-11,
      "max": 369.5702819824219,
      "p50": 0.012919235974550247,
      "p90": 0.4237559139728546,
      "p95": 0.7291521430015564,
      "p99": 2.282399892807007
    }
  },
  "val": {
    "mse": 0.8391417264938354,
    "rmse": 0.916046792742508,
    "mae": 0.4667164981365204,
    "w2_global": 0.6767781376838684,
    "ae_summary": {
      "mean": 0.4667164981365204,
      "std": 0.7882368564605713,
      "min": 1.3962388038635254e-05,
      "max": 32.053855895996094,
      "p50": 0.301016628742218,
      "p90": 0.9985384941101074,
      "p95": 1.305661678314209,
      "p99": 2.665034055709839
    },
    "se_summary": {
      "mean": 0.8391417264938354,
      "std": 13.758241653442383,
      "min": 1.949482797414248e-10,
      "max": 1027.44970703125,
      "p50": 0.09061101078987122,
      "p90": 0.9970791935920715,
      "p95": 1.7047525644302368,
      "p99": 7.102416038513184
    }
  },
  "test": {
    "mse": 1.058620572090149,
    "rmse": 1.0288928865971174,
    "mae": 0.47363683581352234,
    "w2_global": 0.7893000245094299,
    "ae_summary": {
      "mean": 0.47363683581352234,
      "std": 0.9133939743041992,
      "min": 7.748603820800781e-06,
      "max": 36.90731430053711,
      "p50": 0.3000997006893158,
      "p90": 0.9666140675544739,
      "p95": 1.3252698183059692,
      "p99": 3.2633516788482666
    },
    "se_summary": {
      "mean": 1.058620572090149,
      "std": 17.63009262084961,
      "min": 6.004086117172847e-11,
      "max": 1362.14990234375,
      "p50": 0.09005983173847198,
      "p90": 0.9343427419662476,
      "p95": 1.7563401460647583,
      "p99": 10.649465560913086
    }
  }
}