{
  "train": {
    "mse": 0.0,
    "rmse": 0.0,
    "mae": 0.0,
    "w2_global": 0.7092697024345398,
    "ae_summary": {
      "mean": 0.0,
      "std": 0.0,
      "min": 0.0,
      "max": 0.0,
      "p50": 0.0,
      "p90": 0.0,
      "p95": 0.0,
      "p99": 0.0
    },
    "se_summary": {
      "mean": 0.0,
      "std": 0.0,
      "min": 0.0,
      "max": 0.0,
      "p50": 0.0,
      "p90": 0.0,
      "p95": 0.0,
      "p99": 0.0
    }
  },
  "val": {
    "mse": 1.3725835084915161,
    "rmse": 1.1715730913995577,
    "mae": 0.9328258037567139,
    "w2_global": 0.4189867377281189,
    "ae_summary": {
      "mean": 0.9328258037567139,
      "std": 0.7088156342506409,
      "min": 0.0,
      "max": 3.617936372756958,
      "p50": 0.8620657920837402,
      "p90": 1.90492582321167,
      "p95": 2.243806838989258,
      "p99": 3.221815824508667
    },
    "se_summary": {
      "mean": 1.3725835084915161,
      "std": 1.8679046630859375,
      "min": 0.0,
      "max": 13.089463233947754,
      "p50": 0.7431574463844299,
      "p90": 3.6287424564361572,
      "p95": 5.034668922424316,
      "p99": 10.380097389221191
    }
  },
  "test": {
    "mse": 1.1697341203689575,
    "rmse": 1.081542472753131,
    "mae": 0.89347243309021,
    "w2_global": 0.5552716255187988,
    "ae_summary": {
      "mean": 0.89347243309021,
      "std": 0.6094595789909363,
      "min": 0.0,
      "max": 3.548794984817505,
      "p50": 0.8402814865112305,
      "p90": 1.6319611072540283,
      "p95": 1.9744312763214111,
      "p99": 2.8603675365448
    },
    "se_summary": {
      "mean": 1.1697341203689575,
      "std": 1.5305835008621216,
      "min": 0.0,
      "max": 12.593945503234863,
      "p50": 0.706072986125946,
      "p90": 2.663296937942505,
      "p95": 3.89837908744812,
      "p99": 8.181702613830566
    }
  }
}