{
  "train": {
    "mse": 1858.536376953125,
    "rmse": 43.110745492894516,
    "mae": 33.87984085083008,
    "w2_global": 0.05307101085782051,
    "ae_summary": {
      "mean": 33.87984085083008,
      "std": 26.65882110595703,
      "min": 0.00019213557243347168,
      "max": 199.20755004882812,
      "p50": 27.84958839416504,
      "p90": 71.61444854736328,
      "p95": 86.280517578125,
      "p99": 115.32593536376953
    },
    "se_summary": {
      "mean": 1858.536376953125,
      "std": 2797.757080078125,
      "min": 3.691607730615942e-08,
      "max": 39683.6484375,
      "p50": 775.5995483398438,
      "p90": 5128.62939453125,
      "p95": 7444.32861328125,
      "p99": 13300.072265625
    }
  },
  "val": {
    "mse": 0.06171836704015732,
    "rmse": 0.24843181567616762,
    "mae": 0.1608349233865738,
    "w2_global": 0.042021989822387695,
    "ae_summary": {
      "mean": 0.1608349233865738,
      "std": 0.18934229016304016,
      "min": 4.969537258148193e-06,
      "max": 3.464975595474243,
      "p50": 0.10596372187137604,
      "p90": 0.35930514335632324,
      "p95": 0.4959825873374939,
      "p99": 0.8842196464538574
    },
    "se_summary": {
      "mean": 0.06171836704015732,
      "std": 0.2677256464958191,
      "min": 2.4696300560123063e-11,
      "max": 12.00605583190918,
      "p50": 0.011228309944272041,
      "p90": 0.12910018861293793,
      "p95": 0.2459988296031952,
      "p99": 0.7818465232849121
    }
  },
  "test": {
    "mse": 0.06803692877292633,
    "rmse": 0.26083889428711804,
    "mae": 0.16952501237392426,
    "w2_global": 0.04215391352772713,
    "ae_summary": {
      "mean": 0.16952501237392426,
      "std": 0.19823771715164185,
      "min": 2.8014183044433594e-05,
      "max": 3.0462708473205566,
      "p50": 0.10928905010223389,
      "p90": 0.3899472653865814,
      "p95": 0.5340883731842041,
      "p99": 0.9662915468215942
    },
    "se_summary": {
      "mean": 0.06803692877292633,
      "std": 0.24018265306949615,
      "min": 7.847944516470307e-10,
      "max": 9.279766082763672,
      "p50": 0.01194409653544426,
      "p90": 0.15205888450145721,
      "p95": 0.28525039553642273,
      "p99": 0.9337193369865417
    }
  }
}