{
  "train": {
    "mse": 0.15710732340812683,
    "rmse": 0.39636766191015993,
    "mae": 0.27371037006378174,
    "w2_global": 0.10883617401123047,
    "ae_summary": {
      "mean": 0.27371037006378174,
      "std": 0.2866879105567932,
      "min": 0.00010815262794494629,
      "max": 5.345643997192383,
      "p50": 0.20509961247444153,
      "p90": 0.5657727718353271,
      "p95": 0.733432412147522,
      "p99": 1.3189929723739624
    },
    "se_summary": {
      "mean": 0.15710732340812683,
      "std": 0.6742292642593384,
      "min": 1.1696990931397977e-08,
      "max": 28.575910568237305,
      "p50": 0.042065851390361786,
      "p90": 0.3200988173484802,
      "p95": 0.5379231572151184,
      "p99": 1.7397487163543701
    }
  },
  "val": {
    "mse": 0.6148009896278381,
    "rmse": 0.7840924624225374,
    "mae": 0.5987160205841064,
    "w2_global": 0.2531675398349762,
    "ae_summary": {
      "mean": 0.5987160205841064,
      "std": 0.5063003301620483,
      "min": 0.0005555152893066406,
      "max": 4.606106758117676,
      "p50": 0.5088120698928833,
      "p90": 1.087545394897461,
      "p95": 1.4673209190368652,
      "p99": 2.744847297668457
    },
    "se_summary": {
      "mean": 0.6148009896278381,
      "std": 1.399685263633728,
      "min": 3.0859723665344063e-07,
      "max": 21.216218948364258,
      "p50": 0.25888973474502563,
      "p90": 1.182755708694458,
      "p95": 2.1530306339263916,
      "p99": 7.5344109535217285
    }
  },
  "test": {
    "mse": 0.4299272298812866,
    "rmse": 0.6556883633871251,
    "mae": 0.4408392012119293,
    "w2_global": 0.22243818640708923,
    "ae_summary": {
      "mean": 0.4408392012119293,
      "std": 0.4853741228580475,
      "min": 8.7738037109375e-05,
      "max": 4.656318664550781,
      "p50": 0.3079986572265625,
      "p90": 0.9268785119056702,
      "p95": 1.2827388048171997,
      "p99": 2.4270527362823486
    },
    "se_summary": {
      "mean": 0.4299272298812866,
      "std": 1.3430336713790894,
      "min": 7.697963155806065e-09,
      "max": 21.681303024291992,
      "p50": 0.0948631688952446,
      "p90": 0.859103798866272,
      "p95": 1.6454188823699951,
      "p99": 5.890592098236084
    }
  }
}