{
  "train": {
    "mse": 0.0,
    "rmse": 0.0,
    "mae": 0.0,
    "w2_global": 0.012623833492398262,
    "ae_summary": {
      "mean": 0.0,
      "std": 0.0,
      "min": 0.0,
      "max": 0.0,
      "p50": 0.0,
      "p90": 0.0,
      "p95": 0.0,
      "p99": 0.0
    },
    "se_summary": {
      "mean": 0.0,
      "std": 0.0,
      "min": 0.0,
      "max": 0.0,
      "p50": 0.0,
      "p90": 0.0,
      "p95": 0.0,
      "p99": 0.0
    }
  },
  "val": {
    "mse": 0.21924391388893127,
    "rmse": 0.4682348917892934,
    "mae": 0.32891109585762024,
    "w2_global": 0.03840702399611473,
    "ae_summary": {
      "mean": 0.32891109585762024,
      "std": 0.3332587480545044,
      "min": 2.2649765014648438e-06,
      "max": 3.723759174346924,
      "p50": 0.2413528859615326,
      "p90": 0.7283286452293396,
      "p95": 1.0135393142700195,
      "p99": 1.6415529251098633
    },
    "se_summary": {
      "mean": 0.21924391388893127,
      "std": 0.560181736946106,
      "min": 5.130118552187923e-12,
      "max": 13.866382598876953,
      "p50": 0.05825122818350792,
      "p90": 0.5304628610610962,
      "p95": 1.0272622108459473,
      "p99": 2.6947033405303955
    }
  },
  "test": {
    "mse": 0.12483088672161102,
    "rmse": 0.3533141473555949,
    "mae": 0.21624113619327545,
    "w2_global": 0.027097057551145554,
    "ae_summary": {
      "mean": 0.21624113619327545,
      "std": 0.279411256313324,
      "min": 3.695487976074219e-05,
      "max": 2.475407600402832,
      "p50": 0.12757614254951477,
      "p90": 0.4915270209312439,
      "p95": 0.7750779986381531,
      "p99": 1.444987416267395
    },
    "se_summary": {
      "mean": 0.12483088672161102,
      "std": 0.4116177558898926,
      "min": 1.3656631381309126e-09,
      "max": 6.127642631530762,
      "p50": 0.016275672242045403,
      "p90": 0.24159882962703705,
      "p95": 0.6007460355758667,
      "p99": 2.087989091873169
    }
  }
}