{
  "train": {
    "mse": 0.0,
    "rmse": 0.0,
    "mae": 0.0,
    "w2_global": 0.07806350290775299,
    "ae_summary": {
      "mean": 0.0,
      "std": 0.0,
      "min": 0.0,
      "max": 0.0,
      "p50": 0.0,
      "p90": 0.0,
      "p95": 0.0,
      "p99": 0.0
    },
    "se_summary": {
      "mean": 0.0,
      "std": 0.0,
      "min": 0.0,
      "max": 0.0,
      "p50": 0.0,
      "p90": 0.0,
      "p95": 0.0,
      "p99": 0.0
    }
  },
  "val": {
    "mse": 0.442669153213501,
    "rmse": 0.6653338659751967,
    "mae": 0.4981866180896759,
    "w2_global": 0.1573321372270584,
    "ae_summary": {
      "mean": 0.4981866180896759,
      "std": 0.44099804759025574,
      "min": 3.504753112792969e-05,
      "max": 4.256775379180908,
      "p50": 0.38452255725860596,
      "p90": 1.0652227401733398,
      "p95": 1.343506932258606,
      "p99": 2.047805070877075
    },
    "se_summary": {
      "mean": 0.442669153213501,
      "std": 0.8944591283798218,
      "min": 1.2283294381632004e-09,
      "max": 18.120136260986328,
      "p50": 0.14785760641098022,
      "p90": 1.1346994638442993,
      "p95": 1.80501127243042,
      "p99": 4.193521022796631
    }
  },
  "test": {
    "mse": 0.322973370552063,
    "rmse": 0.5683074612848779,
    "mae": 0.417949378490448,
    "w2_global": 0.12319894880056381,
    "ae_summary": {
      "mean": 0.417949378490448,
      "std": 0.38508662581443787,
      "min": 5.155801773071289e-05,
      "max": 4.672409534454346,
      "p50": 0.3167145848274231,
      "p90": 0.8934617042541504,
      "p95": 1.1483873128890991,
      "p99": 1.7716959714889526
    },
    "se_summary": {
      "mean": 0.322973370552063,
      "std": 0.7706863880157471,
      "min": 2.658229192320505e-09,
      "max": 21.831411361694336,
      "p50": 0.1003081277012825,
      "p90": 0.7982738614082336,
      "p95": 1.3187934160232544,
      "p99": 3.1389577388763428
    }
  }
}