{
  "train": {
    "mse": 0.013576936908066273,
    "rmse": 0.11652011374894153,
    "mae": 0.06252332031726837,
    "w2_global": 0.5054188370704651,
    "ae_summary": {
      "mean": 0.06252332031726837,
      "std": 0.09832482784986496,
      "min": 6.736814975738525e-05,
      "max": 1.3060240745544434,
      "p50": 0.03457874059677124,
      "p90": 0.13872230052947998,
      "p95": 0.23258265852928162,
      "p99": 0.4370648264884949
    },
    "se_summary": {
      "mean": 0.013576936908066273,
      "std": 0.0768849328160286,
      "min": 4.538467379688882e-09,
      "max": 1.705698847770691,
      "p50": 0.001195689314045012,
      "p90": 0.019243896007537842,
      "p95": 0.054094694554805756,
      "p99": 0.19102652370929718
    }
  },
  "val": {
    "mse": 1.2486598491668701,
    "rmse": 1.1174344943516241,
    "mae": 0.8580515384674072,
    "w2_global": 0.45731350779533386,
    "ae_summary": {
      "mean": 0.8580515384674072,
      "std": 0.7158263921737671,
      "min": 0.0013332664966583252,
      "max": 5.074540615081787,
      "p50": 0.6595585346221924,
      "p90": 1.8978066444396973,
      "p95": 2.252859354019165,
      "p99": 3.078526020050049
    },
    "se_summary": {
      "mean": 1.2486598491668701,
      "std": 1.976321816444397,
      "min": 1.7775995502233854e-06,
      "max": 25.75096321105957,
      "p50": 0.435017466545105,
      "p90": 3.601670742034912,
      "p95": 5.075375556945801,
      "p99": 9.478357315063477
    }
  },
  "test": {
    "mse": 1.0993489027023315,
    "rmse": 1.0484984037671834,
    "mae": 0.8074653148651123,
    "w2_global": 0.5426379442214966,
    "ae_summary": {
      "mean": 0.8074653148651123,
      "std": 0.6688413619995117,
      "min": 0.00015110522508621216,
      "max": 4.889258861541748,
      "p50": 0.6235705614089966,
      "p90": 1.7463970184326172,
      "p95": 2.1325249671936035,
      "p99": 2.79561185836792
    },
    "se_summary": {
      "mean": 1.0993489027023315,
      "std": 1.8743927478790283,
      "min": 2.283278988102211e-08,
      "max": 23.90485191345215,
      "p50": 0.3888402581214905,
      "p90": 3.04990291595459,
      "p95": 4.547662734985352,
      "p99": 7.815446376800537
    }
  }
}