{
  "train": {
    "mse": 0.0,
    "rmse": 0.0,
    "mae": 0.0,
    "w2_global": 0.12397660315036774,
    "ae_summary": {
      "mean": 0.0,
      "std": 0.0,
      "min": 0.0,
      "max": 0.0,
      "p50": 0.0,
      "p90": 0.0,
      "p95": 0.0,
      "p99": 0.0
    },
    "se_summary": {
      "mean": 0.0,
      "std": 0.0,
      "min": 0.0,
      "max": 0.0,
      "p50": 0.0,
      "p90": 0.0,
      "p95": 0.0,
      "p99": 0.0
    }
  },
  "val": {
    "mse": 0.5473135709762573,
    "rmse": 0.7398064415617489,
    "mae": 0.4976659417152405,
    "w2_global": 0.18629972636699677,
    "ae_summary": {
      "mean": 0.4976659417152405,
      "std": 0.5473957657814026,
      "min": 6.67572021484375e-06,
      "max": 5.060243606567383,
      "p50": 0.3237389326095581,
      "p90": 1.1552438735961914,
      "p95": 1.6033411026000977,
      "p99": 2.68808650970459
    },
    "se_summary": {
      "mean": 0.5473135709762573,
      "std": 1.4199621677398682,
      "min": 4.4565240386873484e-11,
      "max": 25.60606575012207,
      "p50": 0.10480688512325287,
      "p90": 1.3345884084701538,
      "p95": 2.5707027912139893,
      "p99": 7.225808620452881
    }
  },
  "test": {
    "mse": 0.45257124304771423,
    "rmse": 0.6727341548098433,
    "mae": 0.4904414415359497,
    "w2_global": 0.1411752998828888,
    "ae_summary": {
      "mean": 0.4904414415359497,
      "std": 0.4604763090610504,
      "min": 2.47955322265625e-05,
      "max": 4.33404016494751,
      "p50": 0.36012011766433716,
      "p90": 1.0845057964324951,
      "p95": 1.4141910076141357,
      "p99": 2.1441378593444824
    },
    "se_summary": {
      "mean": 0.45257124304771423,
      "std": 0.93941330909729,
      "min": 6.148184183984995e-10,
      "max": 18.783905029296875,
      "p50": 0.12968650460243225,
      "p90": 1.1761528253555298,
      "p95": 1.9999359846115112,
      "p99": 4.59732723236084
    }
  }
}