{
  "train": {
    "mse": 0.0,
    "rmse": 0.0,
    "mae": 0.0,
    "w2_global": 0.3303185701370239,
    "ae_summary": {
      "mean": 0.0,
      "std": 0.0,
      "min": 0.0,
      "max": 0.0,
      "p50": 0.0,
      "p90": 0.0,
      "p95": 0.0,
      "p99": 0.0
    },
    "se_summary": {
      "mean": 0.0,
      "std": 0.0,
      "min": 0.0,
      "max": 0.0,
      "p50": 0.0,
      "p90": 0.0,
      "p95": 0.0,
      "p99": 0.0
    }
  },
  "val": {
    "mse": 1.1118297576904297,
    "rmse": 1.0544333822913754,
    "mae": 0.762829601764679,
    "w2_global": 0.26314300298690796,
    "ae_summary": {
      "mean": 0.762829601764679,
      "std": 0.7279564738273621,
      "min": 0.0,
      "max": 10.639944076538086,
      "p50": 0.5780441761016846,
      "p90": 1.6290587186813354,
      "p95": 2.1546902656555176,
      "p99": 3.290022850036621
    },
    "se_summary": {
      "mean": 1.1118297576904297,
      "std": 2.7963132858276367,
      "min": 0.0,
      "max": 113.20841217041016,
      "p50": 0.3341350555419922,
      "p90": 2.653832197189331,
      "p95": 4.6426897048950195,
      "p99": 10.824251174926758
    }
  },
  "test": {
    "mse": 1.197295904159546,
    "rmse": 1.0942101736684529,
    "mae": 0.7962284088134766,
    "w2_global": 0.31933361291885376,
    "ae_summary": {
      "mean": 0.7962284088134766,
      "std": 0.750544011592865,
      "min": 0.0,
      "max": 20.700613021850586,
      "p50": 0.6191319823265076,
      "p90": 1.6904069185256958,
      "p95": 2.152970790863037,
      "p99": 3.400550365447998
    },
    "se_summary": {
      "mean": 1.197295904159546,
      "std": 3.492133617401123,
      "min": 0.0,
      "max": 428.515380859375,
      "p50": 0.38332441449165344,
      "p90": 2.857475519180298,
      "p95": 4.635282516479492,
      "p99": 11.563743591308594
    }
  }
}