{
  "train": {
    "mse": 0.0,
    "rmse": 0.0,
    "mae": 0.0,
    "w2_global": 0.060668256133794785,
    "ae_summary": {
      "mean": 0.0,
      "std": 0.0,
      "min": 0.0,
      "max": 0.0,
      "p50": 0.0,
      "p90": 0.0,
      "p95": 0.0,
      "p99": 0.0
    },
    "se_summary": {
      "mean": 0.0,
      "std": 0.0,
      "min": 0.0,
      "max": 0.0,
      "p50": 0.0,
      "p90": 0.0,
      "p95": 0.0,
      "p99": 0.0
    }
  },
  "val": {
    "mse": 1.0447379350662231,
    "rmse": 1.0221242268267703,
    "mae": 0.7263971567153931,
    "w2_global": 0.06104731559753418,
    "ae_summary": {
      "mean": 0.7263971567153931,
      "std": 0.7190863490104675,
      "min": 3.487803041934967e-07,
      "max": 9.652634620666504,
      "p50": 0.5385487675666809,
      "p90": 1.5750081539154053,
      "p95": 2.018094062805176,
      "p99": 3.2833786010742188
    },
    "se_summary": {
      "mean": 1.0447379350662231,
      "std": 3.0390126705169678,
      "min": 1.216477005933081e-13,
      "max": 93.17335510253906,
      "p50": 0.29003477096557617,
      "p90": 2.4806506633758545,
      "p95": 4.072704315185547,
      "p99": 10.78057861328125
    }
  },
  "test": {
    "mse": 0.6411356925964355,
    "rmse": 0.8007094932598436,
    "mae": 0.5321051478385925,
    "w2_global": 0.05992339923977852,
    "ae_summary": {
      "mean": 0.5321051478385925,
      "std": 0.5983308553695679,
      "min": 1.9590952433645725e-06,
      "max": 15.640825271606445,
      "p50": 0.34952840209007263,
      "p90": 1.2299270629882812,
      "p95": 1.670793056488037,
      "p99": 2.658133029937744
    },
    "se_summary": {
      "mean": 0.6411356925964355,
      "std": 2.7763314247131348,
      "min": 3.838054006555236e-12,
      "max": 244.6354217529297,
      "p50": 0.1221701055765152,
      "p90": 1.5127205848693848,
      "p95": 2.7915492057800293,
      "p99": 7.065686225891113
    }
  }
}