{
  "test": {
    "mse": 0.2548699975013733,
    "rmse": 0.5048465088533081,
    "mae": 0.3207622170448303,
    "w2_global": 0.06551175564527512,
    "ae_summary": {
      "mean": 0.3207622170448303,
      "std": 0.3898482024669647,
      "min": 7.748603820800781e-06,
      "max": 3.6861469745635986,
      "p50": 0.18677940964698792,
      "p90": 0.776313066482544,
      "p95": 1.0987215042114258,
      "p99": 1.8685122728347778
    },
    "se_summary": {
      "mean": 0.2548699975013733,
      "std": 0.7334671020507812,
      "min": 6.004086117172847e-11,
      "max": 13.587679862976074,
      "p50": 0.034886546432971954,
      "p90": 0.6026620268821716,
      "p95": 1.2071892023086548,
      "p99": 3.4913437366485596
    }
  }
}