{
  "best_alpha": 0.99,
  "best_gamma": 5.0,
  "alpha_grid": [
    0.01,
    0.25,
    0.5,
    0.75,
    0.99
  ],
  "gamma_grid": [
    0.1,
    1.0,
    5.0,
    10.0
  ],
  "results": {
    "(0.01, 0.1)": {
      "val_loss": 0.8460230231285095,
      "val_eval": 0.8552661538124084,
      "epochs": 30,
      "mse": 0.83826744556427,
      "w2_global": 0.446215957403183,
      "cvar": 1.4485536813735962
    },
    "(0.01, 1.0)": {
      "val_loss": 0.7981967628002167,
      "val_eval": 0.8134608566761017,
      "epochs": 30,
      "mse": 0.7681812644004822,
      "w2_global": 0.4240586459636688,
      "cvar": 1.4513636827468872
    },
    "(0.01, 5.0)": {
      "val_loss": 0.8500078916549683,
      "val_eval": 0.8593918681144714,
      "epochs": 30,
      "mse": 0.8518279194831848,
      "w2_global": 0.44863197207450867,
      "cvar": 1.4936176538467407
    },
    "(0.01, 10.0)": {
      "val_loss": 0.8855602145195007,
      "val_eval": 0.898072361946106,
      "epochs": 30,
      "mse": 0.8846840262413025,
      "w2_global": 0.4618639647960663,
      "cvar": 1.4938545227050781
    },
    "(0.25, 0.1)": {
      "val_loss": 0.4389163702726364,
      "val_eval": 0.45011742413043976,
      "epochs": 30,
      "mse": 0.4511764347553253,
      "w2_global": 0.2574779689311981,
      "cvar": 1.1853564977645874
    },
    "(0.25, 1.0)": {
      "val_loss": 0.44461145997047424,
      "val_eval": 0.44818948209285736,
      "epochs": 30,
      "mse": 0.4573471248149872,
      "w2_global": 0.2654349207878113,
      "cvar": 1.1593016386032104
    },
    "(0.25, 5.0)": {
      "val_loss": 0.4508054703474045,
      "val_eval": 0.45367978513240814,
      "epochs": 30,
      "mse": 0.45633214712142944,
      "w2_global": 0.2590419352054596,
      "cvar": 1.2396304607391357
    },
    "(0.25, 10.0)": {
      "val_loss": 0.5302356779575348,
      "val_eval": 0.5333153009414673,
      "epochs": 30,
      "mse": 0.5131908059120178,
      "w2_global": 0.2642216086387634,
      "cvar": 1.4617780447006226
    },
    "(0.5, 0.1)": {
      "val_loss": 0.3677794486284256,
      "val_eval": 0.3736778199672699,
      "epochs": 30,
      "mse": 0.3894016444683075,
      "w2_global": 0.2385769635438919,
      "cvar": 1.0156428813934326
    },
    "(0.5, 1.0)": {
      "val_loss": 0.3881363123655319,
      "val_eval": 0.3826664537191391,
      "epochs": 30,
      "mse": 0.41033947467803955,
      "w2_global": 0.2675347924232483,
      "cvar": 1.0924179553985596
    },
    "(0.5, 5.0)": {
      "val_loss": 0.3589658588171005,
      "val_eval": 0.3598413020372391,
      "epochs": 30,
      "mse": 0.3754882514476776,
      "w2_global": 0.23330703377723694,
      "cvar": 0.9700692892074585
    },
    "(0.5, 10.0)": {
      "val_loss": 0.3591945320367813,
      "val_eval": 0.3637728840112686,
      "epochs": 30,
      "mse": 0.3839952051639557,
      "w2_global": 0.24857574701309204,
      "cvar": 0.9941547513008118
    },
    "(0.75, 0.1)": {
      "val_loss": 0.367817685008049,
      "val_eval": 0.37021876871585846,
      "epochs": 30,
      "mse": 0.37037038803100586,
      "w2_global": 0.2075551450252533,
      "cvar": 0.9320293664932251
    },
    "(0.75, 1.0)": {
      "val_loss": 0.33696140348911285,
      "val_eval": 0.34238390624523163,
      "epochs": 30,
      "mse": 0.3439141511917114,
      "w2_global": 0.2238750457763672,
      "cvar": 0.8926934599876404
    },
    "(0.75, 5.0)": {
      "val_loss": 0.3867836892604828,
      "val_eval": 0.3898690789937973,
      "epochs": 30,
      "mse": 0.4151231348514557,
      "w2_global": 0.2685651183128357,
      "cvar": 1.08396577835083
    },
    "(0.75, 10.0)": {
      "val_loss": 0.37767405807971954,
      "val_eval": 0.3790014833211899,
      "epochs": 30,
      "mse": 0.40073543787002563,
      "w2_global": 0.25509321689605713,
      "cvar": 1.0472432374954224
    },
    "(0.99, 0.1)": {
      "val_loss": 0.3499957174062729,
      "val_eval": 0.35548439621925354,
      "epochs": 30,
      "mse": 0.3330993950366974,
      "w2_global": 0.17058895528316498,
      "cvar": 0.8576498627662659
    },
    "(0.99, 1.0)": {
      "val_loss": 0.38256318867206573,
      "val_eval": 0.3653919994831085,
      "epochs": 30,
      "mse": 0.3479735851287842,
      "w2_global": 0.22086799144744873,
      "cvar": 0.891533374786377
    },
    "(0.99, 5.0)": {
      "val_loss": 0.3162977993488312,
      "val_eval": 0.3172118216753006,
      "epochs": 30,
      "mse": 0.287756085395813,
      "w2_global": 0.15823297202587128,
      "cvar": 0.7380430698394775
    },
    "(0.99, 10.0)": {
      "val_loss": 0.3509347438812256,
      "val_eval": 0.3544261306524277,
      "epochs": 30,
      "mse": 0.3302038908004761,
      "w2_global": 0.22449304163455963,
      "cvar": 0.8561354279518127
    }
  }
}