{
  "train": {
    "mse": 0.2922891080379486,
    "rmse": 0.54063768647584,
    "mae": 0.406663179397583,
    "w2_global": 0.1591174155473709,
    "ae_summary": {
      "mean": 0.406663179397583,
      "std": 0.356250137090683,
      "min": 4.76837158203125e-07,
      "max": 4.918020248413086,
      "p50": 0.31870388984680176,
      "p90": 0.8625596165657043,
      "p95": 1.0858333110809326,
      "p99": 1.6457961797714233
    },
    "se_summary": {
      "mean": 0.2922891080379486,
      "std": 0.5942540764808655,
      "min": 2.2737367544323206e-13,
      "max": 24.18692398071289,
      "p50": 0.10157217085361481,
      "p90": 0.7440091371536255,
      "p95": 1.1790339946746826,
      "p99": 2.7086451053619385
    }
  },
  "val": {
    "mse": 0.287756085395813,
    "rmse": 0.5364290124478849,
    "mae": 0.405407190322876,
    "w2_global": 0.15823297202587128,
    "ae_summary": {
      "mean": 0.405407190322876,
      "std": 0.3512849509716034,
      "min": 1.6689300537109375e-06,
      "max": 4.100405693054199,
      "p50": 0.3185091018676758,
      "p90": 0.8590943217277527,
      "p95": 1.0800142288208008,
      "p99": 1.6246447563171387
    },
    "se_summary": {
      "mean": 0.287756085395813,
      "std": 0.5694723129272461,
      "min": 2.7853275241795927e-12,
      "max": 16.81332778930664,
      "p50": 0.10144805163145065,
      "p90": 0.7380430698394775,
      "p95": 1.1664307117462158,
      "p99": 2.6394710540771484
    }
  },
  "test": {
    "mse": 0.2925895154476166,
    "rmse": 0.5409154420495098,
    "mae": 0.4078773558139801,
    "w2_global": 0.15793678164482117,
    "ae_summary": {
      "mean": 0.4078773558139801,
      "std": 0.35528239607810974,
      "min": 1.2516975402832031e-06,
      "max": 4.523561954498291,
      "p50": 0.3210880756378174,
      "p90": 0.8615562915802002,
      "p95": 1.08429753780365,
      "p99": 1.6406285762786865
    },
    "se_summary": {
      "mean": 0.2925895154476166,
      "std": 0.5904980301856995,
      "min": 1.566746732351021e-12,
      "max": 20.46261215209961,
      "p50": 0.10309755057096481,
      "p90": 0.7422792911529541,
      "p95": 1.1757011413574219,
      "p99": 2.691662311553955
    }
  }
}