{
  "train": {
    "mse": 0.0,
    "rmse": 0.0,
    "mae": 0.0,
    "w2_global": 0.04717699810862541,
    "ae_summary": {
      "mean": 0.0,
      "std": 0.0,
      "min": 0.0,
      "max": 0.0,
      "p50": 0.0,
      "p90": 0.0,
      "p95": 0.0,
      "p99": 0.0
    },
    "se_summary": {
      "mean": 0.0,
      "std": 0.0,
      "min": 0.0,
      "max": 0.0,
      "p50": 0.0,
      "p90": 0.0,
      "p95": 0.0,
      "p99": 0.0
    }
  },
  "val": {
    "mse": 0.3441890478134155,
    "rmse": 0.5866762717320477,
    "mae": 0.4179069697856903,
    "w2_global": 0.033984310925006866,
    "ae_summary": {
      "mean": 0.4179069697856903,
      "std": 0.4117558002471924,
      "min": 7.271766662597656e-06,
      "max": 3.191812753677368,
      "p50": 0.29542386531829834,
      "p90": 0.9660241007804871,
      "p95": 1.2912405729293823,
      "p99": 1.8619310855865479
    },
    "se_summary": {
      "mean": 0.3441890478134155,
      "std": 0.7393807172775269,
      "min": 5.2878590395266656e-11,
      "max": 10.187668800354004,
      "p50": 0.08727526664733887,
      "p90": 0.9332025051116943,
      "p95": 1.667302131652832,
      "p99": 3.466787576675415
    }
  },
  "test": {
    "mse": 0.33125558495521545,
    "rmse": 0.5755480735396614,
    "mae": 0.42167115211486816,
    "w2_global": 0.02948112227022648,
    "ae_summary": {
      "mean": 0.42167115211486816,
      "std": 0.3917257487773895,
      "min": 1.1920928955078125e-06,
      "max": 3.6433768272399902,
      "p50": 0.31013500690460205,
      "p90": 0.9231806397438049,
      "p95": 1.203723669052124,
      "p99": 1.825490117073059
    },
    "se_summary": {
      "mean": 0.33125558495521545,
      "std": 0.6783556938171387,
      "min": 1.4210854715202004e-12,
      "max": 13.274194717407227,
      "p50": 0.09618372470140457,
      "p90": 0.8522624969482422,
      "p95": 1.4489508867263794,
      "p99": 3.3324148654937744
    }
  }
}