{
  "train": {
    "mse": 0.0,
    "rmse": 0.0,
    "mae": 0.0,
    "w2_global": 0.3957670331001282,
    "ae_summary": {
      "mean": 0.0,
      "std": 0.0,
      "min": 0.0,
      "max": 0.0,
      "p50": 0.0,
      "p90": 0.0,
      "p95": 0.0,
      "p99": 0.0
    },
    "se_summary": {
      "mean": 0.0,
      "std": 0.0,
      "min": 0.0,
      "max": 0.0,
      "p50": 0.0,
      "p90": 0.0,
      "p95": 0.0,
      "p99": 0.0
    }
  },
  "val": {
    "mse": 2.709061861038208,
    "rmse": 1.6459227992339762,
    "mae": 1.2145682573318481,
    "w2_global": 0.4597577154636383,
    "ae_summary": {
      "mean": 1.2145682573318481,
      "std": 1.1108040809631348,
      "min": 4.464387893676758e-05,
      "max": 48.412715911865234,
      "p50": 0.9411328434944153,
      "p90": 2.5846097469329834,
      "p95": 3.273486614227295,
      "p99": 4.916654586791992
    },
    "se_summary": {
      "mean": 2.709061861038208,
      "std": 10.764368057250977,
      "min": 1.99307592652076e-09,
      "max": 2343.791015625,
      "p50": 0.885731041431427,
      "p90": 6.6802077293396,
      "p95": 10.715714454650879,
      "p99": 24.173494338989258
    }
  },
  "test": {
    "mse": 2.440079927444458,
    "rmse": 1.562075519123342,
    "mae": 1.1428545713424683,
    "w2_global": 0.3887016475200653,
    "ae_summary": {
      "mean": 1.1428545713424683,
      "std": 1.0648771524429321,
      "min": 2.0507723093032837e-06,
      "max": 62.36446762084961,
      "p50": 0.8807070851325989,
      "p90": 2.430797815322876,
      "p95": 3.0797441005706787,
      "p99": 4.690433979034424
    },
    "se_summary": {
      "mean": 2.440079927444458,
      "std": 12.706963539123535,
      "min": 4.205667064605123e-12,
      "max": 3889.326904296875,
      "p50": 0.7756449580192566,
      "p90": 5.908778190612793,
      "p95": 9.484823226928711,
      "p99": 22.000173568725586
    }
  }
}