{
  "best_alpha": 0.99,
  "best_gamma": 0.1,
  "alpha_grid": [
    0.99
  ],
  "gamma_grid": [
    0.1
  ],
  "results": {
    "(0.99, 0.1)": {
      "val_loss": 0.4383312910795212,
      "val_eval": 0.9025152027606964,
      "epoch": 30,
      "mse": 0.9025152027606964
    }
  },
  "standalone_mode": true
}