{
  "train": {
    "mse": 0.2630116641521454,
    "rmse": 0.5128466282936307,
    "mae": 0.38624024391174316,
    "w2_global": 0.23575879633426666,
    "ae_summary": {
      "mean": 0.38624024391174316,
      "std": 0.3373871445655823,
      "min": 3.5762786865234375e-07,
      "max": 3.2155637741088867,
      "p50": 0.2933974862098694,
      "p90": 0.8514804840087891,
      "p95": 1.0612213611602783,
      "p99": 1.5089020729064941
    },
    "se_summary": {
      "mean": 0.2630116641521454,
      "std": 0.4648730456829071,
      "min": 1.2789769243681803e-13,
      "max": 10.339850425720215,
      "p50": 0.0860820859670639,
      "p90": 0.7250190377235413,
      "p95": 1.1261907815933228,
      "p99": 2.2767856121063232
    }
  },
  "val": {
    "mse": 0.789324939250946,
    "rmse": 0.888439609231233,
    "mae": 0.6766946911811829,
    "w2_global": 0.22988830506801605,
    "ae_summary": {
      "mean": 0.6766946911811829,
      "std": 0.5756815671920776,
      "min": 4.291534423828125e-06,
      "max": 4.216068744659424,
      "p50": 0.5211605429649353,
      "p90": 1.4593522548675537,
      "p95": 1.8197636604309082,
      "p99": 2.6522185802459717
    },
    "se_summary": {
      "mean": 0.789324939250946,
      "std": 1.3758699893951416,
      "min": 1.8417267710901797e-11,
      "max": 17.775236129760742,
      "p50": 0.2716083228588104,
      "p90": 2.129708766937256,
      "p95": 3.311539649963379,
      "p99": 7.034262657165527
    }
  },
  "test": {
    "mse": 0.7800098657608032,
    "rmse": 0.8831816720023141,
    "mae": 0.6733214259147644,
    "w2_global": 0.22657334804534912,
    "ae_summary": {
      "mean": 0.6733214259147644,
      "std": 0.5715312957763672,
      "min": 1.3232231140136719e-05,
      "max": 4.3083930015563965,
      "p50": 0.5202344655990601,
      "p90": 1.444338321685791,
      "p95": 1.7996588945388794,
      "p99": 2.6547272205352783
    },
    "se_summary": {
      "mean": 0.7800098657608032,
      "std": 1.3636858463287354,
      "min": 1.750919409460039e-10,
      "max": 18.5622501373291,
      "p50": 0.2706438899040222,
      "p90": 2.086113214492798,
      "p95": 3.23877215385437,
      "p99": 7.047577381134033
    }
  }
}