{
  "train": {
    "mse": 0.0,
    "rmse": 0.0,
    "mae": 0.0,
    "w2_global": 0.03795953467488289,
    "ae_summary": {
      "mean": 0.0,
      "std": 0.0,
      "min": 0.0,
      "max": 0.0,
      "p50": 0.0,
      "p90": 0.0,
      "p95": 0.0,
      "p99": 0.0
    },
    "se_summary": {
      "mean": 0.0,
      "std": 0.0,
      "min": 0.0,
      "max": 0.0,
      "p50": 0.0,
      "p90": 0.0,
      "p95": 0.0,
      "p99": 0.0
    }
  },
  "val": {
    "mse": 0.7022187113761902,
    "rmse": 0.8379849111864666,
    "mae": 0.5113126635551453,
    "w2_global": 0.04758239537477493,
    "ae_summary": {
      "mean": 0.5113126635551453,
      "std": 0.6639112234115601,
      "min": 6.121397018432617e-05,
      "max": 10.795503616333008,
      "p50": 0.2959611713886261,
      "p90": 1.2126823663711548,
      "p95": 1.7070752382278442,
      "p99": 2.987744092941284
    },
    "se_summary": {
      "mean": 0.7022187113761902,
      "std": 3.3651328086853027,
      "min": 3.7471501457275735e-09,
      "max": 116.54290008544922,
      "p50": 0.08759301155805588,
      "p90": 1.4705984592437744,
      "p95": 2.914106845855713,
      "p99": 8.926617622375488
    }
  },
  "test": {
    "mse": 0.5373156666755676,
    "rmse": 0.7330181898667779,
    "mae": 0.45619791746139526,
    "w2_global": 0.03820981830358505,
    "ae_summary": {
      "mean": 0.45619791746139526,
      "std": 0.5737587809562683,
      "min": 1.1205673217773438e-05,
      "max": 10.687674522399902,
      "p50": 0.27792829275131226,
      "p90": 1.0469664335250854,
      "p95": 1.4920787811279297,
      "p99": 2.6196601390838623
    },
    "se_summary": {
      "mean": 0.5373156666755676,
      "std": 2.384392023086548,
      "min": 1.255671122635249e-10,
      "max": 114.22638702392578,
      "p50": 0.07724413275718689,
      "p90": 1.096138596534729,
      "p95": 2.226299285888672,
      "p99": 6.862619876861572
    }
  }
}