{
  "train": {
    "mse": 0.0,
    "rmse": 0.0,
    "mae": 0.0,
    "w2_global": 0.47584089636802673,
    "ae_summary": {
      "mean": 0.0,
      "std": 0.0,
      "min": 0.0,
      "max": 0.0,
      "p50": 0.0,
      "p90": 0.0,
      "p95": 0.0,
      "p99": 0.0
    },
    "se_summary": {
      "mean": 0.0,
      "std": 0.0,
      "min": 0.0,
      "max": 0.0,
      "p50": 0.0,
      "p90": 0.0,
      "p95": 0.0,
      "p99": 0.0
    }
  },
  "val": {
    "mse": 1.5992769002914429,
    "rmse": 1.2646252015089068,
    "mae": 0.9319061040878296,
    "w2_global": 0.11612293869256973,
    "ae_summary": {
      "mean": 0.9319061040878296,
      "std": 0.8548848032951355,
      "min": 2.3283064365386963e-08,
      "max": 11.897047996520996,
      "p50": 0.7119958400726318,
      "p90": 2.0193426609039307,
      "p95": 2.517160654067993,
      "p99": 3.677870512008667
    },
    "se_summary": {
      "mean": 1.5992769002914429,
      "std": 3.753687858581543,
      "min": 5.421010862427522e-16,
      "max": 141.5397491455078,
      "p50": 0.506938099861145,
      "p90": 4.077744007110596,
      "p95": 6.336097240447998,
      "p99": 13.52673053741455
    }
  },
  "test": {
    "mse": 1.219372272491455,
    "rmse": 1.1042519062657103,
    "mae": 0.8011879920959473,
    "w2_global": 0.2805953919887543,
    "ae_summary": {
      "mean": 0.8011879920959473,
      "std": 0.7599146366119385,
      "min": 0.0,
      "max": 21.151140213012695,
      "p50": 0.603201150894165,
      "p90": 1.7548341751098633,
      "p95": 2.239114284515381,
      "p99": 3.280111074447632
    },
    "se_summary": {
      "mean": 1.219372272491455,
      "std": 3.3328962326049805,
      "min": 0.0,
      "max": 447.3707275390625,
      "p50": 0.3638516068458557,
      "p90": 3.0794429779052734,
      "p95": 5.013632774353027,
      "p99": 10.75912857055664
    }
  }
}