{
  "best_alpha": 0.99,
  "best_gamma": 10.0,
  "alpha_grid": [
    0.99
  ],
  "gamma_grid": [
    10.0
  ],
  "results": {
    "(0.99, 10.0)": {
      "val_loss": 0.0013722135918214917,
      "val_eval": 0.8294105529785156,
      "epoch": 30,
      "mse": 0.8294105529785156
    }
  },
  "standalone_mode": true
}