{
  "train": {
    "mse": 0.005536800716072321,
    "rmse": 0.07440968160173998,
    "mae": 0.027069352567195892,
    "w2_global": 0.06764666736125946,
    "ae_summary": {
      "mean": 0.027069352567195892,
      "std": 0.06931126862764359,
      "min": 3.337860107421875e-06,
      "max": 4.637465000152588,
      "p50": 0.016145847737789154,
      "p90": 0.04732370376586914,
      "p95": 0.07199262082576752,
      "p99": 0.24000301957130432
    },
    "se_summary": {
      "mean": 0.005536800716072321,
      "std": 0.17452949285507202,
      "min": 1.1141310096718371e-11,
      "max": 21.50608253479004,
      "p50": 0.0002606883936095983,
      "p90": 0.002239532768726349,
      "p95": 0.005182938650250435,
      "p99": 0.05760157108306885
    }
  },
  "val": {
    "mse": 0.8294105529785156,
    "rmse": 0.9107197993776767,
    "mae": 0.692002534866333,
    "w2_global": 0.0543380044400692,
    "ae_summary": {
      "mean": 0.692002534866333,
      "std": 0.592066764831543,
      "min": 0.0006858259439468384,
      "max": 3.5517024993896484,
      "p50": 0.5135252475738525,
      "p90": 1.470549464225769,
      "p95": 1.9264932870864868,
      "p99": 2.407686471939087
    },
    "se_summary": {
      "mean": 0.8294105529785156,
      "std": 1.4148582220077515,
      "min": 4.7035723582666833e-07,
      "max": 12.614590644836426,
      "p50": 0.2637081742286682,
      "p90": 2.162760019302368,
      "p95": 3.7113797664642334,
      "p99": 5.79728364944458
    }
  },
  "test": {
    "mse": 1.67703115940094,
    "rmse": 1.2950023781448974,
    "mae": 0.9871094226837158,
    "w2_global": 0.06363022327423096,
    "ae_summary": {
      "mean": 0.9871094226837158,
      "std": 0.8382399678230286,
      "min": 0.0009870678186416626,
      "max": 4.352316856384277,
      "p50": 0.6976475119590759,
      "p90": 2.0853755474090576,
      "p95": 2.6533775329589844,
      "p99": 4.037930488586426
    },
    "se_summary": {
      "mean": 1.67703115940094,
      "std": 2.8933937549591064,
      "min": 9.74302906797675e-07,
      "max": 18.94266128540039,
      "p50": 0.4867120385169983,
      "p90": 4.348791122436523,
      "p95": 7.040412902832031,
      "p99": 16.30603790283203
    }
  }
}