{
  "best_alpha": 0.99,
  "best_gamma": 1.0,
  "alpha_grid": [
    0.01,
    0.25,
    0.5,
    0.75,
    0.99
  ],
  "gamma_grid": [
    0.1,
    1.0,
    5.0,
    10.0
  ],
  "results": {
    "(0.01, 0.1)": {
      "val_loss": 0.27976953983306885,
      "val_eval": 0.5254516005516052,
      "epoch": 30,
      "mse": 0.5254516005516052,
      "w2_global": 0.620010495185852,
      "cvar": 1.1778305768966675
    },
    "(0.01, 1.0)": {
      "val_loss": 0.26340538263320923,
      "val_eval": 0.4956039488315582,
      "epoch": 29,
      "mse": 0.4956039488315582,
      "w2_global": 0.6006199717521667,
      "cvar": 1.1029304265975952
    },
    "(0.01, 5.0)": {
      "val_loss": 0.2869874835014343,
      "val_eval": 0.5329815149307251,
      "epoch": 30,
      "mse": 0.5329815149307251,
      "w2_global": 0.6238211393356323,
      "cvar": 1.1757140159606934
    },
    "(0.01, 10.0)": {
      "val_loss": 0.2348012924194336,
      "val_eval": 0.44439905881881714,
      "epoch": 28,
      "mse": 0.44439905881881714,
      "w2_global": 0.5408472418785095,
      "cvar": 1.1769415140151978
    },
    "(0.25, 0.1)": {
      "val_loss": 0.2883460521697998,
      "val_eval": 0.5404036641120911,
      "epoch": 30,
      "mse": 0.5404037237167358,
      "w2_global": 0.6283672451972961,
      "cvar": 1.1848526000976562
    },
    "(0.25, 1.0)": {
      "val_loss": 0.24983058869838715,
      "val_eval": 0.4853498637676239,
      "epoch": 29,
      "mse": 0.4853498637676239,
      "w2_global": 0.5919294357299805,
      "cvar": 1.1655824184417725
    },
    "(0.25, 5.0)": {
      "val_loss": 0.22609364986419678,
      "val_eval": 0.4495887756347656,
      "epoch": 30,
      "mse": 0.449588805437088,
      "w2_global": 0.5640001893043518,
      "cvar": 1.0512092113494873
    },
    "(0.25, 10.0)": {
      "val_loss": 0.20656827092170715,
      "val_eval": 0.40969160199165344,
      "epoch": 30,
      "mse": 0.40969157218933105,
      "w2_global": 0.5340949892997742,
      "cvar": 0.982714831829071
    },
    "(0.5, 0.1)": {
      "val_loss": 0.20458181202411652,
      "val_eval": 0.40783050656318665,
      "epoch": 30,
      "mse": 0.40783050656318665,
      "w2_global": 0.5387457013130188,
      "cvar": 0.9124636650085449
    },
    "(0.5, 1.0)": {
      "val_loss": 0.25294604897499084,
      "val_eval": 0.4756392240524292,
      "epoch": 23,
      "mse": 0.4756392240524292,
      "w2_global": 0.5813673138618469,
      "cvar": 1.0907478332519531
    },
    "(0.5, 5.0)": {
      "val_loss": 0.2682759463787079,
      "val_eval": 0.49725309014320374,
      "epoch": 30,
      "mse": 0.49725309014320374,
      "w2_global": 0.6044626235961914,
      "cvar": 1.0912554264068604
    },
    "(0.5, 10.0)": {
      "val_loss": 0.2835369408130646,
      "val_eval": 0.5367826223373413,
      "epoch": 28,
      "mse": 0.5367826223373413,
      "w2_global": 0.6256640553474426,
      "cvar": 1.2194584608078003
    },
    "(0.75, 0.1)": {
      "val_loss": 0.22042372822761536,
      "val_eval": 0.43303734064102173,
      "epoch": 26,
      "mse": 0.4330374002456665,
      "w2_global": 0.5471242070198059,
      "cvar": 1.076151967048645
    },
    "(0.75, 1.0)": {
      "val_loss": 0.2032237946987152,
      "val_eval": 0.3869984447956085,
      "epoch": 18,
      "mse": 0.3869984447956085,
      "w2_global": 0.5105950832366943,
      "cvar": 0.8515722751617432
    },
    "(0.75, 5.0)": {
      "val_loss": 0.20786483585834503,
      "val_eval": 0.4056311249732971,
      "epoch": 30,
      "mse": 0.4056311249732971,
      "w2_global": 0.5414677262306213,
      "cvar": 0.9345459342002869
    },
    "(0.75, 10.0)": {
      "val_loss": 0.18755356967449188,
      "val_eval": 0.3843240737915039,
      "epoch": 18,
      "mse": 0.3843240737915039,
      "w2_global": 0.5163867473602295,
      "cvar": 0.8871519565582275
    },
    "(0.99, 0.1)": {
      "val_loss": 0.07105109095573425,
      "val_eval": 0.10247661918401718,
      "epoch": 29,
      "mse": 0.10247662663459778,
      "w2_global": 0.09318213909864426,
      "cvar": 0.2431764453649521
    },
    "(0.99, 1.0)": {
      "val_loss": 0.06438534706830978,
      "val_eval": 0.09312829375267029,
      "epoch": 29,
      "mse": 0.09312830120325089,
      "w2_global": 0.09778313338756561,
      "cvar": 0.21497566998004913
    },
    "(0.99, 5.0)": {
      "val_loss": 0.06715328991413116,
      "val_eval": 0.09395072609186172,
      "epoch": 30,
      "mse": 0.09395072609186172,
      "w2_global": 0.12551991641521454,
      "cvar": 0.2155776172876358
    },
    "(0.99, 10.0)": {
      "val_loss": 0.0677434429526329,
      "val_eval": 0.10430125892162323,
      "epoch": 25,
      "mse": 0.10430125892162323,
      "w2_global": 0.13640369474887848,
      "cvar": 0.24527114629745483
    }
  }
}