{
  "train": {
    "mse": 0.07846666127443314,
    "rmse": 0.2801190126971626,
    "mae": 0.18740522861480713,
    "w2_global": 0.14705169200897217,
    "ae_summary": {
      "mean": 0.18740522861480713,
      "std": 0.20819687843322754,
      "min": 3.606081008911133e-06,
      "max": 3.346865653991699,
      "p50": 0.12987887859344482,
      "p90": 0.40905433893203735,
      "p95": 0.5491334795951843,
      "p99": 0.944326639175415
    },
    "se_summary": {
      "mean": 0.07846666127443314,
      "std": 0.30141350626945496,
      "min": 1.3003820242829534e-11,
      "max": 11.201509475708008,
      "p50": 0.01686852239072323,
      "p90": 0.1673254370689392,
      "p95": 0.3015475571155548,
      "p99": 0.8917528390884399
    }
  },
  "val": {
    "mse": 0.09312830120325089,
    "rmse": 0.30516929924756664,
    "mae": 0.2148243486881256,
    "w2_global": 0.09778313338756561,
    "ae_summary": {
      "mean": 0.2148243486881256,
      "std": 0.21674594283103943,
      "min": 1.3679265975952148e-05,
      "max": 1.9443273544311523,
      "p50": 0.15491235256195068,
      "p90": 0.46365469694137573,
      "p95": 0.6033007502555847,
      "p99": 1.065456748008728
    },
    "se_summary": {
      "mean": 0.09312830120325089,
      "std": 0.24804487824440002,
      "min": 1.8712231764084208e-10,
      "max": 3.7804088592529297,
      "p50": 0.02399783581495285,
      "p90": 0.21497566998004913,
      "p95": 0.3639717698097229,
      "p99": 1.1351981163024902
    }
  },
  "test": {
    "mse": 0.1373387724161148,
    "rmse": 0.37059246135899043,
    "mae": 0.24449403584003448,
    "w2_global": 0.12246730178594589,
    "ae_summary": {
      "mean": 0.24449403584003448,
      "std": 0.2784985303878784,
      "min": 2.0265579223632812e-06,
      "max": 3.0919113159179688,
      "p50": 0.16503101587295532,
      "p90": 0.5358842611312866,
      "p95": 0.7416415214538574,
      "p99": 1.4000171422958374
    },
    "se_summary": {
      "mean": 0.1373387724161148,
      "std": 0.45109090209007263,
      "min": 4.106937012693379e-12,
      "max": 9.559915542602539,
      "p50": 0.027235236018896103,
      "p90": 0.2871719300746918,
      "p95": 0.5500321388244629,
      "p99": 1.960047960281372
    }
  }
}