{
  "train": {
    "mse": 0.23525787889957428,
    "rmse": 0.48503389458838264,
    "mae": 0.23389065265655518,
    "w2_global": 0.14479424059391022,
    "ae_summary": {
      "mean": 0.23389065265655518,
      "std": 0.4249153137207031,
      "min": 1.7583370208740234e-06,
      "max": 28.053932189941406,
      "p50": 0.14428670704364777,
      "p90": 0.4944070875644684,
      "p95": 0.6677010655403137,
      "p99": 1.4229830503463745
    },
    "se_summary": {
      "mean": 0.23525787889957428,
      "std": 4.9844584465026855,
      "min": 3.091749078976136e-12,
      "max": 787.0231323242188,
      "p50": 0.02081865444779396,
      "p90": 0.24443838000297546,
      "p95": 0.4458247125148773,
      "p99": 2.024880886077881
    }
  },
  "val": {
    "mse": 0.2886076867580414,
    "rmse": 0.5372221949603734,
    "mae": 0.24804463982582092,
    "w2_global": 0.16602158546447754,
    "ae_summary": {
      "mean": 0.24804463982582092,
      "std": 0.4765307605266571,
      "min": 7.748603820800781e-07,
      "max": 18.31910514831543,
      "p50": 0.1474534273147583,
      "p90": 0.5182992815971375,
      "p95": 0.717132031917572,
      "p99": 1.5875225067138672
    },
    "se_summary": {
      "mean": 0.2886076867580414,
      "std": 4.445736408233643,
      "min": 6.004086117172847e-13,
      "max": 335.589599609375,
      "p50": 0.02174251340329647,
      "p90": 0.268634170293808,
      "p95": 0.5142782926559448,
      "p99": 2.5202291011810303
    }
  },
  "test": {
    "mse": 0.6739844083786011,
    "rmse": 0.8209655342208959,
    "mae": 0.26799532771110535,
    "w2_global": 0.29853469133377075,
    "ae_summary": {
      "mean": 0.26799532771110535,
      "std": 0.7759914994239807,
      "min": 7.353723049163818e-06,
      "max": 34.21913146972656,
      "p50": 0.1475456953048706,
      "p90": 0.5328850150108337,
      "p95": 0.7343230247497559,
      "p99": 1.680672287940979
    },
    "se_summary": {
      "mean": 0.6739844083786011,
      "std": 15.999120712280273,
      "min": 5.4077242683803206e-11,
      "max": 1170.948974609375,
      "p50": 0.021769730374217033,
      "p90": 0.28396645188331604,
      "p95": 0.5392304062843323,
      "p99": 2.82466197013855
    }
  }
}