{
  "best_alpha": 0.75,
  "best_gamma": 10.0,
  "alpha_grid": [
    0.01,
    0.25,
    0.5,
    0.75,
    0.99
  ],
  "gamma_grid": [
    0.1,
    1.0,
    5.0,
    10.0
  ],
  "results": {
    "(0.01, 0.1)": {
      "val_loss": 0.9569966197013855,
      "val_eval": 0.9016795754432678,
      "epoch": 30,
      "mse": 0.9016795754432678,
      "w2_global": 0.7431691288948059,
      "cvar": 2.1837825775146484
    },
    "(0.01, 1.0)": {
      "val_loss": 0.9584252834320068,
      "val_eval": 0.9001478552818298,
      "epoch": 30,
      "mse": 0.9001479148864746,
      "w2_global": 0.7447251677513123,
      "cvar": 2.1686978340148926
    },
    "(0.01, 5.0)": {
      "val_loss": 0.9557863473892212,
      "val_eval": 0.8998109102249146,
      "epoch": 30,
      "mse": 0.8998109698295593,
      "w2_global": 0.7440338134765625,
      "cvar": 2.1657187938690186
    },
    "(0.01, 10.0)": {
      "val_loss": 0.9563590884208679,
      "val_eval": 0.8998897671699524,
      "epoch": 30,
      "mse": 0.8998897671699524,
      "w2_global": 0.7436373829841614,
      "cvar": 2.167085647583008
    },
    "(0.25, 0.1)": {
      "val_loss": 0.7920442819595337,
      "val_eval": 0.7401235699653625,
      "epoch": 30,
      "mse": 0.7401235103607178,
      "w2_global": 0.5549866557121277,
      "cvar": 1.695371389389038
    },
    "(0.25, 1.0)": {
      "val_loss": 0.8008174300193787,
      "val_eval": 0.7557080984115601,
      "epoch": 29,
      "mse": 0.7557080984115601,
      "w2_global": 0.5769054293632507,
      "cvar": 1.7384624481201172
    },
    "(0.25, 5.0)": {
      "val_loss": 0.7795212864875793,
      "val_eval": 0.7373184561729431,
      "epoch": 30,
      "mse": 0.7373183965682983,
      "w2_global": 0.5781760811805725,
      "cvar": 1.6711509227752686
    },
    "(0.25, 10.0)": {
      "val_loss": 0.7966344952583313,
      "val_eval": 0.7508687376976013,
      "epoch": 30,
      "mse": 0.7508686780929565,
      "w2_global": 0.5620165467262268,
      "cvar": 1.7749289274215698
    },
    "(0.5, 0.1)": {
      "val_loss": 0.7465277314186096,
      "val_eval": 0.6992224454879761,
      "epoch": 30,
      "mse": 0.6992223858833313,
      "w2_global": 0.4415467083454132,
      "cvar": 1.584916353225708
    },
    "(0.5, 1.0)": {
      "val_loss": 0.7501518130302429,
      "val_eval": 0.7081412672996521,
      "epoch": 30,
      "mse": 0.7081412672996521,
      "w2_global": 0.4462602436542511,
      "cvar": 1.6220884323120117
    },
    "(0.5, 5.0)": {
      "val_loss": 0.7407677173614502,
      "val_eval": 0.6902298927307129,
      "epoch": 30,
      "mse": 0.6902299523353577,
      "w2_global": 0.44308122992515564,
      "cvar": 1.5555884838104248
    },
    "(0.5, 10.0)": {
      "val_loss": 0.7469290494918823,
      "val_eval": 0.6972503662109375,
      "epoch": 30,
      "mse": 0.6972504258155823,
      "w2_global": 0.4744166135787964,
      "cvar": 1.5957738161087036
    },
    "(0.75, 0.1)": {
      "val_loss": 0.7638535499572754,
      "val_eval": 0.7027122974395752,
      "epoch": 30,
      "mse": 0.7027122974395752,
      "w2_global": 0.3947817087173462,
      "cvar": 1.6026947498321533
    },
    "(0.75, 1.0)": {
      "val_loss": 0.7520924210548401,
      "val_eval": 0.6977841258049011,
      "epoch": 30,
      "mse": 0.6977841258049011,
      "w2_global": 0.40334758162498474,
      "cvar": 1.5800180435180664
    },
    "(0.75, 5.0)": {
      "val_loss": 0.7530509829521179,
      "val_eval": 0.6998828649520874,
      "epoch": 30,
      "mse": 0.6998828649520874,
      "w2_global": 0.39937448501586914,
      "cvar": 1.5810281038284302
    },
    "(0.75, 10.0)": {
      "val_loss": 0.7315943241119385,
      "val_eval": 0.690004289150238,
      "epoch": 30,
      "mse": 0.6900042295455933,
      "w2_global": 0.3963816165924072,
      "cvar": 1.5797946453094482
    },
    "(0.99, 0.1)": {
      "val_loss": 0.7634968757629395,
      "val_eval": 0.7082527279853821,
      "epoch": 30,
      "mse": 0.7082526683807373,
      "w2_global": 0.3720168173313141,
      "cvar": 1.626299500465393
    },
    "(0.99, 1.0)": {
      "val_loss": 0.761891782283783,
      "val_eval": 0.7123063802719116,
      "epoch": 30,
      "mse": 0.7123063802719116,
      "w2_global": 0.3708346486091614,
      "cvar": 1.620710015296936
    },
    "(0.99, 5.0)": {
      "val_loss": 0.7492808103561401,
      "val_eval": 0.6909031271934509,
      "epoch": 29,
      "mse": 0.6909031271934509,
      "w2_global": 0.38037657737731934,
      "cvar": 1.5749902725219727
    },
    "(0.99, 10.0)": {
      "val_loss": 0.7541387677192688,
      "val_eval": 0.7050853967666626,
      "epoch": 30,
      "mse": 0.7050853967666626,
      "w2_global": 0.36863771080970764,
      "cvar": 1.6068395376205444
    }
  }
}