{
  "train": {
    "mse": 0.6785252690315247,
    "rmse": 0.8237264527933558,
    "mae": 0.5296719670295715,
    "w2_global": 0.41580525040626526,
    "ae_summary": {
      "mean": 0.5296719670295715,
      "std": 0.6308509111404419,
      "min": 6.139278411865234e-06,
      "max": 56.18817901611328,
      "p50": 0.371442973613739,
      "p90": 1.1602768898010254,
      "p95": 1.5278725624084473,
      "p99": 2.5418498516082764
    },
    "se_summary": {
      "mean": 0.6785252690315247,
      "std": 14.490796089172363,
      "min": 3.7690739418394514e-11,
      "max": 3157.111572265625,
      "p50": 0.13796988129615784,
      "p90": 1.3462424278259277,
      "p95": 2.3343944549560547,
      "p99": 6.461000919342041
    }
  },
  "val": {
    "mse": 0.6900042295455933,
    "rmse": 0.8306649321751781,
    "mae": 0.5725860595703125,
    "w2_global": 0.3963816165924072,
    "ae_summary": {
      "mean": 0.5725860595703125,
      "std": 0.6017885208129883,
      "min": 1.2752163456752896e-05,
      "max": 10.956680297851562,
      "p50": 0.4092891216278076,
      "p90": 1.2568987607955933,
      "p95": 1.622055172920227,
      "p99": 2.6422884464263916
    },
    "se_summary": {
      "mean": 0.6900042295455933,
      "std": 2.610124349594116,
      "min": 1.6261766933034494e-10,
      "max": 120.04884338378906,
      "p50": 0.16751758754253387,
      "p90": 1.5797946453094482,
      "p95": 2.631063222885132,
      "p99": 6.981691360473633
    }
  },
  "test": {
    "mse": 0.6838052868843079,
    "rmse": 0.8269252002958356,
    "mae": 0.5679482817649841,
    "w2_global": 0.4003453254699707,
    "ae_summary": {
      "mean": 0.5679482817649841,
      "std": 0.6010323762893677,
      "min": 9.720679372549057e-08,
      "max": 21.169879913330078,
      "p50": 0.4070034623146057,
      "p90": 1.2400999069213867,
      "p95": 1.6293039321899414,
      "p99": 2.6385374069213867
    },
    "se_summary": {
      "mean": 0.6838052868843079,
      "std": 2.889420986175537,
      "min": 9.449160746390073e-15,
      "max": 448.163818359375,
      "p50": 0.1656518280506134,
      "p90": 1.5378477573394775,
      "p95": 2.6546313762664795,
      "p99": 6.961879730224609
    }
  }
}