{
  "test": {
    "mse": 0.6106926798820496,
    "rmse": 0.7814682846296768,
    "mae": 0.44880855083465576,
    "w2_global": 0.11501014977693558,
    "ae_summary": {
      "mean": 0.44880855083465576,
      "std": 0.6397371292114258,
      "min": 4.76837158203125e-07,
      "max": 36.01166915893555,
      "p50": 0.2746005058288574,
      "p90": 1.0399781465530396,
      "p95": 1.4346747398376465,
      "p99": 2.6593868732452393
    },
    "se_summary": {
      "mean": 0.6106926798820496,
      "std": 7.941408157348633,
      "min": 2.2737367544323206e-13,
      "max": 1296.84033203125,
      "p50": 0.07540544867515564,
      "p90": 1.0815545320510864,
      "p95": 2.058291435241699,
      "p99": 7.072338581085205
    }
  }
}