{
  "train": {
    "mse": 0.0,
    "rmse": 0.0,
    "mae": 0.0,
    "w2_global": 0.43444421887397766,
    "ae_summary": {
      "mean": 0.0,
      "std": 0.0,
      "min": 0.0,
      "max": 0.0,
      "p50": 0.0,
      "p90": 0.0,
      "p95": 0.0,
      "p99": 0.0
    },
    "se_summary": {
      "mean": 0.0,
      "std": 0.0,
      "min": 0.0,
      "max": 0.0,
      "p50": 0.0,
      "p90": 0.0,
      "p95": 0.0,
      "p99": 0.0
    }
  },
  "val": {
    "mse": 0.6054841876029968,
    "rmse": 0.7781286446359604,
    "mae": 0.4686986804008484,
    "w2_global": 0.4303115904331207,
    "ae_summary": {
      "mean": 0.4686986804008484,
      "std": 0.6211326122283936,
      "min": 2.384185791015625e-07,
      "max": 3.3020107746124268,
      "p50": 0.16923817992210388,
      "p90": 1.4334568977355957,
      "p95": 1.8393267393112183,
      "p99": 2.745633602142334
    },
    "se_summary": {
      "mean": 0.6054841876029968,
      "std": 1.403450846672058,
      "min": 5.684341886080802e-14,
      "max": 10.903275489807129,
      "p50": 0.028641561046242714,
      "p90": 2.0547986030578613,
      "p95": 3.3831229209899902,
      "p99": 7.538504600524902
    }
  },
  "test": {
    "mse": 0.6202335357666016,
    "rmse": 0.7875490687992727,
    "mae": 0.4777369201183319,
    "w2_global": 0.43614980578422546,
    "ae_summary": {
      "mean": 0.4777369201183319,
      "std": 0.6260997653007507,
      "min": 0.0,
      "max": 3.397770404815674,
      "p50": 0.18050318956375122,
      "p90": 1.4640247821807861,
      "p95": 1.847691297531128,
      "p99": 3.027218818664551
    },
    "se_summary": {
      "mean": 0.6202335357666016,
      "std": 1.417634129524231,
      "min": 0.0,
      "max": 11.544843673706055,
      "p50": 0.032581400126218796,
      "p90": 2.1433684825897217,
      "p95": 3.4139630794525146,
      "p99": 9.164056777954102
    }
  }
}