{
  "train": {
    "mse": 3364.339111328125,
    "rmse": 58.002923299848646,
    "mae": 44.651123046875,
    "w2_global": 0.0017072205664590001,
    "ae_summary": {
      "mean": 44.651123046875,
      "std": 37.0218391418457,
      "min": 0.0002442002296447754,
      "max": 258.82684326171875,
      "p50": 34.80931854248047,
      "p90": 98.6954345703125,
      "p95": 120.86272430419922,
      "p99": 156.89601135253906
    },
    "se_summary": {
      "mean": 3364.339111328125,
      "std": 5233.66650390625,
      "min": 5.963374860584736e-08,
      "max": 66991.3359375,
      "p50": 1211.688720703125,
      "p90": 9740.7880859375,
      "p95": 14607.798828125,
      "p99": 24616.359375
    }
  },
  "val": {
    "mse": 0.007539316546171904,
    "rmse": 0.0868292378532249,
    "mae": 0.05703926831483841,
    "w2_global": 0.0025041440967470407,
    "ae_summary": {
      "mean": 0.05703926831483841,
      "std": 0.06546631455421448,
      "min": 0.00011730194091796875,
      "max": 0.5944082736968994,
      "p50": 0.037837982177734375,
      "p90": 0.1208910420536995,
      "p95": 0.1707872450351715,
      "p99": 0.3272404372692108
    },
    "se_summary": {
      "mean": 0.007539316546171904,
      "std": 0.023470439016819,
      "min": 1.3759745343122631e-08,
      "max": 0.3533211946487427,
      "p50": 0.001431712880730629,
      "p90": 0.014614830724895,
      "p95": 0.029169190675020218,
      "p99": 0.10708644986152649
    }
  },
  "test": {
    "mse": 0.0064388662576675415,
    "rmse": 0.0802425464306034,
    "mae": 0.05471256002783775,
    "w2_global": 0.0020574196241796017,
    "ae_summary": {
      "mean": 0.05471256002783775,
      "std": 0.058697547763586044,
      "min": 1.0848045349121094e-05,
      "max": 0.6104176640510559,
      "p50": 0.03816330432891846,
      "p90": 0.11697673797607422,
      "p95": 0.15905578434467316,
      "p99": 0.27984219789505005
    },
    "se_summary": {
      "mean": 0.0064388662576675415,
      "std": 0.019761500880122185,
      "min": 1.176800878965878e-10,
      "max": 0.3726097345352173,
      "p50": 0.0014564377488568425,
      "p90": 0.013683557510375977,
      "p95": 0.025298742577433586,
      "p99": 0.07831165939569473
    }
  }
}