{
  "best_alpha": 0.99,
  "best_gamma": 0.1,
  "alpha_grid": [
    0.01,
    0.25,
    0.5,
    0.75,
    0.99
  ],
  "gamma_grid": [
    0.1,
    1.0,
    5.0,
    10.0
  ],
  "results": {
    "(0.01, 0.1)": {
      "val_loss": 0.33293259143829346,
      "val_eval": 1.084421157836914,
      "epochs": 30,
      "mse": 1.0844212770462036,
      "w2_global": 0.8545963764190674,
      "cvar": 1.9589935541152954
    },
    "(0.01, 1.0)": {
      "val_loss": 0.3330022692680359,
      "val_eval": 1.0827773809432983,
      "epochs": 30,
      "mse": 1.0827773809432983,
      "w2_global": 0.8596349954605103,
      "cvar": 1.961029291152954
    },
    "(0.01, 5.0)": {
      "val_loss": 0.33309057354927063,
      "val_eval": 1.084242582321167,
      "epochs": 30,
      "mse": 1.084242582321167,
      "w2_global": 0.857610285282135,
      "cvar": 1.9433519840240479
    },
    "(0.01, 10.0)": {
      "val_loss": 0.3333686292171478,
      "val_eval": 1.0833139419555664,
      "epochs": 30,
      "mse": 1.0833139419555664,
      "w2_global": 0.8637837171554565,
      "cvar": 1.957542896270752
    },
    "(0.25, 0.1)": {
      "val_loss": 0.3311656713485718,
      "val_eval": 1.083870768547058,
      "epochs": 30,
      "mse": 1.0838708877563477,
      "w2_global": 0.8526127934455872,
      "cvar": 1.9637694358825684
    },
    "(0.25, 1.0)": {
      "val_loss": 0.33486494421958923,
      "val_eval": 1.0851311683654785,
      "epochs": 30,
      "mse": 1.0851311683654785,
      "w2_global": 0.8583562970161438,
      "cvar": 1.9512665271759033
    },
    "(0.25, 5.0)": {
      "val_loss": 0.33206552267074585,
      "val_eval": 1.0844519138336182,
      "epochs": 30,
      "mse": 1.0844517946243286,
      "w2_global": 0.8574649691581726,
      "cvar": 1.9585013389587402
    },
    "(0.25, 10.0)": {
      "val_loss": 0.33314573764801025,
      "val_eval": 1.0857316255569458,
      "epochs": 30,
      "mse": 1.0857316255569458,
      "w2_global": 0.8587735295295715,
      "cvar": 1.9645917415618896
    },
    "(0.5, 0.1)": {
      "val_loss": 0.3341918885707855,
      "val_eval": 1.085075855255127,
      "epochs": 30,
      "mse": 1.0850759744644165,
      "w2_global": 0.8582748770713806,
      "cvar": 1.9524681568145752
    },
    "(0.5, 1.0)": {
      "val_loss": 0.33266955614089966,
      "val_eval": 1.0822436809539795,
      "epochs": 30,
      "mse": 1.0822436809539795,
      "w2_global": 0.8577436804771423,
      "cvar": 1.9536621570587158
    },
    "(0.5, 5.0)": {
      "val_loss": 0.33265042304992676,
      "val_eval": 1.0844155550003052,
      "epochs": 30,
      "mse": 1.0844156742095947,
      "w2_global": 0.8608399033546448,
      "cvar": 1.957257628440857
    },
    "(0.5, 10.0)": {
      "val_loss": 0.33321377635002136,
      "val_eval": 1.0837429761886597,
      "epochs": 30,
      "mse": 1.0837429761886597,
      "w2_global": 0.8590752482414246,
      "cvar": 1.9546165466308594
    },
    "(0.75, 0.1)": {
      "val_loss": 0.3310714364051819,
      "val_eval": 1.0809396505355835,
      "epochs": 30,
      "mse": 1.080939769744873,
      "w2_global": 0.8586583137512207,
      "cvar": 1.952743411064148
    },
    "(0.75, 1.0)": {
      "val_loss": 0.3309336304664612,
      "val_eval": 1.0830714702606201,
      "epochs": 30,
      "mse": 1.0830714702606201,
      "w2_global": 0.8587650656700134,
      "cvar": 1.955296277999878
    },
    "(0.75, 5.0)": {
      "val_loss": 0.33495914936065674,
      "val_eval": 1.0834462642669678,
      "epochs": 30,
      "mse": 1.0834462642669678,
      "w2_global": 0.8630552887916565,
      "cvar": 1.9567581415176392
    },
    "(0.75, 10.0)": {
      "val_loss": 0.3325249254703522,
      "val_eval": 1.0861232280731201,
      "epochs": 30,
      "mse": 1.0861231088638306,
      "w2_global": 0.8485833406448364,
      "cvar": 1.9692015647888184
    },
    "(0.99, 0.1)": {
      "val_loss": 0.2864837050437927,
      "val_eval": 0.9828863739967346,
      "epochs": 30,
      "mse": 0.9828863739967346,
      "w2_global": 0.7775887250900269,
      "cvar": 1.5797398090362549
    },
    "(0.99, 1.0)": {
      "val_loss": 0.2881490886211395,
      "val_eval": 0.9694151878356934,
      "epochs": 30,
      "mse": 0.9694151282310486,
      "w2_global": 0.7581239938735962,
      "cvar": 1.510683536529541
    },
    "(0.99, 5.0)": {
      "val_loss": 0.3037031590938568,
      "val_eval": 0.9977266192436218,
      "epochs": 30,
      "mse": 0.9977266192436218,
      "w2_global": 0.7492491006851196,
      "cvar": 1.597799301147461
    },
    "(0.99, 10.0)": {
      "val_loss": 0.31668275594711304,
      "val_eval": 1.0558600425720215,
      "epochs": 30,
      "mse": 1.0558600425720215,
      "w2_global": 0.8341134786605835,
      "cvar": 1.8706691265106201
    }
  }
}