{
  "train": {
    "mse": 0.3413928747177124,
    "rmse": 0.5842883489491404,
    "mae": 0.3145449161529541,
    "w2_global": 0.7580479383468628,
    "ae_summary": {
      "mean": 0.3145449161529541,
      "std": 0.4923965632915497,
      "min": 4.827976226806641e-06,
      "max": 19.225934982299805,
      "p50": 0.13617408275604248,
      "p90": 0.8264896273612976,
      "p95": 1.0810394287109375,
      "p99": 1.7128580808639526
    },
    "se_summary": {
      "mean": 0.3413928747177124,
      "std": 4.220348358154297,
      "min": 2.3309354446610087e-11,
      "max": 369.6365661621094,
      "p50": 0.018543381243944168,
      "p90": 0.6830850839614868,
      "p95": 1.1686463356018066,
      "p99": 2.9338951110839844
    }
  },
  "val": {
    "mse": 0.9828863739967346,
    "rmse": 0.9914062608218361,
    "mae": 0.5450149178504944,
    "w2_global": 0.7775887250900269,
    "ae_summary": {
      "mean": 0.5450149178504944,
      "std": 0.8281576633453369,
      "min": 2.931058406829834e-05,
      "max": 32.08804702758789,
      "p50": 0.32788753509521484,
      "p90": 1.256877064704895,
      "p95": 1.5863890647888184,
      "p99": 2.72770357131958
    },
    "se_summary": {
      "mean": 0.9828863739967346,
      "std": 13.815911293029785,
      "min": 8.591103384247845e-10,
      "max": 1029.642822265625,
      "p50": 0.10751023888587952,
      "p90": 1.5797398090362549,
      "p95": 2.5166304111480713,
      "p99": 7.440367698669434
    }
  },
  "test": {
    "mse": 1.225864052772522,
    "rmse": 1.1071874515060771,
    "mae": 0.570354163646698,
    "w2_global": 0.8987522125244141,
    "ae_summary": {
      "mean": 0.570354163646698,
      "std": 0.9489783644676208,
      "min": 3.120303153991699e-05,
      "max": 36.90866470336914,
      "p50": 0.3321341872215271,
      "p90": 1.26361083984375,
      "p95": 1.6180959939956665,
      "p99": 3.2575225830078125
    },
    "se_summary": {
      "mean": 1.225864052772522,
      "std": 17.65641212463379,
      "min": 9.736291772810546e-10,
      "max": 1362.24951171875,
      "p50": 0.11031310260295868,
      "p90": 1.5967124700546265,
      "p95": 2.618234634399414,
      "p99": 10.61145305633545
    }
  }
}