{
  "train": {
    "mse": 0.0,
    "rmse": 0.0,
    "mae": 0.0,
    "w2_global": 0.2798976004123688,
    "ae_summary": {
      "mean": 0.0,
      "std": 0.0,
      "min": 0.0,
      "max": 0.0,
      "p50": 0.0,
      "p90": 0.0,
      "p95": 0.0,
      "p99": 0.0
    },
    "se_summary": {
      "mean": 0.0,
      "std": 0.0,
      "min": 0.0,
      "max": 0.0,
      "p50": 0.0,
      "p90": 0.0,
      "p95": 0.0,
      "p99": 0.0
    }
  },
  "val": {
    "mse": 1.2612439393997192,
    "rmse": 1.1230511739897338,
    "mae": 0.7141565680503845,
    "w2_global": 0.4219968616962433,
    "ae_summary": {
      "mean": 0.7141565680503845,
      "std": 0.8667319416999817,
      "min": 3.0800700187683105e-05,
      "max": 91.8686752319336,
      "p50": 0.520370602607727,
      "p90": 1.5745689868927002,
      "p95": 2.018805742263794,
      "p99": 3.037792682647705
    },
    "se_summary": {
      "mean": 1.2612439393997192,
      "std": 43.368892669677734,
      "min": 9.48683132051542e-10,
      "max": 8439.853515625,
      "p50": 0.27078551054000854,
      "p90": 2.4792675971984863,
      "p95": 4.0755767822265625,
      "p99": 9.228184700012207
    }
  },
  "test": {
    "mse": 0.9638972282409668,
    "rmse": 0.9817826787232329,
    "mae": 0.6593595743179321,
    "w2_global": 0.30803385376930237,
    "ae_summary": {
      "mean": 0.6593595743179321,
      "std": 0.7274216413497925,
      "min": 0.0,
      "max": 19.22376251220703,
      "p50": 0.44535374641418457,
      "p90": 1.489096999168396,
      "p95": 1.9727822542190552,
      "p99": 3.2781944274902344
    },
    "se_summary": {
      "mean": 0.9638972282409668,
      "std": 3.725651741027832,
      "min": 0.0,
      "max": 369.55303955078125,
      "p50": 0.19833995401859283,
      "p90": 2.21740984916687,
      "p95": 3.8918697834014893,
      "p99": 10.746561050415039
    }
  }
}