{
  "train": {
    "mse": 0.0,
    "rmse": 0.0,
    "mae": 0.0,
    "w2_global": 0.3027110695838928,
    "ae_summary": {
      "mean": 0.0,
      "std": 0.0,
      "min": 0.0,
      "max": 0.0,
      "p50": 0.0,
      "p90": 0.0,
      "p95": 0.0,
      "p99": 0.0
    },
    "se_summary": {
      "mean": 0.0,
      "std": 0.0,
      "min": 0.0,
      "max": 0.0,
      "p50": 0.0,
      "p90": 0.0,
      "p95": 0.0,
      "p99": 0.0
    }
  },
  "val": {
    "mse": 0.7966916561126709,
    "rmse": 0.8925758545427223,
    "mae": 0.5156329274177551,
    "w2_global": 0.2665311396121979,
    "ae_summary": {
      "mean": 0.5156329274177551,
      "std": 0.7285701036453247,
      "min": 2.3562461137771606e-07,
      "max": 11.237271308898926,
      "p50": 0.20144140720367432,
      "p90": 1.4515479803085327,
      "p95": 2.016507387161255,
      "p99": 3.335967779159546
    },
    "se_summary": {
      "mean": 0.7966916561126709,
      "std": 2.456918954849243,
      "min": 5.551895748689972e-14,
      "max": 126.2762680053711,
      "p50": 0.04057864099740982,
      "p90": 2.1069915294647217,
      "p95": 4.066302299499512,
      "p99": 11.128681182861328
    }
  },
  "test": {
    "mse": 0.7905494570732117,
    "rmse": 0.8891284817579581,
    "mae": 0.518724262714386,
    "w2_global": 0.2843707203865051,
    "ae_summary": {
      "mean": 0.518724262714386,
      "std": 0.7221319675445557,
      "min": 1.1026859283447266e-06,
      "max": 10.543219566345215,
      "p50": 0.21093130111694336,
      "p90": 1.4446117877960205,
      "p95": 1.9957386255264282,
      "p99": 3.3080544471740723
    },
    "se_summary": {
      "mean": 0.7905494570732117,
      "std": 2.4134066104888916,
      "min": 1.2159162565694714e-12,
      "max": 111.15947723388672,
      "p50": 0.04449201375246048,
      "p90": 2.0869030952453613,
      "p95": 3.9829723834991455,
      "p99": 10.94322395324707
    }
  }
}