{
  "train": {
    "mse": 0.6397910118103027,
    "rmse": 0.7998693717165964,
    "mae": 0.52715665102005,
    "w2_global": 0.71822190284729,
    "ae_summary": {
      "mean": 0.52715665102005,
      "std": 0.6015786528587341,
      "min": 5.751848220825195e-06,
      "max": 24.857864379882812,
      "p50": 0.3915055990219116,
      "p90": 1.1008490324020386,
      "p95": 1.445313572883606,
      "p99": 2.507939100265503
    },
    "se_summary": {
      "mean": 0.6397910118103027,
      "std": 5.605342864990234,
      "min": 3.3083757955409965e-11,
      "max": 617.9133911132812,
      "p50": 0.15327663719654083,
      "p90": 1.2118685245513916,
      "p95": 2.0889315605163574,
      "p99": 6.289758205413818
    }
  },
  "val": {
    "mse": 0.9259836673736572,
    "rmse": 0.962280451517985,
    "mae": 0.6717912554740906,
    "w2_global": 0.7255764007568359,
    "ae_summary": {
      "mean": 0.6717912554740906,
      "std": 0.6889703273773193,
      "min": 6.621703505516052e-07,
      "max": 47.98887252807617,
      "p50": 0.5206482410430908,
      "p90": 1.3996052742004395,
      "p95": 1.776644229888916,
      "p99": 2.7285351753234863
    },
    "se_summary": {
      "mean": 0.9259836673736572,
      "std": 9.527501106262207,
      "min": 4.3846957314963575e-13,
      "max": 2302.931884765625,
      "p50": 0.2710746228694916,
      "p90": 1.9588948488235474,
      "p95": 3.1564643383026123,
      "p99": 7.444904327392578
    }
  },
  "test": {
    "mse": 0.9467746615409851,
    "rmse": 0.9730234640238564,
    "mae": 0.6718987226486206,
    "w2_global": 0.728873074054718,
    "ae_summary": {
      "mean": 0.6718987226486206,
      "std": 0.7037944793701172,
      "min": 7.636845111846924e-07,
      "max": 65.47559356689453,
      "p50": 0.5203808546066284,
      "p90": 1.3982104063034058,
      "p95": 1.7791670560836792,
      "p99": 2.7214457988739014
    },
    "se_summary": {
      "mean": 0.9467746615409851,
      "std": 12.2013521194458,
      "min": 5.832140326234025e-13,
      "max": 4287.05322265625,
      "p50": 0.2707962393760681,
      "p90": 1.9549922943115234,
      "p95": 3.165435314178467,
      "p99": 7.406266689300537
    }
  }
}