{
  "train": {
    "mse": 0.0,
    "rmse": 0.0,
    "mae": 0.0,
    "w2_global": 0.7467302680015564,
    "ae_summary": {
      "mean": 0.0,
      "std": 0.0,
      "min": 0.0,
      "max": 0.0,
      "p50": 0.0,
      "p90": 0.0,
      "p95": 0.0,
      "p99": 0.0
    },
    "se_summary": {
      "mean": 0.0,
      "std": 0.0,
      "min": 0.0,
      "max": 0.0,
      "p50": 0.0,
      "p90": 0.0,
      "p95": 0.0,
      "p99": 0.0
    }
  },
  "val": {
    "mse": 1.3025339841842651,
    "rmse": 1.1412861096956648,
    "mae": 0.9025578498840332,
    "w2_global": 0.5184435248374939,
    "ae_summary": {
      "mean": 0.9025578498840332,
      "std": 0.6985151171684265,
      "min": 0.0,
      "max": 3.5672333240509033,
      "p50": 0.8247039914131165,
      "p90": 1.8441683053970337,
      "p95": 2.1846814155578613,
      "p99": 3.2577264308929443
    },
    "se_summary": {
      "mean": 1.3025339841842651,
      "std": 1.8319414854049683,
      "min": 0.0,
      "max": 12.725153923034668,
      "p50": 0.6801366806030273,
      "p90": 3.400956630706787,
      "p95": 4.772832870483398,
      "p99": 10.612780570983887
    }
  },
  "test": {
    "mse": 1.171597957611084,
    "rmse": 1.0824037867686365,
    "mae": 0.8781248927116394,
    "w2_global": 0.6124862432479858,
    "ae_summary": {
      "mean": 0.8781248927116394,
      "std": 0.6328465938568115,
      "min": 0.0,
      "max": 3.4309258460998535,
      "p50": 0.8299897313117981,
      "p90": 1.6090912818908691,
      "p95": 2.0007002353668213,
      "p99": 2.9869210720062256
    },
    "se_summary": {
      "mean": 1.171597957611084,
      "std": 1.6340607404708862,
      "min": 0.0,
      "max": 11.771252632141113,
      "p50": 0.6888829469680786,
      "p90": 2.589174747467041,
      "p95": 4.002801418304443,
      "p99": 8.921697616577148
    }
  }
}