{
  "train": {
    "mse": 4479.74609375,
    "rmse": 66.93090537076276,
    "mae": 48.5693359375,
    "w2_global": 0.2073722928762436,
    "ae_summary": {
      "mean": 48.5693359375,
      "std": 46.0517692565918,
      "min": 0.004305243492126465,
      "max": 290.69769287109375,
      "p50": 33.919090270996094,
      "p90": 116.14514923095703,
      "p95": 148.85427856445312,
      "p99": 203.54269409179688
    },
    "se_summary": {
      "mean": 4479.74609375,
      "std": 8333.7626953125,
      "min": 1.8535121853346936e-05,
      "max": 84505.1484375,
      "p50": 1150.504638671875,
      "p90": 13489.6953125,
      "p95": 22157.59375,
      "p99": 41429.6328125
    }
  },
  "val": {
    "mse": 0.16668109595775604,
    "rmse": 0.40826596228164314,
    "mae": 0.2695585787296295,
    "w2_global": 0.22560743987560272,
    "ae_summary": {
      "mean": 0.2695585787296295,
      "std": 0.3066256046295166,
      "min": 1.1920928955078125e-06,
      "max": 2.724727153778076,
      "p50": 0.17228984832763672,
      "p90": 0.6032521724700928,
      "p95": 0.8779825568199158,
      "p99": 1.517801284790039
    },
    "se_summary": {
      "mean": 0.16668109595775604,
      "std": 0.4640783667564392,
      "min": 1.4210854715202004e-12,
      "max": 7.424138069152832,
      "p50": 0.02968379110097885,
      "p90": 0.3639131784439087,
      "p95": 0.7708533406257629,
      "p99": 2.303720474243164
    }
  },
  "test": {
    "mse": 0.1784183382987976,
    "rmse": 0.42239594967139255,
    "mae": 0.27210626006126404,
    "w2_global": 0.23010599613189697,
    "ae_summary": {
      "mean": 0.27210626006126404,
      "std": 0.32307353615760803,
      "min": 2.682209014892578e-07,
      "max": 2.9462668895721436,
      "p50": 0.16700434684753418,
      "p90": 0.6304068565368652,
      "p95": 0.8950133323669434,
      "p99": 1.6384024620056152
    },
    "se_summary": {
      "mean": 0.1784183382987976,
      "std": 0.5143977999687195,
      "min": 7.194245199571014e-14,
      "max": 8.680488586425781,
      "p50": 0.02789045125246048,
      "p90": 0.3974127769470215,
      "p95": 0.8010488748550415,
      "p99": 2.6843631267547607
    }
  }
}