{
  "train": {
    "mse": 0.0,
    "rmse": 0.0,
    "mae": 0.0,
    "w2_global": 0.06081739440560341,
    "ae_summary": {
      "mean": 0.0,
      "std": 0.0,
      "min": 0.0,
      "max": 0.0,
      "p50": 0.0,
      "p90": 0.0,
      "p95": 0.0,
      "p99": 0.0
    },
    "se_summary": {
      "mean": 0.0,
      "std": 0.0,
      "min": 0.0,
      "max": 0.0,
      "p50": 0.0,
      "p90": 0.0,
      "p95": 0.0,
      "p99": 0.0
    }
  },
  "val": {
    "mse": 0.9533537030220032,
    "rmse": 0.9763983321483108,
    "mae": 0.7570706009864807,
    "w2_global": 0.06171984225511551,
    "ae_summary": {
      "mean": 0.7570706009864807,
      "std": 0.6166017651557922,
      "min": 3.6090612411499023e-05,
      "max": 4.401995658874512,
      "p50": 0.606960654258728,
      "p90": 1.5993165969848633,
      "p95": 1.9808262586593628,
      "p99": 2.782931089401245
    },
    "se_summary": {
      "mean": 0.9533537030220032,
      "std": 1.5445789098739624,
      "min": 1.3025323042370474e-09,
      "max": 19.377565383911133,
      "p50": 0.3684012293815613,
      "p90": 2.5578136444091797,
      "p95": 3.923672676086426,
      "p99": 7.744705677032471
    }
  },
  "test": {
    "mse": 0.9552571177482605,
    "rmse": 0.9773725583155384,
    "mae": 0.7618907690048218,
    "w2_global": 0.06507713347673416,
    "ae_summary": {
      "mean": 0.7618907690048218,
      "std": 0.6121925115585327,
      "min": 8.490681648254395e-05,
      "max": 4.1728010177612305,
      "p50": 0.62119460105896,
      "p90": 1.5875014066696167,
      "p95": 1.982412576675415,
      "p99": 2.7327136993408203
    },
    "se_summary": {
      "mean": 0.9552571177482605,
      "std": 1.519540548324585,
      "min": 7.209167485200396e-09,
      "max": 17.412267684936523,
      "p50": 0.38588273525238037,
      "p90": 2.520160675048828,
      "p95": 3.929959774017334,
      "p99": 7.467724323272705
    }
  }
}