{
  "best_alpha": 0.99,
  "best_gamma": 10.0,
  "alpha_grid": [
    0.01,
    0.25,
    0.5,
    0.75,
    0.99
  ],
  "gamma_grid": [
    0.1,
    1.0,
    5.0,
    10.0
  ],
  "results": {
    "(0.01, 0.1)": {
      "val_loss": 0.7707366347312927,
      "val_eval": 1.2714805603027344,
      "epoch": 29,
      "mse": 1.2714805603027344,
      "w2_global": 0.4793764054775238,
      "cvar": 1.9786269664764404
    },
    "(0.01, 1.0)": {
      "val_loss": 0.7603785395622253,
      "val_eval": 1.2460309267044067,
      "epoch": 28,
      "mse": 1.2460309267044067,
      "w2_global": 0.47408241033554077,
      "cvar": 1.8741793632507324
    },
    "(0.01, 5.0)": {
      "val_loss": 0.7291927337646484,
      "val_eval": 1.212755799293518,
      "epoch": 26,
      "mse": 1.212755799293518,
      "w2_global": 0.4671596884727478,
      "cvar": 1.7960171699523926
    },
    "(0.01, 10.0)": {
      "val_loss": 0.7546228170394897,
      "val_eval": 1.2289488315582275,
      "epoch": 25,
      "mse": 1.2289488315582275,
      "w2_global": 0.4692949652671814,
      "cvar": 1.8284331560134888
    },
    "(0.25, 0.1)": {
      "val_loss": 0.5704749822616577,
      "val_eval": 0.9147284030914307,
      "epoch": 30,
      "mse": 0.9147283434867859,
      "w2_global": 0.406433641910553,
      "cvar": 1.20363187789917
    },
    "(0.25, 1.0)": {
      "val_loss": 0.5035008788108826,
      "val_eval": 0.8354681730270386,
      "epoch": 30,
      "mse": 0.8354681730270386,
      "w2_global": 0.3884814977645874,
      "cvar": 1.1207261085510254
    },
    "(0.25, 5.0)": {
      "val_loss": 0.5262511968612671,
      "val_eval": 0.8804742097854614,
      "epoch": 28,
      "mse": 0.8804742693901062,
      "w2_global": 0.380237877368927,
      "cvar": 1.0244128704071045
    },
    "(0.25, 10.0)": {
      "val_loss": 0.556183397769928,
      "val_eval": 0.910359799861908,
      "epoch": 30,
      "mse": 0.9103599190711975,
      "w2_global": 0.39983877539634705,
      "cvar": 1.1096243858337402
    },
    "(0.5, 0.1)": {
      "val_loss": 0.37867802381515503,
      "val_eval": 0.6237736940383911,
      "epoch": 29,
      "mse": 0.6237738132476807,
      "w2_global": 0.33196765184402466,
      "cvar": 0.7922019362449646
    },
    "(0.5, 1.0)": {
      "val_loss": 0.376532644033432,
      "val_eval": 0.6335868239402771,
      "epoch": 30,
      "mse": 0.6335868239402771,
      "w2_global": 0.3378600478172302,
      "cvar": 0.8388944268226624
    },
    "(0.5, 5.0)": {
      "val_loss": 0.40031567215919495,
      "val_eval": 0.6437548995018005,
      "epoch": 30,
      "mse": 0.6437548995018005,
      "w2_global": 0.341290146112442,
      "cvar": 0.8147097826004028
    },
    "(0.5, 10.0)": {
      "val_loss": 0.36141619086265564,
      "val_eval": 0.5769169926643372,
      "epoch": 29,
      "mse": 0.5769169330596924,
      "w2_global": 0.3112347722053528,
      "cvar": 0.7872866988182068
    },
    "(0.75, 0.1)": {
      "val_loss": 0.36034366488456726,
      "val_eval": 0.5436903834342957,
      "epoch": 30,
      "mse": 0.5436903834342957,
      "w2_global": 0.30512914061546326,
      "cvar": 0.601111650466919
    },
    "(0.75, 1.0)": {
      "val_loss": 0.26525670289993286,
      "val_eval": 0.4168351888656616,
      "epoch": 30,
      "mse": 0.4168352484703064,
      "w2_global": 0.24610641598701477,
      "cvar": 0.551039457321167
    },
    "(0.75, 5.0)": {
      "val_loss": 0.3075830042362213,
      "val_eval": 0.4952007830142975,
      "epoch": 30,
      "mse": 0.4952008128166199,
      "w2_global": 0.291617214679718,
      "cvar": 0.606343150138855
    },
    "(0.75, 10.0)": {
      "val_loss": 0.29542121291160583,
      "val_eval": 0.43359676003456116,
      "epoch": 30,
      "mse": 0.43359676003456116,
      "w2_global": 0.2531600296497345,
      "cvar": 0.603447437286377
    },
    "(0.99, 0.1)": {
      "val_loss": 0.2197587937116623,
      "val_eval": 0.32243454456329346,
      "epoch": 30,
      "mse": 0.32243454456329346,
      "w2_global": 0.20034268498420715,
      "cvar": 0.39380958676338196
    },
    "(0.99, 1.0)": {
      "val_loss": 0.22776156663894653,
      "val_eval": 0.3212181031703949,
      "epoch": 30,
      "mse": 0.3212181031703949,
      "w2_global": 0.18148092925548553,
      "cvar": 0.3698597252368927
    },
    "(0.99, 5.0)": {
      "val_loss": 0.27865827083587646,
      "val_eval": 0.4186677634716034,
      "epoch": 30,
      "mse": 0.418667733669281,
      "w2_global": 0.25357723236083984,
      "cvar": 0.39244744181632996
    },
    "(0.99, 10.0)": {
      "val_loss": 0.21050846576690674,
      "val_eval": 0.2812311053276062,
      "epoch": 30,
      "mse": 0.2812311053276062,
      "w2_global": 0.16918236017227173,
      "cvar": 0.36080077290534973
    }
  }
}