{
  "train": {
    "mse": 0.24185067415237427,
    "rmse": 0.4917831576542392,
    "mae": 0.22670871019363403,
    "w2_global": 0.17041441798210144,
    "ae_summary": {
      "mean": 0.22670871019363403,
      "std": 0.436410129070282,
      "min": 1.341104507446289e-07,
      "max": 34.2582893371582,
      "p50": 0.13837778568267822,
      "p90": 0.4842287003993988,
      "p95": 0.6496527194976807,
      "p99": 1.3245419263839722
    },
    "se_summary": {
      "mean": 0.24185067415237427,
      "std": 6.855301380157471,
      "min": 1.7985612998927536e-14,
      "max": 1173.63037109375,
      "p50": 0.019148411229252815,
      "p90": 0.2344774305820465,
      "p95": 0.4220486581325531,
      "p99": 1.7544114589691162
    }
  },
  "val": {
    "mse": 0.2812311053276062,
    "rmse": 0.530312271522738,
    "mae": 0.28228384256362915,
    "w2_global": 0.16918236017227173,
    "ae_summary": {
      "mean": 0.28228384256362915,
      "std": 0.4489397704601288,
      "min": 1.0512769222259521e-05,
      "max": 9.362022399902344,
      "p50": 0.16843190789222717,
      "p90": 0.6006669402122498,
      "p95": 0.8249576091766357,
      "p99": 1.8483794927597046
    },
    "se_summary": {
      "mean": 0.2812311053276062,
      "std": 2.1789989471435547,
      "min": 1.1051831672048706e-10,
      "max": 87.6474609375,
      "p50": 0.02836931124329567,
      "p90": 0.36080077290534973,
      "p95": 0.6805551052093506,
      "p99": 3.416512966156006
    }
  },
  "test": {
    "mse": 0.6965336799621582,
    "rmse": 0.8345859332400458,
    "mae": 0.30502939224243164,
    "w2_global": 0.3399105966091156,
    "ae_summary": {
      "mean": 0.30502939224243164,
      "std": 0.776846706867218,
      "min": 1.537799835205078e-05,
      "max": 25.45960807800293,
      "p50": 0.16724833846092224,
      "p90": 0.6058928370475769,
      "p95": 0.82527756690979,
      "p99": 2.130801200866699
    },
    "se_summary": {
      "mean": 0.6965336799621582,
      "std": 12.316888809204102,
      "min": 2.3648283331567654e-10,
      "max": 648.191650390625,
      "p50": 0.027972009032964706,
      "p90": 0.3671061098575592,
      "p95": 0.681083083152771,
      "p99": 4.540348529815674
    }
  }
}