{
  "train": {
    "mse": 2755.3935546875,
    "rmse": 52.491842744254086,
    "mae": 37.90074157714844,
    "w2_global": 0.13417471945285797,
    "ae_summary": {
      "mean": 37.90074157714844,
      "std": 36.31703567504883,
      "min": 9.480118751525879e-05,
      "max": 522.4163818359375,
      "p50": 28.68697738647461,
      "p90": 79.86231231689453,
      "p95": 100.30060577392578,
      "p99": 167.42689514160156
    },
    "se_summary": {
      "mean": 2755.3935546875,
      "std": 7795.55810546875,
      "min": 8.987265154303259e-09,
      "max": 272918.875,
      "p50": 822.9427490234375,
      "p90": 6377.98876953125,
      "p95": 10060.2119140625,
      "p99": 28031.767578125
    }
  },
  "val": {
    "mse": 0.3807348906993866,
    "rmse": 0.617037187452577,
    "mae": 0.32372337579727173,
    "w2_global": 0.12849552929401398,
    "ae_summary": {
      "mean": 0.32372337579727173,
      "std": 0.5252980589866638,
      "min": 6.388872861862183e-07,
      "max": 32.316036224365234,
      "p50": 0.17909127473831177,
      "p90": 0.7571911215782166,
      "p95": 1.078836441040039,
      "p99": 2.0546669960021973
    },
    "se_summary": {
      "mean": 0.3807348906993866,
      "std": 6.5240583419799805,
      "min": 4.0817696445039076e-13,
      "max": 1044.326171875,
      "p50": 0.03207368403673172,
      "p90": 0.5733384490013123,
      "p95": 1.1638880968093872,
      "p99": 4.221656799316406
    }
  },
  "test": {
    "mse": 0.4184790849685669,
    "rmse": 0.6468995941941584,
    "mae": 0.32406771183013916,
    "w2_global": 0.15656736493110657,
    "ae_summary": {
      "mean": 0.32406771183013916,
      "std": 0.5598742365837097,
      "min": 4.470348358154297e-07,
      "max": 35.994415283203125,
      "p50": 0.17730304598808289,
      "p90": 0.7501478791236877,
      "p95": 1.0921581983566284,
      "p99": 2.110135793685913
    },
    "se_summary": {
      "mean": 0.4184790849685669,
      "std": 9.09936809539795,
      "min": 1.9984014443252818e-13,
      "max": 1295.597900390625,
      "p50": 0.03143637254834175,
      "p90": 0.5627217888832092,
      "p95": 1.1928094625473022,
      "p99": 4.45267391204834
    }
  }
}