{
  "best_alpha": 0.99,
  "best_gamma": 10.0,
  "alpha_grid": [
    0.99
  ],
  "gamma_grid": [
    10.0
  ],
  "results": {
    "(0.99, 10.0)": {
      "val_loss": 0.2860363721847534,
      "val_eval": 0.3056389093399048,
      "epoch": 30,
      "mse": 0.3056389093399048
    }
  },
  "standalone_mode": true
}