{
  "train": {
    "mse": 0.30515679717063904,
    "rmse": 0.5524099901075641,
    "mae": 0.40803948044776917,
    "w2_global": 0.1842704862356186,
    "ae_summary": {
      "mean": 0.40803948044776917,
      "std": 0.3723716139793396,
      "min": 3.4570693969726562e-06,
      "max": 3.053968667984009,
      "p50": 0.305259644985199,
      "p90": 0.8994180560112,
      "p95": 1.158970832824707,
      "p99": 1.752358317375183
    },
    "se_summary": {
      "mean": 0.30515679717063904,
      "std": 0.597899854183197,
      "min": 1.1951328815484885e-11,
      "max": 9.326725006103516,
      "p50": 0.09318345040082932,
      "p90": 0.808952808380127,
      "p95": 1.343214750289917,
      "p99": 3.0707600116729736
    }
  },
  "val": {
    "mse": 0.3056389093399048,
    "rmse": 0.5528461895861314,
    "mae": 0.4180058538913727,
    "w2_global": 0.19964730739593506,
    "ae_summary": {
      "mean": 0.4180058538913727,
      "std": 0.3618149161338806,
      "min": 0.00010249018669128418,
      "max": 2.6670939922332764,
      "p50": 0.3212026357650757,
      "p90": 0.9272801280021667,
      "p95": 1.1472117900848389,
      "p99": 1.5954651832580566
    },
    "se_summary": {
      "mean": 0.3056389093399048,
      "std": 0.5301355719566345,
      "min": 1.0504238368014285e-08,
      "max": 7.1133904457092285,
      "p50": 0.10317113250494003,
      "p90": 0.8598484396934509,
      "p95": 1.3160951137542725,
      "p99": 2.545509099960327
    }
  },
  "test": {
    "mse": 0.31796059012413025,
    "rmse": 0.5638799430057166,
    "mae": 0.42167603969573975,
    "w2_global": 0.1852647215127945,
    "ae_summary": {
      "mean": 0.42167603969573975,
      "std": 0.37436607480049133,
      "min": 2.1398067474365234e-05,
      "max": 2.898350238800049,
      "p50": 0.31773313879966736,
      "p90": 0.927043080329895,
      "p95": 1.1865005493164062,
      "p99": 1.7121707201004028
    },
    "se_summary": {
      "mean": 0.31796059012413025,
      "std": 0.584080696105957,
      "min": 4.5787729163748736e-10,
      "max": 8.400434494018555,
      "p50": 0.10095435380935669,
      "p90": 0.8594088554382324,
      "p95": 1.4077836275100708,
      "p99": 2.9315288066864014
    }
  }
}