{
  "train": {
    "mse": 0.0,
    "rmse": 0.0,
    "mae": 0.0,
    "w2_global": 0.42413395643234253,
    "ae_summary": {
      "mean": 0.0,
      "std": 0.0,
      "min": 0.0,
      "max": 0.0,
      "p50": 0.0,
      "p90": 0.0,
      "p95": 0.0,
      "p99": 0.0
    },
    "se_summary": {
      "mean": 0.0,
      "std": 0.0,
      "min": 0.0,
      "max": 0.0,
      "p50": 0.0,
      "p90": 0.0,
      "p95": 0.0,
      "p99": 0.0
    }
  },
  "val": {
    "mse": 1.1845295429229736,
    "rmse": 1.0883609433101564,
    "mae": 0.7756545543670654,
    "w2_global": 0.40714147686958313,
    "ae_summary": {
      "mean": 0.7756545543670654,
      "std": 0.7634721398353577,
      "min": 0.0,
      "max": 35.79549026489258,
      "p50": 0.6127538084983826,
      "p90": 1.579715371131897,
      "p95": 2.0083670616149902,
      "p99": 3.1282567977905273
    },
    "se_summary": {
      "mean": 1.1845295429229736,
      "std": 8.844900131225586,
      "min": 0.0,
      "max": 1281.317138671875,
      "p50": 0.3754672408103943,
      "p90": 2.4955005645751953,
      "p95": 4.033538341522217,
      "p99": 9.785990715026855
    }
  },
  "test": {
    "mse": 1.1270421743392944,
    "rmse": 1.0616224255069664,
    "mae": 0.7681964635848999,
    "w2_global": 0.405832976102829,
    "ae_summary": {
      "mean": 0.7681964635848999,
      "std": 0.7327457070350647,
      "min": 0.0,
      "max": 35.788326263427734,
      "p50": 0.6112106442451477,
      "p90": 1.5775485038757324,
      "p95": 1.989445686340332,
      "p99": 3.0595412254333496
    },
    "se_summary": {
      "mean": 1.1270421743392944,
      "std": 7.8764238357543945,
      "min": 0.0,
      "max": 1280.8043212890625,
      "p50": 0.3735784590244293,
      "p90": 2.488659381866455,
      "p95": 3.9578943252563477,
      "p99": 9.36079216003418
    }
  }
}