{
  "train": {
    "mse": 0.0,
    "rmse": 0.0,
    "mae": 0.0,
    "w2_global": 1.8979414701461792,
    "ae_summary": {
      "mean": 0.0,
      "std": 0.0,
      "min": 0.0,
      "max": 0.0,
      "p50": 0.0,
      "p90": 0.0,
      "p95": 0.0,
      "p99": 0.0
    },
    "se_summary": {
      "mean": 0.0,
      "std": 0.0,
      "min": 0.0,
      "max": 0.0,
      "p50": 0.0,
      "p90": 0.0,
      "p95": 0.0,
      "p99": 0.0
    }
  },
  "val": {
    "mse": 5.876707553863525,
    "rmse": 2.424192144584155,
    "mae": 2.0103776454925537,
    "w2_global": 1.9221607446670532,
    "ae_summary": {
      "mean": 2.0103776454925537,
      "std": 1.3546547889709473,
      "min": 0.0015085935592651367,
      "max": 31.72368049621582,
      "p50": 2.0400195121765137,
      "p90": 3.7151246070861816,
      "p95": 4.047141075134277,
      "p99": 4.624382495880127
    },
    "se_summary": {
      "mean": 5.876707553863525,
      "std": 14.225422859191895,
      "min": 2.275854512845399e-06,
      "max": 1006.3919067382812,
      "p50": 4.161679744720459,
      "p90": 13.802151679992676,
      "p95": 16.379352569580078,
      "p99": 21.384912490844727
    }
  },
  "test": {
    "mse": 6.00725793838501,
    "rmse": 2.450970815490264,
    "mae": 2.0074172019958496,
    "w2_global": 1.9411243200302124,
    "ae_summary": {
      "mean": 2.0074172019958496,
      "std": 1.406248688697815,
      "min": 0.00189971923828125,
      "max": 36.54340362548828,
      "p50": 1.9858070611953735,
      "p90": 3.725045680999756,
      "p95": 4.0977325439453125,
      "p99": 4.705224514007568
    },
    "se_summary": {
      "mean": 6.00725793838501,
      "std": 17.781883239746094,
      "min": 3.6089331842958927e-06,
      "max": 1335.4202880859375,
      "p50": 3.943429708480835,
      "p90": 13.87596607208252,
      "p95": 16.791410446166992,
      "p99": 22.139137268066406
    }
  }
}