{
  "train": {
    "mse": 0.0,
    "rmse": 0.0,
    "mae": 0.0,
    "w2_global": 0.4074610769748688,
    "ae_summary": {
      "mean": 0.0,
      "std": 0.0,
      "min": 0.0,
      "max": 0.0,
      "p50": 0.0,
      "p90": 0.0,
      "p95": 0.0,
      "p99": 0.0
    },
    "se_summary": {
      "mean": 0.0,
      "std": 0.0,
      "min": 0.0,
      "max": 0.0,
      "p50": 0.0,
      "p90": 0.0,
      "p95": 0.0,
      "p99": 0.0
    }
  },
  "val": {
    "mse": 0.515299916267395,
    "rmse": 0.7178439358714365,
    "mae": 0.5076033473014832,
    "w2_global": 0.43030837178230286,
    "ae_summary": {
      "mean": 0.5076033473014832,
      "std": 0.507581353187561,
      "min": 4.106760025024414e-05,
      "max": 4.21553897857666,
      "p50": 0.3468066453933716,
      "p90": 1.1802148818969727,
      "p95": 1.5902304649353027,
      "p99": 2.3020904064178467
    },
    "se_summary": {
      "mean": 0.515299916267395,
      "std": 1.0694944858551025,
      "min": 1.6865477903138526e-09,
      "max": 17.770769119262695,
      "p50": 0.1202748492360115,
      "p90": 1.3929071426391602,
      "p95": 2.5288329124450684,
      "p99": 5.299621105194092
    }
  },
  "test": {
    "mse": 0.5254935622215271,
    "rmse": 0.7249093475887362,
    "mae": 0.5049297213554382,
    "w2_global": 0.42702504992485046,
    "ae_summary": {
      "mean": 0.5049297213554382,
      "std": 0.5201341509819031,
      "min": 1.0579824447631836e-05,
      "max": 4.321783065795898,
      "p50": 0.33892303705215454,
      "p90": 1.187276840209961,
      "p95": 1.6048270463943481,
      "p99": 2.3964903354644775
    },
    "se_summary": {
      "mean": 0.5254935622215271,
      "std": 1.1551342010498047,
      "min": 1.1193268534270828e-10,
      "max": 18.67780876159668,
      "p50": 0.11486883461475372,
      "p90": 1.4096261262893677,
      "p95": 2.575469732284546,
      "p99": 5.743167400360107
    }
  }
}