{
  "train": {
    "mse": 0.0,
    "rmse": 0.0,
    "mae": 0.0,
    "w2_global": 0.022543130442500114,
    "ae_summary": {
      "mean": 0.0,
      "std": 0.0,
      "min": 0.0,
      "max": 0.0,
      "p50": 0.0,
      "p90": 0.0,
      "p95": 0.0,
      "p99": 0.0
    },
    "se_summary": {
      "mean": 0.0,
      "std": 0.0,
      "min": 0.0,
      "max": 0.0,
      "p50": 0.0,
      "p90": 0.0,
      "p95": 0.0,
      "p99": 0.0
    }
  },
  "val": {
    "mse": 0.4390913248062134,
    "rmse": 0.6626396643774152,
    "mae": 0.483902245759964,
    "w2_global": 0.047608744353055954,
    "ae_summary": {
      "mean": 0.483902245759964,
      "std": 0.4526919424533844,
      "min": 0.002495706081390381,
      "max": 3.3007636070251465,
      "p50": 0.36009663343429565,
      "p90": 1.0623247623443604,
      "p95": 1.2412619590759277,
      "p99": 2.1423392295837402
    },
    "se_summary": {
      "mean": 0.4390913248062134,
      "std": 0.9479259848594666,
      "min": 6.228548954823054e-06,
      "max": 10.895040512084961,
      "p50": 0.12966959178447723,
      "p90": 1.1286689043045044,
      "p95": 1.541527509689331,
      "p99": 4.589872360229492
    }
  },
  "test": {
    "mse": 0.1606849730014801,
    "rmse": 0.4008553018253346,
    "mae": 0.2822810411453247,
    "w2_global": 0.0244006160646677,
    "ae_summary": {
      "mean": 0.2822810411453247,
      "std": 0.2846091687679291,
      "min": 0.00022862106561660767,
      "max": 1.7093780040740967,
      "p50": 0.18599027395248413,
      "p90": 0.6687827706336975,
      "p95": 0.888084352016449,
      "p99": 1.2660597562789917
    },
    "se_summary": {
      "mean": 0.1606849730014801,
      "std": 0.3339597284793854,
      "min": 5.226759114407287e-08,
      "max": 2.92197322845459,
      "p50": 0.03459317237138748,
      "p90": 0.4472709000110626,
      "p95": 0.7887547016143799,
      "p99": 1.6030246019363403
    }
  }
}