{
  "train": {
    "mse": 0.0,
    "rmse": 0.0,
    "mae": 0.0,
    "w2_global": 0.01956338621675968,
    "ae_summary": {
      "mean": 0.0,
      "std": 0.0,
      "min": 0.0,
      "max": 0.0,
      "p50": 0.0,
      "p90": 0.0,
      "p95": 0.0,
      "p99": 0.0
    },
    "se_summary": {
      "mean": 0.0,
      "std": 0.0,
      "min": 0.0,
      "max": 0.0,
      "p50": 0.0,
      "p90": 0.0,
      "p95": 0.0,
      "p99": 0.0
    }
  },
  "val": {
    "mse": 0.10559095442295074,
    "rmse": 0.3249476179678053,
    "mae": 0.21568787097930908,
    "w2_global": 0.018274415284395218,
    "ae_summary": {
      "mean": 0.21568787097930908,
      "std": 0.24304260313510895,
      "min": 8.627772331237793e-05,
      "max": 2.5446667671203613,
      "p50": 0.14346355199813843,
      "p90": 0.49015137553215027,
      "p95": 0.7076026201248169,
      "p99": 1.1193515062332153
    },
    "se_summary": {
      "mean": 0.10559095442295074,
      "std": 0.316212922334671,
      "min": 7.443845539967242e-09,
      "max": 6.4753289222717285,
      "p50": 0.02058190479874611,
      "p90": 0.2402486354112625,
      "p95": 0.5007016062736511,
      "p99": 1.2529548406600952
    }
  },
  "test": {
    "mse": 0.1221911609172821,
    "rmse": 0.3495585228789052,
    "mae": 0.22435803711414337,
    "w2_global": 0.019798774272203445,
    "ae_summary": {
      "mean": 0.22435803711414337,
      "std": 0.2680571377277374,
      "min": 1.1086463928222656e-05,
      "max": 2.6679818630218506,
      "p50": 0.14614075422286987,
      "p90": 0.47292646765708923,
      "p95": 0.6852076649665833,
      "p99": 1.2629469633102417
    },
    "se_summary": {
      "mean": 0.1221911609172821,
      "std": 0.4244557023048401,
      "min": 1.2290968243178213e-10,
      "max": 7.118127346038818,
      "p50": 0.02135712094604969,
      "p90": 0.2236594706773758,
      "p95": 0.4695127010345459,
      "p99": 1.5950560569763184
    }
  }
}