{
  "test": {
    "mse": 0.30118459463119507,
    "rmse": 0.5488028741098164,
    "mae": 0.32038354873657227,
    "w2_global": 0.01337317656725645,
    "ae_summary": {
      "mean": 0.32038354873657227,
      "std": 0.44557711482048035,
      "min": 0.0004169344902038574,
      "max": 3.68070125579834,
      "p50": 0.15886321663856506,
      "p90": 0.8268116116523743,
      "p95": 1.178789734840393,
      "p99": 2.211481809616089
    },
    "se_summary": {
      "mean": 0.30118459463119507,
      "std": 1.0091172456741333,
      "min": 1.738343655688368e-07,
      "max": 13.547561645507812,
      "p50": 0.025237586349248886,
      "p90": 0.6836215257644653,
      "p95": 1.3895491361618042,
      "p99": 4.891056537628174
    }
  }
}