{
  "train": {
    "mse": 0.0003462346503511071,
    "rmse": 0.018607381609219154,
    "mae": 0.012934423983097076,
    "w2_global": 0.10716567933559418,
    "ae_summary": {
      "mean": 0.012934423983097076,
      "std": 0.013376670889556408,
      "min": 0.0,
      "max": 0.25957322120666504,
      "p50": 0.009336233139038086,
      "p90": 0.028537742793560028,
      "p95": 0.03762069344520569,
      "p99": 0.06223843991756439
    },
    "se_summary": {
      "mean": 0.0003462346503511071,
      "std": 0.0010741330916061997,
      "min": 0.0,
      "max": 0.06737826019525528,
      "p50": 8.716525189811364e-05,
      "p90": 0.0008144027669914067,
      "p95": 0.0014153164811432362,
      "p99": 0.0038736234419047832
    }
  },
  "val": {
    "mse": 1.2018427848815918,
    "rmse": 1.0962859047171918,
    "mae": 0.9457957148551941,
    "w2_global": 0.10792005807161331,
    "ae_summary": {
      "mean": 0.9457957148551941,
      "std": 0.5543584227561951,
      "min": 0.00013810396194458008,
      "max": 3.6868629455566406,
      "p50": 0.9687740802764893,
      "p90": 1.5088474750518799,
      "p95": 1.8923285007476807,
      "p99": 2.7918739318847656
    },
    "se_summary": {
      "mean": 1.2018427848815918,
      "std": 1.4084885120391846,
      "min": 1.9072704304790022e-08,
      "max": 13.592958450317383,
      "p50": 0.9385232329368591,
      "p90": 2.276620626449585,
      "p95": 3.580909252166748,
      "p99": 7.794562339782715
    }
  },
  "test": {
    "mse": 1.1377813816070557,
    "rmse": 1.066668355960303,
    "mae": 0.9058478474617004,
    "w2_global": 0.1015668511390686,
    "ae_summary": {
      "mean": 0.9058478474617004,
      "std": 0.5632237195968628,
      "min": 0.0002721846103668213,
      "max": 3.500765323638916,
      "p50": 0.835299551486969,
      "p90": 1.5782175064086914,
      "p95": 1.8887720108032227,
      "p99": 2.811627149581909
    },
    "se_summary": {
      "mean": 1.1377813816070557,
      "std": 1.4414225816726685,
      "min": 7.40844612323599e-08,
      "max": 12.25535774230957,
      "p50": 0.6977252960205078,
      "p90": 2.4907705783843994,
      "p95": 3.5674595832824707,
      "p99": 7.905247211456299
    }
  }
}