{
  "best_alpha": 0.99,
  "best_gamma": 10.0,
  "alpha_grid": [
    0.99
  ],
  "gamma_grid": [
    10.0
  ],
  "results": {
    "(0.99, 10.0)": {
      "val_loss": 0.46611206233501434,
      "val_eval": 0.4605584144592285,
      "epoch": 30,
      "mse": 0.4605584144592285
    }
  },
  "standalone_mode": true
}