{
  "train": {
    "mse": 0.37430059909820557,
    "rmse": 0.6118011107363287,
    "mae": 0.4603425860404968,
    "w2_global": 0.3145802319049835,
    "ae_summary": {
      "mean": 0.4603425860404968,
      "std": 0.4029706120491028,
      "min": 5.364418029785156e-06,
      "max": 3.809573173522949,
      "p50": 0.36134037375450134,
      "p90": 0.9608625769615173,
      "p95": 1.215160608291626,
      "p99": 1.891494870185852
    },
    "se_summary": {
      "mean": 0.37430059909820557,
      "std": 0.7652578353881836,
      "min": 2.8776980798284058e-11,
      "max": 14.512847900390625,
      "p50": 0.13056686520576477,
      "p90": 0.9232569336891174,
      "p95": 1.47661554813385,
      "p99": 3.577765703201294
    }
  },
  "val": {
    "mse": 0.45172053575515747,
    "rmse": 0.6721015814258716,
    "mae": 0.49960434436798096,
    "w2_global": 0.34302446246147156,
    "ae_summary": {
      "mean": 0.49960434436798096,
      "std": 0.4495731592178345,
      "min": 2.7179718017578125e-05,
      "max": 4.848119258880615,
      "p50": 0.39227238297462463,
      "p90": 1.041387915611267,
      "p95": 1.327010154724121,
      "p99": 2.1002674102783203
    },
    "se_summary": {
      "mean": 0.45172053575515747,
      "std": 1.0287283658981323,
      "min": 7.38737071515061e-10,
      "max": 23.504261016845703,
      "p50": 0.1538776159286499,
      "p90": 1.084488868713379,
      "p95": 1.7609559297561646,
      "p99": 4.411215782165527
    }
  },
  "test": {
    "mse": 0.42894110083580017,
    "rmse": 0.6549359517050505,
    "mae": 0.4915503263473511,
    "w2_global": 0.3358211815357208,
    "ae_summary": {
      "mean": 0.4915503263473511,
      "std": 0.43280404806137085,
      "min": 1.290440559387207e-05,
      "max": 4.647581100463867,
      "p50": 0.39072805643081665,
      "p90": 1.0190091133117676,
      "p95": 1.3109992742538452,
      "p99": 2.013441801071167
    },
    "se_summary": {
      "mean": 0.42894110083580017,
      "std": 0.9243341088294983,
      "min": 1.6652368373115678e-10,
      "max": 21.60000991821289,
      "p50": 0.15266841650009155,
      "p90": 1.038379430770874,
      "p95": 1.718719244003296,
      "p99": 4.053947925567627
    }
  }
}