{
  "train": {
    "mse": 0.0,
    "rmse": 0.0,
    "mae": 0.0,
    "w2_global": 0.09439978003501892,
    "ae_summary": {
      "mean": 0.0,
      "std": 0.0,
      "min": 0.0,
      "max": 0.0,
      "p50": 0.0,
      "p90": 0.0,
      "p95": 0.0,
      "p99": 0.0
    },
    "se_summary": {
      "mean": 0.0,
      "std": 0.0,
      "min": 0.0,
      "max": 0.0,
      "p50": 0.0,
      "p90": 0.0,
      "p95": 0.0,
      "p99": 0.0
    }
  },
  "val": {
    "mse": 0.9476392269134521,
    "rmse": 0.9734676301313013,
    "mae": 0.617443323135376,
    "w2_global": 0.07078809291124344,
    "ae_summary": {
      "mean": 0.617443323135376,
      "std": 0.7525975704193115,
      "min": 1.4127232134342194e-05,
      "max": 33.338592529296875,
      "p50": 0.4600726366043091,
      "p90": 1.2745369672775269,
      "p95": 1.6467938423156738,
      "p99": 2.775174379348755
    },
    "se_summary": {
      "mean": 0.9476392269134521,
      "std": 12.164629936218262,
      "min": 1.9957868691022895e-10,
      "max": 1111.4617919921875,
      "p50": 0.21166683733463287,
      "p90": 1.624444603919983,
      "p95": 2.7119300365448,
      "p99": 7.701592922210693
    }
  },
  "test": {
    "mse": 1.4334686994552612,
    "rmse": 1.1972755319705073,
    "mae": 0.6036427021026611,
    "w2_global": 0.19900758564472198,
    "ae_summary": {
      "mean": 0.6036427021026611,
      "std": 1.0339652299880981,
      "min": 1.393631100654602e-05,
      "max": 128.03726196289062,
      "p50": 0.4472830295562744,
      "p90": 1.235248327255249,
      "p95": 1.6306968927383423,
      "p99": 2.7410025596618652
    },
    "se_summary": {
      "mean": 1.4334686994552612,
      "std": 101.22555541992188,
      "min": 1.9422076447117576e-10,
      "max": 16393.541015625,
      "p50": 0.2000621259212494,
      "p90": 1.5258383750915527,
      "p95": 2.659172534942627,
      "p99": 7.513095855712891
    }
  }
}