{
  "best_alpha": 0.99,
  "best_gamma": 1.0,
  "alpha_grid": [
    0.99
  ],
  "gamma_grid": [
    1.0
  ],
  "results": {
    "(0.99, 1.0)": {
      "val_loss": 0.37266136705875397,
      "val_eval": 0.6577944159507751,
      "epoch": 30,
      "mse": 0.6577944159507751
    }
  },
  "standalone_mode": true
}