{
  "train": {
    "mse": 0.32647109031677246,
    "rmse": 0.5713764873678059,
    "mae": 0.3906618654727936,
    "w2_global": 0.4719874858856201,
    "ae_summary": {
      "mean": 0.3906618654727936,
      "std": 0.4169585108757019,
      "min": 1.1324882507324219e-06,
      "max": 3.2902941703796387,
      "p50": 0.25935375690460205,
      "p90": 0.9102094769477844,
      "p95": 1.1910972595214844,
      "p99": 2.202953338623047
    },
    "se_summary": {
      "mean": 0.32647109031677246,
      "std": 0.8677282333374023,
      "min": 1.2825296380469808e-12,
      "max": 10.826035499572754,
      "p50": 0.0672643706202507,
      "p90": 0.8284813761711121,
      "p95": 1.4187124967575073,
      "p99": 4.853003025054932
    }
  },
  "val": {
    "mse": 0.5876845121383667,
    "rmse": 0.7666058388365997,
    "mae": 0.5398590564727783,
    "w2_global": 0.5027022957801819,
    "ae_summary": {
      "mean": 0.5398590564727783,
      "std": 0.5442763566970825,
      "min": 4.5299530029296875e-06,
      "max": 3.339245557785034,
      "p50": 0.3703269362449646,
      "p90": 1.198201298713684,
      "p95": 1.4629449844360352,
      "p99": 2.8884196281433105
    },
    "se_summary": {
      "mean": 0.5876845121383667,
      "std": 1.3107300996780396,
      "min": 2.0520474208751693e-11,
      "max": 11.150561332702637,
      "p50": 0.13714203238487244,
      "p90": 1.4356862306594849,
      "p95": 2.1402082443237305,
      "p99": 8.342968940734863
    }
  },
  "test": {
    "mse": 0.5640591382980347,
    "rmse": 0.7510387062582292,
    "mae": 0.5250926613807678,
    "w2_global": 0.4910973310470581,
    "ae_summary": {
      "mean": 0.5250926613807678,
      "std": 0.5369700193405151,
      "min": 2.3692846298217773e-06,
      "max": 3.3737080097198486,
      "p50": 0.354816734790802,
      "p90": 1.1736695766448975,
      "p95": 1.4398033618927002,
      "p99": 2.843972682952881
    },
    "se_summary": {
      "mean": 0.5640591382980347,
      "std": 1.2828985452651978,
      "min": 5.6135096571097165e-12,
      "max": 11.381905555725098,
      "p50": 0.1258949190378189,
      "p90": 1.377500295639038,
      "p95": 2.0730338096618652,
      "p99": 8.088181495666504
    }
  }
}