{
  "train": {
    "mse": 0.0,
    "rmse": 0.0,
    "mae": 0.0,
    "w2_global": 0.6965376138687134,
    "ae_summary": {
      "mean": 0.0,
      "std": 0.0,
      "min": 0.0,
      "max": 0.0,
      "p50": 0.0,
      "p90": 0.0,
      "p95": 0.0,
      "p99": 0.0
    },
    "se_summary": {
      "mean": 0.0,
      "std": 0.0,
      "min": 0.0,
      "max": 0.0,
      "p50": 0.0,
      "p90": 0.0,
      "p95": 0.0,
      "p99": 0.0
    }
  },
  "val": {
    "mse": 1.2353718280792236,
    "rmse": 1.1114728193164345,
    "mae": 0.785744309425354,
    "w2_global": 0.4728047251701355,
    "ae_summary": {
      "mean": 0.785744309425354,
      "std": 0.7861155867576599,
      "min": 0.0,
      "max": 39.222068786621094,
      "p50": 0.5871229767799377,
      "p90": 1.7344266176223755,
      "p95": 2.168109178543091,
      "p99": 3.3681108951568604
    },
    "se_summary": {
      "mean": 1.2353718280792236,
      "std": 6.8072190284729,
      "min": 0.0,
      "max": 1538.3707275390625,
      "p50": 0.34471338987350464,
      "p90": 3.008235454559326,
      "p95": 4.700697422027588,
      "p99": 11.344173431396484
    }
  },
  "test": {
    "mse": 1.2920688390731812,
    "rmse": 1.1366920599147252,
    "mae": 0.8119173645973206,
    "w2_global": 0.5379424095153809,
    "ae_summary": {
      "mean": 0.8119173645973206,
      "std": 0.7955244779586792,
      "min": 0.0,
      "max": 30.897541046142578,
      "p50": 0.6025713682174683,
      "p90": 1.7790932655334473,
      "p95": 2.273318290710449,
      "p99": 3.5396347045898438
    },
    "se_summary": {
      "mean": 1.2920688390731812,
      "std": 4.318939208984375,
      "min": 0.0,
      "max": 954.6580200195312,
      "p50": 0.363092303276062,
      "p90": 3.165172815322876,
      "p95": 5.167975902557373,
      "p99": 12.529012680053711
    }
  }
}