{
  "train": {
    "mse": 2395.59375,
    "rmse": 48.94480309491499,
    "mae": 35.52873611450195,
    "w2_global": 0.06764207035303116,
    "ae_summary": {
      "mean": 35.52873611450195,
      "std": 33.66455841064453,
      "min": 0.0008054971694946289,
      "max": 306.9585266113281,
      "p50": 26.597347259521484,
      "p90": 75.16484069824219,
      "p95": 101.76876831054688,
      "p99": 164.68603515625
    },
    "se_summary": {
      "mean": 2395.59375,
      "std": 5357.86669921875,
      "min": 6.488256758530042e-07,
      "max": 94223.5390625,
      "p50": 707.4188232421875,
      "p90": 5649.75390625,
      "p95": 10356.8828125,
      "p99": 27121.498046875
    }
  },
  "val": {
    "mse": 0.124769426882267,
    "rmse": 0.3532271604538176,
    "mae": 0.21424342691898346,
    "w2_global": 0.06963993608951569,
    "ae_summary": {
      "mean": 0.21424342691898346,
      "std": 0.2808365821838379,
      "min": 0.00019979476928710938,
      "max": 3.4024319648742676,
      "p50": 0.12271702289581299,
      "p90": 0.478563517332077,
      "p95": 0.7445087432861328,
      "p99": 1.3809980154037476
    },
    "se_summary": {
      "mean": 0.124769426882267,
      "std": 0.4672108292579651,
      "min": 3.9917949834489264e-08,
      "max": 11.576542854309082,
      "p50": 0.015059467405080795,
      "p90": 0.2290244847536087,
      "p95": 0.5542932748794556,
      "p99": 1.907164454460144
    }
  },
  "test": {
    "mse": 0.21291685104370117,
    "rmse": 0.4614291397860577,
    "mae": 0.25099146366119385,
    "w2_global": 0.14669926464557648,
    "ae_summary": {
      "mean": 0.25099146366119385,
      "std": 0.38719525933265686,
      "min": 5.1975250244140625e-05,
      "max": 6.004002571105957,
      "p50": 0.1360374242067337,
      "p90": 0.5697187185287476,
      "p95": 0.8536115884780884,
      "p99": 1.8124228715896606
    },
    "se_summary": {
      "mean": 0.21291685104370117,
      "std": 1.225568413734436,
      "min": 2.70142663794104e-09,
      "max": 36.04804611206055,
      "p50": 0.018506180495023727,
      "p90": 0.3245796263217926,
      "p95": 0.7286527752876282,
      "p99": 3.2848925590515137
    }
  }
}