{
  "train": {
    "mse": 0.02684679813683033,
    "rmse": 0.16384992565402748,
    "mae": 0.12311448901891708,
    "w2_global": 0.006620344240218401,
    "ae_summary": {
      "mean": 0.12311448901891708,
      "std": 0.10811854898929596,
      "min": 1.1920928955078125e-07,
      "max": 1.2716071605682373,
      "p50": 0.09653392434120178,
      "p90": 0.26111531257629395,
      "p95": 0.32791292667388916,
      "p99": 0.4995726943016052
    },
    "se_summary": {
      "mean": 0.02684679813683033,
      "std": 0.05426914244890213,
      "min": 1.4210854715202004e-14,
      "max": 1.6169847249984741,
      "p50": 0.009318798780441284,
      "p90": 0.06818120926618576,
      "p95": 0.10752689838409424,
      "p99": 0.24957290291786194
    }
  },
  "val": {
    "mse": 0.032678913325071335,
    "rmse": 0.18077309900831853,
    "mae": 0.13422459363937378,
    "w2_global": 0.0073247794061899185,
    "ae_summary": {
      "mean": 0.13422459363937378,
      "std": 0.12108951061964035,
      "min": 3.4049153327941895e-05,
      "max": 0.9105004072189331,
      "p50": 0.10207626223564148,
      "p90": 0.28811705112457275,
      "p95": 0.3811368942260742,
      "p99": 0.5779761075973511
    },
    "se_summary": {
      "mean": 0.032678913325071335,
      "std": 0.06505277007818222,
      "min": 1.1593448423496966e-09,
      "max": 0.8290109634399414,
      "p50": 0.010419563390314579,
      "p90": 0.08301161229610443,
      "p95": 0.1452653855085373,
      "p99": 0.3340565264225006
    }
  },
  "test": {
    "mse": 0.03197518736124039,
    "rmse": 0.1788160713169831,
    "mae": 0.13251528143882751,
    "w2_global": 0.006520724389702082,
    "ae_summary": {
      "mean": 0.13251528143882751,
      "std": 0.12006200850009918,
      "min": 2.86102294921875e-05,
      "max": 0.9528511762619019,
      "p50": 0.09933006763458252,
      "p90": 0.29275262355804443,
      "p95": 0.36861053109169006,
      "p99": 0.5727956891059875
    },
    "se_summary": {
      "mean": 0.03197518736124039,
      "std": 0.06208736076951027,
      "min": 8.185452315956354e-10,
      "max": 0.9079253673553467,
      "p50": 0.009866462089121342,
      "p90": 0.08570411801338196,
      "p95": 0.13587380945682526,
      "p99": 0.32809486985206604
    }
  }
}