{
  "train": {
    "mse": 8464.533203125,
    "rmse": 92.00289779743353,
    "mae": 67.50233459472656,
    "w2_global": 0.1317237913608551,
    "ae_summary": {
      "mean": 67.50233459472656,
      "std": 62.513736724853516,
      "min": 0.002523481845855713,
      "max": 337.45050048828125,
      "p50": 46.02344512939453,
      "p90": 163.30728149414062,
      "p95": 200.00396728515625,
      "p99": 256.84283447265625
    },
    "se_summary": {
      "mean": 8464.533203125,
      "std": 14157.759765625,
      "min": 6.367960850184318e-06,
      "max": 113872.84375,
      "p50": 2118.157470703125,
      "p90": 26669.271484375,
      "p95": 40001.5859375,
      "p99": 65968.2421875
    }
  },
  "val": {
    "mse": 0.09693298488855362,
    "rmse": 0.31134062518173505,
    "mae": 0.21315117180347443,
    "w2_global": 0.12852831184864044,
    "ae_summary": {
      "mean": 0.21315117180347443,
      "std": 0.22693513333797455,
      "min": 3.886222839355469e-05,
      "max": 2.0809454917907715,
      "p50": 0.14083489775657654,
      "p90": 0.4830420911312103,
      "p95": 0.659955620765686,
      "p99": 1.0563559532165527
    },
    "se_summary": {
      "mean": 0.09693298488855362,
      "std": 0.24787388741970062,
      "min": 1.5102727957128081e-09,
      "max": 4.330334186553955,
      "p50": 0.019834468141198158,
      "p90": 0.233329638838768,
      "p95": 0.43554145097732544,
      "p99": 1.115888237953186
    }
  },
  "test": {
    "mse": 0.10923360288143158,
    "rmse": 0.33050507239894455,
    "mae": 0.22229205071926117,
    "w2_global": 0.1371697634458542,
    "ae_summary": {
      "mean": 0.22229205071926117,
      "std": 0.24458098411560059,
      "min": 7.748603820800781e-06,
      "max": 2.9360992908477783,
      "p50": 0.1480308324098587,
      "p90": 0.5061150193214417,
      "p95": 0.669492244720459,
      "p99": 1.217523217201233
    },
    "se_summary": {
      "mean": 0.10923360288143158,
      "std": 0.31494536995887756,
      "min": 6.004086117172847e-11,
      "max": 8.620678901672363,
      "p50": 0.02191312611103058,
      "p90": 0.2561524212360382,
      "p95": 0.4482198655605316,
      "p99": 1.482362985610962
    }
  }
}