{
  "best_alpha": 0.99,
  "best_gamma": 10.0,
  "alpha_grid": [
    0.01,
    0.25,
    0.5,
    0.75,
    0.99
  ],
  "gamma_grid": [
    0.1,
    1.0,
    5.0,
    10.0
  ],
  "results": {
    "(0.01, 0.1)": {
      "val_loss": 0.72536900639534,
      "val_eval": 1.0404202044010162,
      "epoch": 27,
      "mse": 0.841456949710846,
      "w2_global": 0.5279985666275024,
      "cvar": 2.151240348815918
    },
    "(0.01, 1.0)": {
      "val_loss": 0.7351664751768112,
      "val_eval": 1.039914220571518,
      "epoch": 30,
      "mse": 0.8376370668411255,
      "w2_global": 0.5463756322860718,
      "cvar": 2.119908332824707
    },
    "(0.01, 5.0)": {
      "val_loss": 0.7334093898534775,
      "val_eval": 1.0198062658309937,
      "epoch": 28,
      "mse": 0.8276596069335938,
      "w2_global": 0.5272868275642395,
      "cvar": 2.078094959259033
    },
    "(0.01, 10.0)": {
      "val_loss": 0.7251462489366531,
      "val_eval": 1.052858144044876,
      "epoch": 29,
      "mse": 0.8523980379104614,
      "w2_global": 0.5494901537895203,
      "cvar": 2.141045570373535
    },
    "(0.25, 0.1)": {
      "val_loss": 0.729483351111412,
      "val_eval": 1.039665400981903,
      "epoch": 28,
      "mse": 0.8517056703567505,
      "w2_global": 0.5350175499916077,
      "cvar": 2.1698551177978516
    },
    "(0.25, 1.0)": {
      "val_loss": 0.718913272023201,
      "val_eval": 1.0342338383197784,
      "epoch": 29,
      "mse": 0.8347628116607666,
      "w2_global": 0.5365874767303467,
      "cvar": 2.0954320430755615
    },
    "(0.25, 5.0)": {
      "val_loss": 0.7246007025241852,
      "val_eval": 1.041638195514679,
      "epoch": 29,
      "mse": 0.8357997536659241,
      "w2_global": 0.5481140613555908,
      "cvar": 2.085608720779419
    },
    "(0.25, 10.0)": {
      "val_loss": 0.7141228765249252,
      "val_eval": 1.0111084580421448,
      "epoch": 30,
      "mse": 0.8236767053604126,
      "w2_global": 0.5466236472129822,
      "cvar": 2.056040048599243
    },
    "(0.5, 0.1)": {
      "val_loss": 0.7285925149917603,
      "val_eval": 1.0415201783180237,
      "epoch": 23,
      "mse": 0.8517773151397705,
      "w2_global": 0.5509788990020752,
      "cvar": 2.139199733734131
    },
    "(0.5, 1.0)": {
      "val_loss": 0.7359637320041656,
      "val_eval": 1.0444323122501373,
      "epoch": 28,
      "mse": 0.8471510410308838,
      "w2_global": 0.555713951587677,
      "cvar": 2.097543954849243
    },
    "(0.5, 5.0)": {
      "val_loss": 0.7170651257038116,
      "val_eval": 1.0289859771728516,
      "epoch": 29,
      "mse": 0.8326202630996704,
      "w2_global": 0.5499013066291809,
      "cvar": 2.063265562057495
    },
    "(0.5, 10.0)": {
      "val_loss": 0.7247332632541656,
      "val_eval": 1.0421828031539917,
      "epoch": 26,
      "mse": 0.8515498042106628,
      "w2_global": 0.5313896536827087,
      "cvar": 2.1540493965148926
    },
    "(0.75, 0.1)": {
      "val_loss": 0.7028248161077499,
      "val_eval": 1.0232646465301514,
      "epoch": 27,
      "mse": 0.8283244967460632,
      "w2_global": 0.5487333536148071,
      "cvar": 2.059920072555542
    },
    "(0.75, 1.0)": {
      "val_loss": 0.6970690339803696,
      "val_eval": 0.9934042692184448,
      "epoch": 30,
      "mse": 0.8064754605293274,
      "w2_global": 0.5218645334243774,
      "cvar": 2.029433012008667
    },
    "(0.75, 5.0)": {
      "val_loss": 0.7083029896020889,
      "val_eval": 1.0329323709011078,
      "epoch": 29,
      "mse": 0.8330618739128113,
      "w2_global": 0.5526511073112488,
      "cvar": 2.0598602294921875
    },
    "(0.75, 10.0)": {
      "val_loss": 0.7062863260507584,
      "val_eval": 1.0316257178783417,
      "epoch": 25,
      "mse": 0.8408982753753662,
      "w2_global": 0.5567035675048828,
      "cvar": 2.11863112449646
    },
    "(0.99, 0.1)": {
      "val_loss": 0.46087294816970825,
      "val_eval": 0.7545744776725769,
      "epoch": 30,
      "mse": 0.6471571326255798,
      "w2_global": 0.5103223919868469,
      "cvar": 1.5843545198440552
    },
    "(0.99, 1.0)": {
      "val_loss": 0.46354883909225464,
      "val_eval": 0.7336093783378601,
      "epoch": 30,
      "mse": 0.6418166756629944,
      "w2_global": 0.5237952470779419,
      "cvar": 1.5673954486846924
    },
    "(0.99, 5.0)": {
      "val_loss": 0.4620179831981659,
      "val_eval": 0.7223694324493408,
      "epoch": 30,
      "mse": 0.6209546327590942,
      "w2_global": 0.5177364349365234,
      "cvar": 1.5160057544708252
    },
    "(0.99, 10.0)": {
      "val_loss": 0.4193321466445923,
      "val_eval": 0.6622011363506317,
      "epoch": 30,
      "mse": 0.5896127223968506,
      "w2_global": 0.4892197847366333,
      "cvar": 1.4041794538497925
    }
  }
}