{
  "train": {
    "mse": 0.2883293628692627,
    "rmse": 0.5369630926509407,
    "mae": 0.39810118079185486,
    "w2_global": 0.47628989815711975,
    "ae_summary": {
      "mean": 0.39810118079185486,
      "std": 0.360339879989624,
      "min": 1.3381242752075195e-05,
      "max": 3.5540928840637207,
      "p50": 0.30781370401382446,
      "p90": 0.8371392488479614,
      "p95": 1.0570006370544434,
      "p99": 1.7374242544174194
    },
    "se_summary": {
      "mean": 0.2883293628692627,
      "std": 0.6430318355560303,
      "min": 1.7905765758996495e-10,
      "max": 12.631576538085938,
      "p50": 0.09474927932024002,
      "p90": 0.7008021473884583,
      "p95": 1.1172503232955933,
      "p99": 3.0186431407928467
    }
  },
  "val": {
    "mse": 0.5896127223968506,
    "rmse": 0.767862437157106,
    "mae": 0.5757380723953247,
    "w2_global": 0.4892197847366333,
    "ae_summary": {
      "mean": 0.5757380723953247,
      "std": 0.5080732703208923,
      "min": 4.208087921142578e-05,
      "max": 7.620882987976074,
      "p50": 0.46303755044937134,
      "p90": 1.1849807500839233,
      "p95": 1.4868513345718384,
      "p99": 2.2014222145080566
    },
    "se_summary": {
      "mean": 0.5896127223968506,
      "std": 1.609729528427124,
      "min": 1.7708003952066065e-09,
      "max": 58.077857971191406,
      "p50": 0.21440377831459045,
      "p90": 1.4041794538497925,
      "p95": 2.210726737976074,
      "p99": 4.846259593963623
    }
  },
  "test": {
    "mse": 0.6267552375793457,
    "rmse": 0.7916787464491805,
    "mae": 0.5930410623550415,
    "w2_global": 0.5115185976028442,
    "ae_summary": {
      "mean": 0.5930410623550415,
      "std": 0.524459183216095,
      "min": 9.289383888244629e-05,
      "max": 4.96066427230835,
      "p50": 0.46675413846969604,
      "p90": 1.2320666313171387,
      "p95": 1.546592354774475,
      "p99": 2.507084369659424
    },
    "se_summary": {
      "mean": 0.6267552375793457,
      "std": 1.3560526371002197,
      "min": 8.62926530231789e-09,
      "max": 24.608190536499023,
      "p50": 0.2178594321012497,
      "p90": 1.5179880857467651,
      "p95": 2.3919479846954346,
      "p99": 6.285473346710205
    }
  }
}