{
  "train": {
    "mse": 0.008264686912298203,
    "rmse": 0.09091032346383002,
    "mae": 0.0687498077750206,
    "w2_global": 0.015418007969856262,
    "ae_summary": {
      "mean": 0.0687498077750206,
      "std": 0.059482354670763016,
      "min": 8.940696716308594e-07,
      "max": 0.7719345092773438,
      "p50": 0.053061362355947495,
      "p90": 0.14884048700332642,
      "p95": 0.18620732426643372,
      "p99": 0.2677071988582611
    },
    "se_summary": {
      "mean": 0.008264686912298203,
      "std": 0.015162739902734756,
      "min": 7.993605777301127e-13,
      "max": 0.5958828926086426,
      "p50": 0.002815508283674717,
      "p90": 0.022153489291667938,
      "p95": 0.03467316925525665,
      "p99": 0.0716671496629715
    }
  },
  "val": {
    "mse": 0.23060689866542816,
    "rmse": 0.48021547108087653,
    "mae": 0.34363552927970886,
    "w2_global": 0.015379229560494423,
    "ae_summary": {
      "mean": 0.34363552927970886,
      "std": 0.3354422450065613,
      "min": 6.315484642982483e-05,
      "max": 2.3179492950439453,
      "p50": 0.25203585624694824,
      "p90": 0.7710970640182495,
      "p95": 1.0773427486419678,
      "p99": 1.6435376405715942
    },
    "se_summary": {
      "mean": 0.23060689866542816,
      "std": 0.5029175281524658,
      "min": 3.988534835741575e-09,
      "max": 5.372889041900635,
      "p50": 0.06352207064628601,
      "p90": 0.5945977568626404,
      "p95": 1.1607097387313843,
      "p99": 2.701215982437134
    }
  },
  "test": {
    "mse": 0.2259649634361267,
    "rmse": 0.47535772154886335,
    "mae": 0.3421770930290222,
    "w2_global": 0.015287822112441063,
    "ae_summary": {
      "mean": 0.3421770930290222,
      "std": 0.3299694359302521,
      "min": 3.457069396972656e-05,
      "max": 2.1848254203796387,
      "p50": 0.24847733974456787,
      "p90": 0.7598299980163574,
      "p95": 1.0527046918869019,
      "p99": 1.5462685823440552
    },
    "se_summary": {
      "mean": 0.2259649634361267,
      "std": 0.4630131721496582,
      "min": 1.1951328815484885e-09,
      "max": 4.773462295532227,
      "p50": 0.06174098700284958,
      "p90": 0.577341616153717,
      "p95": 1.108187198638916,
      "p99": 2.390946626663208
    }
  }
}