{
  "best_alpha": 0.99,
  "best_gamma": 0.1,
  "alpha_grid": [
    0.01,
    0.25,
    0.5,
    0.75,
    0.99
  ],
  "gamma_grid": [
    0.1,
    1.0,
    5.0,
    10.0
  ],
  "results": {
    "(0.01, 0.1)": {
      "val_loss": 0.24294938147068024,
      "val_eval": 0.2152414321899414,
      "epochs": 30,
      "mse": 0.2152414321899414,
      "w2_global": 0.017998354509472847,
      "cvar": 0.5464001297950745
    },
    "(0.01, 1.0)": {
      "val_loss": 0.2633264660835266,
      "val_eval": 0.23455196619033813,
      "epochs": 30,
      "mse": 0.23455195128917694,
      "w2_global": 0.014893922954797745,
      "cvar": 0.6127045750617981
    },
    "(0.01, 5.0)": {
      "val_loss": 0.27434977889060974,
      "val_eval": 0.23797135055065155,
      "epochs": 30,
      "mse": 0.23797136545181274,
      "w2_global": 0.02012752741575241,
      "cvar": 0.6397235989570618
    },
    "(0.01, 10.0)": {
      "val_loss": 0.2572813928127289,
      "val_eval": 0.22524374723434448,
      "epochs": 30,
      "mse": 0.2252437323331833,
      "w2_global": 0.013924948871135712,
      "cvar": 0.5771077275276184
    },
    "(0.25, 0.1)": {
      "val_loss": 0.25060686469078064,
      "val_eval": 0.2139584720134735,
      "epochs": 30,
      "mse": 0.2139584720134735,
      "w2_global": 0.01625046692788601,
      "cvar": 0.5352815985679626
    },
    "(0.25, 1.0)": {
      "val_loss": 0.28668251633644104,
      "val_eval": 0.24303071200847626,
      "epochs": 30,
      "mse": 0.24303071200847626,
      "w2_global": 0.015147261321544647,
      "cvar": 0.6619590520858765
    },
    "(0.25, 5.0)": {
      "val_loss": 0.27196240425109863,
      "val_eval": 0.22964221239089966,
      "epochs": 30,
      "mse": 0.22964221239089966,
      "w2_global": 0.021425310522317886,
      "cvar": 0.5993810296058655
    },
    "(0.25, 10.0)": {
      "val_loss": 0.26061123609542847,
      "val_eval": 0.23392261564731598,
      "epochs": 30,
      "mse": 0.23392261564731598,
      "w2_global": 0.01583111099898815,
      "cvar": 0.5691187977790833
    },
    "(0.5, 0.1)": {
      "val_loss": 0.23786427080631256,
      "val_eval": 0.21477019786834717,
      "epochs": 30,
      "mse": 0.21477021276950836,
      "w2_global": 0.019176838919520378,
      "cvar": 0.5464584827423096
    },
    "(0.5, 1.0)": {
      "val_loss": 0.2569015324115753,
      "val_eval": 0.22639775276184082,
      "epochs": 30,
      "mse": 0.22639775276184082,
      "w2_global": 0.01816151849925518,
      "cvar": 0.5587190985679626
    },
    "(0.5, 5.0)": {
      "val_loss": 0.257414847612381,
      "val_eval": 0.22840851545333862,
      "epochs": 30,
      "mse": 0.22840850055217743,
      "w2_global": 0.014753362163901329,
      "cvar": 0.5558248162269592
    },
    "(0.5, 10.0)": {
      "val_loss": 0.2555067837238312,
      "val_eval": 0.22398893535137177,
      "epochs": 30,
      "mse": 0.22398893535137177,
      "w2_global": 0.01718929596245289,
      "cvar": 0.6192818880081177
    },
    "(0.75, 0.1)": {
      "val_loss": 0.25025445222854614,
      "val_eval": 0.2196364849805832,
      "epochs": 30,
      "mse": 0.21963651478290558,
      "w2_global": 0.01672043278813362,
      "cvar": 0.5135944485664368
    },
    "(0.75, 1.0)": {
      "val_loss": 0.21736575663089752,
      "val_eval": 0.2003505527973175,
      "epochs": 30,
      "mse": 0.2003505378961563,
      "w2_global": 0.018803328275680542,
      "cvar": 0.5716209411621094
    },
    "(0.75, 5.0)": {
      "val_loss": 0.24675250053405762,
      "val_eval": 0.23360544443130493,
      "epochs": 30,
      "mse": 0.23360544443130493,
      "w2_global": 0.016571111977100372,
      "cvar": 0.6595354676246643
    },
    "(0.75, 10.0)": {
      "val_loss": 0.22953620553016663,
      "val_eval": 0.20742197334766388,
      "epochs": 30,
      "mse": 0.20742198824882507,
      "w2_global": 0.015832096338272095,
      "cvar": 0.49530211091041565
    },
    "(0.99, 0.1)": {
      "val_loss": 0.10623037815093994,
      "val_eval": 0.10309483855962753,
      "epochs": 30,
      "mse": 0.10309483855962753,
      "w2_global": 0.010217292234301567,
      "cvar": 0.28381842374801636
    },
    "(0.99, 1.0)": {
      "val_loss": 0.14987586438655853,
      "val_eval": 0.14687438309192657,
      "epochs": 30,
      "mse": 0.14687438309192657,
      "w2_global": 0.013734492473304272,
      "cvar": 0.35520684719085693
    },
    "(0.99, 5.0)": {
      "val_loss": 0.14137659966945648,
      "val_eval": 0.12732510268688202,
      "epochs": 30,
      "mse": 0.12732508778572083,
      "w2_global": 0.011894461698830128,
      "cvar": 0.3372285068035126
    },
    "(0.99, 10.0)": {
      "val_loss": 0.14151084423065186,
      "val_eval": 0.12920142710208893,
      "epochs": 30,
      "mse": 0.12920142710208893,
      "w2_global": 0.010923326946794987,
      "cvar": 0.3207842707633972
    }
  }
}