{
  "train": {
    "mse": 0.09948664158582687,
    "rmse": 0.3154150306910355,
    "mae": 0.24095812439918518,
    "w2_global": 0.009034018963575363,
    "ae_summary": {
      "mean": 0.24095812439918518,
      "std": 0.203533336520195,
      "min": 2.771615982055664e-06,
      "max": 1.9085772037506104,
      "p50": 0.19180592894554138,
      "p90": 0.5118393898010254,
      "p95": 0.640198826789856,
      "p99": 0.9095419645309448
    },
    "se_summary": {
      "mean": 0.09948664158582687,
      "std": 0.18062376976013184,
      "min": 7.681855151986383e-12,
      "max": 3.642667055130005,
      "p50": 0.03678951412439346,
      "p90": 0.26197952032089233,
      "p95": 0.409854531288147,
      "p99": 0.8272665739059448
    }
  },
  "val": {
    "mse": 0.10309483855962753,
    "rmse": 0.3210838497334108,
    "mae": 0.24626421928405762,
    "w2_global": 0.010217292234301567,
    "ae_summary": {
      "mean": 0.24626421928405762,
      "std": 0.20603100955486298,
      "min": 0.0004367232322692871,
      "max": 1.4792451858520508,
      "p50": 0.19295388460159302,
      "p90": 0.5327461361885071,
      "p95": 0.6383442878723145,
      "p99": 0.907331109046936
    },
    "se_summary": {
      "mean": 0.10309483855962753,
      "std": 0.17782969772815704,
      "min": 1.9072717805102002e-07,
      "max": 2.188166379928589,
      "p50": 0.0372312031686306,
      "p90": 0.28381842374801636,
      "p95": 0.40748342871665955,
      "p99": 0.8232505917549133
    }
  },
  "test": {
    "mse": 0.1096097007393837,
    "rmse": 0.33107355789821646,
    "mae": 0.25783559679985046,
    "w2_global": 0.00904301181435585,
    "ae_summary": {
      "mean": 0.25783559679985046,
      "std": 0.2076788693666458,
      "min": 2.0295381546020508e-05,
      "max": 1.4031953811645508,
      "p50": 0.21214063465595245,
      "p90": 0.5448310375213623,
      "p95": 0.6811614036560059,
      "p99": 0.9104330539703369
    },
    "se_summary": {
      "mean": 0.1096097007393837,
      "std": 0.17303676903247833,
      "min": 4.119025120985498e-10,
      "max": 1.9689573049545288,
      "p50": 0.04500364884734154,
      "p90": 0.2968408465385437,
      "p95": 0.46398085355758667,
      "p99": 0.8288883566856384
    }
  }
}