{
  "train": {
    "mse": 0.0,
    "rmse": 0.0,
    "mae": 0.0,
    "w2_global": 0.24227023124694824,
    "ae_summary": {
      "mean": 0.0,
      "std": 0.0,
      "min": 0.0,
      "max": 0.0,
      "p50": 0.0,
      "p90": 0.0,
      "p95": 0.0,
      "p99": 0.0
    },
    "se_summary": {
      "mean": 0.0,
      "std": 0.0,
      "min": 0.0,
      "max": 0.0,
      "p50": 0.0,
      "p90": 0.0,
      "p95": 0.0,
      "p99": 0.0
    }
  },
  "val": {
    "mse": 2.6739683151245117,
    "rmse": 1.635227297694272,
    "mae": 1.2511790990829468,
    "w2_global": 0.3900219202041626,
    "ae_summary": {
      "mean": 1.2511790990829468,
      "std": 1.052862524986267,
      "min": 1.1622905731201172e-05,
      "max": 12.229581832885742,
      "p50": 0.9961063861846924,
      "p90": 2.636911153793335,
      "p95": 3.2620513439178467,
      "p99": 4.733519077301025
    },
    "se_summary": {
      "mean": 2.6739683151245117,
      "std": 4.946540355682373,
      "min": 1.3509193763638905e-10,
      "max": 149.5626678466797,
      "p50": 0.9922279119491577,
      "p90": 6.9532999992370605,
      "p95": 10.640978813171387,
      "p99": 22.406204223632812
    }
  },
  "test": {
    "mse": 1.7434120178222656,
    "rmse": 1.3203832844376158,
    "mae": 1.0047184228897095,
    "w2_global": 0.15658633410930634,
    "ae_summary": {
      "mean": 1.0047184228897095,
      "std": 0.8567104339599609,
      "min": 4.202127456665039e-06,
      "max": 20.798791885375977,
      "p50": 0.8041971921920776,
      "p90": 2.1036951541900635,
      "p95": 2.5996100902557373,
      "p99": 3.766443967819214
    },
    "se_summary": {
      "mean": 1.7434120178222656,
      "std": 3.851588726043701,
      "min": 1.765787516205819e-11,
      "max": 432.5897521972656,
      "p50": 0.6467331647872925,
      "p90": 4.425533294677734,
      "p95": 6.757972717285156,
      "p99": 14.186100006103516
    }
  }
}