{
  "train": {
    "mse": 0.0,
    "rmse": 0.0,
    "mae": 0.0,
    "w2_global": 0.13915471732616425,
    "ae_summary": {
      "mean": 0.0,
      "std": 0.0,
      "min": 0.0,
      "max": 0.0,
      "p50": 0.0,
      "p90": 0.0,
      "p95": 0.0,
      "p99": 0.0
    },
    "se_summary": {
      "mean": 0.0,
      "std": 0.0,
      "min": 0.0,
      "max": 0.0,
      "p50": 0.0,
      "p90": 0.0,
      "p95": 0.0,
      "p99": 0.0
    }
  },
  "val": {
    "mse": 3.250366449356079,
    "rmse": 1.8028772696320954,
    "mae": 1.3730182647705078,
    "w2_global": 0.6915645003318787,
    "ae_summary": {
      "mean": 1.3730182647705078,
      "std": 1.168412208557129,
      "min": 7.858872413635254e-05,
      "max": 10.713737487792969,
      "p50": 1.0754727125167847,
      "p90": 2.9524757862091064,
      "p95": 3.6860315799713135,
      "p99": 5.251012325286865
    },
    "se_summary": {
      "mean": 3.250366449356079,
      "std": 5.833850860595703,
      "min": 6.17618756137972e-09,
      "max": 114.78417205810547,
      "p50": 1.1566416025161743,
      "p90": 8.717113494873047,
      "p95": 13.58682918548584,
      "p99": 27.573131561279297
    }
  },
  "test": {
    "mse": 1.6898657083511353,
    "rmse": 1.299948348339708,
    "mae": 0.9572192430496216,
    "w2_global": 0.3460148572921753,
    "ae_summary": {
      "mean": 0.9572192430496216,
      "std": 0.879543662071228,
      "min": 4.8257410526275635e-05,
      "max": 15.415959358215332,
      "p50": 0.7354552745819092,
      "p90": 2.0432379245758057,
      "p95": 2.5653862953186035,
      "p99": 4.068295001983643
    },
    "se_summary": {
      "mean": 1.6898657083511353,
      "std": 4.207068920135498,
      "min": 2.328777615190347e-09,
      "max": 237.6518096923828,
      "p50": 0.5408943891525269,
      "p90": 4.174821376800537,
      "p95": 6.581207275390625,
      "p99": 16.551023483276367
    }
  }
}