{
  "train": {
    "mse": 0.26654207706451416,
    "rmse": 0.5162771320371591,
    "mae": 0.3453899621963501,
    "w2_global": 0.023025253787636757,
    "ae_summary": {
      "mean": 0.3453899621963501,
      "std": 0.38372889161109924,
      "min": 2.086162567138672e-07,
      "max": 9.227784156799316,
      "p50": 0.2339974045753479,
      "p90": 0.7493166327476501,
      "p95": 1.039437174797058,
      "p99": 1.8204553127288818
    },
    "se_summary": {
      "mean": 0.26654207706451416,
      "std": 1.1127161979675293,
      "min": 4.3520742565306136e-14,
      "max": 85.1520004272461,
      "p50": 0.05475478619337082,
      "p90": 0.5614755153656006,
      "p95": 1.0804295539855957,
      "p99": 3.3140623569488525
    }
  },
  "val": {
    "mse": 0.19490230083465576,
    "rmse": 0.44147740693568427,
    "mae": 0.3077543377876282,
    "w2_global": 0.01752530038356781,
    "ae_summary": {
      "mean": 0.3077543377876282,
      "std": 0.3165273666381836,
      "min": 0.0014611780643463135,
      "max": 2.3543107509613037,
      "p50": 0.21186794340610504,
      "p90": 0.6499956250190735,
      "p95": 0.7967644333839417,
      "p99": 1.7213523387908936
    },
    "se_summary": {
      "mean": 0.19490230083465576,
      "std": 0.539935290813446,
      "min": 2.135041313522379e-06,
      "max": 5.542778968811035,
      "p50": 0.044888027012348175,
      "p90": 0.42249932885169983,
      "p95": 0.6348451375961304,
      "p99": 2.96675705909729
    }
  },
  "test": {
    "mse": 0.3873039186000824,
    "rmse": 0.6223374636000009,
    "mae": 0.4257006049156189,
    "w2_global": 0.03546372801065445,
    "ae_summary": {
      "mean": 0.4257006049156189,
      "std": 0.45396357774734497,
      "min": 0.0005590915679931641,
      "max": 3.0882983207702637,
      "p50": 0.300489604473114,
      "p90": 0.8857366442680359,
      "p95": 1.2124029397964478,
      "p99": 2.435227394104004
    },
    "se_summary": {
      "mean": 0.3873039186000824,
      "std": 1.0109351873397827,
      "min": 3.125833814010548e-07,
      "max": 9.537586212158203,
      "p50": 0.0902940034866333,
      "p90": 0.7845306992530823,
      "p95": 1.4699227809906006,
      "p99": 5.930972576141357
    }
  }
}