{
  "train": {
    "mse": 1794.1256103515625,
    "rmse": 42.35711994873545,
    "mae": 32.57576370239258,
    "w2_global": 0.31643936038017273,
    "ae_summary": {
      "mean": 32.57576370239258,
      "std": 27.072959899902344,
      "min": 0.018395766615867615,
      "max": 221.94036865234375,
      "p50": 26.137590408325195,
      "p90": 68.59524536132812,
      "p95": 86.5052490234375,
      "p99": 124.08731842041016
    },
    "se_summary": {
      "mean": 1794.1256103515625,
      "std": 3058.082275390625,
      "min": 0.00033840423566289246,
      "max": 49257.52734375,
      "p50": 683.1737060546875,
      "p90": 4705.3076171875,
      "p95": 7483.16015625,
      "p99": 15397.6650390625
    }
  },
  "val": {
    "mse": 0.4127708673477173,
    "rmse": 0.6424724642719852,
    "mae": 0.45644527673721313,
    "w2_global": 0.347250759601593,
    "ae_summary": {
      "mean": 0.45644527673721313,
      "std": 0.45213782787323,
      "min": 3.2782554626464844e-06,
      "max": 6.097633361816406,
      "p50": 0.33103132247924805,
      "p90": 0.9683471322059631,
      "p95": 1.281694769859314,
      "p99": 2.169771432876587
    },
    "se_summary": {
      "mean": 0.4127708673477173,
      "std": 1.1321948766708374,
      "min": 1.0746958878371515e-11,
      "max": 37.18113327026367,
      "p50": 0.10958173871040344,
      "p90": 0.9376962184906006,
      "p95": 1.6427415609359741,
      "p99": 4.708105087280273
    }
  },
  "test": {
    "mse": 0.3559950888156891,
    "rmse": 0.5966532400110546,
    "mae": 0.42418092489242554,
    "w2_global": 0.30616694688796997,
    "ae_summary": {
      "mean": 0.42418092489242554,
      "std": 0.4196017384529114,
      "min": 9.47713851928711e-06,
      "max": 4.3484086990356445,
      "p50": 0.3051977753639221,
      "p90": 0.9361945390701294,
      "p95": 1.2353262901306152,
      "p99": 1.9999899864196777
    },
    "se_summary": {
      "mean": 0.3559950888156891,
      "std": 0.8581324815750122,
      "min": 8.981615451375546e-11,
      "max": 18.908658981323242,
      "p50": 0.09314568340778351,
      "p90": 0.8764603137969971,
      "p95": 1.5260308980941772,
      "p99": 3.9999606609344482
    }
  }
}