{
  "best_alpha": 0.99,
  "best_gamma": 0.1,
  "alpha_grid": [
    0.01,
    0.25,
    0.5,
    0.75,
    0.99
  ],
  "gamma_grid": [
    0.1,
    1.0,
    5.0,
    10.0
  ],
  "results": {
    "(0.01, 0.1)": {
      "val_loss": 0.7122185528278351,
      "val_eval": 0.6874783933162689,
      "epochs": 30,
      "mse": 0.6964619755744934,
      "w2_global": 0.05523860082030296,
      "cvar": 1.7028985023498535
    },
    "(0.01, 1.0)": {
      "val_loss": 0.6718084216117859,
      "val_eval": 0.6601225733757019,
      "epochs": 30,
      "mse": 0.6700853109359741,
      "w2_global": 0.05240536481142044,
      "cvar": 1.7445905208587646
    },
    "(0.01, 5.0)": {
      "val_loss": 0.7068627774715424,
      "val_eval": 0.6790032386779785,
      "epochs": 30,
      "mse": 0.6816738247871399,
      "w2_global": 0.053515687584877014,
      "cvar": 1.714168906211853
    },
    "(0.01, 10.0)": {
      "val_loss": 0.6628015041351318,
      "val_eval": 0.6638502478599548,
      "epochs": 30,
      "mse": 0.6673675179481506,
      "w2_global": 0.05281426012516022,
      "cvar": 1.7083661556243896
    },
    "(0.25, 0.1)": {
      "val_loss": 0.6275660991668701,
      "val_eval": 0.6209110021591187,
      "epochs": 30,
      "mse": 0.637721836566925,
      "w2_global": 0.05274709314107895,
      "cvar": 1.5767297744750977
    },
    "(0.25, 1.0)": {
      "val_loss": 0.5669434666633606,
      "val_eval": 0.5612052381038666,
      "epochs": 30,
      "mse": 0.5701048970222473,
      "w2_global": 0.04933791980147362,
      "cvar": 1.3771471977233887
    },
    "(0.25, 5.0)": {
      "val_loss": 0.561891496181488,
      "val_eval": 0.5807603001594543,
      "epochs": 30,
      "mse": 0.6037365794181824,
      "w2_global": 0.05128327012062073,
      "cvar": 1.5863021612167358
    },
    "(0.25, 10.0)": {
      "val_loss": 0.5828582942485809,
      "val_eval": 0.5864610970020294,
      "epochs": 30,
      "mse": 0.585701048374176,
      "w2_global": 0.05038480833172798,
      "cvar": 1.4603018760681152
    },
    "(0.5, 0.1)": {
      "val_loss": 0.4727868437767029,
      "val_eval": 0.4680542051792145,
      "epochs": 30,
      "mse": 0.5026538968086243,
      "w2_global": 0.04622090235352516,
      "cvar": 1.2454957962036133
    },
    "(0.5, 1.0)": {
      "val_loss": 0.4246063232421875,
      "val_eval": 0.42136870324611664,
      "epochs": 30,
      "mse": 0.46322038769721985,
      "w2_global": 0.04633721336722374,
      "cvar": 1.1073434352874756
    },
    "(0.5, 5.0)": {
      "val_loss": 0.4394143521785736,
      "val_eval": 0.41796818375587463,
      "epochs": 30,
      "mse": 0.44150686264038086,
      "w2_global": 0.04402373358607292,
      "cvar": 1.1054413318634033
    },
    "(0.5, 10.0)": {
      "val_loss": 0.426832839846611,
      "val_eval": 0.42900988459587097,
      "epochs": 30,
      "mse": 0.4712451994419098,
      "w2_global": 0.04580102115869522,
      "cvar": 1.1895521879196167
    },
    "(0.75, 0.1)": {
      "val_loss": 0.2578677386045456,
      "val_eval": 0.2794314995408058,
      "epochs": 30,
      "mse": 0.30674487352371216,
      "w2_global": 0.030700625851750374,
      "cvar": 0.7335118651390076
    },
    "(0.75, 1.0)": {
      "val_loss": 0.23666821420192719,
      "val_eval": 0.24902009218931198,
      "epochs": 30,
      "mse": 0.2802712917327881,
      "w2_global": 0.028223592787981033,
      "cvar": 0.6237844228744507
    },
    "(0.75, 5.0)": {
      "val_loss": 0.2380189374089241,
      "val_eval": 0.24154503643512726,
      "epochs": 30,
      "mse": 0.2736155390739441,
      "w2_global": 0.029175223782658577,
      "cvar": 0.6145532727241516
    },
    "(0.75, 10.0)": {
      "val_loss": 0.254721961915493,
      "val_eval": 0.2573963925242424,
      "epochs": 30,
      "mse": 0.28313004970550537,
      "w2_global": 0.03088884800672531,
      "cvar": 0.6779534816741943
    },
    "(0.99, 0.1)": {
      "val_loss": 0.17269660532474518,
      "val_eval": 0.18503692746162415,
      "epochs": 30,
      "mse": 0.20176009833812714,
      "w2_global": 0.01249991450458765,
      "cvar": 0.4552173316478729
    },
    "(0.99, 1.0)": {
      "val_loss": 0.19708001613616943,
      "val_eval": 0.19174820184707642,
      "epochs": 30,
      "mse": 0.2007785588502884,
      "w2_global": 0.011944741010665894,
      "cvar": 0.4473704695701599
    },
    "(0.99, 5.0)": {
      "val_loss": 0.18040242046117783,
      "val_eval": 0.1871284693479538,
      "epochs": 30,
      "mse": 0.19795341789722443,
      "w2_global": 0.013552392832934856,
      "cvar": 0.47227543592453003
    },
    "(0.99, 10.0)": {
      "val_loss": 0.17974121868610382,
      "val_eval": 0.17090769112110138,
      "epochs": 30,
      "mse": 0.19606369733810425,
      "w2_global": 0.013949824497103691,
      "cvar": 0.49535563588142395
    }
  }
}