{
  "train": {
    "mse": 0.1723620742559433,
    "rmse": 0.4151651168582728,
    "mae": 0.30341652035713196,
    "w2_global": 0.009096886031329632,
    "ae_summary": {
      "mean": 0.30341652035713196,
      "std": 0.2833734154701233,
      "min": 5.9604644775390625e-06,
      "max": 5.911150932312012,
      "p50": 0.23174726963043213,
      "p90": 0.6435292959213257,
      "p95": 0.8269753456115723,
      "p99": 1.3158713579177856
    },
    "se_summary": {
      "mean": 0.1723620742559433,
      "std": 0.4656129479408264,
      "min": 3.552713678800501e-11,
      "max": 34.94170379638672,
      "p50": 0.05370679870247841,
      "p90": 0.41412994265556335,
      "p95": 0.6838882565498352,
      "p99": 1.7315174341201782
    }
  },
  "val": {
    "mse": 0.20176009833812714,
    "rmse": 0.4491771347009186,
    "mae": 0.32441678643226624,
    "w2_global": 0.01249991450458765,
    "ae_summary": {
      "mean": 0.32441678643226624,
      "std": 0.3106667697429657,
      "min": 0.00022152066230773926,
      "max": 3.1614344120025635,
      "p50": 0.2447924017906189,
      "p90": 0.674697756767273,
      "p95": 0.8563927412033081,
      "p99": 1.5469738245010376
    },
    "se_summary": {
      "mean": 0.20176009833812714,
      "std": 0.5704519152641296,
      "min": 4.907140294108103e-08,
      "max": 9.994668006896973,
      "p50": 0.059923458844423294,
      "p90": 0.4552173316478729,
      "p95": 0.7334088683128357,
      "p99": 2.393404960632324
    }
  },
  "test": {
    "mse": 0.18475393950939178,
    "rmse": 0.42983012866642073,
    "mae": 0.3089720606803894,
    "w2_global": 0.012892945669591427,
    "ae_summary": {
      "mean": 0.3089720606803894,
      "std": 0.29881468415260315,
      "min": 4.394352436065674e-05,
      "max": 3.4095988273620605,
      "p50": 0.23125672340393066,
      "p90": 0.6884393692016602,
      "p95": 0.8664138913154602,
      "p99": 1.2662842273712158
    },
    "se_summary": {
      "mean": 0.18475393950939178,
      "std": 0.4887470304965973,
      "min": 1.931033333235632e-09,
      "max": 11.625364303588867,
      "p50": 0.053479671478271484,
      "p90": 0.4739488959312439,
      "p95": 0.7506729960441589,
      "p99": 1.6034866571426392
    }
  }
}