{
  "train": {
    "mse": 0.0,
    "rmse": 0.0,
    "mae": 0.0,
    "w2_global": 2.3898837566375732,
    "ae_summary": {
      "mean": 0.0,
      "std": 0.0,
      "min": 0.0,
      "max": 0.0,
      "p50": 0.0,
      "p90": 0.0,
      "p95": 0.0,
      "p99": 0.0
    },
    "se_summary": {
      "mean": 0.0,
      "std": 0.0,
      "min": 0.0,
      "max": 0.0,
      "p50": 0.0,
      "p90": 0.0,
      "p95": 0.0,
      "p99": 0.0
    }
  },
  "val": {
    "mse": 7.115702152252197,
    "rmse": 2.667527347985808,
    "mae": 2.488445281982422,
    "w2_global": 2.335502862930298,
    "ae_summary": {
      "mean": 2.488445281982422,
      "std": 0.9609072804450989,
      "min": 0.002260446548461914,
      "max": 5.791390419006348,
      "p50": 2.5578436851501465,
      "p90": 3.69079852104187,
      "p95": 3.9331963062286377,
      "p99": 4.332032203674316
    },
    "se_summary": {
      "mean": 7.115702152252197,
      "std": 4.655165195465088,
      "min": 5.1096185416099615e-06,
      "max": 33.54020309448242,
      "p50": 6.542564392089844,
      "p90": 13.621993064880371,
      "p95": 15.470033645629883,
      "p99": 18.766502380371094
    }
  },
  "test": {
    "mse": 7.632932662963867,
    "rmse": 2.7627762600261114,
    "mae": 2.5764071941375732,
    "w2_global": 2.4156267642974854,
    "ae_summary": {
      "mean": 2.5764071941375732,
      "std": 0.9975258708000183,
      "min": 0.0002740621566772461,
      "max": 5.905004024505615,
      "p50": 2.6810240745544434,
      "p90": 3.775071144104004,
      "p95": 4.054769515991211,
      "p99": 4.537088394165039
    },
    "se_summary": {
      "mean": 7.632932662963867,
      "std": 5.0102386474609375,
      "min": 7.511006572258339e-08,
      "max": 34.86907196044922,
      "p50": 7.187890529632568,
      "p90": 14.251163482666016,
      "p95": 16.44115447998047,
      "p99": 20.58517074584961
    }
  }
}