{
  "train": {
    "mse": 0.0,
    "rmse": 0.0,
    "mae": 0.0,
    "w2_global": 1.445951223373413,
    "ae_summary": {
      "mean": 0.0,
      "std": 0.0,
      "min": 0.0,
      "max": 0.0,
      "p50": 0.0,
      "p90": 0.0,
      "p95": 0.0,
      "p99": 0.0
    },
    "se_summary": {
      "mean": 0.0,
      "std": 0.0,
      "min": 0.0,
      "max": 0.0,
      "p50": 0.0,
      "p90": 0.0,
      "p95": 0.0,
      "p99": 0.0
    }
  },
  "val": {
    "mse": 4.0021586418151855,
    "rmse": 2.0005395876650844,
    "mae": 1.6954472064971924,
    "w2_global": 1.464057445526123,
    "ae_summary": {
      "mean": 1.6954472064971924,
      "std": 1.0618934631347656,
      "min": 1.4901161193847656e-05,
      "max": 11.470282554626465,
      "p50": 1.3786509037017822,
      "p90": 3.323551893234253,
      "p95": 3.6959004402160645,
      "p99": 4.65747594833374
    },
    "se_summary": {
      "mean": 4.0021586418151855,
      "std": 5.029757976531982,
      "min": 2.220446049250313e-10,
      "max": 131.5673828125,
      "p50": 1.9006785154342651,
      "p90": 11.045997619628906,
      "p95": 13.659680366516113,
      "p99": 21.692081451416016
    }
  },
  "test": {
    "mse": 3.880676746368408,
    "rmse": 1.9699433358267968,
    "mae": 1.673058032989502,
    "w2_global": 1.4450867176055908,
    "ae_summary": {
      "mean": 1.673058032989502,
      "std": 1.039977788925171,
      "min": 5.960464477539062e-07,
      "max": 13.1136474609375,
      "p50": 1.3644297122955322,
      "p90": 3.2721211910247803,
      "p95": 3.6723785400390625,
      "p99": 4.63444709777832
    },
    "se_summary": {
      "mean": 3.880676746368408,
      "std": 4.961980819702148,
      "min": 3.552713678800501e-13,
      "max": 171.96774291992188,
      "p50": 1.8616682291030884,
      "p90": 10.70677661895752,
      "p95": 13.486363410949707,
      "p99": 21.478099822998047
    }
  }
}