{
  "train": {
    "mse": 0.0,
    "rmse": 0.0,
    "mae": 0.0,
    "w2_global": 0.2583566904067993,
    "ae_summary": {
      "mean": 0.0,
      "std": 0.0,
      "min": 0.0,
      "max": 0.0,
      "p50": 0.0,
      "p90": 0.0,
      "p95": 0.0,
      "p99": 0.0
    },
    "se_summary": {
      "mean": 0.0,
      "std": 0.0,
      "min": 0.0,
      "max": 0.0,
      "p50": 0.0,
      "p90": 0.0,
      "p95": 0.0,
      "p99": 0.0
    }
  },
  "val": {
    "mse": 0.37561413645744324,
    "rmse": 0.6128736708796056,
    "mae": 0.45087185502052307,
    "w2_global": 0.26408568024635315,
    "ae_summary": {
      "mean": 0.45087185502052307,
      "std": 0.41512492299079895,
      "min": 7.212162017822266e-06,
      "max": 3.1711902618408203,
      "p50": 0.32583725452423096,
      "p90": 1.0596390962600708,
      "p95": 1.3359376192092896,
      "p99": 1.737657904624939
    },
    "se_summary": {
      "mean": 0.37561413645744324,
      "std": 0.6756429076194763,
      "min": 5.2015280971318134e-11,
      "max": 10.056447982788086,
      "p50": 0.1061699166893959,
      "p90": 1.1228351593017578,
      "p95": 1.7847294807434082,
      "p99": 3.019455671310425
    }
  },
  "test": {
    "mse": 0.36161690950393677,
    "rmse": 0.6013459150139268,
    "mae": 0.44405511021614075,
    "w2_global": 0.2530808746814728,
    "ae_summary": {
      "mean": 0.44405511021614075,
      "std": 0.4055021405220032,
      "min": 1.0728836059570312e-05,
      "max": 3.3128206729888916,
      "p50": 0.32325756549835205,
      "p90": 1.0029966831207275,
      "p95": 1.2818546295166016,
      "p99": 1.795837163925171
    },
    "se_summary": {
      "mean": 0.36161690950393677,
      "std": 0.681372880935669,
      "min": 1.1510792319313623e-10,
      "max": 10.974781036376953,
      "p50": 0.10449544340372086,
      "p90": 1.0060023069381714,
      "p95": 1.6431512832641602,
      "p99": 3.2250311374664307
    }
  }
}