{
  "test": {
    "mse": 0.10170494019985199,
    "rmse": 0.3189121198698036,
    "mae": 0.1349204033613205,
    "w2_global": 0.00951824989169836,
    "ae_summary": {
      "mean": 0.1349204033613205,
      "std": 0.2889661192893982,
      "min": 2.9802322387695312e-08,
      "max": 6.483016014099121,
      "p50": 0.021605640649795532,
      "p90": 0.39205676317214966,
      "p95": 0.6440501809120178,
      "p99": 1.3824596405029297
    },
    "se_summary": {
      "mean": 0.10170494019985199,
      "std": 0.6087294816970825,
      "min": 8.881784197001252e-16,
      "max": 42.02949523925781,
      "p50": 0.0004668036999646574,
      "p90": 0.15370850265026093,
      "p95": 0.4148006737232208,
      "p99": 1.9111948013305664
    }
  }
}