{
  "best_alpha": 0.99,
  "best_gamma": 1.0,
  "alpha_grid": [
    0.01,
    0.25,
    0.5,
    0.75,
    0.99
  ],
  "gamma_grid": [
    0.1,
    1.0,
    5.0,
    10.0
  ],
  "results": {
    "(0.01, 0.1)": {
      "val_loss": 0.6881051063537598,
      "val_eval": 0.9657624363899231,
      "epochs": 30,
      "mse": 0.9657624363899231,
      "w2_global": 0.08120595663785934,
      "cvar": 1.8374148607254028
    },
    "(0.01, 1.0)": {
      "val_loss": 0.6500592827796936,
      "val_eval": 0.9118157029151917,
      "epochs": 30,
      "mse": 0.9118157029151917,
      "w2_global": 0.0771811306476593,
      "cvar": 1.7515218257904053
    },
    "(0.01, 5.0)": {
      "val_loss": 0.6390947699546814,
      "val_eval": 0.904532790184021,
      "epochs": 30,
      "mse": 0.904532790184021,
      "w2_global": 0.07752137631177902,
      "cvar": 1.6744328737258911
    },
    "(0.01, 10.0)": {
      "val_loss": 0.6834177374839783,
      "val_eval": 0.9580491781234741,
      "epochs": 30,
      "mse": 0.9580491781234741,
      "w2_global": 0.08093155175447464,
      "cvar": 1.8332693576812744
    },
    "(0.25, 0.1)": {
      "val_loss": 0.39303117990493774,
      "val_eval": 0.5540553331375122,
      "epochs": 30,
      "mse": 0.5540553331375122,
      "w2_global": 0.05395636707544327,
      "cvar": 0.6900700926780701
    },
    "(0.25, 1.0)": {
      "val_loss": 0.3910617530345917,
      "val_eval": 0.534041166305542,
      "epochs": 30,
      "mse": 0.534041166305542,
      "w2_global": 0.05068705230951309,
      "cvar": 0.7217559218406677
    },
    "(0.25, 5.0)": {
      "val_loss": 0.48300525546073914,
      "val_eval": 0.652074933052063,
      "epochs": 30,
      "mse": 0.6520749926567078,
      "w2_global": 0.06023545190691948,
      "cvar": 1.0615627765655518
    },
    "(0.25, 10.0)": {
      "val_loss": 0.43779298663139343,
      "val_eval": 0.6041630506515503,
      "epochs": 30,
      "mse": 0.6041630506515503,
      "w2_global": 0.05528830736875534,
      "cvar": 0.8470250368118286
    },
    "(0.5, 0.1)": {
      "val_loss": 0.30869799852371216,
      "val_eval": 0.3924110531806946,
      "epochs": 30,
      "mse": 0.3924110531806946,
      "w2_global": 0.044016629457473755,
      "cvar": 0.5293429493904114
    },
    "(0.5, 1.0)": {
      "val_loss": 0.2849254310131073,
      "val_eval": 0.3707771301269531,
      "epochs": 30,
      "mse": 0.3707771301269531,
      "w2_global": 0.04245965927839279,
      "cvar": 0.4709208309650421
    },
    "(0.5, 5.0)": {
      "val_loss": 0.30474168062210083,
      "val_eval": 0.41697707772254944,
      "epochs": 30,
      "mse": 0.4169771075248718,
      "w2_global": 0.046039361506700516,
      "cvar": 0.5324108600616455
    },
    "(0.5, 10.0)": {
      "val_loss": 0.39364853501319885,
      "val_eval": 0.5100751519203186,
      "epochs": 30,
      "mse": 0.5100751519203186,
      "w2_global": 0.051475245505571365,
      "cvar": 0.7107317447662354
    },
    "(0.75, 0.1)": {
      "val_loss": 0.21391627192497253,
      "val_eval": 0.27098825573921204,
      "epochs": 30,
      "mse": 0.27098825573921204,
      "w2_global": 0.036569878458976746,
      "cvar": 0.3514704406261444
    },
    "(0.75, 1.0)": {
      "val_loss": 0.2935482859611511,
      "val_eval": 0.3815077841281891,
      "epochs": 30,
      "mse": 0.3815077841281891,
      "w2_global": 0.03968692943453789,
      "cvar": 0.5244358777999878
    },
    "(0.75, 5.0)": {
      "val_loss": 0.25608551502227783,
      "val_eval": 0.3430294394493103,
      "epochs": 30,
      "mse": 0.3430294096469879,
      "w2_global": 0.04216079041361809,
      "cvar": 0.45025384426116943
    },
    "(0.75, 10.0)": {
      "val_loss": 0.2617611587047577,
      "val_eval": 0.33610984683036804,
      "epochs": 30,
      "mse": 0.33610984683036804,
      "w2_global": 0.037805963307619095,
      "cvar": 0.4444226026535034
    },
    "(0.99, 0.1)": {
      "val_loss": 0.22654879093170166,
      "val_eval": 0.30855900049209595,
      "epochs": 30,
      "mse": 0.30855900049209595,
      "w2_global": 0.037504617124795914,
      "cvar": 0.4274437427520752
    },
    "(0.99, 1.0)": {
      "val_loss": 0.18348747491836548,
      "val_eval": 0.23167967796325684,
      "epochs": 30,
      "mse": 0.23167967796325684,
      "w2_global": 0.03337568789720535,
      "cvar": 0.3565756678581238
    },
    "(0.99, 5.0)": {
      "val_loss": 0.19658811390399933,
      "val_eval": 0.22334550321102142,
      "epochs": 30,
      "mse": 0.22334551811218262,
      "w2_global": 0.031848710030317307,
      "cvar": 0.36327797174453735
    },
    "(0.99, 10.0)": {
      "val_loss": 0.19552014768123627,
      "val_eval": 0.2494170367717743,
      "epochs": 30,
      "mse": 0.2494170367717743,
      "w2_global": 0.031723350286483765,
      "cvar": 0.36680638790130615
    }
  }
}