{
  "train": {
    "mse": 0.2798401117324829,
    "rmse": 0.5289991604270113,
    "mae": 0.269091933965683,
    "w2_global": 0.060527969151735306,
    "ae_summary": {
      "mean": 0.269091933965683,
      "std": 0.45544442534446716,
      "min": 2.60770320892334e-07,
      "max": 33.578460693359375,
      "p50": 0.18728186190128326,
      "p90": 0.5564249157905579,
      "p95": 0.7258577346801758,
      "p99": 1.3152180910110474
    },
    "se_summary": {
      "mean": 0.2798401117324829,
      "std": 6.915471076965332,
      "min": 6.800116025829084e-14,
      "max": 1127.5130615234375,
      "p50": 0.035074494779109955,
      "p90": 0.30960866808891296,
      "p95": 0.5268694162368774,
      "p99": 1.729798674583435
    }
  },
  "val": {
    "mse": 0.23167967796325684,
    "rmse": 0.4813311520806199,
    "mae": 0.28657209873199463,
    "w2_global": 0.03337568789720535,
    "ae_summary": {
      "mean": 0.28657209873199463,
      "std": 0.3867248594760895,
      "min": 0.00022971630096435547,
      "max": 9.455062866210938,
      "p50": 0.20394659042358398,
      "p90": 0.5971393585205078,
      "p95": 0.7459359169006348,
      "p99": 1.4481515884399414
    },
    "se_summary": {
      "mean": 0.23167967796325684,
      "std": 2.139066457748413,
      "min": 5.276957892874634e-08,
      "max": 89.3982162475586,
      "p50": 0.041594211012125015,
      "p90": 0.3565756678581238,
      "p95": 0.5564218163490295,
      "p99": 2.0975594520568848
    }
  },
  "test": {
    "mse": 0.3707807958126068,
    "rmse": 0.6089177249946062,
    "mae": 0.3097708523273468,
    "w2_global": 0.04201643541455269,
    "ae_summary": {
      "mean": 0.3097708523273468,
      "std": 0.5242354273796082,
      "min": 7.2479248046875e-05,
      "max": 18.15884017944336,
      "p50": 0.21582308411598206,
      "p90": 0.6053793430328369,
      "p95": 0.8144118189811707,
      "p99": 1.7328168153762817
    },
    "se_summary": {
      "mean": 0.3707807958126068,
      "std": 5.794374465942383,
      "min": 5.2532413974404335e-09,
      "max": 329.74346923828125,
      "p50": 0.04657961055636406,
      "p90": 0.366484135389328,
      "p95": 0.663266658782959,
      "p99": 3.002659797668457
    }
  }
}