{
  "best_alpha": 0.99,
  "best_gamma": 0.1,
  "alpha_grid": [
    0.01,
    0.25,
    0.5,
    0.75,
    0.99
  ],
  "gamma_grid": [
    0.1,
    1.0,
    5.0,
    10.0
  ],
  "results": {
    "(0.01, 0.1)": {
      "val_loss": 0.17825546860694885,
      "val_eval": 0.17148680984973907,
      "epochs": 30,
      "mse": 0.17148680984973907,
      "w2_global": 0.036059100180864334,
      "cvar": 0.4035438895225525
    },
    "(0.01, 1.0)": {
      "val_loss": 0.15660227835178375,
      "val_eval": 0.15472353994846344,
      "epochs": 30,
      "mse": 0.15472353994846344,
      "w2_global": 0.03274112939834595,
      "cvar": 0.3303344249725342
    },
    "(0.01, 5.0)": {
      "val_loss": 0.1872427612543106,
      "val_eval": 0.1805930882692337,
      "epochs": 30,
      "mse": 0.1805931031703949,
      "w2_global": 0.03709184378385544,
      "cvar": 0.3734218180179596
    },
    "(0.01, 10.0)": {
      "val_loss": 0.16200295090675354,
      "val_eval": 0.1571594476699829,
      "epochs": 30,
      "mse": 0.1571594476699829,
      "w2_global": 0.033682938665151596,
      "cvar": 0.34597697854042053
    },
    "(0.25, 0.1)": {
      "val_loss": 0.08827214688062668,
      "val_eval": 0.08463682234287262,
      "epochs": 30,
      "mse": 0.08463682234287262,
      "w2_global": 0.01702507771551609,
      "cvar": 0.20735718309879303
    },
    "(0.25, 1.0)": {
      "val_loss": 0.10759015381336212,
      "val_eval": 0.10829924046993256,
      "epochs": 30,
      "mse": 0.10829924046993256,
      "w2_global": 0.02575482614338398,
      "cvar": 0.274887353181839
    },
    "(0.25, 5.0)": {
      "val_loss": 0.09528957307338715,
      "val_eval": 0.09184446930885315,
      "epochs": 30,
      "mse": 0.09184446930885315,
      "w2_global": 0.019613690674304962,
      "cvar": 0.19517755508422852
    },
    "(0.25, 10.0)": {
      "val_loss": 0.11129884421825409,
      "val_eval": 0.10682915896177292,
      "epochs": 30,
      "mse": 0.10682915896177292,
      "w2_global": 0.024160511791706085,
      "cvar": 0.2546953856945038
    },
    "(0.5, 0.1)": {
      "val_loss": 0.1206367015838623,
      "val_eval": 0.11799561232328415,
      "epochs": 30,
      "mse": 0.11799560487270355,
      "w2_global": 0.02766820602118969,
      "cvar": 0.29528117179870605
    },
    "(0.5, 1.0)": {
      "val_loss": 0.08790337294340134,
      "val_eval": 0.08635958284139633,
      "epochs": 30,
      "mse": 0.08635958284139633,
      "w2_global": 0.016266386955976486,
      "cvar": 0.19255122542381287
    },
    "(0.5, 5.0)": {
      "val_loss": 0.07925935834646225,
      "val_eval": 0.07965272665023804,
      "epochs": 30,
      "mse": 0.07965272665023804,
      "w2_global": 0.01450471393764019,
      "cvar": 0.2046210616827011
    },
    "(0.5, 10.0)": {
      "val_loss": 0.07752429693937302,
      "val_eval": 0.07661163806915283,
      "epochs": 30,
      "mse": 0.07661163806915283,
      "w2_global": 0.010905898176133633,
      "cvar": 0.19079537689685822
    },
    "(0.75, 0.1)": {
      "val_loss": 0.07762487232685089,
      "val_eval": 0.07396302372217178,
      "epochs": 30,
      "mse": 0.07396302372217178,
      "w2_global": 0.014836305752396584,
      "cvar": 0.15690265595912933
    },
    "(0.75, 1.0)": {
      "val_loss": 0.08903937041759491,
      "val_eval": 0.08918850868940353,
      "epochs": 30,
      "mse": 0.08918850868940353,
      "w2_global": 0.018160132691264153,
      "cvar": 0.20166605710983276
    },
    "(0.75, 5.0)": {
      "val_loss": 0.06890781968832016,
      "val_eval": 0.06667859852313995,
      "epochs": 30,
      "mse": 0.06667859852313995,
      "w2_global": 0.008190352469682693,
      "cvar": 0.14371727406978607
    },
    "(0.75, 10.0)": {
      "val_loss": 0.09286992251873016,
      "val_eval": 0.09134161472320557,
      "epochs": 30,
      "mse": 0.09134161472320557,
      "w2_global": 0.018927816301584244,
      "cvar": 0.22528378665447235
    },
    "(0.99, 0.1)": {
      "val_loss": 0.058063287287950516,
      "val_eval": 0.05635656416416168,
      "epochs": 30,
      "mse": 0.05635657161474228,
      "w2_global": 0.013030578382313251,
      "cvar": 0.13045215606689453
    },
    "(0.99, 1.0)": {
      "val_loss": 0.07447413355112076,
      "val_eval": 0.07142822444438934,
      "epochs": 30,
      "mse": 0.07142823189496994,
      "w2_global": 0.01122226007282734,
      "cvar": 0.15404576063156128
    },
    "(0.99, 5.0)": {
      "val_loss": 0.06562937796115875,
      "val_eval": 0.06461910903453827,
      "epochs": 30,
      "mse": 0.06461910903453827,
      "w2_global": 0.011084937490522861,
      "cvar": 0.15865911543369293
    },
    "(0.99, 10.0)": {
      "val_loss": 0.06425365060567856,
      "val_eval": 0.062256745994091034,
      "epochs": 30,
      "mse": 0.062256745994091034,
      "w2_global": 0.010824911296367645,
      "cvar": 0.1501958966255188
    }
  }
}