{
  "train": {
    "mse": 0.10420138388872147,
    "rmse": 0.32280239139250727,
    "mae": 0.22268229722976685,
    "w2_global": 0.010228319093585014,
    "ae_summary": {
      "mean": 0.22268229722976685,
      "std": 0.2336963415145874,
      "min": 3.5762786865234375e-07,
      "max": 3.3702170848846436,
      "p50": 0.1590629667043686,
      "p90": 0.47696030139923096,
      "p95": 0.6502538323402405,
      "p99": 1.1589252948760986
    },
    "se_summary": {
      "mean": 0.10420138388872147,
      "std": 0.30435457825660706,
      "min": 1.2789769243681803e-13,
      "max": 11.358363151550293,
      "p50": 0.025301028043031693,
      "p90": 0.2274911254644394,
      "p95": 0.4228300154209137,
      "p99": 1.3431077003479004
    }
  },
  "val": {
    "mse": 0.05635657161474228,
    "rmse": 0.23739539088773876,
    "mae": 0.16982102394104004,
    "w2_global": 0.013030578382313251,
    "ae_summary": {
      "mean": 0.16982102394104004,
      "std": 0.16588366031646729,
      "min": 1.1578202247619629e-05,
      "max": 2.3420329093933105,
      "p50": 0.12591056525707245,
      "p90": 0.3611815869808197,
      "p95": 0.4579312205314636,
      "p99": 0.7709668278694153
    },
    "se_summary": {
      "mean": 0.05635657161474228,
      "std": 0.16001752018928528,
      "min": 1.3405476728678423e-10,
      "max": 5.4851179122924805,
      "p50": 0.01585347019135952,
      "p90": 0.13045215606689453,
      "p95": 0.20970101654529572,
      "p99": 0.5943899750709534
    }
  },
  "test": {
    "mse": 0.11394201219081879,
    "rmse": 0.33755297686558594,
    "mae": 0.23354578018188477,
    "w2_global": 0.012187469750642776,
    "ae_summary": {
      "mean": 0.23354578018188477,
      "std": 0.24371781945228577,
      "min": 8.222460746765137e-05,
      "max": 2.5461347103118896,
      "p50": 0.16903145611286163,
      "p90": 0.49867138266563416,
      "p95": 0.6830734610557556,
      "p99": 1.2227448225021362
    },
    "se_summary": {
      "mean": 0.11394201219081879,
      "std": 0.324984610080719,
      "min": 6.760886073209349e-09,
      "max": 6.482801914215088,
      "p50": 0.028571635484695435,
      "p90": 0.24867317080497742,
      "p95": 0.4665893316268921,
      "p99": 1.4951053857803345
    }
  }
}