{
  "train": {
    "mse": 0.25103968381881714,
    "rmse": 0.5010386051182255,
    "mae": 0.34251919388771057,
    "w2_global": 0.032161932438611984,
    "ae_summary": {
      "mean": 0.34251919388771057,
      "std": 0.3656778335571289,
      "min": 1.1622905731201172e-06,
      "max": 4.685494422912598,
      "p50": 0.23406410217285156,
      "p90": 0.7729143500328064,
      "p95": 1.0390055179595947,
      "p99": 1.7569780349731445
    },
    "se_summary": {
      "mean": 0.25103968381881714,
      "std": 0.702348530292511,
      "min": 1.3509193763638905e-12,
      "max": 21.953857421875,
      "p50": 0.05478600412607193,
      "p90": 0.5973966121673584,
      "p95": 1.079532504081726,
      "p99": 3.0869717597961426
    }
  },
  "val": {
    "mse": 0.20744308829307556,
    "rmse": 0.45545920595929945,
    "mae": 0.34176579117774963,
    "w2_global": 0.02337593026459217,
    "ae_summary": {
      "mean": 0.34176579117774963,
      "std": 0.3010634779930115,
      "min": 0.0019320249557495117,
      "max": 1.9948768615722656,
      "p50": 0.26884815096855164,
      "p90": 0.7076771259307861,
      "p95": 0.9255237579345703,
      "p99": 1.4533517360687256
    },
    "se_summary": {
      "mean": 0.20744308829307556,
      "std": 0.4003005623817444,
      "min": 3.732720415428048e-06,
      "max": 3.9795336723327637,
      "p50": 0.07227932661771774,
      "p90": 0.5008072257041931,
      "p95": 0.8566012382507324,
      "p99": 2.112701416015625
    }
  },
  "test": {
    "mse": 0.2772229015827179,
    "rmse": 0.5265196117740705,
    "mae": 0.37315720319747925,
    "w2_global": 0.022658895701169968,
    "ae_summary": {
      "mean": 0.37315720319747925,
      "std": 0.3714520037174225,
      "min": 0.00021153688430786133,
      "max": 3.0522661209106445,
      "p50": 0.2532431483268738,
      "p90": 0.8825585842132568,
      "p95": 1.1317660808563232,
      "p99": 1.7577300071716309
    },
    "se_summary": {
      "mean": 0.2772229015827179,
      "std": 0.6030219793319702,
      "min": 4.474785342267751e-08,
      "max": 9.316328048706055,
      "p50": 0.06413208693265915,
      "p90": 0.7789117097854614,
      "p95": 1.2808946371078491,
      "p99": 3.089934825897217
    }
  }
}