{
  "train": {
    "mse": 0.6376417875289917,
    "rmse": 0.7985247569919117,
    "mae": 0.5879990458488464,
    "w2_global": 0.5776541233062744,
    "ae_summary": {
      "mean": 0.5879990458488464,
      "std": 0.5402767062187195,
      "min": 0.0003103315830230713,
      "max": 4.312345504760742,
      "p50": 0.440807044506073,
      "p90": 1.2437506914138794,
      "p95": 1.5581645965576172,
      "p99": 2.5739920139312744
    },
    "se_summary": {
      "mean": 0.6376417875289917,
      "std": 1.4326410293579102,
      "min": 9.630569053342697e-08,
      "max": 18.596323013305664,
      "p50": 0.19431084394454956,
      "p90": 1.546915888786316,
      "p95": 2.4278805255889893,
      "p99": 6.625598907470703
    }
  },
  "val": {
    "mse": 0.6734691262245178,
    "rmse": 0.8206516473050657,
    "mae": 0.6285937428474426,
    "w2_global": 0.6056604385375977,
    "ae_summary": {
      "mean": 0.6285937428474426,
      "std": 0.5275785326957703,
      "min": 0.0004892051219940186,
      "max": 5.271978378295898,
      "p50": 0.4804514944553375,
      "p90": 1.3177928924560547,
      "p95": 1.5586812496185303,
      "p99": 2.3236074447631836
    },
    "se_summary": {
      "mean": 0.6734691262245178,
      "std": 1.1772531270980835,
      "min": 2.3932165049700416e-07,
      "max": 27.79375648498535,
      "p50": 0.23083363473415375,
      "p90": 1.7365782260894775,
      "p95": 2.4294872283935547,
      "p99": 5.399197578430176
    }
  },
  "test": {
    "mse": 0.7176901698112488,
    "rmse": 0.8471659635580556,
    "mae": 0.6449548006057739,
    "w2_global": 0.5908712148666382,
    "ae_summary": {
      "mean": 0.6449548006057739,
      "std": 0.5492936372756958,
      "min": 0.00010544061660766602,
      "max": 4.642967224121094,
      "p50": 0.5255841016769409,
      "p90": 1.4055835008621216,
      "p95": 1.7607190608978271,
      "p99": 2.2945027351379395
    },
    "se_summary": {
      "mean": 0.7176901698112488,
      "std": 1.355337142944336,
      "min": 1.1117723630604814e-08,
      "max": 21.557144165039062,
      "p50": 0.27623867988586426,
      "p90": 1.9756654500961304,
      "p95": 3.1001315116882324,
      "p99": 5.264749050140381
    }
  }
}