{
  "train": {
    "mse": 0.0,
    "rmse": 0.0,
    "mae": 0.0,
    "w2_global": 0.5244459509849548,
    "ae_summary": {
      "mean": 0.0,
      "std": 0.0,
      "min": 0.0,
      "max": 0.0,
      "p50": 0.0,
      "p90": 0.0,
      "p95": 0.0,
      "p99": 0.0
    },
    "se_summary": {
      "mean": 0.0,
      "std": 0.0,
      "min": 0.0,
      "max": 0.0,
      "p50": 0.0,
      "p90": 0.0,
      "p95": 0.0,
      "p99": 0.0
    }
  },
  "val": {
    "mse": 2.6825530529022217,
    "rmse": 1.6378501313924365,
    "mae": 1.2398546934127808,
    "w2_global": 0.5212107300758362,
    "ae_summary": {
      "mean": 1.2398546934127808,
      "std": 1.0701932907104492,
      "min": 4.750490188598633e-05,
      "max": 36.720367431640625,
      "p50": 0.9866490364074707,
      "p90": 2.5828943252563477,
      "p95": 3.182407855987549,
      "p99": 4.577754974365234
    },
    "se_summary": {
      "mean": 2.6825530529022217,
      "std": 9.852923393249512,
      "min": 2.2567157031971874e-09,
      "max": 1348.3853759765625,
      "p50": 0.9734763503074646,
      "p90": 6.6713433265686035,
      "p95": 10.12771987915039,
      "p99": 20.955841064453125
    }
  },
  "test": {
    "mse": 2.6379616260528564,
    "rmse": 1.6241802935797665,
    "mae": 1.2444988489151,
    "w2_global": 0.5241501331329346,
    "ae_summary": {
      "mean": 1.2444988489151,
      "std": 1.0436400175094604,
      "min": 1.5497207641601562e-06,
      "max": 36.85650634765625,
      "p50": 1.0080211162567139,
      "p90": 2.5772485733032227,
      "p95": 3.1751585006713867,
      "p99": 4.456420421600342
    },
    "se_summary": {
      "mean": 2.6379616260528564,
      "std": 8.872956275939941,
      "min": 2.4016344468691386e-12,
      "max": 1358.402099609375,
      "p50": 1.0161066055297852,
      "p90": 6.642210006713867,
      "p95": 10.08163070678711,
      "p99": 19.859683990478516
    }
  }
}