{
  "train": {
    "mse": 0.0,
    "rmse": 0.0,
    "mae": 0.0,
    "w2_global": 0.3352019190788269,
    "ae_summary": {
      "mean": 0.0,
      "std": 0.0,
      "min": 0.0,
      "max": 0.0,
      "p50": 0.0,
      "p90": 0.0,
      "p95": 0.0,
      "p99": 0.0
    },
    "se_summary": {
      "mean": 0.0,
      "std": 0.0,
      "min": 0.0,
      "max": 0.0,
      "p50": 0.0,
      "p90": 0.0,
      "p95": 0.0,
      "p99": 0.0
    }
  },
  "val": {
    "mse": 1.2952561378479004,
    "rmse": 1.1380932026191442,
    "mae": 0.8590114116668701,
    "w2_global": 0.30383938550949097,
    "ae_summary": {
      "mean": 0.8590114116668701,
      "std": 0.7465625405311584,
      "min": 0.0004474148154258728,
      "max": 5.644996643066406,
      "p50": 0.6641402244567871,
      "p90": 1.8420146703720093,
      "p95": 2.3527960777282715,
      "p99": 3.5729801654815674
    },
    "se_summary": {
      "mean": 1.2952561378479004,
      "std": 2.3540444374084473,
      "min": 2.0018001123389695e-07,
      "max": 31.86598777770996,
      "p50": 0.441082239151001,
      "p90": 3.3930182456970215,
      "p95": 5.535659313201904,
      "p99": 12.766197204589844
    }
  },
  "test": {
    "mse": 0.6979200839996338,
    "rmse": 0.8354161142805625,
    "mae": 0.6256951689720154,
    "w2_global": 0.3234783113002777,
    "ae_summary": {
      "mean": 0.6256951689720154,
      "std": 0.5535572171211243,
      "min": 0.0002161264419555664,
      "max": 6.181097984313965,
      "p50": 0.4869736433029175,
      "p90": 1.3116765022277832,
      "p95": 1.6876165866851807,
      "p99": 2.556396484375
    },
    "se_summary": {
      "mean": 0.6979200839996338,
      "std": 1.4870084524154663,
      "min": 4.6710638912372815e-08,
      "max": 38.205970764160156,
      "p50": 0.23714332282543182,
      "p90": 1.7204951047897339,
      "p95": 2.8480498790740967,
      "p99": 6.535165786743164
    }
  }
}