{
  "train": {
    "mse": 0.0,
    "rmse": 0.0,
    "mae": 0.0,
    "w2_global": 0.02057715319097042,
    "ae_summary": {
      "mean": 0.0,
      "std": 0.0,
      "min": 0.0,
      "max": 0.0,
      "p50": 0.0,
      "p90": 0.0,
      "p95": 0.0,
      "p99": 0.0
    },
    "se_summary": {
      "mean": 0.0,
      "std": 0.0,
      "min": 0.0,
      "max": 0.0,
      "p50": 0.0,
      "p90": 0.0,
      "p95": 0.0,
      "p99": 0.0
    }
  },
  "val": {
    "mse": 0.26317688822746277,
    "rmse": 0.5130076882732487,
    "mae": 0.3678850531578064,
    "w2_global": 0.01869092509150505,
    "ae_summary": {
      "mean": 0.3678850531578064,
      "std": 0.3575437068939209,
      "min": 0.00019687414169311523,
      "max": 2.465280294418335,
      "p50": 0.26067227125167847,
      "p90": 0.8492273092269897,
      "p95": 1.0952564477920532,
      "p99": 1.6650567054748535
    },
    "se_summary": {
      "mean": 0.26317688822746277,
      "std": 0.555615246295929,
      "min": 3.8759427667400814e-08,
      "max": 6.077607154846191,
      "p50": 0.067950040102005,
      "p90": 0.7211872935295105,
      "p95": 1.1995872259140015,
      "p99": 2.7724413871765137
    }
  },
  "test": {
    "mse": 0.3050359785556793,
    "rmse": 0.552300623352608,
    "mae": 0.39470526576042175,
    "w2_global": 0.02081899158656597,
    "ae_summary": {
      "mean": 0.39470526576042175,
      "std": 0.3863207697868347,
      "min": 4.762411117553711e-05,
      "max": 3.150764226913452,
      "p50": 0.28452062606811523,
      "p90": 0.8834841847419739,
      "p95": 1.201409935951233,
      "p99": 1.7706778049468994
    },
    "se_summary": {
      "mean": 0.3050359785556793,
      "std": 0.6729609370231628,
      "min": 2.2680559652599186e-09,
      "max": 9.927314758300781,
      "p50": 0.080951988697052,
      "p90": 0.780545711517334,
      "p95": 1.443386197090149,
      "p99": 3.1353001594543457
    }
  }
}