{
  "train": {
    "mse": 0.0,
    "rmse": 0.0,
    "mae": 0.0,
    "w2_global": 0.08775199949741364,
    "ae_summary": {
      "mean": 0.0,
      "std": 0.0,
      "min": 0.0,
      "max": 0.0,
      "p50": 0.0,
      "p90": 0.0,
      "p95": 0.0,
      "p99": 0.0
    },
    "se_summary": {
      "mean": 0.0,
      "std": 0.0,
      "min": 0.0,
      "max": 0.0,
      "p50": 0.0,
      "p90": 0.0,
      "p95": 0.0,
      "p99": 0.0
    }
  },
  "val": {
    "mse": 0.49795663356781006,
    "rmse": 0.7056604236938685,
    "mae": 0.576481282711029,
    "w2_global": 0.05714244022965431,
    "ae_summary": {
      "mean": 0.576481282711029,
      "std": 0.40697166323661804,
      "min": 0.0004057884216308594,
      "max": 3.61639666557312,
      "p50": 0.5089595317840576,
      "p90": 1.0799200534820557,
      "p95": 1.3233259916305542,
      "p99": 1.854605793952942
    },
    "se_summary": {
      "mean": 0.49795663356781006,
      "std": 0.7508419156074524,
      "min": 1.646642431296641e-07,
      "max": 13.078325271606445,
      "p50": 0.2590397596359253,
      "p90": 1.1662273406982422,
      "p95": 1.7511918544769287,
      "p99": 3.439563751220703
    }
  },
  "test": {
    "mse": 0.8643593192100525,
    "rmse": 0.929709265959016,
    "mae": 0.7426556944847107,
    "w2_global": 0.07384413480758667,
    "ae_summary": {
      "mean": 0.7426556944847107,
      "std": 0.5593048334121704,
      "min": 2.3573637008666992e-05,
      "max": 4.18251895904541,
      "p50": 0.6715994477272034,
      "p90": 1.3463294506072998,
      "p95": 1.878286361694336,
      "p99": 2.7434937953948975
    },
    "se_summary": {
      "mean": 0.8643593192100525,
      "std": 1.456873893737793,
      "min": 5.557163618163941e-10,
      "max": 17.493465423583984,
      "p50": 0.45104581117630005,
      "p90": 1.8126029968261719,
      "p95": 3.5279593467712402,
      "p99": 7.526758670806885
    }
  }
}