{
  "best_alpha": 0.99,
  "best_gamma": 10.0,
  "alpha_grid": [
    0.01,
    0.25,
    0.5,
    0.75,
    0.99
  ],
  "gamma_grid": [
    0.1,
    1.0,
    5.0,
    10.0
  ],
  "results": {
    "(0.01, 0.1)": {
      "val_loss": 0.3691816866397858,
      "val_eval": 0.8435211420059204,
      "epoch": 30,
      "mse": 0.8415771722793579,
      "w2_global": 0.07219011336565018,
      "cvar": 2.6618175506591797
    },
    "(0.01, 1.0)": {
      "val_loss": 0.3230071723461151,
      "val_eval": 0.8494576573371887,
      "epoch": 28,
      "mse": 0.8493889570236206,
      "w2_global": 0.07204698026180267,
      "cvar": 2.6704518795013428
    },
    "(0.01, 5.0)": {
      "val_loss": 0.33178757727146146,
      "val_eval": 0.8291001558303833,
      "epoch": 30,
      "mse": 0.8316169381141663,
      "w2_global": 0.06967400014400482,
      "cvar": 2.4272658824920654
    },
    "(0.01, 10.0)": {
      "val_loss": 0.38310518562793733,
      "val_eval": 0.8246608138084411,
      "epoch": 30,
      "mse": 0.8264262676239014,
      "w2_global": 0.07210712879896164,
      "cvar": 2.669766664505005
    },
    "(0.25, 0.1)": {
      "val_loss": 0.12072756513953209,
      "val_eval": 0.3028114140033722,
      "epoch": 11,
      "mse": 0.30984923243522644,
      "w2_global": 0.037488993257284164,
      "cvar": 0.7902054190635681
    },
    "(0.25, 1.0)": {
      "val_loss": 0.14421146586537362,
      "val_eval": 0.3355392351746559,
      "epoch": 9,
      "mse": 0.3469020128250122,
      "w2_global": 0.03448880836367607,
      "cvar": 0.6735622882843018
    },
    "(0.25, 5.0)": {
      "val_loss": 0.14547150507569312,
      "val_eval": 0.3106808736920357,
      "epoch": 9,
      "mse": 0.3197822868824005,
      "w2_global": 0.03732002526521683,
      "cvar": 0.7446560859680176
    },
    "(0.25, 10.0)": {
      "val_loss": 0.1335003949701786,
      "val_eval": 0.2888950079679489,
      "epoch": 9,
      "mse": 0.29433324933052063,
      "w2_global": 0.03807532414793968,
      "cvar": 0.8474618792533875
    },
    "(0.5, 0.1)": {
      "val_loss": 0.12075720876455306,
      "val_eval": 0.22581861317157745,
      "epoch": 7,
      "mse": 0.2315337359905243,
      "w2_global": 0.029555190354585648,
      "cvar": 0.6140629053115845
    },
    "(0.5, 1.0)": {
      "val_loss": 0.1118826761841774,
      "val_eval": 0.19296071380376817,
      "epoch": 7,
      "mse": 0.1970994472503662,
      "w2_global": 0.026292013004422188,
      "cvar": 0.4440508186817169
    },
    "(0.5, 5.0)": {
      "val_loss": 0.10171759054064751,
      "val_eval": 0.1674552895128727,
      "epoch": 8,
      "mse": 0.1712510734796524,
      "w2_global": 0.027195287868380547,
      "cvar": 0.49819302558898926
    },
    "(0.5, 10.0)": {
      "val_loss": 0.09625657722353935,
      "val_eval": 0.18599889501929284,
      "epoch": 10,
      "mse": 0.19189028441905975,
      "w2_global": 0.02227156236767769,
      "cvar": 0.43804195523262024
    },
    "(0.75, 0.1)": {
      "val_loss": 0.08022661469876766,
      "val_eval": 0.13591803684830667,
      "epoch": 8,
      "mse": 0.13794732093811035,
      "w2_global": 0.02350141666829586,
      "cvar": 0.3594133257865906
    },
    "(0.75, 1.0)": {
      "val_loss": 0.0908380389213562,
      "val_eval": 0.15294651985168456,
      "epoch": 6,
      "mse": 0.15429213643074036,
      "w2_global": 0.025163600221276283,
      "cvar": 0.3567054271697998
    },
    "(0.75, 5.0)": {
      "val_loss": 0.07554973997175693,
      "val_eval": 0.12864503115415574,
      "epoch": 9,
      "mse": 0.13053856790065765,
      "w2_global": 0.022864356637001038,
      "cvar": 0.29673144221305847
    },
    "(0.75, 10.0)": {
      "val_loss": 0.07975116930902004,
      "val_eval": 0.14611879289150237,
      "epoch": 8,
      "mse": 0.14879335463047028,
      "w2_global": 0.022106051445007324,
      "cvar": 0.3541959524154663
    },
    "(0.99, 0.1)": {
      "val_loss": 0.02569115711376071,
      "val_eval": 0.043805908784270285,
      "epoch": 27,
      "mse": 0.04313744604587555,
      "w2_global": 0.013646404258906841,
      "cvar": 0.07698513567447662
    },
    "(0.99, 1.0)": {
      "val_loss": 0.02672326685860753,
      "val_eval": 0.04127373583614826,
      "epoch": 27,
      "mse": 0.04083385318517685,
      "w2_global": 0.012031219899654388,
      "cvar": 0.07385434955358505
    },
    "(0.99, 5.0)": {
      "val_loss": 0.025380786694586276,
      "val_eval": 0.0401948357000947,
      "epoch": 26,
      "mse": 0.03937486931681633,
      "w2_global": 0.012333950959146023,
      "cvar": 0.06651061028242111
    },
    "(0.99, 10.0)": {
      "val_loss": 0.0246598350815475,
      "val_eval": 0.03840432409197092,
      "epoch": 29,
      "mse": 0.03751726076006889,
      "w2_global": 0.011015510186553001,
      "cvar": 0.06553327292203903
    }
  }
}