{
  "train": {
    "mse": 0.025781232863664627,
    "rmse": 0.16056535387082926,
    "mae": 0.07891080528497696,
    "w2_global": 0.011381282471120358,
    "ae_summary": {
      "mean": 0.07891080528497696,
      "std": 0.13983675837516785,
      "min": 0.0,
      "max": 8.448573112487793,
      "p50": 0.033625319600105286,
      "p90": 0.19290441274642944,
      "p95": 0.3034747242927551,
      "p99": 0.6738268136978149
    },
    "se_summary": {
      "mean": 0.025781232863664627,
      "std": 0.19856765866279602,
      "min": 0.0,
      "max": 71.37838745117188,
      "p50": 0.0011306621599942446,
      "p90": 0.03721211105585098,
      "p95": 0.09209691733121872,
      "p99": 0.45404258370399475
    }
  },
  "val": {
    "mse": 0.03751726076006889,
    "rmse": 0.19369372927399817,
    "mae": 0.11026407778263092,
    "w2_global": 0.011015510186553001,
    "ae_summary": {
      "mean": 0.11026407778263092,
      "std": 0.15924540162086487,
      "min": 1.1216849088668823e-05,
      "max": 3.8295483589172363,
      "p50": 0.059893056750297546,
      "p90": 0.25599467754364014,
      "p95": 0.37519359588623047,
      "p99": 0.7767935395240784
    },
    "se_summary": {
      "mean": 0.03751726076006889,
      "std": 0.19303403794765472,
      "min": 1.258177034779706e-10,
      "max": 14.665440559387207,
      "p50": 0.0035871784202754498,
      "p90": 0.06553327292203903,
      "p95": 0.14077024161815643,
      "p99": 0.6034082770347595
    }
  },
  "test": {
    "mse": 0.04379298910498619,
    "rmse": 0.20926774501816134,
    "mae": 0.11557305604219437,
    "w2_global": 0.011635965667665005,
    "ae_summary": {
      "mean": 0.11557305604219437,
      "std": 0.17445875704288483,
      "min": 4.190951585769653e-08,
      "max": 6.272458553314209,
      "p50": 0.06167936325073242,
      "p90": 0.26866069436073303,
      "p95": 0.3921160399913788,
      "p99": 0.8304867744445801
    },
    "se_summary": {
      "mean": 0.04379298910498619,
      "std": 0.28874459862709045,
      "min": 1.7564075194265172e-15,
      "max": 39.34373474121094,
      "p50": 0.0038043437525629997,
      "p90": 0.07217857241630554,
      "p95": 0.15375499427318573,
      "p99": 0.6897082328796387
    }
  }
}