{
  "train": {
    "mse": 0.4571532905101776,
    "rmse": 0.6761311193179749,
    "mae": 0.496329665184021,
    "w2_global": 0.43084585666656494,
    "ae_summary": {
      "mean": 0.496329665184021,
      "std": 0.45914068818092346,
      "min": 1.5497207641601562e-06,
      "max": 3.207704544067383,
      "p50": 0.38374489545822144,
      "p90": 1.0824695825576782,
      "p95": 1.383676290512085,
      "p99": 2.3302602767944336
    },
    "se_summary": {
      "mean": 0.4571532905101776,
      "std": 0.9315295815467834,
      "min": 2.4016344468691386e-12,
      "max": 10.289368629455566,
      "p50": 0.1472601443529129,
      "p90": 1.1717402935028076,
      "p95": 1.914560079574585,
      "p99": 5.430112361907959
    }
  },
  "val": {
    "mse": 0.4583486020565033,
    "rmse": 0.6770144769918168,
    "mae": 0.49937132000923157,
    "w2_global": 0.42713403701782227,
    "ae_summary": {
      "mean": 0.49937132000923157,
      "std": 0.45713990926742554,
      "min": 3.814697265625e-06,
      "max": 3.1449387073516846,
      "p50": 0.3888096809387207,
      "p90": 1.0773082971572876,
      "p95": 1.3831430673599243,
      "p99": 2.3253092765808105
    },
    "se_summary": {
      "mean": 0.4583486020565033,
      "std": 0.9265702366828918,
      "min": 1.4551915228366852e-11,
      "max": 9.890639305114746,
      "p50": 0.15117298066616058,
      "p90": 1.160593032836914,
      "p95": 1.9130847454071045,
      "p99": 5.407063007354736
    }
  },
  "test": {
    "mse": 0.47129005193710327,
    "rmse": 0.6865056823778688,
    "mae": 0.5073800086975098,
    "w2_global": 0.4363885223865509,
    "ae_summary": {
      "mean": 0.5073800086975098,
      "std": 0.46244513988494873,
      "min": 1.8477439880371094e-06,
      "max": 3.1570966243743896,
      "p50": 0.3974688649177551,
      "p90": 1.0978604555130005,
      "p95": 1.3936265707015991,
      "p99": 2.343494415283203
    },
    "se_summary": {
      "mean": 0.47129005193710327,
      "std": 0.9460126161575317,
      "min": 3.4141578453272814e-12,
      "max": 9.967259407043457,
      "p50": 0.1579815000295639,
      "p90": 1.205297589302063,
      "p95": 1.942194938659668,
      "p99": 5.491966247558594
    }
  }
}