{
  "train": {
    "mse": 2418.052734375,
    "rmse": 49.1736996205797,
    "mae": 35.470367431640625,
    "w2_global": 0.036394014954566956,
    "ae_summary": {
      "mean": 35.470367431640625,
      "std": 34.05739212036133,
      "min": 0.0010033845901489258,
      "max": 401.57537841796875,
      "p50": 26.70598793029785,
      "p90": 73.88956451416016,
      "p95": 98.20292663574219,
      "p99": 171.83309936523438
    },
    "se_summary": {
      "mean": 2418.052734375,
      "std": 5875.8876953125,
      "min": 1.006780621537473e-06,
      "max": 161262.78125,
      "p50": 713.2097778320312,
      "p90": 5459.66796875,
      "p95": 9643.814453125,
      "p99": 29526.615234375
    }
  },
  "val": {
    "mse": 0.7649527788162231,
    "rmse": 0.8746157892561871,
    "mae": 0.27069902420043945,
    "w2_global": 0.0686764195561409,
    "ae_summary": {
      "mean": 0.27069902420043945,
      "std": 0.8316698670387268,
      "min": 2.175569534301758e-06,
      "max": 23.934602737426758,
      "p50": 0.09786069393157959,
      "p90": 0.5800689458847046,
      "p95": 0.8907771110534668,
      "p99": 2.4061906337738037
    },
    "se_summary": {
      "mean": 0.7649527788162231,
      "std": 13.1630220413208,
      "min": 4.733102798581967e-12,
      "max": 572.865234375,
      "p50": 0.009576728567481041,
      "p90": 0.3364800214767456,
      "p95": 0.7934843301773071,
      "p99": 5.79310941696167
    }
  },
  "test": {
    "mse": 1.2914879322052002,
    "rmse": 1.1364365060157124,
    "mae": 0.3080824017524719,
    "w2_global": 0.0738503709435463,
    "ae_summary": {
      "mean": 0.3080824017524719,
      "std": 1.0938798189163208,
      "min": 2.2649765014648438e-06,
      "max": 36.81114959716797,
      "p50": 0.11157727241516113,
      "p90": 0.6405113935470581,
      "p95": 0.9419603943824768,
      "p99": 3.019232988357544
    },
    "se_summary": {
      "mean": 1.2914879322052002,
      "std": 25.290367126464844,
      "min": 5.130118552187923e-12,
      "max": 1355.060791015625,
      "p50": 0.012449488043785095,
      "p90": 0.41025489568710327,
      "p95": 0.8872898817062378,
      "p99": 9.116249084472656
    }
  }
}