{
  "best_alpha": 0.99,
  "best_gamma": 10.0,
  "alpha_grid": [
    0.99
  ],
  "gamma_grid": [
    10.0
  ],
  "results": {
    "(0.99, 10.0)": {
      "val_loss": 0.03284553438425064,
      "val_eval": 1.2365798950195312,
      "epoch": 30,
      "mse": 1.2365798950195312
    }
  },
  "standalone_mode": true
}