{
  "train": {
    "mse": 0.02171691507101059,
    "rmse": 0.14736660093457604,
    "mae": 0.09199833124876022,
    "w2_global": 0.26565036177635193,
    "ae_summary": {
      "mean": 0.09199833124876022,
      "std": 0.11512263864278793,
      "min": 1.6838312149047852e-06,
      "max": 3.180030345916748,
      "p50": 0.059308409690856934,
      "p90": 0.20648866891860962,
      "p95": 0.28822311758995056,
      "p99": 0.503940224647522
    },
    "se_summary": {
      "mean": 0.02171691507101059,
      "std": 0.14577478170394897,
      "min": 2.8352875602877248e-12,
      "max": 10.112592697143555,
      "p50": 0.0035174875520169735,
      "p90": 0.042637571692466736,
      "p95": 0.08307261765003204,
      "p99": 0.25395575165748596
    }
  },
  "val": {
    "mse": 1.2365798950195312,
    "rmse": 1.1120161397297843,
    "mae": 0.8201454281806946,
    "w2_global": 0.33002907037734985,
    "ae_summary": {
      "mean": 0.8201454281806946,
      "std": 0.7509603500366211,
      "min": 8.842349052429199e-05,
      "max": 5.383358478546143,
      "p50": 0.6273562908172607,
      "p90": 1.6943953037261963,
      "p95": 2.181039333343506,
      "p99": 3.822535753250122
    },
    "se_summary": {
      "mean": 1.2365798950195312,
      "std": 2.6870036125183105,
      "min": 7.818713676499556e-09,
      "max": 28.980548858642578,
      "p50": 0.39357590675354004,
      "p90": 2.870976448059082,
      "p95": 4.756935119628906,
      "p99": 14.611808776855469
    }
  },
  "test": {
    "mse": 1.1052415370941162,
    "rmse": 1.0513046832836408,
    "mae": 0.7656028270721436,
    "w2_global": 0.3524445593357086,
    "ae_summary": {
      "mean": 0.7656028270721436,
      "std": 0.7204815745353699,
      "min": 0.00013911724090576172,
      "max": 5.720093250274658,
      "p50": 0.5755847692489624,
      "p90": 1.58191978931427,
      "p95": 2.1934142112731934,
      "p99": 3.5943212509155273
    },
    "se_summary": {
      "mean": 1.1052415370941162,
      "std": 2.508450746536255,
      "min": 1.935360671723174e-08,
      "max": 32.71946716308594,
      "p50": 0.3312978744506836,
      "p90": 2.5024709701538086,
      "p95": 4.811066150665283,
      "p99": 12.919160842895508
    }
  }
}