{
  "best_alpha": 0.99,
  "best_gamma": 0.1,
  "alpha_grid": [
    0.01,
    0.25,
    0.5,
    0.75,
    0.99
  ],
  "gamma_grid": [
    0.1,
    1.0,
    5.0,
    10.0
  ],
  "results": {
    "(0.01, 0.1)": {
      "val_loss": 0.8446354568004608,
      "val_eval": 0.8606729805469513,
      "epochs": 30,
      "mse": 0.8058732151985168,
      "w2_global": 0.4938635528087616,
      "cvar": 2.0040605068206787
    },
    "(0.01, 1.0)": {
      "val_loss": 0.8375612497329712,
      "val_eval": 0.8534055352210999,
      "epochs": 30,
      "mse": 0.7888146638870239,
      "w2_global": 0.5001896023750305,
      "cvar": 1.9435715675354004
    },
    "(0.01, 5.0)": {
      "val_loss": 0.8306036293506622,
      "val_eval": 0.8491711020469666,
      "epochs": 30,
      "mse": 0.77667236328125,
      "w2_global": 0.488389790058136,
      "cvar": 1.9276384115219116
    },
    "(0.01, 10.0)": {
      "val_loss": 0.8366608023643494,
      "val_eval": 0.8593448996543884,
      "epochs": 30,
      "mse": 0.7931069731712341,
      "w2_global": 0.49422118067741394,
      "cvar": 1.962207317352295
    },
    "(0.25, 0.1)": {
      "val_loss": 0.8522793054580688,
      "val_eval": 0.8512371480464935,
      "epochs": 30,
      "mse": 0.7861063480377197,
      "w2_global": 0.5089595317840576,
      "cvar": 1.927078366279602
    },
    "(0.25, 1.0)": {
      "val_loss": 0.8225688636302948,
      "val_eval": 0.8394369781017303,
      "epochs": 30,
      "mse": 0.7795666456222534,
      "w2_global": 0.4958019554615021,
      "cvar": 1.940800428390503
    },
    "(0.25, 5.0)": {
      "val_loss": 0.8271887302398682,
      "val_eval": 0.8431894183158875,
      "epochs": 30,
      "mse": 0.7759465575218201,
      "w2_global": 0.48752447962760925,
      "cvar": 1.939328908920288
    },
    "(0.25, 10.0)": {
      "val_loss": 0.8293677866458893,
      "val_eval": 0.8398568332195282,
      "epochs": 30,
      "mse": 0.7760612964630127,
      "w2_global": 0.5020213723182678,
      "cvar": 1.913217306137085
    },
    "(0.5, 0.1)": {
      "val_loss": 0.8415216505527496,
      "val_eval": 0.8559327721595764,
      "epochs": 30,
      "mse": 0.7932741045951843,
      "w2_global": 0.48653697967529297,
      "cvar": 1.9500129222869873
    },
    "(0.5, 1.0)": {
      "val_loss": 0.8394541442394257,
      "val_eval": 0.845395565032959,
      "epochs": 30,
      "mse": 0.7705895900726318,
      "w2_global": 0.5046105980873108,
      "cvar": 1.9252864122390747
    },
    "(0.5, 5.0)": {
      "val_loss": 0.823637992143631,
      "val_eval": 0.8484744429588318,
      "epochs": 30,
      "mse": 0.7828880548477173,
      "w2_global": 0.4904978573322296,
      "cvar": 1.9208775758743286
    },
    "(0.5, 10.0)": {
      "val_loss": 0.80930495262146,
      "val_eval": 0.8178336918354034,
      "epochs": 30,
      "mse": 0.7542913556098938,
      "w2_global": 0.49345019459724426,
      "cvar": 1.876395344734192
    },
    "(0.75, 0.1)": {
      "val_loss": 0.8627118468284607,
      "val_eval": 0.873285323381424,
      "epochs": 30,
      "mse": 0.7898810505867004,
      "w2_global": 0.48716288805007935,
      "cvar": 1.956123948097229
    },
    "(0.75, 1.0)": {
      "val_loss": 0.8228720128536224,
      "val_eval": 0.8325284719467163,
      "epochs": 30,
      "mse": 0.7729151844978333,
      "w2_global": 0.4910251200199127,
      "cvar": 1.9289404153823853
    },
    "(0.75, 5.0)": {
      "val_loss": 0.8039448857307434,
      "val_eval": 0.8251914083957672,
      "epochs": 30,
      "mse": 0.7744230628013611,
      "w2_global": 0.49858251214027405,
      "cvar": 1.90750253200531
    },
    "(0.75, 10.0)": {
      "val_loss": 0.8105506598949432,
      "val_eval": 0.8281185626983643,
      "epochs": 30,
      "mse": 0.7646580338478088,
      "w2_global": 0.5012102723121643,
      "cvar": 1.8974391222000122
    },
    "(0.99, 0.1)": {
      "val_loss": 0.656949371099472,
      "val_eval": 0.6654810607433319,
      "epochs": 30,
      "mse": 0.6326956748962402,
      "w2_global": 0.4227103888988495,
      "cvar": 1.5677310228347778
    },
    "(0.99, 1.0)": {
      "val_loss": 0.6904121041297913,
      "val_eval": 0.6919363737106323,
      "epochs": 30,
      "mse": 0.6361863613128662,
      "w2_global": 0.4440450072288513,
      "cvar": 1.5184217691421509
    },
    "(0.99, 5.0)": {
      "val_loss": 0.7642474472522736,
      "val_eval": 0.7342966198921204,
      "epochs": 30,
      "mse": 0.6582163572311401,
      "w2_global": 0.48619544506073,
      "cvar": 1.6466519832611084
    },
    "(0.99, 10.0)": {
      "val_loss": 0.734736979007721,
      "val_eval": 0.7318812906742096,
      "epochs": 30,
      "mse": 0.6816658973693848,
      "w2_global": 0.4526340365409851,
      "cvar": 1.6455106735229492
    }
  }
}