{
  "train": {
    "mse": 0.5658807158470154,
    "rmse": 0.7522504342617659,
    "mae": 0.5844737887382507,
    "w2_global": 0.41335341334342957,
    "ae_summary": {
      "mean": 0.5844737887382507,
      "std": 0.47357264161109924,
      "min": 2.9347720555961132e-05,
      "max": 4.343952178955078,
      "p50": 0.48592710494995117,
      "p90": 1.190942406654358,
      "p95": 1.4955475330352783,
      "p99": 2.12404727935791
    },
    "se_summary": {
      "mean": 0.5658807158470154,
      "std": 1.0082111358642578,
      "min": 8.612887070214015e-10,
      "max": 18.86992073059082,
      "p50": 0.2361251562833786,
      "p90": 1.4183437824249268,
      "p95": 2.2366626262664795,
      "p99": 4.511582851409912
    }
  },
  "val": {
    "mse": 0.6326956748962402,
    "rmse": 0.7954216962694947,
    "mae": 0.6077536344528198,
    "w2_global": 0.4227103888988495,
    "ae_summary": {
      "mean": 0.6077536344528198,
      "std": 0.5131580829620361,
      "min": 5.8591365814208984e-05,
      "max": 5.66205358505249,
      "p50": 0.4914339780807495,
      "p90": 1.252090573310852,
      "p95": 1.5237613916397095,
      "p99": 2.323718547821045
    },
    "se_summary": {
      "mean": 0.6326956748962402,
      "std": 1.2713111639022827,
      "min": 3.4329481479744572e-09,
      "max": 32.0588493347168,
      "p50": 0.24150735139846802,
      "p90": 1.5677310228347778,
      "p95": 2.3218488693237305,
      "p99": 5.399764537811279
    }
  },
  "test": {
    "mse": 0.5868426561355591,
    "rmse": 0.7660565619688661,
    "mae": 0.5921352505683899,
    "w2_global": 0.40946272015571594,
    "ae_summary": {
      "mean": 0.5921352505683899,
      "std": 0.4860231578350067,
      "min": 4.574283957481384e-05,
      "max": 4.766201019287109,
      "p50": 0.48425787687301636,
      "p90": 1.225142240524292,
      "p95": 1.4989683628082275,
      "p99": 2.220583915710449
    },
    "se_summary": {
      "mean": 0.5868426561355591,
      "std": 1.078717827796936,
      "min": 2.0924073584893677e-09,
      "max": 22.716672897338867,
      "p50": 0.23450569808483124,
      "p90": 1.5009737014770508,
      "p95": 2.246906280517578,
      "p99": 4.930992603302002
    }
  }
}