{
  "train": {
    "mse": 0.0,
    "rmse": 0.0,
    "mae": 0.0,
    "w2_global": 2.104177474975586,
    "ae_summary": {
      "mean": 0.0,
      "std": 0.0,
      "min": 0.0,
      "max": 0.0,
      "p50": 0.0,
      "p90": 0.0,
      "p95": 0.0,
      "p99": 0.0
    },
    "se_summary": {
      "mean": 0.0,
      "std": 0.0,
      "min": 0.0,
      "max": 0.0,
      "p50": 0.0,
      "p90": 0.0,
      "p95": 0.0,
      "p99": 0.0
    }
  },
  "val": {
    "mse": 5.772390842437744,
    "rmse": 2.402580038716243,
    "mae": 2.211207866668701,
    "w2_global": 2.0338282585144043,
    "ae_summary": {
      "mean": 2.211207866668701,
      "std": 0.9396539926528931,
      "min": 0.0002809762954711914,
      "max": 5.689619064331055,
      "p50": 2.2296764850616455,
      "p90": 3.552070140838623,
      "p95": 3.796640157699585,
      "p99": 4.183403015136719
    },
    "se_summary": {
      "mean": 5.772390842437744,
      "std": 4.3835344314575195,
      "min": 7.894767861671426e-08,
      "max": 32.37176513671875,
      "p50": 4.971457004547119,
      "p90": 12.617202758789062,
      "p95": 14.414475440979004,
      "p99": 17.501075744628906
    }
  },
  "test": {
    "mse": 6.338655948638916,
    "rmse": 2.5176687527629436,
    "mae": 2.3280766010284424,
    "w2_global": 2.181504726409912,
    "ae_summary": {
      "mean": 2.3280766010284424,
      "std": 0.9584962129592896,
      "min": 0.00994873046875,
      "max": 6.500821113586426,
      "p50": 2.3800570964813232,
      "p90": 3.5215303897857666,
      "p95": 3.846804141998291,
      "p99": 4.453673362731934
    },
    "se_summary": {
      "mean": 6.338655948638916,
      "std": 4.648768901824951,
      "min": 9.89772379398346e-05,
      "max": 42.26067352294922,
      "p50": 5.664671897888184,
      "p90": 12.401176452636719,
      "p95": 14.79790210723877,
      "p99": 19.83526611328125
    }
  }
}