{
  "train": {
    "mse": 0.0,
    "rmse": 0.0,
    "mae": 0.0,
    "w2_global": 0.23504063487052917,
    "ae_summary": {
      "mean": 0.0,
      "std": 0.0,
      "min": 0.0,
      "max": 0.0,
      "p50": 0.0,
      "p90": 0.0,
      "p95": 0.0,
      "p99": 0.0
    },
    "se_summary": {
      "mean": 0.0,
      "std": 0.0,
      "min": 0.0,
      "max": 0.0,
      "p50": 0.0,
      "p90": 0.0,
      "p95": 0.0,
      "p99": 0.0
    }
  },
  "val": {
    "mse": 0.9273414015769958,
    "rmse": 0.9629856704941128,
    "mae": 0.7475565075874329,
    "w2_global": 0.2350938320159912,
    "ae_summary": {
      "mean": 0.7475565075874329,
      "std": 0.6070425510406494,
      "min": 0.0,
      "max": 4.863033294677734,
      "p50": 0.6075741052627563,
      "p90": 1.5302932262420654,
      "p95": 1.8387011289596558,
      "p99": 2.811420202255249
    },
    "se_summary": {
      "mean": 0.9273414015769958,
      "std": 1.6459201574325562,
      "min": 0.0,
      "max": 23.649093627929688,
      "p50": 0.3691464066505432,
      "p90": 2.3417975902557373,
      "p95": 3.380821943283081,
      "p99": 7.904086589813232
    }
  },
  "test": {
    "mse": 0.7630082368850708,
    "rmse": 0.8735034269452358,
    "mae": 0.6818675398826599,
    "w2_global": 0.21489346027374268,
    "ae_summary": {
      "mean": 0.6818675398826599,
      "std": 0.5459532141685486,
      "min": 1.1920928955078125e-07,
      "max": 4.631518840789795,
      "p50": 0.5609474182128906,
      "p90": 1.4058120250701904,
      "p95": 1.7012081146240234,
      "p99": 2.3951616287231445
    },
    "se_summary": {
      "mean": 0.7630082368850708,
      "std": 1.2536464929580688,
      "min": 1.4210854715202004e-14,
      "max": 21.450965881347656,
      "p50": 0.31466200947761536,
      "p90": 1.9763076305389404,
      "p95": 2.894109010696411,
      "p99": 5.736799716949463
    }
  }
}