{
  "train": {
    "mse": 0.24925430119037628,
    "rmse": 0.49925374429279573,
    "mae": 0.37681615352630615,
    "w2_global": 0.2702353596687317,
    "ae_summary": {
      "mean": 0.37681615352630615,
      "std": 0.32751166820526123,
      "min": 1.1920928955078125e-07,
      "max": 3.1451570987701416,
      "p50": 0.28895920515060425,
      "p90": 0.8235161900520325,
      "p95": 1.0284688472747803,
      "p99": 1.4764071702957153
    },
    "se_summary": {
      "mean": 0.24925430119037628,
      "std": 0.44446393847465515,
      "min": 1.4210854715202004e-14,
      "max": 9.892013549804688,
      "p50": 0.08349741250276566,
      "p90": 0.6781789660453796,
      "p95": 1.0577481985092163,
      "p99": 2.1797780990600586
    }
  },
  "val": {
    "mse": 0.8201123476028442,
    "rmse": 0.9056005452752578,
    "mae": 0.686202347278595,
    "w2_global": 0.26600638031959534,
    "ae_summary": {
      "mean": 0.686202347278595,
      "std": 0.590964138507843,
      "min": 1.940131187438965e-05,
      "max": 4.395623207092285,
      "p50": 0.5243093371391296,
      "p90": 1.4641038179397583,
      "p95": 1.8471519947052002,
      "p99": 2.805473566055298
    },
    "se_summary": {
      "mean": 0.8201123476028442,
      "std": 1.4924758672714233,
      "min": 3.7641090244733277e-10,
      "max": 19.321502685546875,
      "p50": 0.27490028738975525,
      "p90": 2.14359974861145,
      "p95": 3.411970376968384,
      "p99": 7.8706817626953125
    }
  },
  "test": {
    "mse": 0.8737227916717529,
    "rmse": 0.9347314008161665,
    "mae": 0.723581850528717,
    "w2_global": 0.27221953868865967,
    "ae_summary": {
      "mean": 0.723581850528717,
      "std": 0.5917364358901978,
      "min": 6.973743438720703e-06,
      "max": 4.551257133483887,
      "p50": 0.5809979438781738,
      "p90": 1.5074058771133423,
      "p95": 1.8872920274734497,
      "p99": 2.802772045135498
    },
    "se_summary": {
      "mean": 0.8737227916717529,
      "std": 1.5019453763961792,
      "min": 4.863309754910006e-11,
      "max": 20.71394157409668,
      "p50": 0.3375585973262787,
      "p90": 2.2722723484039307,
      "p95": 3.561871290206909,
      "p99": 7.855530261993408
    }
  }
}