{
  "train": {
    "mse": 0.0,
    "rmse": 0.0,
    "mae": 0.0,
    "w2_global": 0.7190856337547302,
    "ae_summary": {
      "mean": 0.0,
      "std": 0.0,
      "min": 0.0,
      "max": 0.0,
      "p50": 0.0,
      "p90": 0.0,
      "p95": 0.0,
      "p99": 0.0
    },
    "se_summary": {
      "mean": 0.0,
      "std": 0.0,
      "min": 0.0,
      "max": 0.0,
      "p50": 0.0,
      "p90": 0.0,
      "p95": 0.0,
      "p99": 0.0
    }
  },
  "val": {
    "mse": 0.9688760638237,
    "rmse": 0.9843150226546885,
    "mae": 0.498853474855423,
    "w2_global": 0.744288980960846,
    "ae_summary": {
      "mean": 0.498853474855423,
      "std": 0.8485406637191772,
      "min": 5.476176738739014e-07,
      "max": 32.130245208740234,
      "p50": 0.26305872201919556,
      "p90": 1.2132678031921387,
      "p95": 1.5517717599868774,
      "p99": 2.951390027999878
    },
    "se_summary": {
      "mean": 0.9688760638237,
      "std": 13.876243591308594,
      "min": 2.998851167390626e-13,
      "max": 1032.3526611328125,
      "p50": 0.06919988989830017,
      "p90": 1.472018837928772,
      "p95": 2.4079957008361816,
      "p99": 8.710710525512695
    }
  },
  "test": {
    "mse": 1.2069896459579468,
    "rmse": 1.0986308051196938,
    "mae": 0.5161779522895813,
    "w2_global": 0.8606149554252625,
    "ae_summary": {
      "mean": 0.5161779522895813,
      "std": 0.9698196053504944,
      "min": 5.364418029785156e-07,
      "max": 36.95389938354492,
      "p50": 0.25196123123168945,
      "p90": 1.231046199798584,
      "p95": 1.5989973545074463,
      "p99": 3.462327718734741
    },
    "se_summary": {
      "mean": 1.2069896459579468,
      "std": 17.736557006835938,
      "min": 2.877698079828406e-13,
      "max": 1365.5906982421875,
      "p50": 0.06348447501659393,
      "p90": 1.5154749155044556,
      "p95": 2.5567924976348877,
      "p99": 11.987714767456055
    }
  }
}