{
  "train": {
    "mse": 0.0,
    "rmse": 0.0,
    "mae": 0.0,
    "w2_global": 0.7714356780052185,
    "ae_summary": {
      "mean": 0.0,
      "std": 0.0,
      "min": 0.0,
      "max": 0.0,
      "p50": 0.0,
      "p90": 0.0,
      "p95": 0.0,
      "p99": 0.0
    },
    "se_summary": {
      "mean": 0.0,
      "std": 0.0,
      "min": 0.0,
      "max": 0.0,
      "p50": 0.0,
      "p90": 0.0,
      "p95": 0.0,
      "p99": 0.0
    }
  },
  "val": {
    "mse": 0.7449048757553101,
    "rmse": 0.8630787193271018,
    "mae": 0.6708644032478333,
    "w2_global": 0.3989470601081848,
    "ae_summary": {
      "mean": 0.6708644032478333,
      "std": 0.5429971218109131,
      "min": 1.2755393981933594e-05,
      "max": 3.658463478088379,
      "p50": 0.5463385581970215,
      "p90": 1.4093661308288574,
      "p95": 1.7765247821807861,
      "p99": 2.425858974456787
    },
    "se_summary": {
      "mean": 0.7449048757553101,
      "std": 1.1797232627868652,
      "min": 1.6270007563434774e-10,
      "max": 13.384354591369629,
      "p50": 0.2984858453273773,
      "p90": 1.986312985420227,
      "p95": 3.1560404300689697,
      "p99": 5.884791851043701
    }
  },
  "test": {
    "mse": 1.1945512294769287,
    "rmse": 1.0929552733195118,
    "mae": 0.8600016832351685,
    "w2_global": 0.6352141499519348,
    "ae_summary": {
      "mean": 0.8600016832351685,
      "std": 0.6744986772537231,
      "min": 0.0,
      "max": 4.385257720947266,
      "p50": 0.7194816470146179,
      "p90": 1.7981860637664795,
      "p95": 2.301805019378662,
      "p99": 2.98828387260437
    },
    "se_summary": {
      "mean": 1.1945512294769287,
      "std": 1.8429511785507202,
      "min": 0.0,
      "max": 19.230485916137695,
      "p50": 0.5176538228988647,
      "p90": 3.233473300933838,
      "p95": 5.298306465148926,
      "p99": 8.929840087890625
    }
  }
}