{
  "best_alpha": 0.99,
  "best_gamma": 10.0,
  "alpha_grid": [
    0.01,
    0.25,
    0.5,
    0.75,
    0.99
  ],
  "gamma_grid": [
    0.1,
    1.0,
    5.0,
    10.0
  ],
  "results": {
    "(0.01, 0.1)": {
      "val_loss": 3031874404352.0,
      "val_eval": 3033270220327.385,
      "epochs": 30,
      "mse": 3034289012736.0,
      "w2_global": 1232747.0,
      "cvar": 4167348781056.0
    },
    "(0.01, 1.0)": {
      "val_loss": 1.1349996832700877,
      "val_eval": 1.1054672002792358,
      "epochs": 30,
      "mse": 1.1083694696426392,
      "w2_global": 0.25989189743995667,
      "cvar": 2.442359209060669
    },
    "(0.01, 5.0)": {
      "val_loss": 872710154082.4615,
      "val_eval": 872826979564.3077,
      "epochs": 30,
      "mse": 872323547136.0,
      "w2_global": 660973.5625,
      "cvar": 1483323736064.0
    },
    "(0.01, 10.0)": {
      "val_loss": 2.2858101588029127,
      "val_eval": 2.249727826852065,
      "epochs": 30,
      "mse": 2.247194290161133,
      "w2_global": 0.2638278603553772,
      "cvar": 5.057888031005859
    },
    "(0.25, 0.1)": {
      "val_loss": 0.593554104749973,
      "val_eval": 0.5865039412791913,
      "epochs": 30,
      "mse": 0.5904600024223328,
      "w2_global": 0.20509780943393707,
      "cvar": 1.074082612991333
    },
    "(0.25, 1.0)": {
      "val_loss": 0.67513619019435,
      "val_eval": 0.6665208981587336,
      "epochs": 30,
      "mse": 0.6706817746162415,
      "w2_global": 0.20514658093452454,
      "cvar": 1.269511103630066
    },
    "(0.25, 5.0)": {
      "val_loss": 0.5942011039990646,
      "val_eval": 0.5866285952237936,
      "epochs": 30,
      "mse": 0.5914005041122437,
      "w2_global": 0.19960179924964905,
      "cvar": 1.0740669965744019
    },
    "(0.25, 10.0)": {
      "val_loss": 0.6018449801665086,
      "val_eval": 0.5938718364788935,
      "epochs": 30,
      "mse": 0.5978960990905762,
      "w2_global": 0.20568042993545532,
      "cvar": 1.0911911725997925
    },
    "(0.5, 0.1)": {
      "val_loss": 0.5311363201874953,
      "val_eval": 0.5240983389891111,
      "epochs": 30,
      "mse": 0.5275517106056213,
      "w2_global": 0.1649688333272934,
      "cvar": 0.9283146262168884
    },
    "(0.5, 1.0)": {
      "val_loss": 0.5292049325429476,
      "val_eval": 0.5193873345851898,
      "epochs": 30,
      "mse": 0.5223729014396667,
      "w2_global": 0.16264542937278748,
      "cvar": 0.9242596626281738
    },
    "(0.5, 5.0)": {
      "val_loss": 0.5429126643217527,
      "val_eval": 0.5350209589187915,
      "epochs": 30,
      "mse": 0.5381385087966919,
      "w2_global": 0.16336238384246826,
      "cvar": 0.9638211131095886
    },
    "(0.5, 10.0)": {
      "val_loss": 0.5298774265325986,
      "val_eval": 0.524013679761153,
      "epochs": 30,
      "mse": 0.5274055004119873,
      "w2_global": 0.1625317633152008,
      "cvar": 0.9317882657051086
    },
    "(0.75, 0.1)": {
      "val_loss": 0.5124634389693921,
      "val_eval": 0.5063521013810084,
      "epochs": 30,
      "mse": 0.5095058083534241,
      "w2_global": 0.15530967712402344,
      "cvar": 0.9010528326034546
    },
    "(0.75, 1.0)": {
      "val_loss": 0.5045104783314925,
      "val_eval": 0.49918830623993504,
      "epochs": 30,
      "mse": 0.5025683045387268,
      "w2_global": 0.16016162931919098,
      "cvar": 0.868206262588501
    },
    "(0.75, 5.0)": {
      "val_loss": 0.512854284965075,
      "val_eval": 0.5043193331131568,
      "epochs": 30,
      "mse": 0.5076526999473572,
      "w2_global": 0.14983001351356506,
      "cvar": 0.9002837538719177
    },
    "(0.75, 10.0)": {
      "val_loss": 0.5223539013129014,
      "val_eval": 0.5138296507872068,
      "epochs": 30,
      "mse": 0.5173128247261047,
      "w2_global": 0.15477389097213745,
      "cvar": 0.8917803168296814
    },
    "(0.99, 0.1)": {
      "val_loss": 0.4984516684825604,
      "val_eval": 0.48917205058611357,
      "epochs": 30,
      "mse": 0.4922952950000763,
      "w2_global": 0.15466412901878357,
      "cvar": 0.8534044623374939
    },
    "(0.99, 1.0)": {
      "val_loss": 0.5076189522559826,
      "val_eval": 0.4984581103691688,
      "epochs": 30,
      "mse": 0.5020022392272949,
      "w2_global": 0.15357668697834015,
      "cvar": 0.8864100575447083
    },
    "(0.99, 5.0)": {
      "val_loss": 0.5031217359579526,
      "val_eval": 0.4944241253229288,
      "epochs": 30,
      "mse": 0.4977094233036041,
      "w2_global": 0.15448449552059174,
      "cvar": 0.8677951097488403
    },
    "(0.99, 10.0)": {
      "val_loss": 0.4931146571269402,
      "val_eval": 0.4847352046232957,
      "epochs": 30,
      "mse": 0.48771941661834717,
      "w2_global": 0.15926028788089752,
      "cvar": 0.854223370552063
    }
  }
}