{
  "train": {
    "mse": 0.49175092577934265,
    "rmse": 0.7012495460100795,
    "mae": 0.42326968908309937,
    "w2_global": 0.1641121208667755,
    "ae_summary": {
      "mean": 0.42326968908309937,
      "std": 0.5591008067131042,
      "min": 8.270144462585449e-07,
      "max": 72.94498443603516,
      "p50": 0.28843924403190613,
      "p90": 0.9132489562034607,
      "p95": 1.2318726778030396,
      "p99": 2.223756790161133
    },
    "se_summary": {
      "mean": 0.49175092577934265,
      "std": 10.674725532531738,
      "min": 6.839528943203277e-13,
      "max": 5320.970703125,
      "p50": 0.0831971988081932,
      "p90": 0.834023654460907,
      "p95": 1.517510175704956,
      "p99": 4.945093631744385
    }
  },
  "val": {
    "mse": 0.48771941661834717,
    "rmse": 0.6983691120162369,
    "mae": 0.4279395341873169,
    "w2_global": 0.15926028788089752,
    "ae_summary": {
      "mean": 0.4279395341873169,
      "std": 0.5518941283226013,
      "min": 2.6047229766845703e-05,
      "max": 31.172819137573242,
      "p50": 0.2923303544521332,
      "p90": 0.9242420196533203,
      "p95": 1.2407790422439575,
      "p99": 2.254481792449951
    },
    "se_summary": {
      "mean": 0.48771941661834717,
      "std": 6.3559160232543945,
      "min": 6.784581785268529e-10,
      "max": 971.74462890625,
      "p50": 0.08545704185962677,
      "p90": 0.854223370552063,
      "p95": 1.5395325422286987,
      "p99": 5.082688808441162
    }
  },
  "test": {
    "mse": 0.5107419490814209,
    "rmse": 0.7146621223217451,
    "mae": 0.4266678988933563,
    "w2_global": 0.17846304178237915,
    "ae_summary": {
      "mean": 0.4266678988933563,
      "std": 0.5733206272125244,
      "min": 5.602836608886719e-06,
      "max": 35.77318572998047,
      "p50": 0.28918370604515076,
      "p90": 0.9210435152053833,
      "p95": 1.25106942653656,
      "p99": 2.2303638458251953
    },
    "se_summary": {
      "mean": 0.5107419490814209,
      "std": 8.857187271118164,
      "min": 3.1391778065881226e-11,
      "max": 1279.7208251953125,
      "p50": 0.08362721651792526,
      "p90": 0.8483211398124695,
      "p95": 1.5651745796203613,
      "p99": 4.974523067474365
    }
  }
}