{
  "train": {
    "mse": 0.0011833739699795842,
    "rmse": 0.034400203051429566,
    "mae": 0.016057748347520828,
    "w2_global": 0.09261387586593628,
    "ae_summary": {
      "mean": 0.016057748347520828,
      "std": 0.030422406271100044,
      "min": 2.9802322387695312e-08,
      "max": 1.1202027797698975,
      "p50": 0.009180784225463867,
      "p90": 0.034743353724479675,
      "p95": 0.04923977330327034,
      "p99": 0.10188097506761551
    },
    "se_summary": {
      "mean": 0.0011833739699795842,
      "std": 0.017299946397542953,
      "min": 8.881784197001252e-16,
      "max": 1.2548543214797974,
      "p50": 8.42867957544513e-05,
      "p90": 0.0012071005767211318,
      "p95": 0.002424555132165551,
      "p99": 0.010379733517765999
    }
  },
  "val": {
    "mse": 0.3210873603820801,
    "rmse": 0.5666457097535285,
    "mae": 0.40637338161468506,
    "w2_global": 0.1066853404045105,
    "ae_summary": {
      "mean": 0.40637338161468506,
      "std": 0.3949025869369507,
      "min": 3.802776336669922e-05,
      "max": 2.466994285583496,
      "p50": 0.2874390482902527,
      "p90": 0.9825223684310913,
      "p95": 1.278869390487671,
      "p99": 1.7304837703704834
    },
    "se_summary": {
      "mean": 0.3210873603820801,
      "std": 0.6189517974853516,
      "min": 1.446110786673671e-09,
      "max": 6.086061000823975,
      "p50": 0.08262121677398682,
      "p90": 0.9653502106666565,
      "p95": 1.6355069875717163,
      "p99": 2.9945740699768066
    }
  },
  "test": {
    "mse": 0.290833055973053,
    "rmse": 0.5392893990920394,
    "mae": 0.3774942457675934,
    "w2_global": 0.08519957214593887,
    "ae_summary": {
      "mean": 0.3774942457675934,
      "std": 0.3851378262042999,
      "min": 6.131455302238464e-05,
      "max": 3.284308910369873,
      "p50": 0.2622438073158264,
      "p90": 0.8612454533576965,
      "p95": 1.1939444541931152,
      "p99": 1.8406180143356323
    },
    "se_summary": {
      "mean": 0.290833055973053,
      "std": 0.6715242862701416,
      "min": 3.7594745094793325e-09,
      "max": 10.7866849899292,
      "p50": 0.06877181679010391,
      "p90": 0.7417437434196472,
      "p95": 1.4255037307739258,
      "p99": 3.3878748416900635
    }
  }
}