{
  "test": {
    "mse": 0.7318705320358276,
    "rmse": 0.8554943202826233,
    "mae": 0.5364025235176086,
    "w2_global": 0.04596908390522003,
    "ae_summary": {
      "mean": 0.5364025235176086,
      "std": 0.6664404273033142,
      "min": 1.430511474609375e-06,
      "max": 3.3340003490448,
      "p50": 0.2542009949684143,
      "p90": 1.5113816261291504,
      "p95": 1.9304602146148682,
      "p99": 2.780803918838501
    },
    "se_summary": {
      "mean": 0.7318705320358276,
      "std": 1.4676580429077148,
      "min": 2.0463630789890885e-12,
      "max": 11.115558624267578,
      "p50": 0.06461814045906067,
      "p90": 2.2842743396759033,
      "p95": 3.7266769409179688,
      "p99": 7.732870578765869
    }
  }
}