{
  "train": {
    "mse": 0.0,
    "rmse": 0.0,
    "mae": 0.0,
    "w2_global": 0.8774546384811401,
    "ae_summary": {
      "mean": 0.0,
      "std": 0.0,
      "min": 0.0,
      "max": 0.0,
      "p50": 0.0,
      "p90": 0.0,
      "p95": 0.0,
      "p99": 0.0
    },
    "se_summary": {
      "mean": 0.0,
      "std": 0.0,
      "min": 0.0,
      "max": 0.0,
      "p50": 0.0,
      "p90": 0.0,
      "p95": 0.0,
      "p99": 0.0
    }
  },
  "val": {
    "mse": 1.3740787506103516,
    "rmse": 1.172211052076524,
    "mae": 0.8472141027450562,
    "w2_global": 0.914979100227356,
    "ae_summary": {
      "mean": 0.8472141027450562,
      "std": 0.8101277947425842,
      "min": 8.046627044677734e-07,
      "max": 3.6029319763183594,
      "p50": 0.5091168880462646,
      "p90": 1.9477585554122925,
      "p95": 2.2426953315734863,
      "p99": 3.2685468196868896
    },
    "se_summary": {
      "mean": 1.3740787506103516,
      "std": 2.1141812801361084,
      "min": 6.474820679613913e-13,
      "max": 12.981119155883789,
      "p50": 0.25920000672340393,
      "p90": 3.7937633991241455,
      "p95": 5.029682636260986,
      "p99": 10.683398246765137
    }
  },
  "test": {
    "mse": 1.3416974544525146,
    "rmse": 1.1583166468856927,
    "mae": 0.8345531821250916,
    "w2_global": 0.9058836698532104,
    "ae_summary": {
      "mean": 0.8345531821250916,
      "std": 0.8032549023628235,
      "min": 6.079673767089844e-06,
      "max": 3.648646831512451,
      "p50": 0.49328455328941345,
      "p90": 1.925916075706482,
      "p95": 2.2258050441741943,
      "p99": 3.257147789001465
    },
    "se_summary": {
      "mean": 1.3416974544525146,
      "std": 2.0820045471191406,
      "min": 3.696243311424041e-11,
      "max": 13.312623977661133,
      "p50": 0.24332964420318604,
      "p90": 3.7091526985168457,
      "p95": 4.954207897186279,
      "p99": 10.609010696411133
    }
  }
}