{
  "best_alpha": 0.99,
  "best_gamma": 10.0,
  "alpha_grid": [
    0.01,
    0.25,
    0.5,
    0.75,
    0.99
  ],
  "gamma_grid": [
    0.1,
    1.0,
    5.0,
    10.0
  ],
  "results": {
    "(0.01, 0.1)": {
      "val_loss": 0.6284151673316956,
      "val_eval": 0.5900169610977173,
      "epoch": 30,
      "mse": 0.5900169610977173,
      "w2_global": 0.05699136480689049,
      "cvar": 1.5350308418273926
    },
    "(0.01, 1.0)": {
      "val_loss": 0.7071754932403564,
      "val_eval": 0.6185284852981567,
      "epoch": 30,
      "mse": 0.6185284852981567,
      "w2_global": 0.05963924899697304,
      "cvar": 1.4255214929580688
    },
    "(0.01, 5.0)": {
      "val_loss": 0.6985543966293335,
      "val_eval": 0.6222757697105408,
      "epoch": 30,
      "mse": 0.6222757697105408,
      "w2_global": 0.05541561171412468,
      "cvar": 1.5427404642105103
    },
    "(0.01, 10.0)": {
      "val_loss": 0.6435513496398926,
      "val_eval": 0.5624775886535645,
      "epoch": 30,
      "mse": 0.5624775886535645,
      "w2_global": 0.053274478763341904,
      "cvar": 1.4465961456298828
    },
    "(0.25, 0.1)": {
      "val_loss": 0.4930143654346466,
      "val_eval": 0.41878190636634827,
      "epoch": 30,
      "mse": 0.41878190636634827,
      "w2_global": 0.046700406819581985,
      "cvar": 1.009182095527649
    },
    "(0.25, 1.0)": {
      "val_loss": 0.4219110906124115,
      "val_eval": 0.36052095890045166,
      "epoch": 29,
      "mse": 0.36052098870277405,
      "w2_global": 0.04091033712029457,
      "cvar": 0.8361393213272095
    },
    "(0.25, 5.0)": {
      "val_loss": 0.44236767292022705,
      "val_eval": 0.3725593090057373,
      "epoch": 30,
      "mse": 0.3725593388080597,
      "w2_global": 0.04011838138103485,
      "cvar": 0.9051948189735413
    },
    "(0.25, 10.0)": {
      "val_loss": 0.39034438133239746,
      "val_eval": 0.4082215130329132,
      "epoch": 30,
      "mse": 0.4082215130329132,
      "w2_global": 0.044258758425712585,
      "cvar": 0.9888670444488525
    },
    "(0.5, 0.1)": {
      "val_loss": 0.30587238073349,
      "val_eval": 0.29425373673439026,
      "epoch": 30,
      "mse": 0.29425370693206787,
      "w2_global": 0.033493924885988235,
      "cvar": 0.6662260890007019
    },
    "(0.5, 1.0)": {
      "val_loss": 0.30894705653190613,
      "val_eval": 0.3029991090297699,
      "epoch": 29,
      "mse": 0.3029991388320923,
      "w2_global": 0.03460950404405594,
      "cvar": 0.7337530851364136
    },
    "(0.5, 5.0)": {
      "val_loss": 0.3787836730480194,
      "val_eval": 0.3880338966846466,
      "epoch": 29,
      "mse": 0.3880339562892914,
      "w2_global": 0.041816696524620056,
      "cvar": 1.0805222988128662
    },
    "(0.5, 10.0)": {
      "val_loss": 0.3917849659919739,
      "val_eval": 0.3403162360191345,
      "epoch": 30,
      "mse": 0.3403162360191345,
      "w2_global": 0.0327126570045948,
      "cvar": 0.7596750259399414
    },
    "(0.75, 0.1)": {
      "val_loss": 0.3022150993347168,
      "val_eval": 0.26571667194366455,
      "epoch": 30,
      "mse": 0.26571667194366455,
      "w2_global": 0.027820082381367683,
      "cvar": 0.5809571146965027
    },
    "(0.75, 1.0)": {
      "val_loss": 0.25826776027679443,
      "val_eval": 0.22700423002243042,
      "epoch": 30,
      "mse": 0.2270042449235916,
      "w2_global": 0.02870539389550686,
      "cvar": 0.5140355825424194
    },
    "(0.75, 5.0)": {
      "val_loss": 0.24335312843322754,
      "val_eval": 0.22812815010547638,
      "epoch": 30,
      "mse": 0.22812815010547638,
      "w2_global": 0.02866257168352604,
      "cvar": 0.5501484274864197
    },
    "(0.75, 10.0)": {
      "val_loss": 0.3081754148006439,
      "val_eval": 0.29282626509666443,
      "epoch": 30,
      "mse": 0.29282626509666443,
      "w2_global": 0.02994050644338131,
      "cvar": 0.7739123702049255
    },
    "(0.99, 0.1)": {
      "val_loss": 0.2747325599193573,
      "val_eval": 0.2725604772567749,
      "epoch": 30,
      "mse": 0.2725605070590973,
      "w2_global": 0.0244329534471035,
      "cvar": 0.648814857006073
    },
    "(0.99, 1.0)": {
      "val_loss": 0.2616194784641266,
      "val_eval": 0.26735764741897583,
      "epoch": 30,
      "mse": 0.26735764741897583,
      "w2_global": 0.01443919725716114,
      "cvar": 0.6296489238739014
    },
    "(0.99, 5.0)": {
      "val_loss": 0.33709996938705444,
      "val_eval": 0.318072110414505,
      "epoch": 30,
      "mse": 0.318072110414505,
      "w2_global": 0.015229548327624798,
      "cvar": 0.7144939303398132
    },
    "(0.99, 10.0)": {
      "val_loss": 0.24287629127502441,
      "val_eval": 0.21926535665988922,
      "epoch": 30,
      "mse": 0.21926535665988922,
      "w2_global": 0.013073369860649109,
      "cvar": 0.5289408564567566
    }
  }
}