{
  "train": {
    "mse": 0.2531735599040985,
    "rmse": 0.5031635518438299,
    "mae": 0.35044729709625244,
    "w2_global": 0.018612954765558243,
    "ae_summary": {
      "mean": 0.35044729709625244,
      "std": 0.36105436086654663,
      "min": 1.710653305053711e-05,
      "max": 4.977598667144775,
      "p50": 0.2471436858177185,
      "p90": 0.7734962105751038,
      "p95": 1.0331567525863647,
      "p99": 1.7373069524765015
    },
    "se_summary": {
      "mean": 0.2531735599040985,
      "std": 0.6895711421966553,
      "min": 2.9263347300911846e-10,
      "max": 24.7764892578125,
      "p50": 0.061079997569322586,
      "p90": 0.5982964038848877,
      "p95": 1.0674128532409668,
      "p99": 3.0182361602783203
    }
  },
  "val": {
    "mse": 0.21926535665988922,
    "rmse": 0.46825778868043316,
    "mae": 0.34448790550231934,
    "w2_global": 0.013073369860649109,
    "ae_summary": {
      "mean": 0.34448790550231934,
      "std": 0.31716468930244446,
      "min": 0.0007776618003845215,
      "max": 2.2601990699768066,
      "p50": 0.25785553455352783,
      "p90": 0.7272781729698181,
      "p95": 0.9288262128829956,
      "p99": 1.588122010231018
    },
    "se_summary": {
      "mean": 0.21926535665988922,
      "std": 0.47889459133148193,
      "min": 6.047578722245817e-07,
      "max": 5.108500003814697,
      "p50": 0.06648947298526764,
      "p90": 0.5289408564567566,
      "p95": 0.8627206683158875,
      "p99": 2.5299758911132812
    }
  },
  "test": {
    "mse": 0.27037906646728516,
    "rmse": 0.5199798712135741,
    "mae": 0.376484751701355,
    "w2_global": 0.023174067959189415,
    "ae_summary": {
      "mean": 0.376484751701355,
      "std": 0.35866183042526245,
      "min": 0.001404404640197754,
      "max": 3.057060480117798,
      "p50": 0.28572094440460205,
      "p90": 0.7810007333755493,
      "p95": 1.0974806547164917,
      "p99": 1.6700594425201416
    },
    "se_summary": {
      "mean": 0.27037906646728516,
      "std": 0.6639577746391296,
      "min": 1.9723524928849656e-06,
      "max": 9.345619201660156,
      "p50": 0.0816364586353302,
      "p90": 0.6099860072135925,
      "p95": 1.204540491104126,
      "p99": 2.7899343967437744
    }
  }
}