{
  "best_alpha": 0.99,
  "best_gamma": 0.1,
  "alpha_grid": [
    0.01,
    0.25,
    0.5,
    0.75,
    0.99
  ],
  "gamma_grid": [
    0.1,
    1.0,
    5.0,
    10.0
  ],
  "results": {
    "(0.01, 0.1)": {
      "val_loss": 0.354227751493454,
      "val_eval": 0.7598376274108887,
      "epoch": 30,
      "mse": 0.7598376274108887,
      "w2_global": 0.7240196466445923,
      "cvar": 1.9028702974319458
    },
    "(0.01, 1.0)": {
      "val_loss": 0.3454554080963135,
      "val_eval": 0.7636913657188416,
      "epoch": 27,
      "mse": 0.7636913061141968,
      "w2_global": 0.728321373462677,
      "cvar": 1.9146932363510132
    },
    "(0.01, 5.0)": {
      "val_loss": 0.3656516969203949,
      "val_eval": 0.7652618885040283,
      "epoch": 2,
      "mse": 0.7652618885040283,
      "w2_global": 0.6937680244445801,
      "cvar": 1.9188857078552246
    },
    "(0.01, 10.0)": {
      "val_loss": 0.33907926082611084,
      "val_eval": 0.7584088444709778,
      "epoch": 29,
      "mse": 0.7584088444709778,
      "w2_global": 0.7180975079536438,
      "cvar": 1.94123375415802
    },
    "(0.25, 0.1)": {
      "val_loss": 0.35240182280540466,
      "val_eval": 0.7606686949729919,
      "epoch": 28,
      "mse": 0.7606686949729919,
      "w2_global": 0.729210376739502,
      "cvar": 1.9112725257873535
    },
    "(0.25, 1.0)": {
      "val_loss": 0.34350958466529846,
      "val_eval": 0.7588045001029968,
      "epoch": 30,
      "mse": 0.758804440498352,
      "w2_global": 0.7311826348304749,
      "cvar": 1.9138199090957642
    },
    "(0.25, 5.0)": {
      "val_loss": 0.3411403000354767,
      "val_eval": 0.7613312005996704,
      "epoch": 27,
      "mse": 0.7613312005996704,
      "w2_global": 0.7231231331825256,
      "cvar": 1.8746627569198608
    },
    "(0.25, 10.0)": {
      "val_loss": 0.34236282110214233,
      "val_eval": 0.7629392743110657,
      "epoch": 30,
      "mse": 0.7629392743110657,
      "w2_global": 0.725140392780304,
      "cvar": 1.9314073324203491
    },
    "(0.5, 0.1)": {
      "val_loss": 0.3394356369972229,
      "val_eval": 0.7568128705024719,
      "epoch": 30,
      "mse": 0.7568128705024719,
      "w2_global": 0.7250078916549683,
      "cvar": 1.919171690940857
    },
    "(0.5, 1.0)": {
      "val_loss": 0.3405594229698181,
      "val_eval": 0.7593915462493896,
      "epoch": 30,
      "mse": 0.7593915462493896,
      "w2_global": 0.7247277498245239,
      "cvar": 1.9216156005859375
    },
    "(0.5, 5.0)": {
      "val_loss": 0.33629804849624634,
      "val_eval": 0.7581629753112793,
      "epoch": 30,
      "mse": 0.7581629753112793,
      "w2_global": 0.7239364981651306,
      "cvar": 1.918205738067627
    },
    "(0.5, 10.0)": {
      "val_loss": 0.3385203182697296,
      "val_eval": 0.7644568085670471,
      "epoch": 29,
      "mse": 0.7644568085670471,
      "w2_global": 0.7222932577133179,
      "cvar": 1.914912462234497
    },
    "(0.75, 0.1)": {
      "val_loss": 0.3380959630012512,
      "val_eval": 0.7600477337837219,
      "epoch": 29,
      "mse": 0.7600477337837219,
      "w2_global": 0.730238139629364,
      "cvar": 1.9256161451339722
    },
    "(0.75, 1.0)": {
      "val_loss": 0.33918383717536926,
      "val_eval": 0.7532234191894531,
      "epoch": 30,
      "mse": 0.7532234191894531,
      "w2_global": 0.7224964499473572,
      "cvar": 1.8921420574188232
    },
    "(0.75, 5.0)": {
      "val_loss": 0.3428512215614319,
      "val_eval": 0.7540943622589111,
      "epoch": 30,
      "mse": 0.7540943622589111,
      "w2_global": 0.7234101295471191,
      "cvar": 1.9075722694396973
    },
    "(0.75, 10.0)": {
      "val_loss": 0.33953559398651123,
      "val_eval": 0.7603423595428467,
      "epoch": 29,
      "mse": 0.7603422999382019,
      "w2_global": 0.732734739780426,
      "cvar": 1.8890362977981567
    },
    "(0.99, 0.1)": {
      "val_loss": 0.2663629651069641,
      "val_eval": 0.5446193218231201,
      "epoch": 30,
      "mse": 0.5446193218231201,
      "w2_global": 0.5279259085655212,
      "cvar": 1.397046685218811
    },
    "(0.99, 1.0)": {
      "val_loss": 0.29575955867767334,
      "val_eval": 0.5543248057365417,
      "epoch": 29,
      "mse": 0.5543248057365417,
      "w2_global": 0.44957923889160156,
      "cvar": 1.4272615909576416
    },
    "(0.99, 5.0)": {
      "val_loss": 0.27899545431137085,
      "val_eval": 0.5870451927185059,
      "epoch": 30,
      "mse": 0.5870451331138611,
      "w2_global": 0.5227581262588501,
      "cvar": 1.5526022911071777
    },
    "(0.99, 10.0)": {
      "val_loss": 0.2903764247894287,
      "val_eval": 0.5730049014091492,
      "epoch": 30,
      "mse": 0.5730049014091492,
      "w2_global": 0.49940815567970276,
      "cvar": 1.5922112464904785
    }
  }
}