{
  "train": {
    "mse": 0.3582969307899475,
    "rmse": 0.5985790931781259,
    "mae": 0.4209482669830322,
    "w2_global": 0.6049716472625732,
    "ae_summary": {
      "mean": 0.4209482669830322,
      "std": 0.42555782198905945,
      "min": 0.00026857852935791016,
      "max": 4.283886909484863,
      "p50": 0.3042588233947754,
      "p90": 0.9149878621101379,
      "p95": 1.143416166305542,
      "p99": 2.0490505695343018
    },
    "se_summary": {
      "mean": 0.3582969307899475,
      "std": 1.0337578058242798,
      "min": 7.213442643205781e-08,
      "max": 18.351686477661133,
      "p50": 0.09257343411445618,
      "p90": 0.837202787399292,
      "p95": 1.3074007034301758,
      "p99": 4.199086666107178
    }
  },
  "val": {
    "mse": 0.5446193218231201,
    "rmse": 0.7379832801785688,
    "mae": 0.5620406866073608,
    "w2_global": 0.5279259085655212,
    "ae_summary": {
      "mean": 0.5620406866073608,
      "std": 0.4782567024230957,
      "min": 0.00022445619106292725,
      "max": 3.796483039855957,
      "p50": 0.4475138783454895,
      "p90": 1.1819672584533691,
      "p95": 1.474171757698059,
      "p99": 2.254214286804199
    },
    "se_summary": {
      "mean": 0.5446193218231201,
      "std": 1.0040749311447144,
      "min": 5.0380581484432696e-08,
      "max": 14.413283348083496,
      "p50": 0.2002686709165573,
      "p90": 1.397046685218811,
      "p95": 2.173182487487793,
      "p99": 5.081494331359863
    }
  },
  "test": {
    "mse": 0.4918552041053772,
    "rmse": 0.7013238938645804,
    "mae": 0.5368441343307495,
    "w2_global": 0.47773823142051697,
    "ae_summary": {
      "mean": 0.5368441343307495,
      "std": 0.45127996802330017,
      "min": 0.00010149180889129639,
      "max": 5.076237678527832,
      "p50": 0.439330518245697,
      "p90": 1.0809234380722046,
      "p95": 1.3276132345199585,
      "p99": 2.0923209190368652
    },
    "se_summary": {
      "mean": 0.4918552041053772,
      "std": 0.984993577003479,
      "min": 1.0300587049982823e-08,
      "max": 25.7681884765625,
      "p50": 0.1930113285779953,
      "p90": 1.1683955192565918,
      "p95": 1.7625569105148315,
      "p99": 4.3778181076049805
    }
  }
}