{
  "train": {
    "mse": 0.32048335671424866,
    "rmse": 0.5661124947519253,
    "mae": 0.39468902349472046,
    "w2_global": 0.12672258913516998,
    "ae_summary": {
      "mean": 0.39468902349472046,
      "std": 0.4058372974395752,
      "min": 4.6193599700927734e-06,
      "max": 7.663183212280273,
      "p50": 0.2867727279663086,
      "p90": 0.8570783138275146,
      "p95": 1.0965136289596558,
      "p99": 1.8003798723220825
    },
    "se_summary": {
      "mean": 0.32048335671424866,
      "std": 1.1420540809631348,
      "min": 2.133848653329551e-11,
      "max": 58.7243766784668,
      "p50": 0.08223859965801239,
      "p90": 0.73458331823349,
      "p95": 1.20234215259552,
      "p99": 3.2413718700408936
    }
  },
  "val": {
    "mse": 0.6523057222366333,
    "rmse": 0.8076544572009946,
    "mae": 0.5339723825454712,
    "w2_global": 0.25285378098487854,
    "ae_summary": {
      "mean": 0.5339723825454712,
      "std": 0.6059531569480896,
      "min": 0.00022118911147117615,
      "max": 5.480487823486328,
      "p50": 0.33286571502685547,
      "p90": 1.2318187952041626,
      "p95": 1.7930283546447754,
      "p99": 2.9419660568237305
    },
    "se_summary": {
      "mean": 0.6523057222366333,
      "std": 1.7405229806900024,
      "min": 4.892462257544139e-08,
      "max": 30.035747528076172,
      "p50": 0.11079958081245422,
      "p90": 1.5173804759979248,
      "p95": 3.214951276779175,
      "p99": 8.655165672302246
    }
  },
  "test": {
    "mse": 0.4641164541244507,
    "rmse": 0.681260929544951,
    "mae": 0.458322137594223,
    "w2_global": 0.20014061033725739,
    "ae_summary": {
      "mean": 0.458322137594223,
      "std": 0.5040409564971924,
      "min": 0.00011420249938964844,
      "max": 5.156615734100342,
      "p50": 0.3061918616294861,
      "p90": 0.9849288463592529,
      "p95": 1.3861101865768433,
      "p99": 2.5249154567718506
    },
    "se_summary": {
      "mean": 0.4641164541244507,
      "std": 1.3140217065811157,
      "min": 1.3042210866842652e-08,
      "max": 26.59068489074707,
      "p50": 0.09375345706939697,
      "p90": 0.9700849056243896,
      "p95": 1.9213030338287354,
      "p99": 6.375299453735352
    }
  }
}