{
  "train": {
    "mse": 0.430830180644989,
    "rmse": 0.6563765540031035,
    "mae": 0.3874167799949646,
    "w2_global": 0.40096548199653625,
    "ae_summary": {
      "mean": 0.3874167799949646,
      "std": 0.5298475623130798,
      "min": 1.341104507446289e-07,
      "max": 10.828210830688477,
      "p50": 0.19493180513381958,
      "p90": 0.9960789680480957,
      "p95": 1.430923581123352,
      "p99": 2.5350849628448486
    },
    "se_summary": {
      "mean": 0.430830180644989,
      "std": 1.5557522773742676,
      "min": 1.7985612998927536e-14,
      "max": 117.25015258789062,
      "p50": 0.03799840807914734,
      "p90": 0.9921732544898987,
      "p95": 2.047542095184326,
      "p99": 6.4266557693481445
    }
  },
  "val": {
    "mse": 0.5211238861083984,
    "rmse": 0.7218891092878451,
    "mae": 0.4426102340221405,
    "w2_global": 0.41601648926734924,
    "ae_summary": {
      "mean": 0.4426102340221405,
      "std": 0.5702806711196899,
      "min": 4.470348358154297e-08,
      "max": 10.043499946594238,
      "p50": 0.2420990765094757,
      "p90": 1.1159087419509888,
      "p95": 1.5510088205337524,
      "p99": 2.715137004852295
    },
    "se_summary": {
      "mean": 0.5211238861083984,
      "std": 1.7457011938095093,
      "min": 1.9984014443252818e-15,
      "max": 100.87189483642578,
      "p50": 0.05861196294426918,
      "p90": 1.245252251625061,
      "p95": 2.4056284427642822,
      "p99": 7.3719682693481445
    }
  },
  "test": {
    "mse": 0.5206191539764404,
    "rmse": 0.7215394334174955,
    "mae": 0.4312157928943634,
    "w2_global": 0.41401800513267517,
    "ae_summary": {
      "mean": 0.4312157928943634,
      "std": 0.5785084962844849,
      "min": 2.9802322387695312e-08,
      "max": 10.56497573852539,
      "p50": 0.2259638011455536,
      "p90": 1.1042704582214355,
      "p95": 1.5644104480743408,
      "p99": 2.7589046955108643
    },
    "se_summary": {
      "mean": 0.5206191539764404,
      "std": 1.8148120641708374,
      "min": 8.881784197001252e-16,
      "max": 111.61871337890625,
      "p50": 0.05105963721871376,
      "p90": 1.21941339969635,
      "p95": 2.4473800659179688,
      "p99": 7.611555576324463
    }
  }
}