{
  "train": {
    "mse": 0.0,
    "rmse": 0.0,
    "mae": 0.0,
    "w2_global": 0.03404487669467926,
    "ae_summary": {
      "mean": 0.0,
      "std": 0.0,
      "min": 0.0,
      "max": 0.0,
      "p50": 0.0,
      "p90": 0.0,
      "p95": 0.0,
      "p99": 0.0
    },
    "se_summary": {
      "mean": 0.0,
      "std": 0.0,
      "min": 0.0,
      "max": 0.0,
      "p50": 0.0,
      "p90": 0.0,
      "p95": 0.0,
      "p99": 0.0
    }
  },
  "val": {
    "mse": 0.1752498596906662,
    "rmse": 0.41862854619658485,
    "mae": 0.2565489411354065,
    "w2_global": 0.026798486709594727,
    "ae_summary": {
      "mean": 0.2565489411354065,
      "std": 0.33080583810806274,
      "min": 5.257129669189453e-05,
      "max": 3.038461685180664,
      "p50": 0.12301699072122574,
      "p90": 0.6462512612342834,
      "p95": 1.00217866897583,
      "p99": 1.5419516563415527
    },
    "se_summary": {
      "mean": 0.1752498596906662,
      "std": 0.4954455494880676,
      "min": 2.763741235867201e-09,
      "max": 9.23224925994873,
      "p50": 0.015133187174797058,
      "p90": 0.4176407754421234,
      "p95": 1.0043624639511108,
      "p99": 2.3776159286499023
    }
  },
  "test": {
    "mse": 0.21184325218200684,
    "rmse": 0.4602643286004324,
    "mae": 0.2611403167247772,
    "w2_global": 0.03129292279481888,
    "ae_summary": {
      "mean": 0.2611403167247772,
      "std": 0.37901052832603455,
      "min": 5.990266799926758e-06,
      "max": 2.9922757148742676,
      "p50": 0.12287530303001404,
      "p90": 0.647520124912262,
      "p95": 1.0688377618789673,
      "p99": 1.9158804416656494
    },
    "se_summary": {
      "mean": 0.21184325218200684,
      "std": 0.7212252616882324,
      "min": 3.588329633430476e-11,
      "max": 8.953714370727539,
      "p50": 0.01509833987802267,
      "p90": 0.41928228735923767,
      "p95": 1.1424142122268677,
      "p99": 3.670597791671753
    }
  }
}