{
  "train": {
    "mse": 0.0,
    "rmse": 0.0,
    "mae": 0.0,
    "w2_global": 0.10514143109321594,
    "ae_summary": {
      "mean": 0.0,
      "std": 0.0,
      "min": 0.0,
      "max": 0.0,
      "p50": 0.0,
      "p90": 0.0,
      "p95": 0.0,
      "p99": 0.0
    },
    "se_summary": {
      "mean": 0.0,
      "std": 0.0,
      "min": 0.0,
      "max": 0.0,
      "p50": 0.0,
      "p90": 0.0,
      "p95": 0.0,
      "p99": 0.0
    }
  },
  "val": {
    "mse": 0.37585797905921936,
    "rmse": 0.6130725724245208,
    "mae": 0.45194071531295776,
    "w2_global": 0.17568762600421906,
    "ae_summary": {
      "mean": 0.45194071531295776,
      "std": 0.4142554700374603,
      "min": 1.5698373317718506e-05,
      "max": 3.0107784271240234,
      "p50": 0.3213275372982025,
      "p90": 1.0209490060806274,
      "p95": 1.277060866355896,
      "p99": 1.7989158630371094
    },
    "se_summary": {
      "mean": 0.37585797905921936,
      "std": 0.7013863921165466,
      "min": 2.4643892482245633e-10,
      "max": 9.064786911010742,
      "p50": 0.1032513827085495,
      "p90": 1.0423378944396973,
      "p95": 1.6308846473693848,
      "p99": 3.236114025115967
    }
  },
  "test": {
    "mse": 0.29971492290496826,
    "rmse": 0.5474622570597614,
    "mae": 0.39401933550834656,
    "w2_global": 0.152057483792305,
    "ae_summary": {
      "mean": 0.39401933550834656,
      "std": 0.38008376955986023,
      "min": 0.0003243088722229004,
      "max": 4.324843406677246,
      "p50": 0.28967469930648804,
      "p90": 0.8376444578170776,
      "p95": 1.073616623878479,
      "p99": 1.869777798652649
    },
    "se_summary": {
      "mean": 0.29971492290496826,
      "std": 0.7662237286567688,
      "min": 1.0517624104977585e-07,
      "max": 18.70427131652832,
      "p50": 0.08391143381595612,
      "p90": 0.7016482353210449,
      "p95": 1.1526539325714111,
      "p99": 3.4965782165527344
    }
  }
}