{
  "train": {
    "mse": 0.0852741003036499,
    "rmse": 0.29201729452833763,
    "mae": 0.19590865075588226,
    "w2_global": 0.15342026948928833,
    "ae_summary": {
      "mean": 0.19590865075588226,
      "std": 0.21654999256134033,
      "min": 3.4570693969726562e-06,
      "max": 3.126774549484253,
      "p50": 0.1355677843093872,
      "p90": 0.4264114797115326,
      "p95": 0.580324649810791,
      "p99": 1.00808584690094
    },
    "se_summary": {
      "mean": 0.0852741003036499,
      "std": 0.30744990706443787,
      "min": 1.1951328815484885e-11,
      "max": 9.776719093322754,
      "p50": 0.018378624692559242,
      "p90": 0.18182674050331116,
      "p95": 0.3367767035961151,
      "p99": 1.0162370204925537
    }
  },
  "val": {
    "mse": 0.09659426659345627,
    "rmse": 0.31079618175495055,
    "mae": 0.2189420461654663,
    "w2_global": 0.08877511322498322,
    "ae_summary": {
      "mean": 0.2189420461654663,
      "std": 0.22058704495429993,
      "min": 3.0994415283203125e-06,
      "max": 2.150324821472168,
      "p50": 0.15482693910598755,
      "p90": 0.4826011657714844,
      "p95": 0.627102255821228,
      "p99": 1.1107064485549927
    },
    "se_summary": {
      "mean": 0.09659426659345627,
      "std": 0.24297302961349487,
      "min": 9.606537787476555e-12,
      "max": 4.623897075653076,
      "p50": 0.023971380665898323,
      "p90": 0.23290389776229858,
      "p95": 0.3932572305202484,
      "p99": 1.2336689233779907
    }
  },
  "test": {
    "mse": 0.14589792490005493,
    "rmse": 0.3819658687632377,
    "mae": 0.25400614738464355,
    "w2_global": 0.12460105121135712,
    "ae_summary": {
      "mean": 0.25400614738464355,
      "std": 0.28526970744132996,
      "min": 1.6316771507263184e-06,
      "max": 3.105776071548462,
      "p50": 0.16626131534576416,
      "p90": 0.5801634788513184,
      "p95": 0.7934516668319702,
      "p99": 1.4232436418533325
    },
    "se_summary": {
      "mean": 0.14589792490005493,
      "std": 0.4345502555370331,
      "min": 2.6623703242023566e-12,
      "max": 9.645845413208008,
      "p50": 0.02764282561838627,
      "p90": 0.33658966422080994,
      "p95": 0.6295655965805054,
      "p99": 2.025622606277466
    }
  }
}