{
  "train": {
    "mse": 5910.3408203125,
    "rmse": 76.87874101669784,
    "mae": 52.63215637207031,
    "w2_global": 0.3087683320045471,
    "ae_summary": {
      "mean": 52.63215637207031,
      "std": 56.03746032714844,
      "min": 8.296966552734375e-05,
      "max": 567.4996337890625,
      "p50": 32.08513641357422,
      "p90": 134.75152587890625,
      "p95": 168.0636749267578,
      "p99": 239.00196838378906
    },
    "se_summary": {
      "mean": 5910.3408203125,
      "std": 13437.6982421875,
      "min": 6.883965397719294e-09,
      "max": 322055.84375,
      "p50": 1029.4559326171875,
      "p90": 18157.97265625,
      "p95": 28245.396484375,
      "p99": 57121.94140625
    }
  },
  "val": {
    "mse": 0.6687033176422119,
    "rmse": 0.8177428187652961,
    "mae": 0.49655628204345703,
    "w2_global": 0.3381728231906891,
    "ae_summary": {
      "mean": 0.49655628204345703,
      "std": 0.6497192978858948,
      "min": 2.0563602447509766e-06,
      "max": 48.041526794433594,
      "p50": 0.3226282000541687,
      "p90": 1.1314499378204346,
      "p95": 1.5142786502838135,
      "p99": 2.64801025390625
    },
    "se_summary": {
      "mean": 0.6687033176422119,
      "std": 9.420755386352539,
      "min": 4.228617456192296e-12,
      "max": 2307.98828125,
      "p50": 0.10408896207809448,
      "p90": 1.2801789045333862,
      "p95": 2.2930397987365723,
      "p99": 7.011958122253418
    }
  },
  "test": {
    "mse": 0.6641300916671753,
    "rmse": 0.814941771948877,
    "mae": 0.49733859300613403,
    "w2_global": 0.33091580867767334,
    "ae_summary": {
      "mean": 0.49733859300613403,
      "std": 0.6455884575843811,
      "min": 2.0265579223632812e-06,
      "max": 57.81121063232422,
      "p50": 0.3212980031967163,
      "p90": 1.1328651905059814,
      "p95": 1.5296969413757324,
      "p99": 2.6516220569610596
    },
    "se_summary": {
      "mean": 0.6641300916671753,
      "std": 9.872360229492188,
      "min": 4.106937012693379e-12,
      "max": 3342.135986328125,
      "p50": 0.10323240607976913,
      "p90": 1.2833836078643799,
      "p95": 2.339972734451294,
      "p99": 7.03109884262085
    }
  }
}