{
  "train": {
    "mse": 3606.9521484375,
    "rmse": 60.057906627166915,
    "mae": 41.91542053222656,
    "w2_global": 0.5683017373085022,
    "ae_summary": {
      "mean": 41.91542053222656,
      "std": 43.01220703125,
      "min": 0.005625247955322266,
      "max": 341.3061218261719,
      "p50": 30.135692596435547,
      "p90": 86.29795837402344,
      "p95": 118.2271728515625,
      "p99": 235.443115234375
    },
    "se_summary": {
      "mean": 3606.9521484375,
      "std": 9197.365234375,
      "min": 3.164341615047306e-05,
      "max": 116489.8671875,
      "p50": 908.1599731445312,
      "p90": 7447.33740234375,
      "p95": 13977.66796875,
      "p99": 55434.28125
    }
  },
  "val": {
    "mse": 0.4375806450843811,
    "rmse": 0.6614987869107404,
    "mae": 0.4750720262527466,
    "w2_global": 0.4723496437072754,
    "ae_summary": {
      "mean": 0.4750720262527466,
      "std": 0.4603120684623718,
      "min": 5.781650543212891e-06,
      "max": 3.4151275157928467,
      "p50": 0.3350091576576233,
      "p90": 1.0646536350250244,
      "p95": 1.3750616312026978,
      "p99": 2.2310235500335693
    },
    "se_summary": {
      "mean": 0.4375806450843811,
      "std": 0.9386876225471497,
      "min": 3.3427483003833913e-11,
      "max": 11.663095474243164,
      "p50": 0.11223113536834717,
      "p90": 1.1334877014160156,
      "p95": 1.8907983303070068,
      "p99": 4.977499485015869
    }
  },
  "test": {
    "mse": 0.3895764946937561,
    "rmse": 0.6241606321242602,
    "mae": 0.46101534366607666,
    "w2_global": 0.43707263469696045,
    "ae_summary": {
      "mean": 0.46101534366607666,
      "std": 0.420762836933136,
      "min": 3.2961368560791016e-05,
      "max": 4.547021389007568,
      "p50": 0.3517233729362488,
      "p90": 0.9780908823013306,
      "p95": 1.2536582946777344,
      "p99": 1.9565138816833496
    },
    "se_summary": {
      "mean": 0.3895764946937561,
      "std": 0.8640917539596558,
      "min": 1.0864518174003024e-09,
      "max": 20.675403594970703,
      "p50": 0.12370932102203369,
      "p90": 0.9566617012023926,
      "p95": 1.5716595649719238,
      "p99": 3.8279473781585693
    }
  }
}