{
  "best_alpha": 0.99,
  "best_gamma": 0.1,
  "alpha_grid": [
    0.99
  ],
  "gamma_grid": [
    0.1
  ],
  "results": {
    "(0.99, 0.1)": {
      "val_loss": 0.00492295203730464,
      "val_eval": 0.02680916152894497,
      "epoch": 30,
      "mse": 0.02680916152894497
    }
  },
  "standalone_mode": true
}