{
  "train": {
    "mse": 0.004821170587092638,
    "rmse": 0.06943464975855095,
    "mae": 0.04907793179154396,
    "w2_global": 0.008003590628504753,
    "ae_summary": {
      "mean": 0.04907793179154396,
      "std": 0.04911748319864273,
      "min": 2.980232238769531e-07,
      "max": 0.897805392742157,
      "p50": 0.036318182945251465,
      "p90": 0.1038653552532196,
      "p95": 0.13557973504066467,
      "p99": 0.23901869356632233
    },
    "se_summary": {
      "mean": 0.004821170587092638,
      "std": 0.014007696881890297,
      "min": 8.881784197001252e-14,
      "max": 0.8060545325279236,
      "p50": 0.0013190103927627206,
      "p90": 0.01078801229596138,
      "p95": 0.018381863832473755,
      "p99": 0.057129938155412674
    }
  },
  "val": {
    "mse": 0.02680916152894497,
    "rmse": 0.1637350345190209,
    "mae": 0.10981239378452301,
    "w2_global": 0.007869123481214046,
    "ae_summary": {
      "mean": 0.10981239378452301,
      "std": 0.1214512288570404,
      "min": 5.4836273193359375e-06,
      "max": 0.8809496164321899,
      "p50": 0.06930428743362427,
      "p90": 0.268968790769577,
      "p95": 0.3512219488620758,
      "p99": 0.615135133266449
    },
    "se_summary": {
      "mean": 0.02680916152894497,
      "std": 0.06825541704893112,
      "min": 3.007016857736744e-11,
      "max": 0.7760722041130066,
      "p50": 0.004803084768354893,
      "p90": 0.07234461605548859,
      "p95": 0.1233568862080574,
      "p99": 0.37839311361312866
    }
  },
  "test": {
    "mse": 0.03069142811000347,
    "rmse": 0.17518969179150773,
    "mae": 0.11459960043430328,
    "w2_global": 0.008416482247412205,
    "ae_summary": {
      "mean": 0.11459960043430328,
      "std": 0.13250796496868134,
      "min": 3.49879264831543e-05,
      "max": 1.0697182416915894,
      "p50": 0.07304751873016357,
      "p90": 0.26650097966194153,
      "p95": 0.37642526626586914,
      "p99": 0.669633150100708
    },
    "se_summary": {
      "mean": 0.03069142811000347,
      "std": 0.08875267207622528,
      "min": 1.2241549995906098e-09,
      "max": 1.1442971229553223,
      "p50": 0.005335940048098564,
      "p90": 0.07102282345294952,
      "p95": 0.14169630408287048,
      "p99": 0.4484225809574127
    }
  }
}