{
  "train": {
    "mse": 0.022255459800362587,
    "rmse": 0.1491826390715843,
    "mae": 0.1114184558391571,
    "w2_global": 0.005730730481445789,
    "ae_summary": {
      "mean": 0.1114184558391571,
      "std": 0.09920377284288406,
      "min": 1.1920928955078125e-07,
      "max": 1.329829454421997,
      "p50": 0.08641195297241211,
      "p90": 0.23590856790542603,
      "p95": 0.29749366641044617,
      "p99": 0.4591229557991028
    },
    "se_summary": {
      "mean": 0.022255459800362587,
      "std": 0.047718215733766556,
      "min": 1.4210854715202004e-14,
      "max": 1.7684463262557983,
      "p50": 0.007467025425285101,
      "p90": 0.05565285310149193,
      "p95": 0.08850248157978058,
      "p99": 0.2107938826084137
    }
  },
  "val": {
    "mse": 0.027803417295217514,
    "rmse": 0.16674356747778163,
    "mae": 0.1256095916032791,
    "w2_global": 0.00672429334372282,
    "ae_summary": {
      "mean": 0.1256095916032791,
      "std": 0.1096615195274353,
      "min": 2.3245811462402344e-05,
      "max": 0.912867546081543,
      "p50": 0.09764876961708069,
      "p90": 0.2676968276500702,
      "p95": 0.3380715548992157,
      "p99": 0.49184471368789673
    },
    "se_summary": {
      "mean": 0.027803417295217514,
      "std": 0.05574554577469826,
      "min": 5.403677505455562e-10,
      "max": 0.8333271741867065,
      "p50": 0.009535282850265503,
      "p90": 0.07166187465190887,
      "p95": 0.11429264396429062,
      "p99": 0.24191135168075562
    }
  },
  "test": {
    "mse": 0.030595097690820694,
    "rmse": 0.17491454396596268,
    "mae": 0.12850183248519897,
    "w2_global": 0.006217956077307463,
    "ae_summary": {
      "mean": 0.12850183248519897,
      "std": 0.11866918951272964,
      "min": 4.351139068603516e-06,
      "max": 1.0915604829788208,
      "p50": 0.09810113906860352,
      "p90": 0.2778083086013794,
      "p95": 0.3464365303516388,
      "p99": 0.5351598858833313
    },
    "se_summary": {
      "mean": 0.030595097690820694,
      "std": 0.0708591416478157,
      "min": 1.893241119432787e-11,
      "max": 1.1915042400360107,
      "p50": 0.009623833931982517,
      "p90": 0.0771775022149086,
      "p95": 0.12001830339431763,
      "p99": 0.28639718890190125
    }
  }
}