{
  "train": {
    "mse": 0.3972667455673218,
    "rmse": 0.6302910007031052,
    "mae": 0.38032543659210205,
    "w2_global": 0.16516131162643433,
    "ae_summary": {
      "mean": 0.38032543659210205,
      "std": 0.5026124119758606,
      "min": 2.2351741790771484e-06,
      "max": 72.41907501220703,
      "p50": 0.2550843358039856,
      "p90": 0.8296023011207581,
      "p95": 1.1192282438278198,
      "p99": 2.0039167404174805
    },
    "se_summary": {
      "mean": 0.3972667455673218,
      "std": 9.162043571472168,
      "min": 4.9960036108132044e-12,
      "max": 5244.5224609375,
      "p50": 0.06506802141666412,
      "p90": 0.6882399916648865,
      "p95": 1.2526718378067017,
      "p99": 4.015682697296143
    }
  },
  "val": {
    "mse": 0.4315754771232605,
    "rmse": 0.6569440441340956,
    "mae": 0.39399540424346924,
    "w2_global": 0.1647217720746994,
    "ae_summary": {
      "mean": 0.39399540424346924,
      "std": 0.5256835222244263,
      "min": 1.3243407011032104e-05,
      "max": 32.02554702758789,
      "p50": 0.26503095030784607,
      "p90": 0.853415846824646,
      "p95": 1.1525331735610962,
      "p99": 2.08780837059021
    },
    "se_summary": {
      "mean": 0.4315754771232605,
      "std": 6.420299053192139,
      "min": 1.753878292598543e-10,
      "max": 1025.6356201171875,
      "p50": 0.07024140655994415,
      "p90": 0.7283186316490173,
      "p95": 1.3283326625823975,
      "p99": 4.358944892883301
    }
  },
  "test": {
    "mse": 0.44951778650283813,
    "rmse": 0.6704608761910259,
    "mae": 0.39214494824409485,
    "w2_global": 0.17984579503536224,
    "ae_summary": {
      "mean": 0.39214494824409485,
      "std": 0.5438199639320374,
      "min": 7.301568984985352e-07,
      "max": 35.720848083496094,
      "p50": 0.2598523795604706,
      "p90": 0.8533461689949036,
      "p95": 1.1620641946792603,
      "p99": 2.106541395187378
    },
    "se_summary": {
      "mean": 0.44951778650283813,
      "std": 8.673336029052734,
      "min": 5.331290964250002e-13,
      "max": 1275.97900390625,
      "p50": 0.06752325594425201,
      "p90": 0.7281997203826904,
      "p95": 1.3503931760787964,
      "p99": 4.437517166137695
    }
  }
}