{
  "best_alpha": 0.99,
  "best_gamma": 5.0,
  "alpha_grid": [
    0.01,
    0.25,
    0.5,
    0.75,
    0.99
  ],
  "gamma_grid": [
    0.1,
    1.0,
    5.0,
    10.0
  ],
  "results": {
    "(0.01, 0.1)": {
      "val_loss": 0.24874812364578247,
      "val_eval": 0.2794562578201294,
      "epoch": 28,
      "mse": 0.2794562578201294,
      "w2_global": 0.10728971660137177,
      "cvar": 0.7989175319671631
    },
    "(0.01, 1.0)": {
      "val_loss": 0.24579599499702454,
      "val_eval": 0.2734510004520416,
      "epoch": 30,
      "mse": 0.27345097064971924,
      "w2_global": 0.11195801198482513,
      "cvar": 0.7999254465103149
    },
    "(0.01, 5.0)": {
      "val_loss": 0.25121554732322693,
      "val_eval": 0.28773033618927,
      "epoch": 26,
      "mse": 0.2877303659915924,
      "w2_global": 0.11047141253948212,
      "cvar": 0.857757568359375
    },
    "(0.01, 10.0)": {
      "val_loss": 0.25929492712020874,
      "val_eval": 0.2940947413444519,
      "epoch": 29,
      "mse": 0.2940947413444519,
      "w2_global": 0.10992354154586792,
      "cvar": 0.8608090281486511
    },
    "(0.25, 0.1)": {
      "val_loss": 0.23502787947654724,
      "val_eval": 0.2647596001625061,
      "epoch": 28,
      "mse": 0.2647596001625061,
      "w2_global": 0.107457235455513,
      "cvar": 0.772700309753418
    },
    "(0.25, 1.0)": {
      "val_loss": 0.24833106994628906,
      "val_eval": 0.28127744793891907,
      "epoch": 29,
      "mse": 0.2812774181365967,
      "w2_global": 0.10227832943201065,
      "cvar": 0.8111585378646851
    },
    "(0.25, 5.0)": {
      "val_loss": 0.24076180160045624,
      "val_eval": 0.2754059135913849,
      "epoch": 30,
      "mse": 0.2754059135913849,
      "w2_global": 0.10413116961717606,
      "cvar": 0.8052736520767212
    },
    "(0.25, 10.0)": {
      "val_loss": 0.23379884660243988,
      "val_eval": 0.26886940002441406,
      "epoch": 29,
      "mse": 0.26886940002441406,
      "w2_global": 0.10689809918403625,
      "cvar": 0.7850664258003235
    },
    "(0.5, 0.1)": {
      "val_loss": 0.22789131104946136,
      "val_eval": 0.26853451132774353,
      "epoch": 28,
      "mse": 0.26853451132774353,
      "w2_global": 0.10934597253799438,
      "cvar": 0.8146059513092041
    },
    "(0.5, 1.0)": {
      "val_loss": 0.21850170195102692,
      "val_eval": 0.24601013958454132,
      "epoch": 26,
      "mse": 0.24601013958454132,
      "w2_global": 0.10461114346981049,
      "cvar": 0.7099608182907104
    },
    "(0.5, 5.0)": {
      "val_loss": 0.22512812912464142,
      "val_eval": 0.26260048151016235,
      "epoch": 29,
      "mse": 0.26260051131248474,
      "w2_global": 0.10780791193246841,
      "cvar": 0.7641243934631348
    },
    "(0.5, 10.0)": {
      "val_loss": 0.2423512488603592,
      "val_eval": 0.2720881700515747,
      "epoch": 30,
      "mse": 0.2720881700515747,
      "w2_global": 0.10484239459037781,
      "cvar": 0.7771375775337219
    },
    "(0.75, 0.1)": {
      "val_loss": 0.20329655706882477,
      "val_eval": 0.2343977391719818,
      "epoch": 29,
      "mse": 0.234397754073143,
      "w2_global": 0.11309830844402313,
      "cvar": 0.6482497453689575
    },
    "(0.75, 1.0)": {
      "val_loss": 0.19434788823127747,
      "val_eval": 0.23154988884925842,
      "epoch": 28,
      "mse": 0.23154985904693604,
      "w2_global": 0.10769140720367432,
      "cvar": 0.6533975601196289
    },
    "(0.75, 5.0)": {
      "val_loss": 0.21288998425006866,
      "val_eval": 0.24764244258403778,
      "epoch": 30,
      "mse": 0.24764244258403778,
      "w2_global": 0.11215214431285858,
      "cvar": 0.7141518592834473
    },
    "(0.75, 10.0)": {
      "val_loss": 0.1941644251346588,
      "val_eval": 0.22832904756069183,
      "epoch": 30,
      "mse": 0.22832901775836945,
      "w2_global": 0.10807552188634872,
      "cvar": 0.6511300802230835
    },
    "(0.99, 0.1)": {
      "val_loss": 0.07187850028276443,
      "val_eval": 0.08157220482826233,
      "epoch": 30,
      "mse": 0.08157220482826233,
      "w2_global": 0.05678267031908035,
      "cvar": 0.20388612151145935
    },
    "(0.99, 1.0)": {
      "val_loss": 0.07313960790634155,
      "val_eval": 0.10035362839698792,
      "epoch": 30,
      "mse": 0.10035362094640732,
      "w2_global": 0.08772201091051102,
      "cvar": 0.2670457661151886
    },
    "(0.99, 5.0)": {
      "val_loss": 0.0645749643445015,
      "val_eval": 0.07985865324735641,
      "epoch": 30,
      "mse": 0.07985865324735641,
      "w2_global": 0.045359328389167786,
      "cvar": 0.20917105674743652
    },
    "(0.99, 10.0)": {
      "val_loss": 0.06812276691198349,
      "val_eval": 0.09879063814878464,
      "epoch": 30,
      "mse": 0.09879064559936523,
      "w2_global": 0.0773918628692627,
      "cvar": 0.26016485691070557
    }
  }
}