{
  "train": {
    "mse": 0.06507835537195206,
    "rmse": 0.25510459692438325,
    "mae": 0.19142331182956696,
    "w2_global": 0.0495772548019886,
    "ae_summary": {
      "mean": 0.19142331182956696,
      "std": 0.16862820088863373,
      "min": 1.430511474609375e-05,
      "max": 2.108865737915039,
      "p50": 0.14844557642936707,
      "p90": 0.4092387557029724,
      "p95": 0.5175915956497192,
      "p99": 0.768190860748291
    },
    "se_summary": {
      "mean": 0.06507835537195206,
      "std": 0.13204538822174072,
      "min": 2.0463630789890885e-10,
      "max": 4.447314739227295,
      "p50": 0.02203608863055706,
      "p90": 0.1674763560295105,
      "p95": 0.26790109276771545,
      "p99": 0.5901172161102295
    }
  },
  "val": {
    "mse": 0.07985865324735641,
    "rmse": 0.28259273388987977,
    "mae": 0.21202805638313293,
    "w2_global": 0.045359328389167786,
    "ae_summary": {
      "mean": 0.21202805638313293,
      "std": 0.1868228167295456,
      "min": 1.3232231140136719e-05,
      "max": 1.855028748512268,
      "p50": 0.1627681851387024,
      "p90": 0.4573522210121155,
      "p95": 0.5761962532997131,
      "p99": 0.8573746681213379
    },
    "se_summary": {
      "mean": 0.07985865324735641,
      "std": 0.1606336086988449,
      "min": 1.750919409460039e-10,
      "max": 3.441131591796875,
      "p50": 0.026493482291698456,
      "p90": 0.20917105674743652,
      "p95": 0.3320021331310272,
      "p99": 0.7350913882255554
    }
  },
  "test": {
    "mse": 0.08227816969156265,
    "rmse": 0.2868417153964232,
    "mae": 0.21191638708114624,
    "w2_global": 0.05278533697128296,
    "ae_summary": {
      "mean": 0.21191638708114624,
      "std": 0.19331221282482147,
      "min": 1.7970800399780273e-05,
      "max": 2.4209749698638916,
      "p50": 0.16124451160430908,
      "p90": 0.4612191319465637,
      "p95": 0.5804959535598755,
      "p99": 0.8649429082870483
    },
    "se_summary": {
      "mean": 0.08227816969156265,
      "std": 0.18898360431194305,
      "min": 3.2294966700874284e-10,
      "max": 5.861119747161865,
      "p50": 0.02599979192018509,
      "p90": 0.21272310614585876,
      "p95": 0.3369758129119873,
      "p99": 0.748126208782196
    }
  }
}