{
  "train": {
    "mse": 0.0153283029794693,
    "rmse": 0.12380752392108203,
    "mae": 0.04717152565717697,
    "w2_global": 0.32282087206840515,
    "ae_summary": {
      "mean": 0.04717152565717697,
      "std": 0.11446899175643921,
      "min": 5.960464477539063e-08,
      "max": 39.86370849609375,
      "p50": 0.031657204031944275,
      "p90": 0.09870094060897827,
      "p95": 0.13443776965141296,
      "p99": 0.25570055842399597
    },
    "se_summary": {
      "mean": 0.0153283029794693,
      "std": 3.375741481781006,
      "min": 3.552713678800501e-15,
      "max": 1589.115234375,
      "p50": 0.0010021785274147987,
      "p90": 0.00974187534302473,
      "p95": 0.018073514103889465,
      "p99": 0.06538277864456177
    }
  },
  "val": {
    "mse": 1.2914412021636963,
    "rmse": 1.1364159459298766,
    "mae": 0.8177956938743591,
    "w2_global": 0.3309383988380432,
    "ae_summary": {
      "mean": 0.8177956938743591,
      "std": 0.7890826463699341,
      "min": 3.311038017272949e-05,
      "max": 36.07378387451172,
      "p50": 0.6406638026237488,
      "p90": 1.6896600723266602,
      "p95": 2.114624261856079,
      "p99": 3.2637314796447754
    },
    "se_summary": {
      "mean": 1.2914412021636963,
      "std": 8.795510292053223,
      "min": 1.0962972751826783e-09,
      "max": 1301.31787109375,
      "p50": 0.4104501008987427,
      "p90": 2.8549511432647705,
      "p95": 4.471635818481445,
      "p99": 10.65194320678711
    }
  },
  "test": {
    "mse": 1.2570350170135498,
    "rmse": 1.1211757297647633,
    "mae": 0.8148185610771179,
    "w2_global": 0.3101690113544464,
    "ae_summary": {
      "mean": 0.8148185610771179,
      "std": 0.7701335549354553,
      "min": 6.720423698425293e-06,
      "max": 35.80454635620117,
      "p50": 0.6358137130737305,
      "p90": 1.6950931549072266,
      "p95": 2.1183810234069824,
      "p99": 3.2566099166870117
    },
    "se_summary": {
      "mean": 1.2570350170135498,
      "std": 7.8242506980896,
      "min": 4.516409468635629e-11,
      "max": 1281.965576171875,
      "p50": 0.4042591154575348,
      "p90": 2.8733410835266113,
      "p95": 4.4875383377075195,
      "p99": 10.605506896972656
    }
  }
}