{
  "train": {
    "mse": 0.0,
    "rmse": 0.0,
    "mae": 0.0,
    "w2_global": 0.2553180754184723,
    "ae_summary": {
      "mean": 0.0,
      "std": 0.0,
      "min": 0.0,
      "max": 0.0,
      "p50": 0.0,
      "p90": 0.0,
      "p95": 0.0,
      "p99": 0.0
    },
    "se_summary": {
      "mean": 0.0,
      "std": 0.0,
      "min": 0.0,
      "max": 0.0,
      "p50": 0.0,
      "p90": 0.0,
      "p95": 0.0,
      "p99": 0.0
    }
  },
  "val": {
    "mse": 1.0617125034332275,
    "rmse": 1.0303943436535488,
    "mae": 0.5541462898254395,
    "w2_global": 0.3639827370643616,
    "ae_summary": {
      "mean": 0.5541462898254395,
      "std": 0.868696928024292,
      "min": 0.0,
      "max": 12.841801643371582,
      "p50": 0.3658682405948639,
      "p90": 1.1427648067474365,
      "p95": 1.5577448606491089,
      "p99": 4.537625789642334
    },
    "se_summary": {
      "mean": 1.0617125034332275,
      "std": 5.8963398933410645,
      "min": 0.0,
      "max": 164.911865234375,
      "p50": 0.1338595747947693,
      "p90": 1.3059115409851074,
      "p95": 2.4265694618225098,
      "p99": 20.590049743652344
    }
  },
  "test": {
    "mse": 1.389574646949768,
    "rmse": 1.1788022085785927,
    "mae": 0.48629969358444214,
    "w2_global": 0.4306797981262207,
    "ae_summary": {
      "mean": 0.48629969358444214,
      "std": 1.0738190412521362,
      "min": 0.0,
      "max": 31.3942928314209,
      "p50": 0.3010207414627075,
      "p90": 0.9519443511962891,
      "p95": 1.339593529701233,
      "p99": 3.574089765548706
    },
    "se_summary": {
      "mean": 1.389574646949768,
      "std": 19.41175079345703,
      "min": 0.0,
      "max": 985.6016235351562,
      "p50": 0.0906134843826294,
      "p90": 0.9061980247497559,
      "p95": 1.7945109605789185,
      "p99": 12.774118423461914
    }
  }
}