{
  "train": {
    "mse": 0.0,
    "rmse": 0.0,
    "mae": 0.0,
    "w2_global": 0.1328626275062561,
    "ae_summary": {
      "mean": 0.0,
      "std": 0.0,
      "min": 0.0,
      "max": 0.0,
      "p50": 0.0,
      "p90": 0.0,
      "p95": 0.0,
      "p99": 0.0
    },
    "se_summary": {
      "mean": 0.0,
      "std": 0.0,
      "min": 0.0,
      "max": 0.0,
      "p50": 0.0,
      "p90": 0.0,
      "p95": 0.0,
      "p99": 0.0
    }
  },
  "val": {
    "mse": 0.2671934962272644,
    "rmse": 0.5169076283314693,
    "mae": 0.24552473425865173,
    "w2_global": 0.1530349999666214,
    "ae_summary": {
      "mean": 0.24552473425865173,
      "std": 0.45487478375434875,
      "min": 2.9802322387695312e-08,
      "max": 10.231197357177734,
      "p50": 0.06295720487833023,
      "p90": 0.7070325016975403,
      "p95": 1.0980653762817383,
      "p99": 2.181583881378174
    },
    "se_summary": {
      "mean": 0.2671934962272644,
      "std": 1.3277727365493774,
      "min": 8.881784197001252e-16,
      "max": 104.67739868164062,
      "p50": 0.003963609226047993,
      "p90": 0.49989497661590576,
      "p95": 1.2057476043701172,
      "p99": 4.759307861328125
    }
  },
  "test": {
    "mse": 0.2435467392206192,
    "rmse": 0.4935045483281985,
    "mae": 0.24294227361679077,
    "w2_global": 0.14522041380405426,
    "ae_summary": {
      "mean": 0.24294227361679077,
      "std": 0.4295646548271179,
      "min": 5.853362381458282e-07,
      "max": 9.692652702331543,
      "p50": 0.06863430142402649,
      "p90": 0.6950723528862,
      "p95": 1.056118369102478,
      "p99": 2.05855131149292
    },
    "se_summary": {
      "mean": 0.2435467392206192,
      "std": 1.1501011848449707,
      "min": 3.4261851168670976e-13,
      "max": 93.94751739501953,
      "p50": 0.004710667300969362,
      "p90": 0.48312559723854065,
      "p95": 1.115385890007019,
      "p99": 4.237633228302002
    }
  }
}