{
  "train": {
    "mse": 0.5876253843307495,
    "rmse": 0.7665672731931291,
    "mae": 0.46830031275749207,
    "w2_global": 0.07717765867710114,
    "ae_summary": {
      "mean": 0.46830031275749207,
      "std": 0.6068939566612244,
      "min": 5.960464477539063e-08,
      "max": 72.5071029663086,
      "p50": 0.3230569362640381,
      "p90": 1.0099676847457886,
      "p95": 1.3548418283462524,
      "p99": 2.3929662704467773
    },
    "se_summary": {
      "mean": 0.5876253843307495,
      "std": 12.048603057861328,
      "min": 3.552713678800501e-15,
      "max": 5257.27978515625,
      "p50": 0.10436578094959259,
      "p90": 1.0200347900390625,
      "p95": 1.8355963230133057,
      "p99": 5.726287364959717
    }
  },
  "val": {
    "mse": 0.9987133741378784,
    "rmse": 0.9993564800099504,
    "mae": 0.6689321398735046,
    "w2_global": 0.09591803699731827,
    "ae_summary": {
      "mean": 0.6689321398735046,
      "std": 0.7424575686454773,
      "min": 4.395842552185059e-06,
      "max": 37.762203216552734,
      "p50": 0.5175243616104126,
      "p90": 1.3799967765808105,
      "p95": 1.7316646575927734,
      "p99": 2.744570732116699
    },
    "se_summary": {
      "mean": 0.9987133741378784,
      "std": 13.394661903381348,
      "min": 1.932343174360085e-11,
      "max": 1425.9840087890625,
      "p50": 0.2678314745426178,
      "p90": 1.9043912887573242,
      "p95": 2.9986627101898193,
      "p99": 7.5326714515686035
    }
  },
  "test": {
    "mse": 0.9712920188903809,
    "rmse": 0.985541485118907,
    "mae": 0.6789954304695129,
    "w2_global": 0.0802919790148735,
    "ae_summary": {
      "mean": 0.6789954304695129,
      "std": 0.7143228650093079,
      "min": 2.642720937728882e-05,
      "max": 26.528526306152344,
      "p50": 0.5230585336685181,
      "p90": 1.4096055030822754,
      "p95": 1.7845898866653442,
      "p99": 2.7588887214660645
    },
    "se_summary": {
      "mean": 0.9712920188903809,
      "std": 9.101896286010742,
      "min": 6.983973954710621e-10,
      "max": 703.7626953125,
      "p50": 0.27359023690223694,
      "p90": 1.986987829208374,
      "p95": 3.1847610473632812,
      "p99": 7.611466884613037
    }
  }
}