{
  "train": {
    "mse": 0.12431952357292175,
    "rmse": 0.3525897383261767,
    "mae": 0.21578922867774963,
    "w2_global": 0.01812496967613697,
    "ae_summary": {
      "mean": 0.21578922867774963,
      "std": 0.27884501218795776,
      "min": 5.3256750106811523e-05,
      "max": 6.7259135246276855,
      "p50": 0.13333606719970703,
      "p90": 0.4863687753677368,
      "p95": 0.6656647324562073,
      "p99": 1.4171161651611328
    },
    "se_summary": {
      "mean": 0.12431952357292175,
      "std": 0.6350979804992676,
      "min": 2.8362814319393692e-09,
      "max": 45.237911224365234,
      "p50": 0.017778506502509117,
      "p90": 0.2365545779466629,
      "p95": 0.44310957193374634,
      "p99": 2.008218288421631
    }
  },
  "val": {
    "mse": 0.14381302893161774,
    "rmse": 0.37922688318685654,
    "mae": 0.25888460874557495,
    "w2_global": 0.029430195689201355,
    "ae_summary": {
      "mean": 0.25888460874557495,
      "std": 0.27711331844329834,
      "min": 0.0003947857767343521,
      "max": 2.4531140327453613,
      "p50": 0.18057537078857422,
      "p90": 0.5958403944969177,
      "p95": 0.7808658480644226,
      "p99": 1.2915318012237549
    },
    "se_summary": {
      "mean": 0.14381302893161774,
      "std": 0.4261486530303955,
      "min": 1.5585581536470272e-07,
      "max": 6.017768383026123,
      "p50": 0.032607465982437134,
      "p90": 0.35532835125923157,
      "p95": 0.6100558042526245,
      "p99": 1.6682614088058472
    }
  },
  "test": {
    "mse": 0.10163050144910812,
    "rmse": 0.3187953911980349,
    "mae": 0.21491096913814545,
    "w2_global": 0.018513692542910576,
    "ae_summary": {
      "mean": 0.21491096913814545,
      "std": 0.23546504974365234,
      "min": 7.639825344085693e-05,
      "max": 1.6783033609390259,
      "p50": 0.13682037591934204,
      "p90": 0.5242697596549988,
      "p95": 0.6864519119262695,
      "p99": 1.0884239673614502
    },
    "se_summary": {
      "mean": 0.10163050144910812,
      "std": 0.250719279050827,
      "min": 5.836692906768803e-09,
      "max": 2.816702127456665,
      "p50": 0.018719948828220367,
      "p90": 0.27492254972457886,
      "p95": 0.47125521302223206,
      "p99": 1.185166835784912
    }
  }
}