{
  "best_alpha": 0.99,
  "best_gamma": 0.1,
  "alpha_grid": [
    0.01,
    0.25,
    0.5,
    0.75,
    0.99
  ],
  "gamma_grid": [
    0.1,
    1.0,
    5.0,
    10.0
  ],
  "results": {
    "(0.01, 0.1)": {
      "val_loss": 1.016872763633728,
      "val_eval": 1.0400278568267822,
      "epoch": 1,
      "mse": 1.0400278568267822,
      "w2_global": 0.745907723903656,
      "cvar": 2.3538148403167725
    },
    "(0.01, 1.0)": {
      "val_loss": 1.0685079097747803,
      "val_eval": 1.0566855669021606,
      "epoch": 30,
      "mse": 1.056685447692871,
      "w2_global": 0.8251832723617554,
      "cvar": 2.452641248703003
    },
    "(0.01, 5.0)": {
      "val_loss": 1.0636732578277588,
      "val_eval": 1.0569347143173218,
      "epoch": 1,
      "mse": 1.0569347143173218,
      "w2_global": 0.7886248826980591,
      "cvar": 2.3902876377105713
    },
    "(0.01, 10.0)": {
      "val_loss": 1.0349763631820679,
      "val_eval": 1.0511935949325562,
      "epoch": 30,
      "mse": 1.0511935949325562,
      "w2_global": 0.8098687529563904,
      "cvar": 2.434140205383301
    },
    "(0.25, 0.1)": {
      "val_loss": 1.0444780588150024,
      "val_eval": 1.0481544733047485,
      "epoch": 28,
      "mse": 1.0481544733047485,
      "w2_global": 0.8222122192382812,
      "cvar": 2.3796262741088867
    },
    "(0.25, 1.0)": {
      "val_loss": 1.0486160516738892,
      "val_eval": 1.0460540056228638,
      "epoch": 30,
      "mse": 1.0460540056228638,
      "w2_global": 0.8261858820915222,
      "cvar": 2.3992161750793457
    },
    "(0.25, 5.0)": {
      "val_loss": 1.0563244819641113,
      "val_eval": 1.0484799146652222,
      "epoch": 30,
      "mse": 1.0484799146652222,
      "w2_global": 0.8134906888008118,
      "cvar": 2.3843181133270264
    },
    "(0.25, 10.0)": {
      "val_loss": 1.0694669485092163,
      "val_eval": 1.0558409690856934,
      "epoch": 30,
      "mse": 1.0558409690856934,
      "w2_global": 0.8195803761482239,
      "cvar": 2.4411332607269287
    },
    "(0.5, 0.1)": {
      "val_loss": 1.0524113178253174,
      "val_eval": 1.0393058061599731,
      "epoch": 30,
      "mse": 1.0393058061599731,
      "w2_global": 0.8136915564537048,
      "cvar": 2.3942646980285645
    },
    "(0.5, 1.0)": {
      "val_loss": 1.0232092142105103,
      "val_eval": 1.015504240989685,
      "epoch": 30,
      "mse": 1.015504240989685,
      "w2_global": 0.8036484122276306,
      "cvar": 2.309140920639038
    },
    "(0.5, 5.0)": {
      "val_loss": 0.9748332500457764,
      "val_eval": 0.9787007570266724,
      "epoch": 29,
      "mse": 0.9787007570266724,
      "w2_global": 0.7815279960632324,
      "cvar": 2.218040943145752
    },
    "(0.5, 10.0)": {
      "val_loss": 1.0677340030670166,
      "val_eval": 1.0488293170928955,
      "epoch": 30,
      "mse": 1.048829436302185,
      "w2_global": 0.8154922723770142,
      "cvar": 2.4321188926696777
    },
    "(0.75, 0.1)": {
      "val_loss": 0.9074915647506714,
      "val_eval": 0.9014244675636292,
      "epoch": 28,
      "mse": 0.9014244675636292,
      "w2_global": 0.7340888977050781,
      "cvar": 2.043156862258911
    },
    "(0.75, 1.0)": {
      "val_loss": 0.8060041666030884,
      "val_eval": 0.8393336534500122,
      "epoch": 29,
      "mse": 0.8393336534500122,
      "w2_global": 0.7047507166862488,
      "cvar": 1.8859667778015137
    },
    "(0.75, 5.0)": {
      "val_loss": 0.8068277835845947,
      "val_eval": 0.8479873538017273,
      "epoch": 29,
      "mse": 0.8479873538017273,
      "w2_global": 0.7071004509925842,
      "cvar": 1.9298511743545532
    },
    "(0.75, 10.0)": {
      "val_loss": 0.9633925557136536,
      "val_eval": 0.9673281311988831,
      "epoch": 30,
      "mse": 0.9673281311988831,
      "w2_global": 0.7845345735549927,
      "cvar": 2.1583762168884277
    },
    "(0.99, 0.1)": {
      "val_loss": 0.557485818862915,
      "val_eval": 0.5936318039894104,
      "epoch": 30,
      "mse": 0.5936318039894104,
      "w2_global": 0.4414547085762024,
      "cvar": 1.3278034925460815
    },
    "(0.99, 1.0)": {
      "val_loss": 0.573222279548645,
      "val_eval": 0.6027679443359375,
      "epoch": 26,
      "mse": 0.6027679443359375,
      "w2_global": 0.35163432359695435,
      "cvar": 1.5208503007888794
    },
    "(0.99, 5.0)": {
      "val_loss": 0.6110993027687073,
      "val_eval": 0.6420885324478149,
      "epoch": 30,
      "mse": 0.6420885324478149,
      "w2_global": 0.35640251636505127,
      "cvar": 1.6018681526184082
    },
    "(0.99, 10.0)": {
      "val_loss": 0.6038758158683777,
      "val_eval": 0.6350671648979187,
      "epoch": 28,
      "mse": 0.6350671648979187,
      "w2_global": 0.39564040303230286,
      "cvar": 1.4200007915496826
    }
  }
}