{
  "train": {
    "mse": 0.47903355956077576,
    "rmse": 0.6921225032902598,
    "mae": 0.5180836319923401,
    "w2_global": 0.4017961323261261,
    "ae_summary": {
      "mean": 0.5180836319923401,
      "std": 0.4589366912841797,
      "min": 0.0002422332763671875,
      "max": 3.860902786254883,
      "p50": 0.39913153648376465,
      "p90": 1.09478759765625,
      "p95": 1.3785063028335571,
      "p99": 2.147200584411621
    },
    "se_summary": {
      "mean": 0.47903355956077576,
      "std": 0.9697814583778381,
      "min": 5.867696017958224e-08,
      "max": 14.906570434570312,
      "p50": 0.15930598974227905,
      "p90": 1.1985598802566528,
      "p95": 1.9002805948257446,
      "p99": 4.610502243041992
    }
  },
  "val": {
    "mse": 0.5936318039894104,
    "rmse": 0.7704750508546078,
    "mae": 0.5620890855789185,
    "w2_global": 0.4414547085762024,
    "ae_summary": {
      "mean": 0.5620890855789185,
      "std": 0.5269607901573181,
      "min": 3.297626972198486e-05,
      "max": 4.566909313201904,
      "p50": 0.4284767806529999,
      "p90": 1.1523035764694214,
      "p95": 1.5195766687393188,
      "p99": 2.67602276802063
    },
    "se_summary": {
      "mean": 0.5936318039894104,
      "std": 1.3832963705062866,
      "min": 1.0874343647770957e-09,
      "max": 20.856660842895508,
      "p50": 0.18359234929084778,
      "p90": 1.3278034925460815,
      "p95": 2.3091135025024414,
      "p99": 7.16184139251709
    }
  },
  "test": {
    "mse": 0.5998744964599609,
    "rmse": 0.7745156528179149,
    "mae": 0.5763267278671265,
    "w2_global": 0.39822709560394287,
    "ae_summary": {
      "mean": 0.5763267278671265,
      "std": 0.5174185633659363,
      "min": 8.50483775138855e-06,
      "max": 6.175938129425049,
      "p50": 0.4595165252685547,
      "p90": 1.1924917697906494,
      "p95": 1.5666285753250122,
      "p99": 2.394350528717041
    },
    "se_summary": {
      "mean": 0.5998744964599609,
      "std": 1.3638352155685425,
      "min": 7.233226517744384e-11,
      "max": 38.1422119140625,
      "p50": 0.21115544438362122,
      "p90": 1.4220365285873413,
      "p95": 2.454324960708618,
      "p99": 5.732917308807373
    }
  }
}