{
  "best_alpha": 0.99,
  "best_gamma": 5.0,
  "alpha_grid": [
    0.01,
    0.25,
    0.5,
    0.75,
    0.99
  ],
  "gamma_grid": [
    0.1,
    1.0,
    5.0,
    10.0
  ],
  "results": {
    "(0.01, 0.1)": {
      "val_loss": 0.3255053162574768,
      "val_eval": 0.5942184329032898,
      "epochs": 30,
      "mse": 0.5942184329032898,
      "w2_global": 0.6504191160202026,
      "cvar": 1.3229925632476807
    },
    "(0.01, 1.0)": {
      "val_loss": 0.31219157576560974,
      "val_eval": 0.5795660018920898,
      "epochs": 30,
      "mse": 0.5795659422874451,
      "w2_global": 0.6424115300178528,
      "cvar": 1.3171888589859009
    },
    "(0.01, 5.0)": {
      "val_loss": 0.3216892182826996,
      "val_eval": 0.592613935470581,
      "epochs": 30,
      "mse": 0.592613935470581,
      "w2_global": 0.6486148834228516,
      "cvar": 1.3110202550888062
    },
    "(0.01, 10.0)": {
      "val_loss": 0.3274518549442291,
      "val_eval": 0.5989525318145752,
      "epochs": 30,
      "mse": 0.5989524722099304,
      "w2_global": 0.6517954468727112,
      "cvar": 1.3236907720565796
    },
    "(0.25, 0.1)": {
      "val_loss": 0.32160452008247375,
      "val_eval": 0.5888044238090515,
      "epochs": 30,
      "mse": 0.5888044238090515,
      "w2_global": 0.6493637561798096,
      "cvar": 1.2979639768600464
    },
    "(0.25, 1.0)": {
      "val_loss": 0.3204764127731323,
      "val_eval": 0.5905773043632507,
      "epochs": 30,
      "mse": 0.5905773043632507,
      "w2_global": 0.6507538557052612,
      "cvar": 1.314692497253418
    },
    "(0.25, 5.0)": {
      "val_loss": 0.32407718896865845,
      "val_eval": 0.5896929502487183,
      "epochs": 30,
      "mse": 0.5896929502487183,
      "w2_global": 0.6505892276763916,
      "cvar": 1.2881513833999634
    },
    "(0.25, 10.0)": {
      "val_loss": 0.31786295771598816,
      "val_eval": 0.5830746293067932,
      "epochs": 30,
      "mse": 0.5830746293067932,
      "w2_global": 0.6469056606292725,
      "cvar": 1.2887718677520752
    },
    "(0.5, 0.1)": {
      "val_loss": 0.32438594102859497,
      "val_eval": 0.5964609384536743,
      "epochs": 30,
      "mse": 0.5964608788490295,
      "w2_global": 0.6482755541801453,
      "cvar": 1.3207390308380127
    },
    "(0.5, 1.0)": {
      "val_loss": 0.31995776295661926,
      "val_eval": 0.5898994207382202,
      "epochs": 30,
      "mse": 0.5898994207382202,
      "w2_global": 0.6499064564704895,
      "cvar": 1.3246688842773438
    },
    "(0.5, 5.0)": {
      "val_loss": 0.32049810886383057,
      "val_eval": 0.5908503532409668,
      "epochs": 30,
      "mse": 0.5908503532409668,
      "w2_global": 0.6473780274391174,
      "cvar": 1.3107143640518188
    },
    "(0.5, 10.0)": {
      "val_loss": 0.3184986710548401,
      "val_eval": 0.5885378122329712,
      "epochs": 30,
      "mse": 0.5885378122329712,
      "w2_global": 0.6470829248428345,
      "cvar": 1.3042104244232178
    },
    "(0.75, 0.1)": {
      "val_loss": 0.3168696463108063,
      "val_eval": 0.5822848677635193,
      "epochs": 30,
      "mse": 0.5822848677635193,
      "w2_global": 0.6482275128364563,
      "cvar": 1.2805670499801636
    },
    "(0.75, 1.0)": {
      "val_loss": 0.30243149399757385,
      "val_eval": 0.5662341117858887,
      "epochs": 30,
      "mse": 0.5662341117858887,
      "w2_global": 0.6351054310798645,
      "cvar": 1.367798924446106
    },
    "(0.75, 5.0)": {
      "val_loss": 0.31859350204467773,
      "val_eval": 0.584906816482544,
      "epochs": 30,
      "mse": 0.5849066972732544,
      "w2_global": 0.6499127149581909,
      "cvar": 1.288705825805664
    },
    "(0.75, 10.0)": {
      "val_loss": 0.3209737241268158,
      "val_eval": 0.5877682566642761,
      "epochs": 30,
      "mse": 0.5877681970596313,
      "w2_global": 0.649854302406311,
      "cvar": 1.294090747833252
    },
    "(0.99, 0.1)": {
      "val_loss": 0.18655596673488617,
      "val_eval": 0.30662792921066284,
      "epochs": 30,
      "mse": 0.30662792921066284,
      "w2_global": 0.4177866280078888,
      "cvar": 0.7320922613143921
    },
    "(0.99, 1.0)": {
      "val_loss": 0.16765515506267548,
      "val_eval": 0.23383238911628723,
      "epochs": 30,
      "mse": 0.23383238911628723,
      "w2_global": 0.25868165493011475,
      "cvar": 0.5525655746459961
    },
    "(0.99, 5.0)": {
      "val_loss": 0.1491233855485916,
      "val_eval": 0.2576758563518524,
      "epochs": 30,
      "mse": 0.2576758563518524,
      "w2_global": 0.37523600459098816,
      "cvar": 0.6345412135124207
    },
    "(0.99, 10.0)": {
      "val_loss": 0.15232393145561218,
      "val_eval": 0.2402559518814087,
      "epochs": 30,
      "mse": 0.2402559518814087,
      "w2_global": 0.34303686022758484,
      "cvar": 0.5312087535858154
    }
  }
}