{
  "train": {
    "mse": 0.25224217772483826,
    "rmse": 0.5022371727827782,
    "mae": 0.32024630904197693,
    "w2_global": 0.5591589212417603,
    "ae_summary": {
      "mean": 0.32024630904197693,
      "std": 0.3868907690048218,
      "min": 1.2993812561035156e-05,
      "max": 3.8683419227600098,
      "p50": 0.2126866579055786,
      "p90": 0.6411610245704651,
      "p95": 0.9971224069595337,
      "p99": 2.137014389038086
    },
    "se_summary": {
      "mean": 0.25224217772483826,
      "std": 0.8298507332801819,
      "min": 1.68839164871315e-10,
      "max": 14.964069366455078,
      "p50": 0.045235615223646164,
      "p90": 0.4110874533653259,
      "p95": 0.9942531585693359,
      "p99": 4.566831111907959
    }
  },
  "val": {
    "mse": 0.2576758563518524,
    "rmse": 0.5076178250927093,
    "mae": 0.35158857703208923,
    "w2_global": 0.37523600459098816,
    "ae_summary": {
      "mean": 0.35158857703208923,
      "std": 0.3661438226699829,
      "min": 1.7583370208740234e-06,
      "max": 2.628466844558716,
      "p50": 0.2429637908935547,
      "p90": 0.7965809106826782,
      "p95": 1.1565414667129517,
      "p99": 1.8054380416870117
    },
    "se_summary": {
      "mean": 0.2576758563518524,
      "std": 0.594251811504364,
      "min": 3.091749078976136e-12,
      "max": 6.908837795257568,
      "p50": 0.059031397104263306,
      "p90": 0.6345412135124207,
      "p95": 1.3375881910324097,
      "p99": 3.2596065998077393
    }
  },
  "test": {
    "mse": 0.4910248816013336,
    "rmse": 0.7007316758940855,
    "mae": 0.47011592984199524,
    "w2_global": 0.5628032684326172,
    "ae_summary": {
      "mean": 0.47011592984199524,
      "std": 0.5196305513381958,
      "min": 5.245208740234375e-06,
      "max": 3.456502676010132,
      "p50": 0.290804922580719,
      "p90": 1.2145073413848877,
      "p95": 1.7010807991027832,
      "p99": 2.309943199157715
    },
    "se_summary": {
      "mean": 0.4910248816013336,
      "std": 1.1024941205978394,
      "min": 2.751221472863108e-11,
      "max": 11.947410583496094,
      "p50": 0.08456750214099884,
      "p90": 1.4750280380249023,
      "p95": 2.8936758041381836,
      "p99": 5.3358378410339355
    }
  }
}