{
  "train": {
    "mse": 0.58296799659729,
    "rmse": 0.7635234093315607,
    "mae": 0.4167512059211731,
    "w2_global": 0.47980690002441406,
    "ae_summary": {
      "mean": 0.4167512059211731,
      "std": 0.6397550106048584,
      "min": 1.3947486877441406e-05,
      "max": 20.913318634033203,
      "p50": 0.2461683750152588,
      "p90": 0.8855880498886108,
      "p95": 1.1317417621612549,
      "p99": 2.5582492351531982
    },
    "se_summary": {
      "mean": 0.58296799659729,
      "std": 5.937291622161865,
      "min": 1.9453239019640023e-10,
      "max": 437.36688232421875,
      "p50": 0.06059886887669563,
      "p90": 0.7842661142349243,
      "p95": 1.2808395624160767,
      "p99": 6.54464054107666
    }
  },
  "val": {
    "mse": 0.5003144145011902,
    "rmse": 0.7073290708723841,
    "mae": 0.4317528307437897,
    "w2_global": 0.37315958738327026,
    "ae_summary": {
      "mean": 0.4317528307437897,
      "std": 0.5602712631225586,
      "min": 4.8182904720306396e-05,
      "max": 15.380584716796875,
      "p50": 0.2604601979255676,
      "p90": 0.9567203521728516,
      "p95": 1.1801379919052124,
      "p99": 2.3979990482330322
    },
    "se_summary": {
      "mean": 0.5003144145011902,
      "std": 3.7663440704345703,
      "min": 2.321592251774973e-09,
      "max": 236.56239318847656,
      "p50": 0.06783951818943024,
      "p90": 0.9153138995170593,
      "p95": 1.3927258253097534,
      "p99": 5.750400066375732
    }
  },
  "test": {
    "mse": 0.6710138916969299,
    "rmse": 0.8191543759859493,
    "mae": 0.4259892702102661,
    "w2_global": 0.4844476282596588,
    "ae_summary": {
      "mean": 0.4259892702102661,
      "std": 0.6996763348579407,
      "min": 8.77678394317627e-06,
      "max": 29.799243927001953,
      "p50": 0.25078853964805603,
      "p90": 0.9187188744544983,
      "p95": 1.1331983804702759,
      "p99": 2.528740882873535
    },
    "se_summary": {
      "mean": 0.6710138916969299,
      "std": 9.671634674072266,
      "min": 7.703193638519679e-11,
      "max": 887.9949340820312,
      "p50": 0.06289489567279816,
      "p90": 0.8440443873405457,
      "p95": 1.2841386795043945,
      "p99": 6.39453125
    }
  }
}