{
  "train": {
    "mse": 0.0,
    "rmse": 0.0,
    "mae": 0.0,
    "w2_global": 0.04602859541773796,
    "ae_summary": {
      "mean": 0.0,
      "std": 0.0,
      "min": 0.0,
      "max": 0.0,
      "p50": 0.0,
      "p90": 0.0,
      "p95": 0.0,
      "p99": 0.0
    },
    "se_summary": {
      "mean": 0.0,
      "std": 0.0,
      "min": 0.0,
      "max": 0.0,
      "p50": 0.0,
      "p90": 0.0,
      "p95": 0.0,
      "p99": 0.0
    }
  },
  "val": {
    "mse": 0.21597374975681305,
    "rmse": 0.46472975992162696,
    "mae": 0.15620389580726624,
    "w2_global": 0.043787695467472076,
    "ae_summary": {
      "mean": 0.15620389580726624,
      "std": 0.4376918077468872,
      "min": 2.086162567138672e-06,
      "max": 2.8923966884613037,
      "p50": 0.036711156368255615,
      "p90": 0.2057379186153412,
      "p95": 0.749395489692688,
      "p99": 2.588231325149536
    },
    "se_summary": {
      "mean": 0.21597374975681305,
      "std": 1.0315061807632446,
      "min": 4.352074256530614e-12,
      "max": 8.365958213806152,
      "p50": 0.0013477089814841747,
      "p90": 0.04232809320092201,
      "p95": 0.5615940690040588,
      "p99": 6.698941230773926
    }
  },
  "test": {
    "mse": 0.21343953907489777,
    "rmse": 0.46199517213375485,
    "mae": 0.1562734991312027,
    "w2_global": 0.0429224967956543,
    "ae_summary": {
      "mean": 0.1562734991312027,
      "std": 0.4347621500492096,
      "min": 5.364418029785156e-07,
      "max": 2.9062087535858154,
      "p50": 0.03716325759887695,
      "p90": 0.21466784179210663,
      "p95": 0.7532986998558044,
      "p99": 2.5877134799957275
    },
    "se_summary": {
      "mean": 0.21343953907489777,
      "std": 1.0168960094451904,
      "min": 2.877698079828406e-13,
      "max": 8.446049690246582,
      "p50": 0.0013811077224090695,
      "p90": 0.046082280576229095,
      "p95": 0.5674589276313782,
      "p99": 6.696260929107666
    }
  }
}