{
  "best_alpha": 0.99,
  "best_gamma": 0.1,
  "alpha_grid": [
    0.99
  ],
  "gamma_grid": [
    0.1
  ],
  "results": {
    "(0.99, 0.1)": {
      "val_loss": 0.0011940833646804094,
      "val_eval": 0.2807188034057617,
      "epoch": 30,
      "mse": 0.2807188034057617
    }
  },
  "standalone_mode": true
}