{
  "train": {
    "mse": 0.0010316561674699187,
    "rmse": 0.03211940484302159,
    "mae": 0.01798425056040287,
    "w2_global": 0.006703138817101717,
    "ae_summary": {
      "mean": 0.01798425056040287,
      "std": 0.026612458750605583,
      "min": 8.940696716308594e-08,
      "max": 1.2007880210876465,
      "p50": 0.013464361429214478,
      "p90": 0.03370088338851929,
      "p95": 0.04480622708797455,
      "p99": 0.09361547231674194
    },
    "se_summary": {
      "mean": 0.0010316561674699187,
      "std": 0.014718429185450077,
      "min": 7.993605777301127e-15,
      "max": 1.4418919086456299,
      "p50": 0.00018128904048353434,
      "p90": 0.0011357495095580816,
      "p95": 0.0020075980573892593,
      "p99": 0.008763857185840607
    }
  },
  "val": {
    "mse": 0.2807188034057617,
    "rmse": 0.5298290322413087,
    "mae": 0.3840111792087555,
    "w2_global": 0.006219055037945509,
    "ae_summary": {
      "mean": 0.3840111792087555,
      "std": 0.3650400638580322,
      "min": 0.00018912553787231445,
      "max": 2.599219560623169,
      "p50": 0.28808093070983887,
      "p90": 0.8143172860145569,
      "p95": 1.1351706981658936,
      "p99": 1.8016526699066162
    },
    "se_summary": {
      "mean": 0.2807188034057617,
      "std": 0.6196013689041138,
      "min": 3.576846907549225e-08,
      "max": 6.755942344665527,
      "p50": 0.0829906240105629,
      "p90": 0.6631202101707458,
      "p95": 1.2886176109313965,
      "p99": 3.2459681034088135
    }
  },
  "test": {
    "mse": 0.27550747990608215,
    "rmse": 0.5248880641680492,
    "mae": 0.3787645399570465,
    "w2_global": 0.008722683414816856,
    "ae_summary": {
      "mean": 0.3787645399570465,
      "std": 0.3633798360824585,
      "min": 0.0002071857452392578,
      "max": 2.474597454071045,
      "p50": 0.26999950408935547,
      "p90": 0.8492120504379272,
      "p95": 1.1433589458465576,
      "p99": 1.690659523010254
    },
    "se_summary": {
      "mean": 0.27550747990608215,
      "std": 0.5571033358573914,
      "min": 4.292593303034664e-08,
      "max": 6.123632431030273,
      "p50": 0.072899729013443,
      "p90": 0.7211611270904541,
      "p95": 1.3072696924209595,
      "p99": 2.8583295345306396
    }
  }
}