{
  "best_alpha": 0.99,
  "best_gamma": 10.0,
  "alpha_grid": [
    0.01,
    0.25,
    0.5,
    0.75,
    0.99
  ],
  "gamma_grid": [
    0.1,
    1.0,
    5.0,
    10.0
  ],
  "results": {
    "(0.01, 0.1)": {
      "val_loss": 0.9323053359985352,
      "val_eval": 0.8201342225074768,
      "epoch": 30,
      "mse": 0.820134162902832,
      "w2_global": 0.7117645740509033,
      "cvar": 1.9388511180877686
    },
    "(0.01, 1.0)": {
      "val_loss": 0.9298177361488342,
      "val_eval": 0.813091516494751,
      "epoch": 30,
      "mse": 0.8130914568901062,
      "w2_global": 0.7099831700325012,
      "cvar": 1.915164828300476
    },
    "(0.01, 5.0)": {
      "val_loss": 0.9324479103088379,
      "val_eval": 0.8186638355255127,
      "epoch": 30,
      "mse": 0.8186637759208679,
      "w2_global": 0.7146791219711304,
      "cvar": 1.9334945678710938
    },
    "(0.01, 10.0)": {
      "val_loss": 0.9327220916748047,
      "val_eval": 0.8141191005706787,
      "epoch": 30,
      "mse": 0.8141191005706787,
      "w2_global": 0.7085012197494507,
      "cvar": 1.9086692333221436
    },
    "(0.25, 0.1)": {
      "val_loss": 0.9319148659706116,
      "val_eval": 0.8125603795051575,
      "epoch": 30,
      "mse": 0.8125603795051575,
      "w2_global": 0.7105596661567688,
      "cvar": 1.9088666439056396
    },
    "(0.25, 1.0)": {
      "val_loss": 0.9303931593894958,
      "val_eval": 0.8116450309753418,
      "epoch": 30,
      "mse": 0.8116450309753418,
      "w2_global": 0.7119563817977905,
      "cvar": 1.9192631244659424
    },
    "(0.25, 5.0)": {
      "val_loss": 0.913841187953949,
      "val_eval": 0.8011430501937866,
      "epoch": 30,
      "mse": 0.8011430501937866,
      "w2_global": 0.701259434223175,
      "cvar": 1.8766803741455078
    },
    "(0.25, 10.0)": {
      "val_loss": 0.9103609919548035,
      "val_eval": 0.7961549758911133,
      "epoch": 30,
      "mse": 0.7961549758911133,
      "w2_global": 0.7058971524238586,
      "cvar": 1.8664140701293945
    },
    "(0.5, 0.1)": {
      "val_loss": 0.8979543447494507,
      "val_eval": 0.7864800691604614,
      "epoch": 30,
      "mse": 0.7864800691604614,
      "w2_global": 0.7012816667556763,
      "cvar": 1.824340581893921
    },
    "(0.5, 1.0)": {
      "val_loss": 0.8720957040786743,
      "val_eval": 0.7505214214324951,
      "epoch": 30,
      "mse": 0.7505213618278503,
      "w2_global": 0.6772183179855347,
      "cvar": 1.7004624605178833
    },
    "(0.5, 5.0)": {
      "val_loss": 0.8566824793815613,
      "val_eval": 0.7419114112854004,
      "epoch": 30,
      "mse": 0.7419114112854004,
      "w2_global": 0.669629693031311,
      "cvar": 1.6672699451446533
    },
    "(0.5, 10.0)": {
      "val_loss": 0.9095019102096558,
      "val_eval": 0.7933390140533447,
      "epoch": 30,
      "mse": 0.7933390140533447,
      "w2_global": 0.7020968198776245,
      "cvar": 1.8416643142700195
    },
    "(0.75, 0.1)": {
      "val_loss": 0.7387688159942627,
      "val_eval": 0.6336391568183899,
      "epoch": 28,
      "mse": 0.6336390972137451,
      "w2_global": 0.5961548686027527,
      "cvar": 1.2808161973953247
    },
    "(0.75, 1.0)": {
      "val_loss": 0.690333366394043,
      "val_eval": 0.581649124622345,
      "epoch": 30,
      "mse": 0.581649124622345,
      "w2_global": 0.5171115398406982,
      "cvar": 1.132805585861206
    },
    "(0.75, 5.0)": {
      "val_loss": 0.751896858215332,
      "val_eval": 0.6340612173080444,
      "epoch": 26,
      "mse": 0.6340612173080444,
      "w2_global": 0.5888711810112,
      "cvar": 1.2709763050079346
    },
    "(0.75, 10.0)": {
      "val_loss": 0.726977527141571,
      "val_eval": 0.6167522072792053,
      "epoch": 28,
      "mse": 0.6167521476745605,
      "w2_global": 0.5455659031867981,
      "cvar": 1.1849207878112793
    },
    "(0.99, 0.1)": {
      "val_loss": 0.5436349511146545,
      "val_eval": 0.43449610471725464,
      "epoch": 30,
      "mse": 0.43449607491493225,
      "w2_global": 0.34832605719566345,
      "cvar": 0.7219542264938354
    },
    "(0.99, 1.0)": {
      "val_loss": 0.5585866570472717,
      "val_eval": 0.4371112883090973,
      "epoch": 29,
      "mse": 0.4371112883090973,
      "w2_global": 0.3266569972038269,
      "cvar": 0.6935812830924988
    },
    "(0.99, 5.0)": {
      "val_loss": 0.5661206245422363,
      "val_eval": 0.4570380449295044,
      "epoch": 30,
      "mse": 0.4570380449295044,
      "w2_global": 0.3673742115497589,
      "cvar": 0.6947891712188721
    },
    "(0.99, 10.0)": {
      "val_loss": 0.529545783996582,
      "val_eval": 0.41093704104423523,
      "epoch": 30,
      "mse": 0.41093704104423523,
      "w2_global": 0.32946425676345825,
      "cvar": 0.6361250877380371
    }
  }
}