{
  "train": {
    "mse": 0.4911094605922699,
    "rmse": 0.7007920237790024,
    "mae": 0.36625581979751587,
    "w2_global": 0.45738300681114197,
    "ae_summary": {
      "mean": 0.36625581979751587,
      "std": 0.5974664092063904,
      "min": 5.885958671569824e-07,
      "max": 20.84144401550293,
      "p50": 0.2359778881072998,
      "p90": 0.7622017860412598,
      "p95": 0.9997484087944031,
      "p99": 2.380181312561035
    },
    "se_summary": {
      "mean": 0.4911094605922699,
      "std": 5.760867118835449,
      "min": 3.464450948342801e-13,
      "max": 434.36578369140625,
      "p50": 0.05568556487560272,
      "p90": 0.5809515714645386,
      "p95": 0.9994969367980957,
      "p99": 5.665280342102051
    }
  },
  "val": {
    "mse": 0.41093704104423523,
    "rmse": 0.6410437122725994,
    "mae": 0.3751159608364105,
    "w2_global": 0.32946425676345825,
    "ae_summary": {
      "mean": 0.3751159608364105,
      "std": 0.5198317766189575,
      "min": 7.62939453125e-06,
      "max": 15.343381881713867,
      "p50": 0.2436375617980957,
      "p90": 0.7975744605064392,
      "p95": 1.0346747636795044,
      "p99": 2.1015164852142334
    },
    "se_summary": {
      "mean": 0.41093704104423523,
      "std": 3.691451072692871,
      "min": 5.820766091346741e-11,
      "max": 235.41937255859375,
      "p50": 0.05935925990343094,
      "p90": 0.6361250877380371,
      "p95": 1.070551872253418,
      "p99": 4.416371822357178
    }
  },
  "test": {
    "mse": 0.5946409702301025,
    "rmse": 0.7711296714756232,
    "mae": 0.3819529712200165,
    "w2_global": 0.4676227569580078,
    "ae_summary": {
      "mean": 0.3819529712200165,
      "std": 0.6698902249336243,
      "min": 2.8483569622039795e-05,
      "max": 29.879121780395508,
      "p50": 0.2417004108428955,
      "p90": 0.7821101546287537,
      "p95": 1.0062052011489868,
      "p99": 2.448847532272339
    },
    "se_summary": {
      "mean": 0.5946409702301025,
      "std": 9.586127281188965,
      "min": 8.113137384135882e-10,
      "max": 892.7619018554688,
      "p50": 0.058419086039066315,
      "p90": 0.6116963624954224,
      "p95": 1.0124489068984985,
      "p99": 5.996855735778809
    }
  }
}