{
  "best_alpha": 0.99,
  "best_gamma": 5.0,
  "alpha_grid": [
    0.01,
    0.25,
    0.5,
    0.75,
    0.99
  ],
  "gamma_grid": [
    0.1,
    1.0,
    5.0,
    10.0
  ],
  "results": {
    "(0.01, 0.1)": {
      "val_loss": 0.47758561831254226,
      "val_eval": 0.6264052230578202,
      "epoch": 29,
      "mse": 0.630763590335846,
      "w2_global": 0.07978712767362595,
      "cvar": 0.9121930599212646
    },
    "(0.01, 1.0)": {
      "val_loss": 0.5222713534648602,
      "val_eval": 0.6478158694047195,
      "epoch": 24,
      "mse": 0.6522657871246338,
      "w2_global": 0.0788373127579689,
      "cvar": 0.9550042748451233
    },
    "(0.01, 5.0)": {
      "val_loss": 0.4937068017629477,
      "val_eval": 0.611648963047908,
      "epoch": 21,
      "mse": 0.6167722940444946,
      "w2_global": 0.07793164998292923,
      "cvar": 0.925987184047699
    },
    "(0.01, 10.0)": {
      "val_loss": 0.5040777715352865,
      "val_eval": 0.609646391410094,
      "epoch": 14,
      "mse": 0.6129499673843384,
      "w2_global": 0.07622073590755463,
      "cvar": 0.8882616758346558
    },
    "(0.25, 0.1)": {
      "val_loss": 0.33741013476481807,
      "val_eval": 0.4402004721073004,
      "epoch": 29,
      "mse": 0.4440454840660095,
      "w2_global": 0.07211826741695404,
      "cvar": 0.5523672103881836
    },
    "(0.25, 1.0)": {
      "val_loss": 0.33237494413669294,
      "val_eval": 0.4396709375656568,
      "epoch": 30,
      "mse": 0.4433310627937317,
      "w2_global": 0.07247278094291687,
      "cvar": 0.5546519756317139
    },
    "(0.25, 5.0)": {
      "val_loss": 0.33184703955283534,
      "val_eval": 0.43923079852874464,
      "epoch": 30,
      "mse": 0.4424658715724945,
      "w2_global": 0.07237768918275833,
      "cvar": 0.5677076578140259
    },
    "(0.25, 10.0)": {
      "val_loss": 0.3477728550250714,
      "val_eval": 0.4554752971117313,
      "epoch": 30,
      "mse": 0.45889952778816223,
      "w2_global": 0.07270525395870209,
      "cvar": 0.5883387923240662
    },
    "(0.5, 0.1)": {
      "val_loss": 0.33287650461380297,
      "val_eval": 0.43263616814063144,
      "epoch": 28,
      "mse": 0.4359780251979828,
      "w2_global": 0.07151972502470016,
      "cvar": 0.5410037636756897
    },
    "(0.5, 1.0)": {
      "val_loss": 0.3322406353858801,
      "val_eval": 0.43265407245892745,
      "epoch": 30,
      "mse": 0.43625548481941223,
      "w2_global": 0.07175826281309128,
      "cvar": 0.5515500903129578
    },
    "(0.5, 5.0)": {
      "val_loss": 0.3336670169463524,
      "val_eval": 0.4395700612893471,
      "epoch": 30,
      "mse": 0.4430816173553467,
      "w2_global": 0.07147802412509918,
      "cvar": 0.5524024963378906
    },
    "(0.5, 10.0)": {
      "val_loss": 0.3341595438810495,
      "val_eval": 0.4186676087287756,
      "epoch": 28,
      "mse": 0.42211997509002686,
      "w2_global": 0.07091625034809113,
      "cvar": 0.5465013980865479
    },
    "(0.75, 0.1)": {
      "val_loss": 0.3251566176231091,
      "val_eval": 0.4331404108267564,
      "epoch": 25,
      "mse": 0.4368894398212433,
      "w2_global": 0.07173456996679306,
      "cvar": 0.5303584933280945
    },
    "(0.75, 1.0)": {
      "val_loss": 0.32608267550285047,
      "val_eval": 0.42386395656145537,
      "epoch": 29,
      "mse": 0.4276328682899475,
      "w2_global": 0.07139050960540771,
      "cvar": 0.5329752564430237
    },
    "(0.75, 5.0)": {
      "val_loss": 0.3211721663291638,
      "val_eval": 0.4275159927514883,
      "epoch": 29,
      "mse": 0.4307481646537781,
      "w2_global": 0.07132726907730103,
      "cvar": 0.528056800365448
    },
    "(0.75, 10.0)": {
      "val_loss": 0.3183591766999318,
      "val_eval": 0.42290315146629626,
      "epoch": 27,
      "mse": 0.4263796806335449,
      "w2_global": 0.07147276401519775,
      "cvar": 0.539272129535675
    },
    "(0.99, 0.1)": {
      "val_loss": 0.3233679372530717,
      "val_eval": 0.4225489141849371,
      "epoch": 30,
      "mse": 0.42590412497520447,
      "w2_global": 0.07088927924633026,
      "cvar": 0.5319932699203491
    },
    "(0.99, 1.0)": {
      "val_loss": 0.32457241530601794,
      "val_eval": 0.4198242895878278,
      "epoch": 29,
      "mse": 0.4230674207210541,
      "w2_global": 0.07134786248207092,
      "cvar": 0.5262155532836914
    },
    "(0.99, 5.0)": {
      "val_loss": 0.3189512284902426,
      "val_eval": 0.41762721882416654,
      "epoch": 30,
      "mse": 0.4213658273220062,
      "w2_global": 0.07100914418697357,
      "cvar": 0.5298071503639221
    },
    "(0.99, 10.0)": {
      "val_loss": 0.32027500638594997,
      "val_eval": 0.42201714790784395,
      "epoch": 29,
      "mse": 0.4252679646015167,
      "w2_global": 0.07112652063369751,
      "cvar": 0.5162397027015686
    }
  }
}