{
  "train": {
    "mse": 0.30848193168640137,
    "rmse": 0.5554114976181186,
    "mae": 0.30385103821754456,
    "w2_global": 0.03955334052443504,
    "ae_summary": {
      "mean": 0.30385103821754456,
      "std": 0.4649263322353363,
      "min": 4.6193599700927734e-07,
      "max": 72.33820343017578,
      "p50": 0.18480180203914642,
      "p90": 0.6859981417655945,
      "p95": 0.9595221281051636,
      "p99": 1.7656604051589966
    },
    "se_summary": {
      "mean": 0.30848193168640137,
      "std": 9.924968719482422,
      "min": 2.1338486533295509e-13,
      "max": 5232.81591796875,
      "p50": 0.034151703119277954,
      "p90": 0.4705934524536133,
      "p95": 0.9206827878952026,
      "p99": 3.117556571960449
    }
  },
  "val": {
    "mse": 0.4213658273220062,
    "rmse": 0.6491269731893802,
    "mae": 0.32316863536834717,
    "w2_global": 0.07100914418697357,
    "ae_summary": {
      "mean": 0.32316863536834717,
      "std": 0.5629634261131287,
      "min": 1.753494143486023e-05,
      "max": 37.24266815185547,
      "p50": 0.19185996055603027,
      "p90": 0.7278785109519958,
      "p95": 1.009187936782837,
      "p99": 1.8790074586868286
    },
    "se_summary": {
      "mean": 0.4213658273220062,
      "std": 12.438775062561035,
      "min": 3.074741572461903e-10,
      "max": 1387.016357421875,
      "p50": 0.036810245364904404,
      "p90": 0.5298071503639221,
      "p95": 1.018460750579834,
      "p99": 3.5307095050811768
    }
  },
  "test": {
    "mse": 0.40249335765838623,
    "rmse": 0.6344236421023307,
    "mae": 0.31948691606521606,
    "w2_global": 0.04648759216070175,
    "ae_summary": {
      "mean": 0.31948691606521606,
      "std": 0.5481071472167969,
      "min": 4.958361387252808e-06,
      "max": 26.23553466796875,
      "p50": 0.19157634675502777,
      "p90": 0.7122636437416077,
      "p95": 0.9880669713020325,
      "p99": 1.8800749778747559
    },
    "se_summary": {
      "mean": 0.40249335765838623,
      "std": 8.6394624710083,
      "min": 2.4585347646599587e-11,
      "max": 688.3032836914062,
      "p50": 0.036701496690511703,
      "p90": 0.5073195099830627,
      "p95": 0.9762763381004333,
      "p99": 3.534682273864746
    }
  }
}