{
  "train": {
    "mse": 0.41290876269340515,
    "rmse": 0.6425797714629718,
    "mae": 0.38611990213394165,
    "w2_global": 0.4021226167678833,
    "ae_summary": {
      "mean": 0.38611990213394165,
      "std": 0.5136343240737915,
      "min": 3.014691174030304e-06,
      "max": 72.97276306152344,
      "p50": 0.2661583721637726,
      "p90": 0.829572319984436,
      "p95": 1.1214478015899658,
      "p99": 2.0382118225097656
    },
    "se_summary": {
      "mean": 0.41290876269340515,
      "std": 12.480172157287598,
      "min": 9.088362874776212e-12,
      "max": 5325.02392578125,
      "p50": 0.0708402767777443,
      "p90": 0.688190221786499,
      "p95": 1.2576453685760498,
      "p99": 4.1543073654174805
    }
  },
  "val": {
    "mse": 1.0500510931015015,
    "rmse": 1.0247200071734237,
    "mae": 0.7209353446960449,
    "w2_global": 0.4043196439743042,
    "ae_summary": {
      "mean": 0.7209353446960449,
      "std": 0.7282192707061768,
      "min": 7.374212145805359e-06,
      "max": 35.784732818603516,
      "p50": 0.5666676759719849,
      "p90": 1.4647703170776367,
      "p95": 1.862472653388977,
      "p99": 2.9476633071899414
    },
    "se_summary": {
      "mean": 1.0500510931015015,
      "std": 8.59715747833252,
      "min": 5.4379004771343276e-11,
      "max": 1280.547119140625,
      "p50": 0.3211122453212738,
      "p90": 2.145552158355713,
      "p95": 3.468804359436035,
      "p99": 8.688718795776367
    }
  },
  "test": {
    "mse": 0.9992189407348633,
    "rmse": 0.9996093940809396,
    "mae": 0.7157805562019348,
    "w2_global": 0.39692607522010803,
    "ae_summary": {
      "mean": 0.7157805562019348,
      "std": 0.6977658271789551,
      "min": 1.3075768947601318e-05,
      "max": 35.82724380493164,
      "p50": 0.5646741390228271,
      "p90": 1.4650604724884033,
      "p95": 1.850569248199463,
      "p99": 2.8819918632507324
    },
    "se_summary": {
      "mean": 0.9992189407348633,
      "std": 7.73485803604126,
      "min": 1.709757335710549e-10,
      "max": 1283.5914306640625,
      "p50": 0.3188568949699402,
      "p90": 2.14640212059021,
      "p95": 3.4246068000793457,
      "p99": 8.305877685546875
    }
  }
}