{
  "train": {
    "mse": 0.0,
    "rmse": 0.0,
    "mae": 0.0,
    "w2_global": 0.4123784601688385,
    "ae_summary": {
      "mean": 0.0,
      "std": 0.0,
      "min": 0.0,
      "max": 0.0,
      "p50": 0.0,
      "p90": 0.0,
      "p95": 0.0,
      "p99": 0.0
    },
    "se_summary": {
      "mean": 0.0,
      "std": 0.0,
      "min": 0.0,
      "max": 0.0,
      "p50": 0.0,
      "p90": 0.0,
      "p95": 0.0,
      "p99": 0.0
    }
  },
  "val": {
    "mse": 1.4539821147918701,
    "rmse": 1.2058118073695705,
    "mae": 0.7535451054573059,
    "w2_global": 0.41840362548828125,
    "ae_summary": {
      "mean": 0.7535451054573059,
      "std": 0.9413564205169678,
      "min": 0.0,
      "max": 12.841800689697266,
      "p50": 0.562126100063324,
      "p90": 1.6123647689819336,
      "p95": 1.9021426439285278,
      "p99": 4.637531757354736
    },
    "se_summary": {
      "mean": 1.4539821147918701,
      "std": 6.132853031158447,
      "min": 0.0,
      "max": 164.91184997558594,
      "p50": 0.315985769033432,
      "p90": 2.5997202396392822,
      "p95": 3.6181468963623047,
      "p99": 21.506820678710938
    }
  },
  "test": {
    "mse": 1.7899800539016724,
    "rmse": 1.3379013617982727,
    "mae": 0.7233802080154419,
    "w2_global": 0.49903035163879395,
    "ae_summary": {
      "mean": 0.7233802080154419,
      "std": 1.1254781484603882,
      "min": 0.0,
      "max": 31.39106559753418,
      "p50": 0.5457172393798828,
      "p90": 1.4443957805633545,
      "p95": 1.7141978740692139,
      "p99": 3.7208898067474365
    },
    "se_summary": {
      "mean": 1.7899800539016724,
      "std": 19.805377960205078,
      "min": 0.0,
      "max": 985.3989868164062,
      "p50": 0.2978073060512543,
      "p90": 2.0862791538238525,
      "p95": 2.938474416732788,
      "p99": 13.845030784606934
    }
  }
}