{
  "test": {
    "mse": 0.06585977226495743,
    "rmse": 0.2566315885953197,
    "mae": 0.06528176367282867,
    "w2_global": 0.012742416933178902,
    "ae_summary": {
      "mean": 0.06528176367282867,
      "std": 0.24818958342075348,
      "min": 1.5050172805786133e-06,
      "max": 9.740574836730957,
      "p50": 0.022942960262298584,
      "p90": 0.12450698018074036,
      "p95": 0.20532724261283875,
      "p99": 0.7270342111587524
    },
    "se_summary": {
      "mean": 0.06585977226495743,
      "std": 1.435678482055664,
      "min": 2.2650770148402444e-12,
      "max": 94.87879943847656,
      "p50": 0.0005263794446364045,
      "p90": 0.01550198718905449,
      "p95": 0.04215933009982109,
      "p99": 0.5285923480987549
    }
  }
}