{
  "train": {
    "mse": 3800.313720703125,
    "rmse": 61.64668458808734,
    "mae": 46.2597770690918,
    "w2_global": 0.17110048234462738,
    "ae_summary": {
      "mean": 46.2597770690918,
      "std": 40.74734878540039,
      "min": 7.581710815429688e-05,
      "max": 567.5008544921875,
      "p50": 35.91091537475586,
      "p90": 98.79132843017578,
      "p95": 124.09062194824219,
      "p99": 184.82656860351562
    },
    "se_summary": {
      "mean": 3800.313720703125,
      "std": 7862.3544921875,
      "min": 5.74823388888035e-09,
      "max": 322057.21875,
      "p50": 1289.5938720703125,
      "p90": 9759.7265625,
      "p95": 15398.482421875,
      "p99": 34160.859375
    }
  },
  "val": {
    "mse": 0.499866783618927,
    "rmse": 0.7070125767049176,
    "mae": 0.35773909091949463,
    "w2_global": 0.18580955266952515,
    "ae_summary": {
      "mean": 0.35773909091949463,
      "std": 0.60982745885849,
      "min": 1.0477378964424133e-05,
      "max": 35.552120208740234,
      "p50": 0.19078797101974487,
      "p90": 0.8369482159614563,
      "p95": 1.2200469970703125,
      "p99": 2.405423164367676
    },
    "se_summary": {
      "mean": 0.499866783618927,
      "std": 8.396162033081055,
      "min": 1.0977546649471037e-10,
      "max": 1263.9532470703125,
      "p50": 0.036400049924850464,
      "p90": 0.7004823088645935,
      "p95": 1.4885146617889404,
      "p99": 5.786060810089111
    }
  },
  "test": {
    "mse": 0.4508430063724518,
    "rmse": 0.671448439101955,
    "mae": 0.3483288288116455,
    "w2_global": 0.1558000147342682,
    "ae_summary": {
      "mean": 0.3483288288116455,
      "std": 0.5740296244621277,
      "min": 5.230307579040527e-06,
      "max": 36.02904510498047,
      "p50": 0.185878187417984,
      "p90": 0.8235064744949341,
      "p95": 1.1872649192810059,
      "p99": 2.389115810394287
    },
    "se_summary": {
      "mean": 0.4508430063724518,
      "std": 7.612732887268066,
      "min": 2.7356117371368782e-11,
      "max": 1298.092041015625,
      "p50": 0.034550704061985016,
      "p90": 0.6781628131866455,
      "p95": 1.4095979928970337,
      "p99": 5.707874774932861
    }
  }
}