{
  "train": {
    "mse": 0.0,
    "rmse": 0.0,
    "mae": 0.0,
    "w2_global": 0.4271843433380127,
    "ae_summary": {
      "mean": 0.0,
      "std": 0.0,
      "min": 0.0,
      "max": 0.0,
      "p50": 0.0,
      "p90": 0.0,
      "p95": 0.0,
      "p99": 0.0
    },
    "se_summary": {
      "mean": 0.0,
      "std": 0.0,
      "min": 0.0,
      "max": 0.0,
      "p50": 0.0,
      "p90": 0.0,
      "p95": 0.0,
      "p99": 0.0
    }
  },
  "val": {
    "mse": 1.076978325843811,
    "rmse": 1.0377756625802184,
    "mae": 0.8022412657737732,
    "w2_global": 0.478761225938797,
    "ae_summary": {
      "mean": 0.8022412657737732,
      "std": 0.6583215594291687,
      "min": 1.5437602996826172e-05,
      "max": 7.503133296966553,
      "p50": 0.6530053019523621,
      "p90": 1.6796317100524902,
      "p95": 2.0181334018707275,
      "p99": 2.841580867767334
    },
    "se_summary": {
      "mean": 1.076978325843811,
      "std": 2.0772788524627686,
      "min": 2.383195862876164e-10,
      "max": 56.2970085144043,
      "p50": 0.42641592025756836,
      "p90": 2.8211631774902344,
      "p95": 4.07286262512207,
      "p99": 8.074604988098145
    }
  },
  "test": {
    "mse": 1.0188096761703491,
    "rmse": 1.0093610237027923,
    "mae": 0.7772078514099121,
    "w2_global": 0.5494095683097839,
    "ae_summary": {
      "mean": 0.7772078514099121,
      "std": 0.6440168023109436,
      "min": 2.446770668029785e-05,
      "max": 5.636204242706299,
      "p50": 0.6251084208488464,
      "p90": 1.6364957094192505,
      "p95": 1.9936332702636719,
      "p99": 2.8691647052764893
    },
    "se_summary": {
      "mean": 1.0188096761703491,
      "std": 1.8056151866912842,
      "min": 5.986686701930921e-10,
      "max": 31.76679801940918,
      "p50": 0.39076054096221924,
      "p90": 2.6781182289123535,
      "p95": 3.974574089050293,
      "p99": 8.232109069824219
    }
  }
}