{
  "train": {
    "mse": 0.27799084782600403,
    "rmse": 0.5272483739434424,
    "mae": 0.35752981901168823,
    "w2_global": 0.020851632580161095,
    "ae_summary": {
      "mean": 0.35752981901168823,
      "std": 0.3875090777873993,
      "min": 3.0875205993652344e-05,
      "max": 8.907831192016602,
      "p50": 0.24885642528533936,
      "p90": 0.7819997072219849,
      "p95": 1.0647616386413574,
      "p99": 1.881622552871704
    },
    "se_summary": {
      "mean": 0.27799084782600403,
      "std": 1.0609058141708374,
      "min": 9.532783451504656e-10,
      "max": 79.34945678710938,
      "p50": 0.06192952021956444,
      "p90": 0.6115235090255737,
      "p95": 1.1337181329727173,
      "p99": 3.540522336959839
    }
  },
  "val": {
    "mse": 0.2789197266101837,
    "rmse": 0.5281285133470676,
    "mae": 0.3859041929244995,
    "w2_global": 0.03188800811767578,
    "ae_summary": {
      "mean": 0.3859041929244995,
      "std": 0.3605518937110901,
      "min": 0.006615340709686279,
      "max": 2.1305246353149414,
      "p50": 0.2553720474243164,
      "p90": 0.8448185920715332,
      "p95": 1.0668364763259888,
      "p99": 1.8882766962051392
    },
    "se_summary": {
      "mean": 0.2789197266101837,
      "std": 0.5650011897087097,
      "min": 4.376273136585951e-05,
      "max": 4.539135456085205,
      "p50": 0.06521487981081009,
      "p90": 0.7138628959655762,
      "p95": 1.1382629871368408,
      "p99": 3.5658822059631348
    }
  },
  "test": {
    "mse": 0.18426841497421265,
    "rmse": 0.42926497058834495,
    "mae": 0.32025083899497986,
    "w2_global": 0.019545186311006546,
    "ae_summary": {
      "mean": 0.32025083899497986,
      "std": 0.2858457863330841,
      "min": 0.0004146397113800049,
      "max": 1.6181005239486694,
      "p50": 0.22776691615581512,
      "p90": 0.7210559844970703,
      "p95": 0.9176482558250427,
      "p99": 1.1951560974121094
    },
    "se_summary": {
      "mean": 0.18426841497421265,
      "std": 0.3090522289276123,
      "min": 1.7192608936511533e-07,
      "max": 2.6182494163513184,
      "p50": 0.051877766847610474,
      "p90": 0.519931435585022,
      "p95": 0.8420820236206055,
      "p99": 1.428398847579956
    }
  }
}