{
  "train": {
    "mse": 0.0,
    "rmse": 0.0,
    "mae": 0.0,
    "w2_global": 0.017967410385608673,
    "ae_summary": {
      "mean": 0.0,
      "std": 0.0,
      "min": 0.0,
      "max": 0.0,
      "p50": 0.0,
      "p90": 0.0,
      "p95": 0.0,
      "p99": 0.0
    },
    "se_summary": {
      "mean": 0.0,
      "std": 0.0,
      "min": 0.0,
      "max": 0.0,
      "p50": 0.0,
      "p90": 0.0,
      "p95": 0.0,
      "p99": 0.0
    }
  },
  "val": {
    "mse": 1.6054028272628784,
    "rmse": 1.2670449191969788,
    "mae": 0.9293462634086609,
    "w2_global": 0.054579004645347595,
    "ae_summary": {
      "mean": 0.9293462634086609,
      "std": 0.861230731010437,
      "min": 2.5004148483276367e-05,
      "max": 8.488482475280762,
      "p50": 0.6650927066802979,
      "p90": 2.1088507175445557,
      "p95": 2.6191422939300537,
      "p99": 3.7904958724975586
    },
    "se_summary": {
      "mean": 1.6054028272628784,
      "std": 3.124948024749756,
      "min": 6.252074413737319e-10,
      "max": 72.05433654785156,
      "p50": 0.4423483610153198,
      "p90": 4.447250843048096,
      "p95": 6.859906196594238,
      "p99": 14.367860794067383
    }
  },
  "test": {
    "mse": 1.9501882791519165,
    "rmse": 1.3964914175002712,
    "mae": 1.0401157140731812,
    "w2_global": 0.0430627167224884,
    "ae_summary": {
      "mean": 1.0401157140731812,
      "std": 0.9318518042564392,
      "min": 2.0265579223632812e-06,
      "max": 10.875431060791016,
      "p50": 0.7755794525146484,
      "p90": 2.3168091773986816,
      "p95": 2.859307050704956,
      "p99": 4.114718914031982
    },
    "se_summary": {
      "mean": 1.9501882791519165,
      "std": 3.6693267822265625,
      "min": 4.106937012693379e-12,
      "max": 118.2750015258789,
      "p50": 0.6015234589576721,
      "p90": 5.367605686187744,
      "p95": 8.175637245178223,
      "p99": 16.9309139251709
    }
  }
}