{
  "train": {
    "mse": 0.007130271289497614,
    "rmse": 0.0844409337317963,
    "mae": 0.04100148379802704,
    "w2_global": 0.27722880244255066,
    "ae_summary": {
      "mean": 0.04100148379802704,
      "std": 0.07381835579872131,
      "min": 4.172325134277344e-06,
      "max": 3.6191744804382324,
      "p50": 0.03100764751434326,
      "p90": 0.07138482481241226,
      "p95": 0.09067469835281372,
      "p99": 0.23702006042003632
    },
    "se_summary": {
      "mean": 0.007130271289497614,
      "std": 0.14590923488140106,
      "min": 1.7408297026122455e-11,
      "max": 13.098423957824707,
      "p50": 0.0009614742011763155,
      "p90": 0.005095792934298515,
      "p95": 0.008221901021897793,
      "p99": 0.05617886409163475
    }
  },
  "val": {
    "mse": 1.572742223739624,
    "rmse": 1.2540901976092564,
    "mae": 0.9425938725471497,
    "w2_global": 0.33086875081062317,
    "ae_summary": {
      "mean": 0.9425938725471497,
      "std": 0.8271995186805725,
      "min": 0.0002022087574005127,
      "max": 5.431849002838135,
      "p50": 0.7397564649581909,
      "p90": 1.9739428758621216,
      "p95": 2.525468111038208,
      "p99": 4.221375942230225
    },
    "se_summary": {
      "mean": 1.572742223739624,
      "std": 3.0380642414093018,
      "min": 4.088838068128098e-08,
      "max": 29.50498390197754,
      "p50": 0.5472396016120911,
      "p90": 3.896450996398926,
      "p95": 6.377991676330566,
      "p99": 17.820043563842773
    }
  },
  "test": {
    "mse": 1.7211990356445312,
    "rmse": 1.3119447532745163,
    "mae": 0.9688858389854431,
    "w2_global": 0.3895665407180786,
    "ae_summary": {
      "mean": 0.9688858389854431,
      "std": 0.8845672607421875,
      "min": 0.00027289241552352905,
      "max": 6.05839204788208,
      "p50": 0.7093671560287476,
      "p90": 2.15057110786438,
      "p95": 2.6556272506713867,
      "p99": 4.158712863922119
    },
    "se_summary": {
      "mean": 1.7211990356445312,
      "std": 3.4063267707824707,
      "min": 7.447027172702292e-08,
      "max": 36.7041130065918,
      "p50": 0.5032017827033997,
      "p90": 4.6249589920043945,
      "p95": 7.0523600578308105,
      "p99": 17.295089721679688
    }
  }
}