{
  "best_alpha": 0.99,
  "best_gamma": 1.0,
  "alpha_grid": [
    0.01,
    0.25,
    0.5,
    0.75,
    0.99
  ],
  "gamma_grid": [
    0.1,
    1.0,
    5.0,
    10.0
  ],
  "results": {
    "(0.01, 0.1)": {
      "val_loss": 1.124625563621521,
      "val_eval": 1.536980152130127,
      "epoch": 30,
      "mse": 1.536980152130127,
      "w2_global": 0.5289319157600403,
      "cvar": 4.173951625823975
    },
    "(0.01, 1.0)": {
      "val_loss": 1.2282798290252686,
      "val_eval": 1.6268000602722168,
      "epoch": 26,
      "mse": 1.6268000602722168,
      "w2_global": 0.5518940091133118,
      "cvar": 4.587364673614502
    },
    "(0.01, 5.0)": {
      "val_loss": 1.242415428161621,
      "val_eval": 1.5751374959945679,
      "epoch": 30,
      "mse": 1.5751374959945679,
      "w2_global": 0.5036116242408752,
      "cvar": 4.377674579620361
    },
    "(0.01, 10.0)": {
      "val_loss": 1.1392916440963745,
      "val_eval": 1.48906672000885,
      "epoch": 28,
      "mse": 1.48906672000885,
      "w2_global": 0.5126362442970276,
      "cvar": 3.954033613204956
    },
    "(0.25, 0.1)": {
      "val_loss": 1.0974068641662598,
      "val_eval": 1.4621937274932861,
      "epoch": 30,
      "mse": 1.4621937274932861,
      "w2_global": 0.5238439440727234,
      "cvar": 4.010659694671631
    },
    "(0.25, 1.0)": {
      "val_loss": 1.1637206077575684,
      "val_eval": 1.4628616571426392,
      "epoch": 29,
      "mse": 1.4628617763519287,
      "w2_global": 0.5255386829376221,
      "cvar": 4.0675883293151855
    },
    "(0.25, 5.0)": {
      "val_loss": 1.1553435325622559,
      "val_eval": 1.4931342601776123,
      "epoch": 28,
      "mse": 1.4931342601776123,
      "w2_global": 0.5222716927528381,
      "cvar": 4.109407424926758
    },
    "(0.25, 10.0)": {
      "val_loss": 1.119918942451477,
      "val_eval": 1.4677186012268066,
      "epoch": 30,
      "mse": 1.4677186012268066,
      "w2_global": 0.5152649283409119,
      "cvar": 3.97259521484375
    },
    "(0.5, 0.1)": {
      "val_loss": 0.7756447196006775,
      "val_eval": 1.0231248140335083,
      "epoch": 29,
      "mse": 1.0231248140335083,
      "w2_global": 0.42122682929039,
      "cvar": 2.4627416133880615
    },
    "(0.5, 1.0)": {
      "val_loss": 0.7962436079978943,
      "val_eval": 1.0734517574310303,
      "epoch": 30,
      "mse": 1.0734517574310303,
      "w2_global": 0.42980438470840454,
      "cvar": 2.5996077060699463
    },
    "(0.5, 5.0)": {
      "val_loss": 0.8088564276695251,
      "val_eval": 1.097322940826416,
      "epoch": 30,
      "mse": 1.0973228216171265,
      "w2_global": 0.4350583553314209,
      "cvar": 2.6304214000701904
    },
    "(0.5, 10.0)": {
      "val_loss": 0.907741129398346,
      "val_eval": 1.1203100681304932,
      "epoch": 29,
      "mse": 1.1203100681304932,
      "w2_global": 0.44275522232055664,
      "cvar": 2.700319528579712
    },
    "(0.75, 0.1)": {
      "val_loss": 0.612419843673706,
      "val_eval": 0.7925975918769836,
      "epoch": 28,
      "mse": 0.7925975322723389,
      "w2_global": 0.3253868818283081,
      "cvar": 1.7851513624191284
    },
    "(0.75, 1.0)": {
      "val_loss": 0.6023176908493042,
      "val_eval": 0.7766307592391968,
      "epoch": 30,
      "mse": 0.7766307592391968,
      "w2_global": 0.33510759472846985,
      "cvar": 1.8864516019821167
    },
    "(0.75, 5.0)": {
      "val_loss": 0.6028967499732971,
      "val_eval": 0.8193914890289307,
      "epoch": 28,
      "mse": 0.8193913698196411,
      "w2_global": 0.35836532711982727,
      "cvar": 1.9471584558486938
    },
    "(0.75, 10.0)": {
      "val_loss": 0.6095534563064575,
      "val_eval": 0.823148250579834,
      "epoch": 28,
      "mse": 0.8231483101844788,
      "w2_global": 0.342511922121048,
      "cvar": 2.009014844894409
    },
    "(0.99, 0.1)": {
      "val_loss": 0.4717334806919098,
      "val_eval": 0.6272176504135132,
      "epoch": 30,
      "mse": 0.6272176504135132,
      "w2_global": 0.24314738810062408,
      "cvar": 1.6525628566741943
    },
    "(0.99, 1.0)": {
      "val_loss": 0.4909113645553589,
      "val_eval": 0.5561826825141907,
      "epoch": 30,
      "mse": 0.5561827421188354,
      "w2_global": 0.15707698464393616,
      "cvar": 1.346928358078003
    },
    "(0.99, 5.0)": {
      "val_loss": 0.5595493912696838,
      "val_eval": 0.6038604974746704,
      "epoch": 29,
      "mse": 0.6038605570793152,
      "w2_global": 0.1653277426958084,
      "cvar": 1.5151422023773193
    },
    "(0.99, 10.0)": {
      "val_loss": 0.4736402928829193,
      "val_eval": 0.5815421938896179,
      "epoch": 30,
      "mse": 0.5815421938896179,
      "w2_global": 0.18246494233608246,
      "cvar": 1.5184669494628906
    }
  }
}