{
  "train": {
    "mse": 0.3254128396511078,
    "rmse": 0.5704496819624916,
    "mae": 0.39658263325691223,
    "w2_global": 0.14837956428527832,
    "ae_summary": {
      "mean": 0.39658263325691223,
      "std": 0.41004273295402527,
      "min": 1.8434599041938782e-05,
      "max": 4.9329094886779785,
      "p50": 0.2762095630168915,
      "p90": 0.8870474100112915,
      "p95": 1.1418654918670654,
      "p99": 1.9108072519302368
    },
    "se_summary": {
      "mean": 0.3254128396511078,
      "std": 0.8995679020881653,
      "min": 3.398344383676033e-10,
      "max": 24.333595275878906,
      "p50": 0.07629172503948212,
      "p90": 0.7868530750274658,
      "p95": 1.3038568496704102,
      "p99": 3.651184320449829
    }
  },
  "val": {
    "mse": 0.5561827421188354,
    "rmse": 0.7457766033597698,
    "mae": 0.5359755158424377,
    "w2_global": 0.15707698464393616,
    "ae_summary": {
      "mean": 0.5359755158424377,
      "std": 0.518568217754364,
      "min": 0.00013971328735351562,
      "max": 4.482468605041504,
      "p50": 0.3924174904823303,
      "p90": 1.1605724096298218,
      "p95": 1.516281008720398,
      "p99": 2.5645341873168945
    },
    "se_summary": {
      "mean": 0.5561827421188354,
      "std": 1.2695565223693848,
      "min": 1.951980266312603e-08,
      "max": 20.092525482177734,
      "p50": 0.1539914906024933,
      "p90": 1.346928358078003,
      "p95": 2.2991085052490234,
      "p99": 6.576883792877197
    }
  },
  "test": {
    "mse": 0.4621632397174835,
    "rmse": 0.6798258892668648,
    "mae": 0.4837777316570282,
    "w2_global": 0.18139134347438812,
    "ae_summary": {
      "mean": 0.4837777316570282,
      "std": 0.47762155532836914,
      "min": 7.092952728271484e-06,
      "max": 7.611957550048828,
      "p50": 0.3487035930156708,
      "p90": 1.064621925354004,
      "p95": 1.3893508911132812,
      "p99": 2.0960464477539062
    },
    "se_summary": {
      "mean": 0.4621632397174835,
      "std": 1.4174128770828247,
      "min": 5.0309978405493894e-11,
      "max": 57.941898345947266,
      "p50": 0.12159419804811478,
      "p90": 1.1334198713302612,
      "p95": 1.9302959442138672,
      "p99": 4.393410682678223
    }
  }
}