{
  "test": {
    "mse": 0.7079864144325256,
    "rmse": 0.8414192857502885,
    "mae": 0.40092262625694275,
    "w2_global": 0.12850399315357208,
    "ae_summary": {
      "mean": 0.40092262625694275,
      "std": 0.7397618293762207,
      "min": 1.7881393432617188e-06,
      "max": 64.10379028320312,
      "p50": 0.23748302459716797,
      "p90": 0.9173605442047119,
      "p95": 1.2662062644958496,
      "p99": 2.4620683193206787
    },
    "se_summary": {
      "mean": 0.7079864144325256,
      "std": 26.71845817565918,
      "min": 3.197442310920451e-12,
      "max": 4109.2958984375,
      "p50": 0.056398190557956696,
      "p90": 0.841550350189209,
      "p95": 1.6032781600952148,
      "p99": 6.0617804527282715
    }
  }
}