{
  "best_alpha": 0.75,
  "best_gamma": 10.0,
  "alpha_grid": [
    0.75
  ],
  "gamma_grid": [
    10.0
  ],
  "results": {
    "(0.75, 10.0)": {
      "val_loss": 0.01262937095732643,
      "val_eval": 1.0472891239019542,
      "epoch": 27,
      "mse": 1.0472891239019542
    }
  },
  "standalone_mode": true
}