{
  "train": {
    "mse": 0.01890476979315281,
    "rmse": 0.1374946173242895,
    "mae": 0.06038500368595123,
    "w2_global": 0.06333985179662704,
    "ae_summary": {
      "mean": 0.06038500368595123,
      "std": 0.123524971306324,
      "min": 9.220093488693237e-08,
      "max": 51.87687683105469,
      "p50": 0.04203788936138153,
      "p90": 0.12688590586185455,
      "p95": 0.1707281619310379,
      "p99": 0.3121189475059509
    },
    "se_summary": {
      "mean": 0.01890476979315281,
      "std": 4.438253879547119,
      "min": 8.501012394024343e-15,
      "max": 2691.21044921875,
      "p50": 0.0017671841196715832,
      "p90": 0.01610003225505352,
      "p95": 0.029148103669285774,
      "p99": 0.09741824120283127
    }
  },
  "val": {
    "mse": 1.0491411685943604,
    "rmse": 1.0242759240528698,
    "mae": 0.6997414827346802,
    "w2_global": 0.08550594002008438,
    "ae_summary": {
      "mean": 0.6997414827346802,
      "std": 0.7479994297027588,
      "min": 1.9595026969909668e-05,
      "max": 37.505924224853516,
      "p50": 0.5394883155822754,
      "p90": 1.4584972858428955,
      "p95": 1.827709436416626,
      "p99": 2.850266456604004
    },
    "se_summary": {
      "mean": 1.0491411685943604,
      "std": 12.940312385559082,
      "min": 3.8396508195148726e-10,
      "max": 1406.6943359375,
      "p50": 0.2910476326942444,
      "p90": 2.1272144317626953,
      "p95": 3.340521812438965,
      "p99": 8.124030113220215
    }
  },
  "test": {
    "mse": 1.0582644939422607,
    "rmse": 1.028719832579435,
    "mae": 0.7063495516777039,
    "w2_global": 0.06526118516921997,
    "ae_summary": {
      "mean": 0.7063495516777039,
      "std": 0.7478868365287781,
      "min": 8.642673492431641e-07,
      "max": 27.064348220825195,
      "p50": 0.538947343826294,
      "p90": 1.4723310470581055,
      "p95": 1.8623813390731812,
      "p99": 2.9220030307769775
    },
    "se_summary": {
      "mean": 1.0582644939422607,
      "std": 9.292292594909668,
      "min": 7.469580509678053e-13,
      "max": 732.4789428710938,
      "p50": 0.29046422243118286,
      "p90": 2.1677587032318115,
      "p95": 3.4684643745422363,
      "p99": 8.538103103637695
    }
  }
}