{
  "train": {
    "mse": 0.0,
    "rmse": 0.0,
    "mae": 0.0,
    "w2_global": 0.14287805557250977,
    "ae_summary": {
      "mean": 0.0,
      "std": 0.0,
      "min": 0.0,
      "max": 0.0,
      "p50": 0.0,
      "p90": 0.0,
      "p95": 0.0,
      "p99": 0.0
    },
    "se_summary": {
      "mean": 0.0,
      "std": 0.0,
      "min": 0.0,
      "max": 0.0,
      "p50": 0.0,
      "p90": 0.0,
      "p95": 0.0,
      "p99": 0.0
    }
  },
  "val": {
    "mse": 0.18072357773780823,
    "rmse": 0.4251159579900621,
    "mae": 0.2923022508621216,
    "w2_global": 0.12760038673877716,
    "ae_summary": {
      "mean": 0.2923022508621216,
      "std": 0.3086794316768646,
      "min": 0.0002599954605102539,
      "max": 3.523890256881714,
      "p50": 0.20127901434898376,
      "p90": 0.6529321670532227,
      "p95": 0.8673392534255981,
      "p99": 1.4283915758132935
    },
    "se_summary": {
      "mean": 0.18072357773780823,
      "std": 0.516833484172821,
      "min": 6.7597639485939e-08,
      "max": 12.417802810668945,
      "p50": 0.04051324352622032,
      "p90": 0.42632049322128296,
      "p95": 0.7522798776626587,
      "p99": 2.0403027534484863
    }
  },
  "test": {
    "mse": 0.18843363225460052,
    "rmse": 0.43408942886760155,
    "mae": 0.3001660108566284,
    "w2_global": 0.13242121040821075,
    "ae_summary": {
      "mean": 0.3001660108566284,
      "std": 0.31358250975608826,
      "min": 3.7848949432373047e-06,
      "max": 3.152801036834717,
      "p50": 0.20798200368881226,
      "p90": 0.6649361252784729,
      "p95": 0.9165927767753601,
      "p99": 1.526853322982788
    },
    "se_summary": {
      "mean": 0.18843363225460052,
      "std": 0.49713796377182007,
      "min": 1.432542973134332e-11,
      "max": 9.940154075622559,
      "p50": 0.04325651377439499,
      "p90": 0.442140132188797,
      "p95": 0.8401423096656799,
      "p99": 2.33129620552063
    }
  }
}