{
  "train": {
    "mse": 0.017811456695199013,
    "rmse": 0.13345956951526186,
    "mae": 0.034907739609479904,
    "w2_global": 0.2999033033847809,
    "ae_summary": {
      "mean": 0.034907739609479904,
      "std": 0.1288134604692459,
      "min": 2.384185791015625e-07,
      "max": 56.0074462890625,
      "p50": 0.03480631113052368,
      "p90": 0.04236358404159546,
      "p95": 0.044715963304042816,
      "p99": 0.0526091605424881
    },
    "se_summary": {
      "mean": 0.017811456695199013,
      "std": 5.6849260330200195,
      "min": 5.684341886080802e-14,
      "max": 3136.833984375,
      "p50": 0.0012114793062210083,
      "p90": 0.0017946732696145773,
      "p95": 0.001999517437070608,
      "p99": 0.0027677237521857023
    }
  },
  "val": {
    "mse": 0.9967126250267029,
    "rmse": 0.9983549594341198,
    "mae": 0.7058654427528381,
    "w2_global": 0.295518696308136,
    "ae_summary": {
      "mean": 0.7058654427528381,
      "std": 0.7060217261314392,
      "min": 4.902482032775879e-06,
      "max": 32.305580139160156,
      "p50": 0.536690354347229,
      "p90": 1.478468656539917,
      "p95": 1.8579778671264648,
      "p99": 2.94840669631958
    },
    "se_summary": {
      "mean": 0.9967126250267029,
      "std": 6.85330867767334,
      "min": 2.4034330081690314e-11,
      "max": 1043.6505126953125,
      "p50": 0.2880365252494812,
      "p90": 2.1858696937561035,
      "p95": 3.4520816802978516,
      "p99": 8.693102836608887
    }
  },
  "test": {
    "mse": 1.0202722549438477,
    "rmse": 1.0100852711250905,
    "mae": 0.7046225070953369,
    "w2_global": 0.3070536255836487,
    "ae_summary": {
      "mean": 0.7046225070953369,
      "std": 0.7237260341644287,
      "min": 1.0788440704345703e-05,
      "max": 35.82460021972656,
      "p50": 0.5384193658828735,
      "p90": 1.4821845293045044,
      "p95": 1.858275055885315,
      "p99": 2.8569600582122803
    },
    "se_summary": {
      "mean": 1.0202722549438477,
      "std": 9.491087913513184,
      "min": 1.1639045283118321e-10,
      "max": 1283.4019775390625,
      "p50": 0.2898954153060913,
      "p90": 2.196871042251587,
      "p95": 3.45318603515625,
      "p99": 8.16222095489502
    }
  }
}