{
  "train": {
    "mse": 0.14108999073505402,
    "rmse": 0.3756194759794199,
    "mae": 0.26927414536476135,
    "w2_global": 0.10673787444829941,
    "ae_summary": {
      "mean": 0.26927414536476135,
      "std": 0.2618806064128876,
      "min": 6.9141387939453125e-06,
      "max": 4.28989839553833,
      "p50": 0.20371955633163452,
      "p90": 0.5622799396514893,
      "p95": 0.7238192558288574,
      "p99": 1.239540934562683
    },
    "se_summary": {
      "mean": 0.14108999073505402,
      "std": 0.4205981492996216,
      "min": 4.780531526193954e-11,
      "max": 18.403228759765625,
      "p50": 0.04150165617465973,
      "p90": 0.3161587417125702,
      "p95": 0.5239142179489136,
      "p99": 1.5364618301391602
    }
  },
  "val": {
    "mse": 0.1878647655248642,
    "rmse": 0.4334336921893177,
    "mae": 0.309942364692688,
    "w2_global": 0.10857143998146057,
    "ae_summary": {
      "mean": 0.309942364692688,
      "std": 0.3029859960079193,
      "min": 0.0002224445343017578,
      "max": 3.6237008571624756,
      "p50": 0.23168188333511353,
      "p90": 0.6676002144813538,
      "p95": 0.8689034581184387,
      "p99": 1.4043530225753784
    },
    "se_summary": {
      "mean": 0.1878647655248642,
      "std": 0.5054308772087097,
      "min": 4.948157084072591e-08,
      "max": 13.131207466125488,
      "p50": 0.05367649346590042,
      "p90": 0.4456900656223297,
      "p95": 0.7549932599067688,
      "p99": 1.9722075462341309
    }
  },
  "test": {
    "mse": 0.17847102880477905,
    "rmse": 0.42245831605589096,
    "mae": 0.3058122992515564,
    "w2_global": 0.09539970010519028,
    "ae_summary": {
      "mean": 0.3058122992515564,
      "std": 0.29146161675453186,
      "min": 2.1457672119140625e-06,
      "max": 3.007735252380371,
      "p50": 0.2314433455467224,
      "p90": 0.6510139107704163,
      "p95": 0.8496233820915222,
      "p99": 1.3833073377609253
    },
    "se_summary": {
      "mean": 0.17847102880477905,
      "std": 0.43055349588394165,
      "min": 4.604316927725449e-12,
      "max": 9.04647159576416,
      "p50": 0.05356602370738983,
      "p90": 0.4238193929195404,
      "p95": 0.7218599319458008,
      "p99": 1.9135429859161377
    }
  }
}