{
  "train": {
    "mse": 0.0,
    "rmse": 0.0,
    "mae": 0.0,
    "w2_global": 0.051593802869319916,
    "ae_summary": {
      "mean": 0.0,
      "std": 0.0,
      "min": 0.0,
      "max": 0.0,
      "p50": 0.0,
      "p90": 0.0,
      "p95": 0.0,
      "p99": 0.0
    },
    "se_summary": {
      "mean": 0.0,
      "std": 0.0,
      "min": 0.0,
      "max": 0.0,
      "p50": 0.0,
      "p90": 0.0,
      "p95": 0.0,
      "p99": 0.0
    }
  },
  "val": {
    "mse": 0.632483959197998,
    "rmse": 0.7952886011995884,
    "mae": 0.44936150312423706,
    "w2_global": 0.0450744666159153,
    "ae_summary": {
      "mean": 0.44936150312423706,
      "std": 0.6561693549156189,
      "min": 3.0547380447387695e-07,
      "max": 7.50425910949707,
      "p50": 0.16089701652526855,
      "p90": 1.2776631116867065,
      "p95": 1.797328233718872,
      "p99": 3.005056858062744
    },
    "se_summary": {
      "mean": 0.632483959197998,
      "std": 2.0058674812316895,
      "min": 9.331424521974441e-14,
      "max": 56.31390380859375,
      "p50": 0.02588784694671631,
      "p90": 1.632422924041748,
      "p95": 3.23038911819458,
      "p99": 9.030366897583008
    }
  },
  "test": {
    "mse": 0.6282731294631958,
    "rmse": 0.7926368206582355,
    "mae": 0.44517502188682556,
    "w2_global": 0.0473785437643528,
    "ae_summary": {
      "mean": 0.44517502188682556,
      "std": 0.6558142304420471,
      "min": 9.387731552124023e-07,
      "max": 9.014680862426758,
      "p50": 0.15327110886573792,
      "p90": 1.2784926891326904,
      "p95": 1.7940866947174072,
      "p99": 3.024484395980835
    },
    "se_summary": {
      "mean": 0.6282731294631958,
      "std": 2.0362532138824463,
      "min": 8.812950369474493e-13,
      "max": 81.26447296142578,
      "p50": 0.023492032662034035,
      "p90": 1.6345436573028564,
      "p95": 3.2187469005584717,
      "p99": 9.147506713867188
    }
  }
}