{
  "train": {
    "mse": 0.621028482913971,
    "rmse": 0.7880536040866579,
    "mae": 0.6318042278289795,
    "w2_global": 0.856214702129364,
    "ae_summary": {
      "mean": 0.6318042278289795,
      "std": 0.4710116386413574,
      "min": 4.865974187850952e-05,
      "max": 3.0596413612365723,
      "p50": 0.5824599862098694,
      "p90": 1.081465482711792,
      "p95": 1.2958651781082153,
      "p99": 2.488949775695801
    },
    "se_summary": {
      "mean": 0.621028482913971,
      "std": 0.9788169860839844,
      "min": 2.367770424172022e-09,
      "max": 9.361405372619629,
      "p50": 0.33925962448120117,
      "p90": 1.169567584991455,
      "p95": 1.6792664527893066,
      "p99": 6.194870948791504
    }
  },
  "val": {
    "mse": 0.9950357675552368,
    "rmse": 0.9975147956573059,
    "mae": 0.8397860527038574,
    "w2_global": 0.8577265739440918,
    "ae_summary": {
      "mean": 0.8397860527038574,
      "std": 0.5383262634277344,
      "min": 5.583884194493294e-05,
      "max": 3.0384364128112793,
      "p50": 0.9229762554168701,
      "p90": 1.3180334568023682,
      "p95": 1.724437952041626,
      "p99": 2.936756134033203
    },
    "se_summary": {
      "mean": 0.9950357675552368,
      "std": 1.3773460388183594,
      "min": 3.117976321576066e-09,
      "max": 9.232095718383789,
      "p50": 0.8518851399421692,
      "p90": 1.7372123003005981,
      "p95": 2.9736862182617188,
      "p99": 8.624536514282227
    }
  },
  "test": {
    "mse": 0.9855829477310181,
    "rmse": 0.9927653034484123,
    "mae": 0.8385363817214966,
    "w2_global": 0.855656087398529,
    "ae_summary": {
      "mean": 0.8385363817214966,
      "std": 0.5314503908157349,
      "min": 1.7478130757808685e-05,
      "max": 3.050084352493286,
      "p50": 0.9260002970695496,
      "p90": 1.3104439973831177,
      "p95": 1.7046782970428467,
      "p99": 2.9261512756347656
    },
    "se_summary": {
      "mean": 0.9855829477310181,
      "std": 1.3531570434570312,
      "min": 3.0548505391969627e-10,
      "max": 9.303014755249023,
      "p50": 0.857476532459259,
      "p90": 1.7172634601593018,
      "p95": 2.905928134918213,
      "p99": 8.562360763549805
    }
  }
}