{
  "best_alpha": 0.75,
  "best_gamma": 10.0,
  "alpha_grid": [
    0.01,
    0.25,
    0.5,
    0.75,
    0.99
  ],
  "gamma_grid": [
    0.1,
    1.0,
    5.0,
    10.0
  ],
  "results": {
    "(0.01, 0.1)": {
      "val_loss": 0.9675995111465454,
      "val_eval": 0.9128533601760864,
      "epochs": 30,
      "mse": 0.9128534197807312,
      "w2_global": 0.6780593991279602,
      "cvar": 2.213651180267334
    },
    "(0.01, 1.0)": {
      "val_loss": 0.9726218581199646,
      "val_eval": 0.9101310968399048,
      "epochs": 30,
      "mse": 0.9101310968399048,
      "w2_global": 0.683414101600647,
      "cvar": 2.1861307621002197
    },
    "(0.01, 5.0)": {
      "val_loss": 0.9603912234306335,
      "val_eval": 0.9045910239219666,
      "epochs": 30,
      "mse": 0.9045910239219666,
      "w2_global": 0.7146123647689819,
      "cvar": 2.184352397918701
    },
    "(0.01, 10.0)": {
      "val_loss": 0.9749398231506348,
      "val_eval": 0.9148934483528137,
      "epochs": 30,
      "mse": 0.9148934483528137,
      "w2_global": 0.6676958799362183,
      "cvar": 2.208706855773926
    },
    "(0.25, 0.1)": {
      "val_loss": 0.9449090957641602,
      "val_eval": 0.8953534960746765,
      "epochs": 30,
      "mse": 0.8953534960746765,
      "w2_global": 0.6744959950447083,
      "cvar": 2.150261878967285
    },
    "(0.25, 1.0)": {
      "val_loss": 0.9511938095092773,
      "val_eval": 0.8941803574562073,
      "epochs": 30,
      "mse": 0.8941803574562073,
      "w2_global": 0.6731247901916504,
      "cvar": 2.137075901031494
    },
    "(0.25, 5.0)": {
      "val_loss": 0.9489399194717407,
      "val_eval": 0.8929952383041382,
      "epochs": 30,
      "mse": 0.8929952383041382,
      "w2_global": 0.6668429970741272,
      "cvar": 2.158071279525757
    },
    "(0.25, 10.0)": {
      "val_loss": 0.9461669325828552,
      "val_eval": 0.8908153176307678,
      "epochs": 30,
      "mse": 0.8908153176307678,
      "w2_global": 0.688098132610321,
      "cvar": 2.145425796508789
    },
    "(0.5, 0.1)": {
      "val_loss": 0.9188417196273804,
      "val_eval": 0.8640711903572083,
      "epochs": 30,
      "mse": 0.8640711903572083,
      "w2_global": 0.6704225540161133,
      "cvar": 2.066969871520996
    },
    "(0.5, 1.0)": {
      "val_loss": 0.9118977189064026,
      "val_eval": 0.8616153001785278,
      "epochs": 30,
      "mse": 0.8616152405738831,
      "w2_global": 0.660560131072998,
      "cvar": 2.070390462875366
    },
    "(0.5, 5.0)": {
      "val_loss": 0.9214304685592651,
      "val_eval": 0.8657291531562805,
      "epochs": 30,
      "mse": 0.8657291531562805,
      "w2_global": 0.6524307131767273,
      "cvar": 2.0538763999938965
    },
    "(0.5, 10.0)": {
      "val_loss": 0.9159868359565735,
      "val_eval": 0.8578362464904785,
      "epochs": 30,
      "mse": 0.8578361868858337,
      "w2_global": 0.6130754351615906,
      "cvar": 2.0755128860473633
    },
    "(0.75, 0.1)": {
      "val_loss": 0.8918112516403198,
      "val_eval": 0.8341418504714966,
      "epochs": 30,
      "mse": 0.8341418504714966,
      "w2_global": 0.6302922368049622,
      "cvar": 1.9548933506011963
    },
    "(0.75, 1.0)": {
      "val_loss": 0.9191699028015137,
      "val_eval": 0.8722470998764038,
      "epochs": 30,
      "mse": 0.8722470998764038,
      "w2_global": 0.5393256545066833,
      "cvar": 2.1615943908691406
    },
    "(0.75, 5.0)": {
      "val_loss": 0.8669924736022949,
      "val_eval": 0.8145400881767273,
      "epochs": 30,
      "mse": 0.8145400881767273,
      "w2_global": 0.5855496525764465,
      "cvar": 1.8946090936660767
    },
    "(0.75, 10.0)": {
      "val_loss": 0.8661353588104248,
      "val_eval": 0.8177394866943359,
      "epochs": 30,
      "mse": 0.8177394866943359,
      "w2_global": 0.561477780342102,
      "cvar": 1.9341095685958862
    },
    "(0.99, 0.1)": {
      "val_loss": 0.8670945763587952,
      "val_eval": 0.8116148710250854,
      "epochs": 30,
      "mse": 0.8116148114204407,
      "w2_global": 0.5464004874229431,
      "cvar": 1.933326005935669
    },
    "(0.99, 1.0)": {
      "val_loss": 0.8732812404632568,
      "val_eval": 0.8190328478813171,
      "epochs": 30,
      "mse": 0.8190328478813171,
      "w2_global": 0.5452261567115784,
      "cvar": 1.9644309282302856
    },
    "(0.99, 5.0)": {
      "val_loss": 0.8667783737182617,
      "val_eval": 0.8123767971992493,
      "epochs": 30,
      "mse": 0.8123767971992493,
      "w2_global": 0.5256032347679138,
      "cvar": 1.9633904695510864
    },
    "(0.99, 10.0)": {
      "val_loss": 0.8755301833152771,
      "val_eval": 0.8222424387931824,
      "epochs": 30,
      "mse": 0.8222424387931824,
      "w2_global": 0.561467707157135,
      "cvar": 1.9570729732513428
    }
  }
}