{
  "train": {
    "mse": 0.9154148101806641,
    "rmse": 0.9567731236717846,
    "mae": 0.6468088626861572,
    "w2_global": 0.5825595855712891,
    "ae_summary": {
      "mean": 0.6468088626861572,
      "std": 0.705020010471344,
      "min": 7.946044206619263e-06,
      "max": 58.22037124633789,
      "p50": 0.47925490140914917,
      "p90": 1.3829736709594727,
      "p95": 1.7623502016067505,
      "p99": 2.8983020782470703
    },
    "se_summary": {
      "mean": 0.9154148101806641,
      "std": 15.559524536132812,
      "min": 6.313961853354755e-11,
      "max": 3389.611572265625,
      "p50": 0.22968526184558868,
      "p90": 1.9126161336898804,
      "p95": 3.1058781147003174,
      "p99": 8.40015697479248
    }
  },
  "val": {
    "mse": 0.8177394866943359,
    "rmse": 0.9042894927479451,
    "mae": 0.6489505767822266,
    "w2_global": 0.561477780342102,
    "ae_summary": {
      "mean": 0.6489505767822266,
      "std": 0.6297639608383179,
      "min": 1.5690922737121582e-05,
      "max": 10.83967399597168,
      "p50": 0.48891550302505493,
      "p90": 1.390722632408142,
      "p95": 1.7448272705078125,
      "p99": 2.708808183670044
    },
    "se_summary": {
      "mean": 0.8177394866943359,
      "std": 2.6679375171661377,
      "min": 2.4620505634231904e-10,
      "max": 117.49853515625,
      "p50": 0.2390383630990982,
      "p90": 1.9341095685958862,
      "p95": 3.044421911239624,
      "p99": 7.337642669677734
    }
  },
  "test": {
    "mse": 0.803780734539032,
    "rmse": 0.8965381946905732,
    "mae": 0.6360523700714111,
    "w2_global": 0.5614759922027588,
    "ae_summary": {
      "mean": 0.6360523700714111,
      "std": 0.6318371295928955,
      "min": 4.217028617858887e-06,
      "max": 21.19647979736328,
      "p50": 0.47674301266670227,
      "p90": 1.3548861742019653,
      "p95": 1.7293810844421387,
      "p99": 2.7809948921203613
    },
    "se_summary": {
      "mean": 0.803780734539032,
      "std": 2.9572296142578125,
      "min": 1.7783330363840832e-11,
      "max": 449.2907409667969,
      "p50": 0.22728389501571655,
      "p90": 1.8357164859771729,
      "p95": 2.9907591342926025,
      "p99": 7.733932971954346
    }
  }
}