{
  "train": {
    "mse": 0.1550520956516266,
    "rmse": 0.39376654968601205,
    "mae": 0.28317373991012573,
    "w2_global": 0.12717442214488983,
    "ae_summary": {
      "mean": 0.28317373991012573,
      "std": 0.27361422777175903,
      "min": 7.152557373046875e-07,
      "max": 3.291386842727661,
      "p50": 0.21236711740493774,
      "p90": 0.5956487655639648,
      "p95": 0.7720228433609009,
      "p99": 1.3323756456375122
    },
    "se_summary": {
      "mean": 0.1550520956516266,
      "std": 0.40245500206947327,
      "min": 5.115907697472721e-13,
      "max": 10.833227157592773,
      "p50": 0.04509979486465454,
      "p90": 0.35479745268821716,
      "p95": 0.5960192680358887,
      "p99": 1.7752248048782349
    }
  },
  "val": {
    "mse": 0.17923352122306824,
    "rmse": 0.42335980114208793,
    "mae": 0.2997344434261322,
    "w2_global": 0.12638574838638306,
    "ae_summary": {
      "mean": 0.2997344434261322,
      "std": 0.2989862561225891,
      "min": 1.537799835205078e-05,
      "max": 3.3002021312713623,
      "p50": 0.21995234489440918,
      "p90": 0.6305835247039795,
      "p95": 0.8350997567176819,
      "p99": 1.5371485948562622
    },
    "se_summary": {
      "mean": 0.17923352122306824,
      "std": 0.4720459282398224,
      "min": 2.3648283331567654e-10,
      "max": 10.891334533691406,
      "p50": 0.04837903380393982,
      "p90": 0.3976356089115143,
      "p95": 0.6973916292190552,
      "p99": 2.362825870513916
    }
  },
  "test": {
    "mse": 0.19459590315818787,
    "rmse": 0.44113025645288473,
    "mae": 0.31354910135269165,
    "w2_global": 0.1292370706796646,
    "ae_summary": {
      "mean": 0.31354910135269165,
      "std": 0.31029483675956726,
      "min": 9.655952453613281e-06,
      "max": 3.230484962463379,
      "p50": 0.23184442520141602,
      "p90": 0.6589418649673462,
      "p95": 0.871755063533783,
      "p99": 1.614418387413025
    },
    "se_summary": {
      "mean": 0.19459590315818787,
      "std": 0.4999488890171051,
      "min": 9.323741778644035e-11,
      "max": 10.436033248901367,
      "p50": 0.05375183746218681,
      "p90": 0.4342043995857239,
      "p95": 0.7599568367004395,
      "p99": 2.606346607208252
    }
  }
}