{
  "train": {
    "mse": 0.027341261506080627,
    "rmse": 0.16535193227198958,
    "mae": 0.12350602447986603,
    "w2_global": 0.005884259007871151,
    "ae_summary": {
      "mean": 0.12350602447986603,
      "std": 0.10994327068328857,
      "min": 4.112720489501953e-06,
      "max": 1.4300730228424072,
      "p50": 0.0953417718410492,
      "p90": 0.26271504163742065,
      "p95": 0.331888884305954,
      "p99": 0.5104379057884216
    },
    "se_summary": {
      "mean": 0.027341261506080627,
      "std": 0.057533904910087585,
      "min": 1.6914469824769185e-11,
      "max": 2.0451087951660156,
      "p50": 0.009090052917599678,
      "p90": 0.06901919096708298,
      "p95": 0.11015022546052933,
      "p99": 0.26054686307907104
    }
  },
  "val": {
    "mse": 0.034712400287389755,
    "rmse": 0.1863126412441994,
    "mae": 0.13700245320796967,
    "w2_global": 0.007117889821529388,
    "ae_summary": {
      "mean": 0.13700245320796967,
      "std": 0.1262645125389099,
      "min": 5.924701690673828e-05,
      "max": 1.0833163261413574,
      "p50": 0.10743442177772522,
      "p90": 0.2888804078102112,
      "p95": 0.3904515504837036,
      "p99": 0.5808680057525635
    },
    "se_summary": {
      "mean": 0.034712400287389755,
      "std": 0.07632744312286377,
      "min": 3.5102090123473317e-09,
      "max": 1.1735742092132568,
      "p50": 0.011542155407369137,
      "p90": 0.08345195651054382,
      "p95": 0.15245258808135986,
      "p99": 0.33740997314453125
    }
  },
  "test": {
    "mse": 0.033163413405418396,
    "rmse": 0.18210824639597845,
    "mae": 0.13526104390621185,
    "w2_global": 0.006130038760602474,
    "ae_summary": {
      "mean": 0.13526104390621185,
      "std": 0.12193382531404495,
      "min": 9.179115295410156e-06,
      "max": 0.952627420425415,
      "p50": 0.1031402200460434,
      "p90": 0.2888556718826294,
      "p95": 0.3752824068069458,
      "p99": 0.5804696679115295
    },
    "se_summary": {
      "mean": 0.033163413405418396,
      "std": 0.06604722142219543,
      "min": 8.425615760643268e-11,
      "max": 0.9074990153312683,
      "p50": 0.010637905448675156,
      "p90": 0.08343759924173355,
      "p95": 0.14083687961101532,
      "p99": 0.3369450271129608
    }
  }
}