{
  "best_alpha": 0.99,
  "best_gamma": 0.1,
  "alpha_grid": [
    0.99
  ],
  "gamma_grid": [
    0.1
  ],
  "results": {
    "(0.99, 0.1)": {
      "val_loss": 0.002033385884715244,
      "val_eval": 1.3882481455802917,
      "epoch": 30,
      "mse": 1.3882481455802917
    }
  },
  "standalone_mode": true
}