{
  "train": {
    "mse": 0.0006536724395118654,
    "rmse": 0.02556701858864004,
    "mae": 0.01707620732486248,
    "w2_global": 0.36221638321876526,
    "ae_summary": {
      "mean": 0.01707620732486248,
      "std": 0.019028285518288612,
      "min": 5.960464477539063e-08,
      "max": 0.4005105495452881,
      "p50": 0.012469022534787655,
      "p90": 0.035274356603622437,
      "p95": 0.04566548764705658,
      "p99": 0.08078749477863312
    },
    "se_summary": {
      "mean": 0.0006536724395118654,
      "std": 0.0030076659750193357,
      "min": 3.552713678800501e-15,
      "max": 0.16040870547294617,
      "p50": 0.0001554765331093222,
      "p90": 0.0012442802544683218,
      "p95": 0.002085336484014988,
      "p99": 0.006526619661599398
    }
  },
  "val": {
    "mse": 1.1927447319030762,
    "rmse": 1.0921285326842607,
    "mae": 0.9106884598731995,
    "w2_global": 0.3502482771873474,
    "ae_summary": {
      "mean": 0.9106884598731995,
      "std": 0.602819561958313,
      "min": 3.7103891372680664e-05,
      "max": 4.166286468505859,
      "p50": 0.8858027458190918,
      "p90": 1.5744078159332275,
      "p95": 1.9593982696533203,
      "p99": 2.949948310852051
    },
    "se_summary": {
      "mean": 1.1927447319030762,
      "std": 1.58761727809906,
      "min": 1.3766987549956866e-09,
      "max": 17.357942581176758,
      "p50": 0.7846465110778809,
      "p90": 2.478760004043579,
      "p95": 3.8392417430877686,
      "p99": 8.702194213867188
    }
  },
  "test": {
    "mse": 1.1574592590332031,
    "rmse": 1.0758528054679242,
    "mae": 0.9004952907562256,
    "w2_global": 0.3498029410839081,
    "ae_summary": {
      "mean": 0.9004952907562256,
      "std": 0.588699996471405,
      "min": 1.4141201972961426e-05,
      "max": 4.126656532287598,
      "p50": 0.87429279088974,
      "p90": 1.5635645389556885,
      "p95": 1.923915982246399,
      "p99": 2.8424031734466553
    },
    "se_summary": {
      "mean": 1.1574592590332031,
      "std": 1.4998112916946411,
      "min": 1.9997359324008812e-10,
      "max": 17.029294967651367,
      "p50": 0.7643879055976868,
      "p90": 2.4447340965270996,
      "p95": 3.7014527320861816,
      "p99": 8.079255104064941
    }
  }
}