{
  "train": {
    "mse": 2678.455078125,
    "rmse": 51.75379288636728,
    "mae": 41.307979583740234,
    "w2_global": 0.022826777771115303,
    "ae_summary": {
      "mean": 41.307979583740234,
      "std": 31.178613662719727,
      "min": 0.006425261497497559,
      "max": 266.38677978515625,
      "p50": 35.182159423828125,
      "p90": 84.71183776855469,
      "p95": 100.37002563476562,
      "p99": 133.06764221191406
    },
    "se_summary": {
      "mean": 2678.455078125,
      "std": 3825.945556640625,
      "min": 4.128398359171115e-05,
      "max": 70961.9140625,
      "p50": 1237.784423828125,
      "p90": 7176.095703125,
      "p95": 10074.142578125,
      "p99": 17706.99609375
    }
  },
  "val": {
    "mse": 0.0690218135714531,
    "rmse": 0.2627200288738053,
    "mae": 0.1730261594057083,
    "w2_global": 0.027339618653059006,
    "ae_summary": {
      "mean": 0.1730261594057083,
      "std": 0.19769613444805145,
      "min": 9.268522262573242e-06,
      "max": 2.509192943572998,
      "p50": 0.11568577587604523,
      "p90": 0.387641042470932,
      "p95": 0.5309094786643982,
      "p99": 0.9762607216835022
    },
    "se_summary": {
      "mean": 0.0690218135714531,
      "std": 0.23197263479232788,
      "min": 8.590550493181581e-11,
      "max": 6.296049118041992,
      "p50": 0.013383198529481888,
      "p90": 0.15026560425758362,
      "p95": 0.2818649411201477,
      "p99": 0.95308518409729
    }
  },
  "test": {
    "mse": 0.06959487497806549,
    "rmse": 0.2638084058138889,
    "mae": 0.16888536512851715,
    "w2_global": 0.028880270197987556,
    "ae_summary": {
      "mean": 0.16888536512851715,
      "std": 0.20266377925872803,
      "min": 3.921985626220703e-05,
      "max": 2.835700273513794,
      "p50": 0.10967174917459488,
      "p90": 0.373658150434494,
      "p95": 0.5098984241485596,
      "p99": 0.9651735424995422
    },
    "se_summary": {
      "mean": 0.06959487497806549,
      "std": 0.28461402654647827,
      "min": 1.53819712522818e-09,
      "max": 8.0411958694458,
      "p50": 0.012027892284095287,
      "p90": 0.13962042331695557,
      "p95": 0.2599964141845703,
      "p99": 0.9315686225891113
    }
  }
}