{
  "test": {
    "mse": 0.37803930044174194,
    "rmse": 0.6148490062135109,
    "mae": 0.37361472845077515,
    "w2_global": 0.08322538435459137,
    "ae_summary": {
      "mean": 0.37361472845077515,
      "std": 0.48831480741500854,
      "min": 9.953975677490234e-05,
      "max": 4.479458808898926,
      "p50": 0.19953803718090057,
      "p90": 0.8986727595329285,
      "p95": 1.3065030574798584,
      "p99": 2.4518139362335205
    },
    "se_summary": {
      "mean": 0.37803930044174194,
      "std": 1.1937569379806519,
      "min": 9.908163178806717e-09,
      "max": 20.0655517578125,
      "p50": 0.03981548547744751,
      "p90": 0.8076130151748657,
      "p95": 1.706950306892395,
      "p99": 6.011661052703857
    }
  }
}