{
  "train": {
    "mse": 0.0,
    "rmse": 0.0,
    "mae": 0.0,
    "w2_global": 3.6990807056427,
    "ae_summary": {
      "mean": 0.0,
      "std": 0.0,
      "min": 0.0,
      "max": 0.0,
      "p50": 0.0,
      "p90": 0.0,
      "p95": 0.0,
      "p99": 0.0
    },
    "se_summary": {
      "mean": 0.0,
      "std": 0.0,
      "min": 0.0,
      "max": 0.0,
      "p50": 0.0,
      "p90": 0.0,
      "p95": 0.0,
      "p99": 0.0
    }
  },
  "val": {
    "mse": 18.606115341186523,
    "rmse": 4.313480652696442,
    "mae": 3.963867425918579,
    "w2_global": 3.6834371089935303,
    "ae_summary": {
      "mean": 3.963867425918579,
      "std": 1.701137661933899,
      "min": 0.00046193599700927734,
      "max": 47.13568115234375,
      "p50": 3.8607068061828613,
      "p90": 6.290520668029785,
      "p95": 6.955854892730713,
      "p99": 7.877062797546387
    },
    "se_summary": {
      "mean": 18.606115341186523,
      "std": 16.961692810058594,
      "min": 2.133848653329551e-07,
      "max": 2221.7724609375,
      "p50": 14.905057907104492,
      "p90": 39.57065200805664,
      "p95": 48.38391876220703,
      "p99": 62.048118591308594
    }
  },
  "test": {
    "mse": 18.716386795043945,
    "rmse": 4.326243959261191,
    "mae": 3.979058027267456,
    "w2_global": 3.6953866481781006,
    "ae_summary": {
      "mean": 3.979058027267456,
      "std": 1.698081374168396,
      "min": 5.924701690673828e-05,
      "max": 38.324859619140625,
      "p50": 3.8910117149353027,
      "p90": 6.269175052642822,
      "p95": 6.945079326629639,
      "p99": 7.859251022338867
    },
    "se_summary": {
      "mean": 18.716386795043945,
      "std": 16.878435134887695,
      "min": 3.5102090123473317e-09,
      "max": 1468.794921875,
      "p50": 15.139970779418945,
      "p90": 39.302555084228516,
      "p95": 48.234127044677734,
      "p99": 61.76782989501953
    }
  }
}