{
  "test": {
    "mse": 0.6280078887939453,
    "rmse": 0.7924694876106874,
    "mae": 0.5295050740242004,
    "w2_global": 0.2459959238767624,
    "ae_summary": {
      "mean": 0.5295050740242004,
      "std": 0.5896034240722656,
      "min": 2.5033950805664062e-06,
      "max": 4.059714317321777,
      "p50": 0.2773325443267822,
      "p90": 1.389129877090454,
      "p95": 1.759143352508545,
      "p99": 2.3953614234924316
    },
    "se_summary": {
      "mean": 0.6280078887939453,
      "std": 1.2413628101348877,
      "min": 6.266986929404084e-12,
      "max": 16.481281280517578,
      "p50": 0.07691334187984467,
      "p90": 1.9296815395355225,
      "p95": 3.094585418701172,
      "p99": 5.737756729125977
    }
  }
}