{
  "train": {
    "mse": 0.0,
    "rmse": 0.0,
    "mae": 0.0,
    "w2_global": 0.15758416056632996,
    "ae_summary": {
      "mean": 0.0,
      "std": 0.0,
      "min": 0.0,
      "max": 0.0,
      "p50": 0.0,
      "p90": 0.0,
      "p95": 0.0,
      "p99": 0.0
    },
    "se_summary": {
      "mean": 0.0,
      "std": 0.0,
      "min": 0.0,
      "max": 0.0,
      "p50": 0.0,
      "p90": 0.0,
      "p95": 0.0,
      "p99": 0.0
    }
  },
  "val": {
    "mse": 0.6124759316444397,
    "rmse": 0.7826084152655398,
    "mae": 0.5383650064468384,
    "w2_global": 0.21757246553897858,
    "ae_summary": {
      "mean": 0.5383650064468384,
      "std": 0.5680133104324341,
      "min": 9.328126907348633e-06,
      "max": 4.844820976257324,
      "p50": 0.36161279678344727,
      "p90": 1.268266201019287,
      "p95": 1.7362605333328247,
      "p99": 2.695502519607544
    },
    "se_summary": {
      "mean": 0.6124759316444397,
      "std": 1.4291713237762451,
      "min": 8.701395159960157e-11,
      "max": 23.4722900390625,
      "p50": 0.13076381385326385,
      "p90": 1.6084991693496704,
      "p95": 3.0146007537841797,
      "p99": 7.265733242034912
    }
  },
  "test": {
    "mse": 0.36740708351135254,
    "rmse": 0.6061411415762442,
    "mae": 0.4195247292518616,
    "w2_global": 0.20978696644306183,
    "ae_summary": {
      "mean": 0.4195247292518616,
      "std": 0.43749985098838806,
      "min": 1.77919864654541e-05,
      "max": 4.82595157623291,
      "p50": 0.2953994870185852,
      "p90": 0.9074081778526306,
      "p95": 1.2674171924591064,
      "p99": 2.2048752307891846
    },
    "se_summary": {
      "mean": 0.36740708351135254,
      "std": 0.9501551985740662,
      "min": 3.1655478238690193e-10,
      "max": 23.28980827331543,
      "p50": 0.08726084977388382,
      "p90": 0.8233896493911743,
      "p95": 1.6063472032546997,
      "p99": 4.861475944519043
    }
  }
}