{
  "train": {
    "mse": 0.0,
    "rmse": 0.0,
    "mae": 0.0,
    "w2_global": 0.030061466619372368,
    "ae_summary": {
      "mean": 0.0,
      "std": 0.0,
      "min": 0.0,
      "max": 0.0,
      "p50": 0.0,
      "p90": 0.0,
      "p95": 0.0,
      "p99": 0.0
    },
    "se_summary": {
      "mean": 0.0,
      "std": 0.0,
      "min": 0.0,
      "max": 0.0,
      "p50": 0.0,
      "p90": 0.0,
      "p95": 0.0,
      "p99": 0.0
    }
  },
  "val": {
    "mse": 0.17580994963645935,
    "rmse": 0.4192969706979283,
    "mae": 0.3074553310871124,
    "w2_global": 0.0897991731762886,
    "ae_summary": {
      "mean": 0.3074553310871124,
      "std": 0.2850985527038574,
      "min": 9.924173355102539e-06,
      "max": 2.410717010498047,
      "p50": 0.22826749086380005,
      "p90": 0.678255558013916,
      "p95": 0.8826590776443481,
      "p99": 1.290367603302002
    },
    "se_summary": {
      "mean": 0.17580994963645935,
      "std": 0.3590170443058014,
      "min": 9.848921678212719e-11,
      "max": 5.811556339263916,
      "p50": 0.05210604518651962,
      "p90": 0.46003058552742004,
      "p95": 0.7790870666503906,
      "p99": 1.6650484800338745
    }
  },
  "test": {
    "mse": 0.1070774495601654,
    "rmse": 0.3272269083681313,
    "mae": 0.23987340927124023,
    "w2_global": 0.06452762335538864,
    "ae_summary": {
      "mean": 0.23987340927124023,
      "std": 0.22257179021835327,
      "min": 1.8615275621414185e-05,
      "max": 2.657128095626831,
      "p50": 0.1848200559616089,
      "p90": 0.4933813810348511,
      "p95": 0.6281157732009888,
      "p99": 1.0954301357269287
    },
    "se_summary": {
      "mean": 0.1070774495601654,
      "std": 0.2715492844581604,
      "min": 3.4652847258342945e-10,
      "max": 7.060329914093018,
      "p50": 0.03415845334529877,
      "p90": 0.2434251755475998,
      "p95": 0.3945294916629791,
      "p99": 1.1999672651290894
    }
  }
}