{
  "train": {
    "mse": 0.0,
    "rmse": 0.0,
    "mae": 0.0,
    "w2_global": 0.008988436311483383,
    "ae_summary": {
      "mean": 0.0,
      "std": 0.0,
      "min": 0.0,
      "max": 0.0,
      "p50": 0.0,
      "p90": 0.0,
      "p95": 0.0,
      "p99": 0.0
    },
    "se_summary": {
      "mean": 0.0,
      "std": 0.0,
      "min": 0.0,
      "max": 0.0,
      "p50": 0.0,
      "p90": 0.0,
      "p95": 0.0,
      "p99": 0.0
    }
  },
  "val": {
    "mse": 0.09399141371250153,
    "rmse": 0.3065801913243932,
    "mae": 0.20766985416412354,
    "w2_global": 0.022048525512218475,
    "ae_summary": {
      "mean": 0.20766985416412354,
      "std": 0.2255319207906723,
      "min": 1.7285346984863281e-06,
      "max": 2.4426865577697754,
      "p50": 0.1476864516735077,
      "p90": 0.4210260510444641,
      "p95": 0.6220136880874634,
      "p99": 1.1973581314086914
    },
    "se_summary": {
      "mean": 0.09399141371250153,
      "std": 0.2847592532634735,
      "min": 2.9878322038712213e-12,
      "max": 5.966717720031738,
      "p50": 0.021811291575431824,
      "p90": 0.17726300656795502,
      "p95": 0.38690125942230225,
      "p99": 1.433666467666626
    }
  },
  "test": {
    "mse": 0.10369700938463211,
    "rmse": 0.32202020027419415,
    "mae": 0.20124287903308868,
    "w2_global": 0.020818406715989113,
    "ae_summary": {
      "mean": 0.20124287903308868,
      "std": 0.2513927221298218,
      "min": 7.301568984985352e-05,
      "max": 3.0359930992126465,
      "p50": 0.13380518555641174,
      "p90": 0.4088858366012573,
      "p95": 0.649115264415741,
      "p99": 1.345404863357544
    },
    "se_summary": {
      "mean": 0.10369700938463211,
      "std": 0.39224696159362793,
      "min": 5.331290964250002e-09,
      "max": 9.217253684997559,
      "p50": 0.017903830856084824,
      "p90": 0.1671879142522812,
      "p95": 0.4213506281375885,
      "p99": 1.8101178407669067
    }
  }
}