{
  "train": {
    "mse": 0.0,
    "rmse": 0.0,
    "mae": 0.0,
    "w2_global": 0.2323390245437622,
    "ae_summary": {
      "mean": 0.0,
      "std": 0.0,
      "min": 0.0,
      "max": 0.0,
      "p50": 0.0,
      "p90": 0.0,
      "p95": 0.0,
      "p99": 0.0
    },
    "se_summary": {
      "mean": 0.0,
      "std": 0.0,
      "min": 0.0,
      "max": 0.0,
      "p50": 0.0,
      "p90": 0.0,
      "p95": 0.0,
      "p99": 0.0
    }
  },
  "val": {
    "mse": 1.524086594581604,
    "rmse": 1.234539021085038,
    "mae": 0.8366791009902954,
    "w2_global": 0.385066419839859,
    "ae_summary": {
      "mean": 0.8366791009902954,
      "std": 0.9077745676040649,
      "min": 1.2516975402832031e-06,
      "max": 92.93656158447266,
      "p50": 0.6504966020584106,
      "p90": 1.758080005645752,
      "p95": 2.174300193786621,
      "p99": 3.2063841819763184
    },
    "se_summary": {
      "mean": 1.524086594581604,
      "std": 44.416358947753906,
      "min": 1.566746732351021e-12,
      "max": 8637.2041015625,
      "p50": 0.4231458902359009,
      "p90": 3.0908453464508057,
      "p95": 4.727581024169922,
      "p99": 10.280900001525879
    }
  },
  "test": {
    "mse": 1.6312438249588013,
    "rmse": 1.2772015600361601,
    "mae": 0.9355456829071045,
    "w2_global": 0.27748438715934753,
    "ae_summary": {
      "mean": 0.9355456829071045,
      "std": 0.8694815039634705,
      "min": 9.141862392425537e-06,
      "max": 23.846290588378906,
      "p50": 0.7205768823623657,
      "p90": 1.9758378267288208,
      "p95": 2.516333818435669,
      "p99": 3.934173822402954
    },
    "se_summary": {
      "mean": 1.6312438249588013,
      "std": 5.027908802032471,
      "min": 8.357364800204437e-11,
      "max": 568.6455688476562,
      "p50": 0.5192310214042664,
      "p90": 3.903935194015503,
      "p95": 6.331935882568359,
      "p99": 15.477723121643066
    }
  }
}