{
  "train": {
    "mse": 0.14947643876075745,
    "rmse": 0.3866218291312034,
    "mae": 0.1665843427181244,
    "w2_global": 0.024430876597762108,
    "ae_summary": {
      "mean": 0.1665843427181244,
      "std": 0.3488926589488983,
      "min": 2.384185791015625e-07,
      "max": 29.80166244506836,
      "p50": 0.09972673654556274,
      "p90": 0.3487023413181305,
      "p95": 0.4826052188873291,
      "p99": 1.0136524438858032
    },
    "se_summary": {
      "mean": 0.14947643876075745,
      "std": 4.489898681640625,
      "min": 5.684341886080802e-14,
      "max": 888.1390991210938,
      "p50": 0.009945422410964966,
      "p90": 0.12159331887960434,
      "p95": 0.23290780186653137,
      "p99": 1.0274912118911743
    }
  },
  "val": {
    "mse": 0.2921450734138489,
    "rmse": 0.5405044619740422,
    "mae": 0.18456876277923584,
    "w2_global": 0.060784488916397095,
    "ae_summary": {
      "mean": 0.18456876277923584,
      "std": 0.5080152153968811,
      "min": 0.00012129545211791992,
      "max": 15.89638614654541,
      "p50": 0.10446789860725403,
      "p90": 0.36447566747665405,
      "p95": 0.5052979588508606,
      "p99": 1.030060887336731
    },
    "se_summary": {
      "mean": 0.2921450734138489,
      "std": 5.981332302093506,
      "min": 1.4712586704490604e-08,
      "max": 252.69509887695312,
      "p50": 0.010913548059761524,
      "p90": 0.13284295797348022,
      "p95": 0.25532636046409607,
      "p99": 1.0618664026260376
    }
  },
  "test": {
    "mse": 0.4407106041908264,
    "rmse": 0.6638603800429925,
    "mae": 0.1927523910999298,
    "w2_global": 0.06033894419670105,
    "ae_summary": {
      "mean": 0.1927523910999298,
      "std": 0.6352614760398865,
      "min": 1.519918441772461e-06,
      "max": 26.8532772064209,
      "p50": 0.10151203721761703,
      "p90": 0.38033193349838257,
      "p95": 0.5332570672035217,
      "p99": 1.1732395887374878
    },
    "se_summary": {
      "mean": 0.4407106041908264,
      "std": 11.675275802612305,
      "min": 2.3101520696400257e-12,
      "max": 721.0985107421875,
      "p50": 0.010304694063961506,
      "p90": 0.14465239644050598,
      "p95": 0.2843632996082306,
      "p99": 1.3764914274215698
    }
  }
}