{
  "train": {
    "mse": 0.0018805548315867782,
    "rmse": 0.04336536442354403,
    "mae": 0.02384059689939022,
    "w2_global": 0.20770661532878876,
    "ae_summary": {
      "mean": 0.02384059689939022,
      "std": 0.036224037408828735,
      "min": 6.16908073425293e-06,
      "max": 1.4912030696868896,
      "p50": 0.017059482634067535,
      "p90": 0.04666626453399658,
      "p95": 0.060443490743637085,
      "p99": 0.13040506839752197
    },
    "se_summary": {
      "mean": 0.0018805548315867782,
      "std": 0.02896994538605213,
      "min": 3.8057557105730666e-11,
      "max": 2.223686695098877,
      "p50": 0.0002910259354393929,
      "p90": 0.002177740214392543,
      "p95": 0.0036534154787659645,
      "p99": 0.01700548827648163
    }
  },
  "val": {
    "mse": 0.5405941605567932,
    "rmse": 0.7352510867430209,
    "mae": 0.5260347723960876,
    "w2_global": 0.22487744688987732,
    "ae_summary": {
      "mean": 0.5260347723960876,
      "std": 0.5136939883232117,
      "min": 1.2814998626708984e-05,
      "max": 4.300605297088623,
      "p50": 0.3658624291419983,
      "p90": 1.2358356714248657,
      "p95": 1.609870195388794,
      "p99": 2.3846282958984375
    },
    "se_summary": {
      "mean": 0.5405941605567932,
      "std": 1.1112698316574097,
      "min": 1.6422418980255316e-10,
      "max": 18.495206832885742,
      "p50": 0.13385531306266785,
      "p90": 1.5272897481918335,
      "p95": 2.591681957244873,
      "p99": 5.686453342437744
    }
  },
  "test": {
    "mse": 0.5026531219482422,
    "rmse": 0.7089803396062843,
    "mae": 0.49829185009002686,
    "w2_global": 0.19704027473926544,
    "ae_summary": {
      "mean": 0.49829185009002686,
      "std": 0.5043395757675171,
      "min": 2.1457672119140625e-05,
      "max": 4.184507369995117,
      "p50": 0.3424876928329468,
      "p90": 1.1762316226959229,
      "p95": 1.5590764284133911,
      "p99": 2.3454504013061523
    },
    "se_summary": {
      "mean": 0.5026531219482422,
      "std": 1.0898044109344482,
      "min": 4.604316927725449e-10,
      "max": 17.510101318359375,
      "p50": 0.11729781329631805,
      "p90": 1.3835208415985107,
      "p95": 2.4307191371917725,
      "p99": 5.5011372566223145
    }
  }
}