{
  "train": {
    "mse": 0.0,
    "rmse": 0.0,
    "mae": 0.0,
    "w2_global": 0.8479723930358887,
    "ae_summary": {
      "mean": 0.0,
      "std": 0.0,
      "min": 0.0,
      "max": 0.0,
      "p50": 0.0,
      "p90": 0.0,
      "p95": 0.0,
      "p99": 0.0
    },
    "se_summary": {
      "mean": 0.0,
      "std": 0.0,
      "min": 0.0,
      "max": 0.0,
      "p50": 0.0,
      "p90": 0.0,
      "p95": 0.0,
      "p99": 0.0
    }
  },
  "val": {
    "mse": 1.1039444208145142,
    "rmse": 1.0506875942993303,
    "mae": 0.6821403503417969,
    "w2_global": 0.8118873834609985,
    "ae_summary": {
      "mean": 0.6821403503417969,
      "std": 0.7991427183151245,
      "min": 1.0561197996139526e-06,
      "max": 10.312542915344238,
      "p50": 0.35515865683555603,
      "p90": 1.8790316581726074,
      "p95": 2.310523748397827,
      "p99": 3.3796558380126953
    },
    "se_summary": {
      "mean": 1.1039444208145142,
      "std": 2.6012392044067383,
      "min": 1.1153890311366155e-12,
      "max": 106.34854125976562,
      "p50": 0.12613767385482788,
      "p90": 3.5307600498199463,
      "p95": 5.33851957321167,
      "p99": 11.422073364257812
    }
  },
  "test": {
    "mse": 1.0299224853515625,
    "rmse": 1.0148509670644073,
    "mae": 0.6397587060928345,
    "w2_global": 0.8033586740493774,
    "ae_summary": {
      "mean": 0.6397587060928345,
      "std": 0.7878015041351318,
      "min": 3.9301812648773193e-07,
      "max": 11.478927612304688,
      "p50": 0.31118693947792053,
      "p90": 1.8249245882034302,
      "p95": 2.2733848094940186,
      "p99": 3.326171398162842
    },
    "se_summary": {
      "mean": 1.0299224853515625,
      "std": 2.5437862873077393,
      "min": 1.5446324774792686e-13,
      "max": 131.76577758789062,
      "p50": 0.09683731198310852,
      "p90": 3.3303496837615967,
      "p95": 5.168278694152832,
      "p99": 11.06341552734375
    }
  }
}