{
  "best_alpha": 0.99,
  "best_gamma": 5.0,
  "alpha_grid": [
    0.01,
    0.25,
    0.5,
    0.75,
    0.99
  ],
  "gamma_grid": [
    0.1,
    1.0,
    5.0,
    10.0
  ],
  "results": {
    "(0.01, 0.1)": {
      "val_loss": 1.3414661884307861,
      "val_eval": 1.6188819408416748,
      "epochs": 30,
      "mse": 1.6188819408416748,
      "w2_global": 0.47270119190216064,
      "cvar": 4.259739875793457
    },
    "(0.01, 1.0)": {
      "val_loss": 1.5336540937423706,
      "val_eval": 1.7296761274337769,
      "epochs": 30,
      "mse": 1.7296762466430664,
      "w2_global": 0.4708184003829956,
      "cvar": 4.613995552062988
    },
    "(0.01, 5.0)": {
      "val_loss": 1.4389138221740723,
      "val_eval": 1.6024879217147827,
      "epochs": 30,
      "mse": 1.6024879217147827,
      "w2_global": 0.48614710569381714,
      "cvar": 4.1514997482299805
    },
    "(0.01, 10.0)": {
      "val_loss": 1.4378013610839844,
      "val_eval": 1.6074810028076172,
      "epochs": 30,
      "mse": 1.6074810028076172,
      "w2_global": 0.4860873818397522,
      "cvar": 4.36451530456543
    },
    "(0.25, 0.1)": {
      "val_loss": 1.477691411972046,
      "val_eval": 1.5976791381835938,
      "epochs": 30,
      "mse": 1.5976791381835938,
      "w2_global": 0.4789750874042511,
      "cvar": 4.441647052764893
    },
    "(0.25, 1.0)": {
      "val_loss": 1.473665475845337,
      "val_eval": 1.7109161615371704,
      "epochs": 30,
      "mse": 1.7109163999557495,
      "w2_global": 0.4853561520576477,
      "cvar": 4.869058132171631
    },
    "(0.25, 5.0)": {
      "val_loss": 1.4441500902175903,
      "val_eval": 1.64156174659729,
      "epochs": 30,
      "mse": 1.64156174659729,
      "w2_global": 0.47209087014198303,
      "cvar": 4.543384075164795
    },
    "(0.25, 10.0)": {
      "val_loss": 1.4431079626083374,
      "val_eval": 1.603445291519165,
      "epochs": 30,
      "mse": 1.6034454107284546,
      "w2_global": 0.4697168469429016,
      "cvar": 4.437013149261475
    },
    "(0.5, 0.1)": {
      "val_loss": 1.3875020742416382,
      "val_eval": 1.5534754991531372,
      "epochs": 30,
      "mse": 1.5534754991531372,
      "w2_global": 0.46806958317756653,
      "cvar": 4.371359348297119
    },
    "(0.5, 1.0)": {
      "val_loss": 1.3614952564239502,
      "val_eval": 1.5275309085845947,
      "epochs": 30,
      "mse": 1.5275306701660156,
      "w2_global": 0.47780829668045044,
      "cvar": 4.195556163787842
    },
    "(0.5, 5.0)": {
      "val_loss": 1.2346928119659424,
      "val_eval": 1.400989294052124,
      "epochs": 30,
      "mse": 1.4009894132614136,
      "w2_global": 0.4573904573917389,
      "cvar": 3.646787643432617
    },
    "(0.5, 10.0)": {
      "val_loss": 1.3776293992996216,
      "val_eval": 1.5777546167373657,
      "epochs": 30,
      "mse": 1.5777547359466553,
      "w2_global": 0.46798190474510193,
      "cvar": 4.369565010070801
    },
    "(0.75, 0.1)": {
      "val_loss": 1.1054723262786865,
      "val_eval": 1.2491834163665771,
      "epochs": 30,
      "mse": 1.2491834163665771,
      "w2_global": 0.4193500280380249,
      "cvar": 3.075173854827881
    },
    "(0.75, 1.0)": {
      "val_loss": 1.0793248414993286,
      "val_eval": 1.2445474863052368,
      "epochs": 30,
      "mse": 1.2445474863052368,
      "w2_global": 0.4338502287864685,
      "cvar": 3.4354426860809326
    },
    "(0.75, 5.0)": {
      "val_loss": 1.209112524986267,
      "val_eval": 1.4158486127853394,
      "epochs": 30,
      "mse": 1.4158486127853394,
      "w2_global": 0.4504421353340149,
      "cvar": 3.755131959915161
    },
    "(0.75, 10.0)": {
      "val_loss": 1.0020705461502075,
      "val_eval": 1.060486078262329,
      "epochs": 30,
      "mse": 1.060486078262329,
      "w2_global": 0.3847494125366211,
      "cvar": 2.6412198543548584
    },
    "(0.99, 0.1)": {
      "val_loss": 0.8014243841171265,
      "val_eval": 0.9298985600471497,
      "epochs": 30,
      "mse": 0.9298985600471497,
      "w2_global": 0.2939701974391937,
      "cvar": 2.036048412322998
    },
    "(0.99, 1.0)": {
      "val_loss": 0.8133113980293274,
      "val_eval": 0.9329444766044617,
      "epochs": 30,
      "mse": 0.9329444766044617,
      "w2_global": 0.27591052651405334,
      "cvar": 2.3040287494659424
    },
    "(0.99, 5.0)": {
      "val_loss": 0.7107675075531006,
      "val_eval": 0.8200523257255554,
      "epochs": 30,
      "mse": 0.8200522661209106,
      "w2_global": 0.27706724405288696,
      "cvar": 2.0100958347320557
    },
    "(0.99, 10.0)": {
      "val_loss": 0.7917003631591797,
      "val_eval": 0.839080810546875,
      "epochs": 30,
      "mse": 0.839080810546875,
      "w2_global": 0.2748109698295593,
      "cvar": 2.2445058822631836
    }
  }
}