{
  "train": {
    "mse": 0.4587867558002472,
    "rmse": 0.6773379922905899,
    "mae": 0.4957905113697052,
    "w2_global": 0.14221762120723724,
    "ae_summary": {
      "mean": 0.4957905113697052,
      "std": 0.461495965719223,
      "min": 0.00010383129119873047,
      "max": 7.82767915725708,
      "p50": 0.3874145746231079,
      "p90": 1.044346809387207,
      "p95": 1.3140517473220825,
      "p99": 2.048670530319214
    },
    "se_summary": {
      "mean": 0.4587867558002472,
      "std": 1.3153529167175293,
      "min": 1.0780937031995563e-08,
      "max": 61.272560119628906,
      "p50": 0.1500900536775589,
      "p90": 1.0906602144241333,
      "p95": 1.7267318964004517,
      "p99": 4.197052478790283
    }
  },
  "val": {
    "mse": 0.8200522661209106,
    "rmse": 0.9055673724913628,
    "mae": 0.6442415118217468,
    "w2_global": 0.27706724405288696,
    "ae_summary": {
      "mean": 0.6442415118217468,
      "std": 0.6364001631736755,
      "min": 0.00010311603546142578,
      "max": 5.751645565032959,
      "p50": 0.4771391451358795,
      "p90": 1.4177780151367188,
      "p95": 1.9101769924163818,
      "p99": 3.2359094619750977
    },
    "se_summary": {
      "mean": 0.8200522661209106,
      "std": 1.9626051187515259,
      "min": 1.063291676928202e-08,
      "max": 33.08142852783203,
      "p50": 0.22766175866127014,
      "p90": 2.0100958347320557,
      "p95": 3.6487762928009033,
      "p99": 10.471113204956055
    }
  },
  "test": {
    "mse": 0.6459164619445801,
    "rmse": 0.8036892819644792,
    "mae": 0.5682761073112488,
    "w2_global": 0.23147571086883545,
    "ae_summary": {
      "mean": 0.5682761073112488,
      "std": 0.5683121681213379,
      "min": 8.77082347869873e-05,
      "max": 5.579411506652832,
      "p50": 0.4095184803009033,
      "p90": 1.2309918403625488,
      "p95": 1.5043214559555054,
      "p99": 2.9618566036224365
    },
    "se_summary": {
      "mean": 0.6459164619445801,
      "std": 1.6996111869812012,
      "min": 7.69273444944929e-09,
      "max": 31.129833221435547,
      "p50": 0.16770541667938232,
      "p90": 1.51534104347229,
      "p95": 2.262989044189453,
      "p99": 8.772626876831055
    }
  }
}