{
  "train": {
    "mse": 0.015362258069217205,
    "rmse": 0.12394457660267837,
    "mae": 0.09609992057085037,
    "w2_global": 0.39041584730148315,
    "ae_summary": {
      "mean": 0.09609992057085037,
      "std": 0.07827555388212204,
      "min": 2.7418136596679688e-06,
      "max": 0.9833353757858276,
      "p50": 0.07836394011974335,
      "p90": 0.20005932450294495,
      "p95": 0.2456251084804535,
      "p99": 0.35035958886146545
    },
    "se_summary": {
      "mean": 0.015362258069217205,
      "std": 0.0267251618206501,
      "min": 7.51754214434186e-12,
      "max": 0.9669484496116638,
      "p50": 0.006140907295048237,
      "p90": 0.04002373665571213,
      "p95": 0.06033169478178024,
      "p99": 0.12275183200836182
    }
  },
  "val": {
    "mse": 1.3468624353408813,
    "rmse": 1.1605440255935495,
    "mae": 0.9288166165351868,
    "w2_global": 0.42009076476097107,
    "ae_summary": {
      "mean": 0.9288166165351868,
      "std": 0.6958175301551819,
      "min": 9.179115295410156e-06,
      "max": 3.8835952281951904,
      "p50": 0.8536858558654785,
      "p90": 1.8978394269943237,
      "p95": 2.2526280879974365,
      "p99": 3.069810628890991
    },
    "se_summary": {
      "mean": 1.3468624353408813,
      "std": 1.829477071762085,
      "min": 8.425615760643268e-11,
      "max": 15.082311630249023,
      "p50": 0.7287796139717102,
      "p90": 3.601794481277466,
      "p95": 5.074333190917969,
      "p99": 9.423737525939941
    }
  },
  "test": {
    "mse": 1.3307385444641113,
    "rmse": 1.15357641466186,
    "mae": 0.9147728085517883,
    "w2_global": 0.3915135860443115,
    "ae_summary": {
      "mean": 0.9147728085517883,
      "std": 0.702800989151001,
      "min": 9.5367431640625e-07,
      "max": 3.7952933311462402,
      "p50": 0.8226755261421204,
      "p90": 1.9024553298950195,
      "p95": 2.254356861114502,
      "p99": 3.0773258209228516
    },
    "se_summary": {
      "mean": 1.3307385444641113,
      "std": 1.8457611799240112,
      "min": 9.094947017729282e-13,
      "max": 14.404251098632812,
      "p50": 0.6767950057983398,
      "p90": 3.6193366050720215,
      "p95": 5.082125186920166,
      "p99": 9.469934463500977
    }
  }
}