{
  "best_alpha": 0.75,
  "best_gamma": 5.0,
  "alpha_grid": [
    0.01,
    0.25,
    0.5,
    0.75,
    0.99
  ],
  "gamma_grid": [
    0.1,
    1.0,
    5.0,
    10.0
  ],
  "results": {
    "(0.01, 0.1)": {
      "val_loss": 0.5859134197235107,
      "val_eval": 0.9139862656593323,
      "epoch": 30,
      "mse": 0.9139862656593323,
      "w2_global": 0.08700016885995865,
      "cvar": 1.159702181816101
    },
    "(0.01, 1.0)": {
      "val_loss": 0.548515796661377,
      "val_eval": 0.869066596031189,
      "epoch": 29,
      "mse": 0.869066596031189,
      "w2_global": 0.0846790298819542,
      "cvar": 1.0223760604858398
    },
    "(0.01, 5.0)": {
      "val_loss": 0.5733933448791504,
      "val_eval": 0.8974559307098389,
      "epoch": 29,
      "mse": 0.8974559307098389,
      "w2_global": 0.08508018404245377,
      "cvar": 1.088921070098877
    },
    "(0.01, 10.0)": {
      "val_loss": 0.5644899606704712,
      "val_eval": 0.8840327858924866,
      "epoch": 25,
      "mse": 0.8840327858924866,
      "w2_global": 0.08372466266155243,
      "cvar": 1.0768482685089111
    },
    "(0.25, 0.1)": {
      "val_loss": 0.18870088458061218,
      "val_eval": 0.3817378878593445,
      "epoch": 30,
      "mse": 0.3817378878593445,
      "w2_global": 0.06575734913349152,
      "cvar": 0.2750279903411865
    },
    "(0.25, 1.0)": {
      "val_loss": 0.18086490035057068,
      "val_eval": 0.3886224925518036,
      "epoch": 30,
      "mse": 0.3886224925518036,
      "w2_global": 0.06640494614839554,
      "cvar": 0.2938109338283539
    },
    "(0.25, 5.0)": {
      "val_loss": 0.1956339180469513,
      "val_eval": 0.41883420944213867,
      "epoch": 30,
      "mse": 0.41883420944213867,
      "w2_global": 0.06750334799289703,
      "cvar": 0.2573229670524597
    },
    "(0.25, 10.0)": {
      "val_loss": 0.178973987698555,
      "val_eval": 0.36256757378578186,
      "epoch": 30,
      "mse": 0.36256757378578186,
      "w2_global": 0.06565575301647186,
      "cvar": 0.2426615059375763
    },
    "(0.5, 0.1)": {
      "val_loss": 0.14831556379795074,
      "val_eval": 0.321474552154541,
      "epoch": 30,
      "mse": 0.321474552154541,
      "w2_global": 0.06378436088562012,
      "cvar": 0.2030402421951294
    },
    "(0.5, 1.0)": {
      "val_loss": 0.14992019534111023,
      "val_eval": 0.33177000284194946,
      "epoch": 30,
      "mse": 0.33177000284194946,
      "w2_global": 0.06479033082723618,
      "cvar": 0.19749408960342407
    },
    "(0.5, 5.0)": {
      "val_loss": 0.17188139259815216,
      "val_eval": 0.38733410835266113,
      "epoch": 30,
      "mse": 0.3873341381549835,
      "w2_global": 0.06561549007892609,
      "cvar": 0.17541362345218658
    },
    "(0.5, 10.0)": {
      "val_loss": 0.16286304593086243,
      "val_eval": 0.3355034291744232,
      "epoch": 30,
      "mse": 0.3355034291744232,
      "w2_global": 0.06331636756658554,
      "cvar": 0.23598217964172363
    },
    "(0.75, 0.1)": {
      "val_loss": 0.14014841616153717,
      "val_eval": 0.3241840898990631,
      "epoch": 30,
      "mse": 0.3241840600967407,
      "w2_global": 0.06309095025062561,
      "cvar": 0.1762986183166504
    },
    "(0.75, 1.0)": {
      "val_loss": 0.13749819993972778,
      "val_eval": 0.34981945157051086,
      "epoch": 30,
      "mse": 0.3498194217681885,
      "w2_global": 0.06454779207706451,
      "cvar": 0.1486387997865677
    },
    "(0.75, 5.0)": {
      "val_loss": 0.12346310913562775,
      "val_eval": 0.2506934404373169,
      "epoch": 30,
      "mse": 0.2506934404373169,
      "w2_global": 0.05734725669026375,
      "cvar": 0.14096803963184357
    },
    "(0.75, 10.0)": {
      "val_loss": 0.1421760469675064,
      "val_eval": 0.3195660412311554,
      "epoch": 30,
      "mse": 0.3195660412311554,
      "w2_global": 0.06342940777540207,
      "cvar": 0.15234608948230743
    },
    "(0.99, 0.1)": {
      "val_loss": 0.12944339215755463,
      "val_eval": 0.3165540397167206,
      "epoch": 30,
      "mse": 0.3165540397167206,
      "w2_global": 0.06284869462251663,
      "cvar": 0.15420468151569366
    },
    "(0.99, 1.0)": {
      "val_loss": 0.13711901009082794,
      "val_eval": 0.3288877606391907,
      "epoch": 30,
      "mse": 0.3288877308368683,
      "w2_global": 0.06264705210924149,
      "cvar": 0.14461614191532135
    },
    "(0.99, 5.0)": {
      "val_loss": 0.1345621943473816,
      "val_eval": 0.27342164516448975,
      "epoch": 30,
      "mse": 0.27342164516448975,
      "w2_global": 0.0609603077173233,
      "cvar": 0.13888326287269592
    },
    "(0.99, 10.0)": {
      "val_loss": 0.12059619277715683,
      "val_eval": 0.27572333812713623,
      "epoch": 30,
      "mse": 0.27572333812713623,
      "w2_global": 0.05836460366845131,
      "cvar": 0.14414376020431519
    }
  }
}