{
  "train": {
    "mse": 0.14934667944908142,
    "rmse": 0.3864539810237196,
    "mae": 0.17397534847259521,
    "w2_global": 0.025297723710536957,
    "ae_summary": {
      "mean": 0.17397534847259521,
      "std": 0.34507861733436584,
      "min": 2.682209014892578e-06,
      "max": 28.5456485748291,
      "p50": 0.10729911923408508,
      "p90": 0.3583531379699707,
      "p95": 0.49109312891960144,
      "p99": 1.0463824272155762
    },
    "se_summary": {
      "mean": 0.14934667944908142,
      "std": 4.120058536529541,
      "min": 7.194245199571014e-12,
      "max": 814.8540649414062,
      "p50": 0.011513100937008858,
      "p90": 0.1284169703722,
      "p95": 0.2411724478006363,
      "p99": 1.0949162244796753
    }
  },
  "val": {
    "mse": 0.2506934404373169,
    "rmse": 0.5006929602434179,
    "mae": 0.1974179446697235,
    "w2_global": 0.05734725669026375,
    "ae_summary": {
      "mean": 0.1974179446697235,
      "std": 0.4601300060749054,
      "min": 1.0967254638671875e-05,
      "max": 13.421883583068848,
      "p50": 0.12030923366546631,
      "p90": 0.37545710802078247,
      "p95": 0.5048003196716309,
      "p99": 1.082520604133606
    },
    "se_summary": {
      "mean": 0.2506934404373169,
      "std": 4.305466651916504,
      "min": 1.2028067430946976e-10,
      "max": 180.14695739746094,
      "p50": 0.014474315568804741,
      "p90": 0.14096803963184357,
      "p95": 0.25482338666915894,
      "p99": 1.17185640335083
    }
  },
  "test": {
    "mse": 0.38394519686698914,
    "rmse": 0.6196331147275693,
    "mae": 0.2072361707687378,
    "w2_global": 0.052870236337184906,
    "ae_summary": {
      "mean": 0.2072361707687378,
      "std": 0.5839506387710571,
      "min": 3.790855407714844e-05,
      "max": 24.020849227905273,
      "p50": 0.12437748908996582,
      "p90": 0.39921343326568604,
      "p95": 0.5204585194587708,
      "p99": 1.221646785736084
    },
    "se_summary": {
      "mean": 0.38394519686698914,
      "std": 10.015490531921387,
      "min": 1.4370584722200874e-09,
      "max": 577.001220703125,
      "p50": 0.015469759702682495,
      "p90": 0.15937136113643646,
      "p95": 0.2708773612976074,
      "p99": 1.4924403429031372
    }
  }
}