{
  "train": {
    "mse": 0.0,
    "rmse": 0.0,
    "mae": 0.0,
    "w2_global": 2.0318989753723145,
    "ae_summary": {
      "mean": 0.0,
      "std": 0.0,
      "min": 0.0,
      "max": 0.0,
      "p50": 0.0,
      "p90": 0.0,
      "p95": 0.0,
      "p99": 0.0
    },
    "se_summary": {
      "mean": 0.0,
      "std": 0.0,
      "min": 0.0,
      "max": 0.0,
      "p50": 0.0,
      "p90": 0.0,
      "p95": 0.0,
      "p99": 0.0
    }
  },
  "val": {
    "mse": 5.868191242218018,
    "rmse": 2.4224349820414206,
    "mae": 2.224151611328125,
    "w2_global": 2.0359368324279785,
    "ae_summary": {
      "mean": 2.224151611328125,
      "std": 0.9598649740219116,
      "min": 0.001451253890991211,
      "max": 13.762429237365723,
      "p50": 2.5108766555786133,
      "p90": 3.333925485610962,
      "p95": 3.5575828552246094,
      "p99": 4.004268169403076
    },
    "se_summary": {
      "mean": 5.868191242218018,
      "std": 4.459948539733887,
      "min": 2.1061377992737107e-06,
      "max": 189.4044647216797,
      "p50": 6.304501533508301,
      "p90": 11.115058898925781,
      "p95": 12.65639591217041,
      "p99": 16.034160614013672
    }
  },
  "test": {
    "mse": 5.897831439971924,
    "rmse": 2.4285451282551707,
    "mae": 2.217033624649048,
    "w2_global": 2.046644926071167,
    "ae_summary": {
      "mean": 2.217033624649048,
      "std": 0.9912581443786621,
      "min": 0.0005819797515869141,
      "max": 28.239532470703125,
      "p50": 2.504359245300293,
      "p90": 3.302016496658325,
      "p95": 3.5555076599121094,
      "p99": 3.9162776470184326
    },
    "se_summary": {
      "mean": 5.897831439971924,
      "std": 8.530214309692383,
      "min": 3.387004312571662e-07,
      "max": 797.47119140625,
      "p50": 6.271815299987793,
      "p90": 10.903312683105469,
      "p95": 12.641633987426758,
      "p99": 15.337230682373047
    }
  }
}