{
  "train": {
    "mse": 3857.317626953125,
    "rmse": 62.107307355520774,
    "mae": 48.22136306762695,
    "w2_global": 0.001847183215431869,
    "ae_summary": {
      "mean": 48.22136306762695,
      "std": 39.1410026550293,
      "min": 0.0014265496283769608,
      "max": 240.95127868652344,
      "p50": 37.7149772644043,
      "p90": 106.56845092773438,
      "p95": 126.77467346191406,
      "p99": 160.64572143554688
    },
    "se_summary": {
      "mean": 3857.317626953125,
      "std": 5667.69873046875,
      "min": 2.035043735304498e-06,
      "max": 58057.51953125,
      "p50": 1422.4195556640625,
      "p90": 11356.8349609375,
      "p95": 16071.818359375,
      "p99": 25807.048828125
    }
  },
  "val": {
    "mse": 0.007445090916007757,
    "rmse": 0.08628494026194697,
    "mae": 0.061016250401735306,
    "w2_global": 0.0032796082086861134,
    "ae_summary": {
      "mean": 0.061016250401735306,
      "std": 0.06100907549262047,
      "min": 0.0001270771026611328,
      "max": 0.5704230070114136,
      "p50": 0.04477047920227051,
      "p90": 0.1306748241186142,
      "p95": 0.16864554584026337,
      "p99": 0.29892030358314514
    },
    "se_summary": {
      "mean": 0.007445090916007757,
      "std": 0.019597340375185013,
      "min": 1.6148590020748088e-08,
      "max": 0.32538241147994995,
      "p50": 0.002004395704716444,
      "p90": 0.017075911164283752,
      "p95": 0.02844132110476494,
      "p99": 0.08935781568288803
    }
  },
  "test": {
    "mse": 0.007709421217441559,
    "rmse": 0.08780330983192808,
    "mae": 0.0602920763194561,
    "w2_global": 0.002301905071362853,
    "ae_summary": {
      "mean": 0.0602920763194561,
      "std": 0.06383014470338821,
      "min": 1.4901161193847656e-05,
      "max": 0.8174622058868408,
      "p50": 0.043279051780700684,
      "p90": 0.1272260993719101,
      "p95": 0.17357422411441803,
      "p99": 0.31995999813079834
    },
    "se_summary": {
      "mean": 0.007709421217441559,
      "std": 0.02520992048084736,
      "min": 2.220446049250313e-10,
      "max": 0.668244481086731,
      "p50": 0.0018730763113126159,
      "p90": 0.016186481341719627,
      "p95": 0.030128009617328644,
      "p99": 0.10237441211938858
    }
  }
}