{
  "best_alpha": 0.99,
  "best_gamma": 5.0,
  "alpha_grid": [
    0.01,
    0.25,
    0.5,
    0.75,
    0.99
  ],
  "gamma_grid": [
    0.1,
    1.0,
    5.0,
    10.0
  ],
  "results": {
    "(0.01, 0.1)": {
      "val_loss": 1.1977862119674683,
      "val_eval": 1.1680184602737427,
      "epochs": 30,
      "mse": 1.1680184602737427,
      "w2_global": 0.07165101915597916,
      "cvar": 2.789038896560669
    },
    "(0.01, 1.0)": {
      "val_loss": 1.1960335969924927,
      "val_eval": 1.1669718027114868,
      "epochs": 30,
      "mse": 1.1669718027114868,
      "w2_global": 0.0717737004160881,
      "cvar": 2.755993366241455
    },
    "(0.01, 5.0)": {
      "val_loss": 1.1875208616256714,
      "val_eval": 1.1505260467529297,
      "epochs": 30,
      "mse": 1.1505260467529297,
      "w2_global": 0.07116372883319855,
      "cvar": 2.675180673599243
    },
    "(0.01, 10.0)": {
      "val_loss": 1.1855652332305908,
      "val_eval": 1.1600924730300903,
      "epochs": 30,
      "mse": 1.1600923538208008,
      "w2_global": 0.07093370705842972,
      "cvar": 2.7814018726348877
    },
    "(0.25, 0.1)": {
      "val_loss": 0.9747862219810486,
      "val_eval": 0.9601182341575623,
      "epochs": 30,
      "mse": 0.9601182341575623,
      "w2_global": 0.02221977896988392,
      "cvar": 2.2212023735046387
    },
    "(0.25, 1.0)": {
      "val_loss": 0.9370776414871216,
      "val_eval": 0.9069422483444214,
      "epochs": 30,
      "mse": 0.9069421887397766,
      "w2_global": 0.02457691729068756,
      "cvar": 2.1884207725524902
    },
    "(0.25, 5.0)": {
      "val_loss": 0.9131836891174316,
      "val_eval": 0.8617110252380371,
      "epochs": 30,
      "mse": 0.8617110252380371,
      "w2_global": 0.021076301112771034,
      "cvar": 2.1203131675720215
    },
    "(0.25, 10.0)": {
      "val_loss": 0.9361147284507751,
      "val_eval": 0.8879106640815735,
      "epochs": 30,
      "mse": 0.8879106640815735,
      "w2_global": 0.022782426327466965,
      "cvar": 2.1890857219696045
    },
    "(0.5, 0.1)": {
      "val_loss": 0.7872508764266968,
      "val_eval": 0.7585062980651855,
      "epochs": 30,
      "mse": 0.7585062980651855,
      "w2_global": 0.02232276275753975,
      "cvar": 1.8186607360839844
    },
    "(0.5, 1.0)": {
      "val_loss": 0.7477430105209351,
      "val_eval": 0.7264310121536255,
      "epochs": 30,
      "mse": 0.7264310121536255,
      "w2_global": 0.021194403991103172,
      "cvar": 1.7357754707336426
    },
    "(0.5, 5.0)": {
      "val_loss": 0.8140164613723755,
      "val_eval": 0.7803460359573364,
      "epochs": 30,
      "mse": 0.7803460359573364,
      "w2_global": 0.017243003472685814,
      "cvar": 1.8980661630630493
    },
    "(0.5, 10.0)": {
      "val_loss": 0.7806156277656555,
      "val_eval": 0.7540231943130493,
      "epochs": 30,
      "mse": 0.7540231943130493,
      "w2_global": 0.022849176079034805,
      "cvar": 1.8035097122192383
    },
    "(0.75, 0.1)": {
      "val_loss": 0.7251216769218445,
      "val_eval": 0.6858712434768677,
      "epochs": 30,
      "mse": 0.6858712434768677,
      "w2_global": 0.020408540964126587,
      "cvar": 1.6626942157745361
    },
    "(0.75, 1.0)": {
      "val_loss": 0.6886648535728455,
      "val_eval": 0.6911329030990601,
      "epochs": 30,
      "mse": 0.6911328434944153,
      "w2_global": 0.02188662253320217,
      "cvar": 1.630051851272583
    },
    "(0.75, 5.0)": {
      "val_loss": 0.7219347357749939,
      "val_eval": 0.6916159391403198,
      "epochs": 30,
      "mse": 0.6916159987449646,
      "w2_global": 0.021954093128442764,
      "cvar": 1.6265020370483398
    },
    "(0.75, 10.0)": {
      "val_loss": 0.7102926969528198,
      "val_eval": 0.6851658225059509,
      "epochs": 30,
      "mse": 0.6851658225059509,
      "w2_global": 0.020911114290356636,
      "cvar": 1.6468348503112793
    },
    "(0.99, 0.1)": {
      "val_loss": 0.6592853665351868,
      "val_eval": 0.640572726726532,
      "epochs": 30,
      "mse": 0.640572726726532,
      "w2_global": 0.022266695275902748,
      "cvar": 1.507888913154602
    },
    "(0.99, 1.0)": {
      "val_loss": 0.6384112238883972,
      "val_eval": 0.6124117374420166,
      "epochs": 30,
      "mse": 0.6124117374420166,
      "w2_global": 0.016593465581536293,
      "cvar": 1.4418530464172363
    },
    "(0.99, 5.0)": {
      "val_loss": 0.6379189491271973,
      "val_eval": 0.6164901256561279,
      "epochs": 30,
      "mse": 0.6164901256561279,
      "w2_global": 0.021365204825997353,
      "cvar": 1.4062427282333374
    },
    "(0.99, 10.0)": {
      "val_loss": 0.655569314956665,
      "val_eval": 0.6307684183120728,
      "epochs": 30,
      "mse": 0.6307684183120728,
      "w2_global": 0.015079895965754986,
      "cvar": 1.513231873512268
    }
  }
}