{
  "train": {
    "mse": 0.5181555151939392,
    "rmse": 0.7198301988621617,
    "mae": 0.48895537853240967,
    "w2_global": 0.011778218671679497,
    "ae_summary": {
      "mean": 0.48895537853240967,
      "std": 0.5282784104347229,
      "min": 7.264316082000732e-07,
      "max": 60.62256622314453,
      "p50": 0.3506355285644531,
      "p90": 1.0636448860168457,
      "p95": 1.3929740190505981,
      "p99": 2.271746873855591
    },
    "se_summary": {
      "mean": 0.5181555151939392,
      "std": 6.786771774291992,
      "min": 5.277028813921447e-13,
      "max": 3675.095458984375,
      "p50": 0.12294527143239975,
      "p90": 1.1313403844833374,
      "p95": 1.94037663936615,
      "p99": 5.160833835601807
    }
  },
  "val": {
    "mse": 0.6164901256561279,
    "rmse": 0.7851688516848639,
    "mae": 0.5399603247642517,
    "w2_global": 0.021365204825997353,
    "ae_summary": {
      "mean": 0.5399603247642517,
      "std": 0.5700289607048035,
      "min": 2.2009015083312988e-05,
      "max": 8.44780158996582,
      "p50": 0.38010817766189575,
      "p90": 1.185850977897644,
      "p95": 1.5921014547348022,
      "p99": 2.5942130088806152
    },
    "se_summary": {
      "mean": 0.6164901256561279,
      "std": 2.084911584854126,
      "min": 4.843967449374986e-10,
      "max": 71.36534881591797,
      "p50": 0.14448222517967224,
      "p90": 1.4062427282333374,
      "p95": 2.534787178039551,
      "p99": 6.729944229125977
    }
  },
  "test": {
    "mse": 0.47341251373291016,
    "rmse": 0.6880497901554147,
    "mae": 0.4766123294830322,
    "w2_global": 0.012702234089374542,
    "ae_summary": {
      "mean": 0.4766123294830322,
      "std": 0.4962390065193176,
      "min": 4.482269287109375e-05,
      "max": 8.538990020751953,
      "p50": 0.34440672397613525,
      "p90": 1.0393452644348145,
      "p95": 1.3594058752059937,
      "p99": 2.251645803451538
    },
    "se_summary": {
      "mean": 0.47341251373291016,
      "std": 1.6690679788589478,
      "min": 2.0090737962163985e-09,
      "max": 72.91435241699219,
      "p50": 0.11861599236726761,
      "p90": 1.080238699913025,
      "p95": 1.8479845523834229,
      "p99": 5.069908618927002
    }
  }
}