{
  "train": {
    "mse": 0.0,
    "rmse": 0.0,
    "mae": 0.0,
    "w2_global": 0.05632806196808815,
    "ae_summary": {
      "mean": 0.0,
      "std": 0.0,
      "min": 0.0,
      "max": 0.0,
      "p50": 0.0,
      "p90": 0.0,
      "p95": 0.0,
      "p99": 0.0
    },
    "se_summary": {
      "mean": 0.0,
      "std": 0.0,
      "min": 0.0,
      "max": 0.0,
      "p50": 0.0,
      "p90": 0.0,
      "p95": 0.0,
      "p99": 0.0
    }
  },
  "val": {
    "mse": 0.9353868365287781,
    "rmse": 0.9671539880126525,
    "mae": 0.7872412204742432,
    "w2_global": 0.059610262513160706,
    "ae_summary": {
      "mean": 0.7872412204742432,
      "std": 0.5618168711662292,
      "min": 5.960464477539063e-08,
      "max": 4.606925010681152,
      "p50": 0.7129940986633301,
      "p90": 1.5506293773651123,
      "p95": 1.7675306797027588,
      "p99": 2.3952081203460693
    },
    "se_summary": {
      "mean": 0.9353868365287781,
      "std": 1.3102484941482544,
      "min": 3.552713678800501e-15,
      "max": 21.223758697509766,
      "p50": 0.5083611607551575,
      "p90": 2.404470682144165,
      "p95": 3.12416672706604,
      "p99": 5.73702335357666
    }
  },
  "test": {
    "mse": 0.8585992455482483,
    "rmse": 0.9266063055841183,
    "mae": 0.7398902773857117,
    "w2_global": 0.054636307060718536,
    "ae_summary": {
      "mean": 0.7398902773857117,
      "std": 0.557818591594696,
      "min": 0.0001424252986907959,
      "max": 4.31818962097168,
      "p50": 0.6407017111778259,
      "p90": 1.465631365776062,
      "p95": 1.7741886377334595,
      "p99": 2.5115458965301514
    },
    "se_summary": {
      "mean": 0.8585992455482483,
      "std": 1.321133017539978,
      "min": 2.0284964818984008e-08,
      "max": 18.646760940551758,
      "p50": 0.4104986786842346,
      "p90": 2.1480774879455566,
      "p95": 3.147745370864868,
      "p99": 6.309145450592041
    }
  }
}