{
  "test": {
    "mse": 0.33513325452804565,
    "rmse": 0.5789069480737346,
    "mae": 0.36493784189224243,
    "w2_global": 0.17394618690013885,
    "ae_summary": {
      "mean": 0.36493784189224243,
      "std": 0.44939252734184265,
      "min": 4.406273365020752e-05,
      "max": 4.328834533691406,
      "p50": 0.21237611770629883,
      "p90": 0.8385355472564697,
      "p95": 1.3475818634033203,
      "p99": 2.2397561073303223
    },
    "se_summary": {
      "mean": 0.33513325452804565,
      "std": 0.9754357933998108,
      "min": 1.94152449672913e-09,
      "max": 18.738807678222656,
      "p50": 0.04510361701250076,
      "p90": 0.7031418681144714,
      "p95": 1.8159780502319336,
      "p99": 5.016878604888916
    }
  }
}