{
  "test": {
    "mse": 0.001989019336178899,
    "rmse": 0.044598423023453404,
    "mae": 0.01840219274163246,
    "w2_global": 0.0017483573174104095,
    "ae_summary": {
      "mean": 0.01840219274163246,
      "std": 0.04062484949827194,
      "min": 1.1920928955078125e-06,
      "max": 0.848318338394165,
      "p50": 0.005742311477661133,
      "p90": 0.045690059661865234,
      "p95": 0.07867986708879471,
      "p99": 0.18690265715122223
    },
    "se_summary": {
      "mean": 0.001989019336178899,
      "std": 0.019037634134292603,
      "min": 1.4210854715202004e-12,
      "max": 0.7196440100669861,
      "p50": 3.2974141504382715e-05,
      "p90": 0.0020875814370810986,
      "p95": 0.006190553307533264,
      "p99": 0.034933775663375854
    }
  }
}