{
  "train": {
    "mse": 0.051852960139513016,
    "rmse": 0.2277124505588419,
    "mae": 0.16306185722351074,
    "w2_global": 0.019009776413440704,
    "ae_summary": {
      "mean": 0.16306185722351074,
      "std": 0.15894590318202972,
      "min": 2.9802322387695312e-08,
      "max": 2.6541976928710938,
      "p50": 0.11930416524410248,
      "p90": 0.3512888550758362,
      "p95": 0.45809581875801086,
      "p99": 0.8125444054603577
    },
    "se_summary": {
      "mean": 0.051852960139513016,
      "std": 0.12963813543319702,
      "min": 8.881784197001252e-16,
      "max": 7.044765472412109,
      "p50": 0.01423348393291235,
      "p90": 0.12340385466814041,
      "p95": 0.20985178649425507,
      "p99": 0.6602284908294678
    }
  },
  "val": {
    "mse": 0.05198483169078827,
    "rmse": 0.2280018238760126,
    "mae": 0.1646031141281128,
    "w2_global": 0.019688908010721207,
    "ae_summary": {
      "mean": 0.1646031141281128,
      "std": 0.15776772797107697,
      "min": 1.0728836059570312e-05,
      "max": 1.779336929321289,
      "p50": 0.12360258400440216,
      "p90": 0.3452213704586029,
      "p95": 0.448086142539978,
      "p99": 0.832107424736023
    },
    "se_summary": {
      "mean": 0.05198483169078827,
      "std": 0.12590573728084564,
      "min": 1.1510792319313623e-10,
      "max": 3.1660399436950684,
      "p50": 0.015277598984539509,
      "p90": 0.11917779594659805,
      "p95": 0.2007811963558197,
      "p99": 0.6924059987068176
    }
  },
  "test": {
    "mse": 0.051596544682979584,
    "rmse": 0.22714872811217673,
    "mae": 0.1624201238155365,
    "w2_global": 0.019482271745800972,
    "ae_summary": {
      "mean": 0.1624201238155365,
      "std": 0.1587962508201599,
      "min": 2.0265579223632812e-06,
      "max": 2.2117741107940674,
      "p50": 0.12101437151432037,
      "p90": 0.3436075747013092,
      "p95": 0.4517500102519989,
      "p99": 0.8081843256950378
    },
    "se_summary": {
      "mean": 0.051596544682979584,
      "std": 0.1344442069530487,
      "min": 4.106937012693379e-12,
      "max": 4.891944885253906,
      "p50": 0.014644477516412735,
      "p90": 0.11806616187095642,
      "p95": 0.2040780782699585,
      "p99": 0.6531619429588318
    }
  }
}