{
  "best_alpha": 0.99,
  "best_gamma": 0.1,
  "alpha_grid": [
    0.99
  ],
  "gamma_grid": [
    0.1
  ],
  "results": {
    "(0.99, 0.1)": {
      "val_loss": 0.0011080426338594407,
      "val_eval": 1.406302273273468,
      "epoch": 30,
      "mse": 1.406302273273468
    }
  },
  "standalone_mode": true
}