{
  "train": {
    "mse": 0.0009498578729107976,
    "rmse": 0.03081976432276531,
    "mae": 0.018115561455488205,
    "w2_global": 0.3365667164325714,
    "ae_summary": {
      "mean": 0.018115561455488205,
      "std": 0.024933597072958946,
      "min": 2.9802322387695312e-08,
      "max": 0.4008934497833252,
      "p50": 0.0131625235080719,
      "p90": 0.0354333221912384,
      "p95": 0.04380146041512489,
      "p99": 0.08685138076543808
    },
    "se_summary": {
      "mean": 0.0009498578729107976,
      "std": 0.006600421853363514,
      "min": 8.881784197001252e-16,
      "max": 0.16071556508541107,
      "p50": 0.00017325201770290732,
      "p90": 0.0012555202702060342,
      "p95": 0.001918568043038249,
      "p99": 0.007543161977082491
    }
  },
  "val": {
    "mse": 1.5258560180664062,
    "rmse": 1.2352554464831986,
    "mae": 0.9820773601531982,
    "w2_global": 0.37450194358825684,
    "ae_summary": {
      "mean": 0.9820773601531982,
      "std": 0.7492531538009644,
      "min": 1.7136335372924805e-05,
      "max": 4.217525482177734,
      "p50": 0.8822817802429199,
      "p90": 2.065694570541382,
      "p95": 2.473889112472534,
      "p99": 3.1514952182769775
    },
    "se_summary": {
      "mean": 1.5258560180664062,
      "std": 2.098378896713257,
      "min": 2.936539900133539e-10,
      "max": 17.787521362304688,
      "p50": 0.77842116355896,
      "p90": 4.267093658447266,
      "p95": 6.120127201080322,
      "p99": 9.93192195892334
    }
  },
  "test": {
    "mse": 1.5163123607635498,
    "rmse": 1.2313863572265,
    "mae": 0.9705867171287537,
    "w2_global": 0.34254878759384155,
    "ae_summary": {
      "mean": 0.9705867171287537,
      "std": 0.7578085660934448,
      "min": 2.8014183044433594e-06,
      "max": 4.005390167236328,
      "p50": 0.8599966168403625,
      "p90": 2.0724940299987793,
      "p95": 2.4765992164611816,
      "p99": 3.1518356800079346
    },
    "se_summary": {
      "mean": 1.5163123607635498,
      "std": 2.1133596897125244,
      "min": 7.847944516470307e-12,
      "max": 16.043149948120117,
      "p50": 0.7395941615104675,
      "p90": 4.295231819152832,
      "p95": 6.133543491363525,
      "p99": 9.934067726135254
    }
  }
}