{
  "train": {
    "mse": 0.0,
    "rmse": 0.0,
    "mae": 0.0,
    "w2_global": 0.10954407602548599,
    "ae_summary": {
      "mean": 0.0,
      "std": 0.0,
      "min": 0.0,
      "max": 0.0,
      "p50": 0.0,
      "p90": 0.0,
      "p95": 0.0,
      "p99": 0.0
    },
    "se_summary": {
      "mean": 0.0,
      "std": 0.0,
      "min": 0.0,
      "max": 0.0,
      "p50": 0.0,
      "p90": 0.0,
      "p95": 0.0,
      "p99": 0.0
    }
  },
  "val": {
    "mse": 0.4614093005657196,
    "rmse": 0.6792711539331842,
    "mae": 0.5049188137054443,
    "w2_global": 0.11835326999425888,
    "ae_summary": {
      "mean": 0.5049188137054443,
      "std": 0.45438554883003235,
      "min": 5.175173282623291e-05,
      "max": 3.7476966381073,
      "p50": 0.37714922428131104,
      "p90": 1.1095733642578125,
      "p95": 1.4175251722335815,
      "p99": 2.062803268432617
    },
    "se_summary": {
      "mean": 0.4614093005657196,
      "std": 0.8873934149742126,
      "min": 2.678241850517793e-09,
      "max": 14.0452299118042,
      "p50": 0.14224153757095337,
      "p90": 1.231153130531311,
      "p95": 2.0093777179718018,
      "p99": 4.255157470703125
    }
  },
  "test": {
    "mse": 0.4241794943809509,
    "rmse": 0.6512906374123237,
    "mae": 0.480474591255188,
    "w2_global": 0.11123126745223999,
    "ae_summary": {
      "mean": 0.480474591255188,
      "std": 0.4396858811378479,
      "min": 8.64267349243164e-06,
      "max": 4.451290130615234,
      "p50": 0.3599667549133301,
      "p90": 1.0535985231399536,
      "p95": 1.3573027849197388,
      "p99": 2.036625385284424
    },
    "se_summary": {
      "mean": 0.4241794943809509,
      "std": 0.847568929195404,
      "min": 7.469580509678053e-11,
      "max": 19.813983917236328,
      "p50": 0.12957605719566345,
      "p90": 1.110069990158081,
      "p95": 1.8422709703445435,
      "p99": 4.1478447914123535
    }
  }
}