{
  "train": {
    "mse": 0.0,
    "rmse": 0.0,
    "mae": 0.0,
    "w2_global": 0.042157888412475586,
    "ae_summary": {
      "mean": 0.0,
      "std": 0.0,
      "min": 0.0,
      "max": 0.0,
      "p50": 0.0,
      "p90": 0.0,
      "p95": 0.0,
      "p99": 0.0
    },
    "se_summary": {
      "mean": 0.0,
      "std": 0.0,
      "min": 0.0,
      "max": 0.0,
      "p50": 0.0,
      "p90": 0.0,
      "p95": 0.0,
      "p99": 0.0
    }
  },
  "val": {
    "mse": 0.6802463531494141,
    "rmse": 0.8247704851347519,
    "mae": 0.612335741519928,
    "w2_global": 0.043783821165561676,
    "ae_summary": {
      "mean": 0.612335741519928,
      "std": 0.5525317788124084,
      "min": 0.00028330087661743164,
      "max": 4.116316795349121,
      "p50": 0.44904810190200806,
      "p90": 1.3952138423919678,
      "p95": 1.7346055507659912,
      "p99": 2.454268455505371
    },
    "se_summary": {
      "mean": 0.6802463531494141,
      "std": 1.327391505241394,
      "min": 8.025938313949155e-08,
      "max": 16.944063186645508,
      "p50": 0.2016449272632599,
      "p90": 1.946622610092163,
      "p95": 3.0088613033294678,
      "p99": 6.023441791534424
    }
  },
  "test": {
    "mse": 0.6344347596168518,
    "rmse": 0.7965141302053917,
    "mae": 0.5997111797332764,
    "w2_global": 0.04212694242596626,
    "ae_summary": {
      "mean": 0.5997111797332764,
      "std": 0.5241959095001221,
      "min": 0.00015500187873840332,
      "max": 3.9842886924743652,
      "p50": 0.4503220319747925,
      "p90": 1.3272169828414917,
      "p95": 1.6478321552276611,
      "p99": 2.2581264972686768
    },
    "se_summary": {
      "mean": 0.6344347596168518,
      "std": 1.1344237327575684,
      "min": 2.4025581524256268e-08,
      "max": 15.874556541442871,
      "p50": 0.20278993248939514,
      "p90": 1.7615054845809937,
      "p95": 2.7153525352478027,
      "p99": 5.0991363525390625
    }
  }
}