{
  "best_alpha": 0.99,
  "best_gamma": 0.1,
  "alpha_grid": [
    0.99
  ],
  "gamma_grid": [
    0.1
  ],
  "results": {
    "(0.99, 0.1)": {
      "val_loss": 0.2973686754703522,
      "val_eval": 0.30572035908699036,
      "epoch": 30,
      "mse": 0.30572035908699036
    }
  },
  "standalone_mode": true
}