{
  "train": {
    "mse": 0.33746299147605896,
    "rmse": 0.5809156491919106,
    "mae": 0.40570294857025146,
    "w2_global": 0.1263531595468521,
    "ae_summary": {
      "mean": 0.40570294857025146,
      "std": 0.41577407717704773,
      "min": 1.2010335922241211e-05,
      "max": 6.911870002746582,
      "p50": 0.28294500708580017,
      "p90": 0.8989493250846863,
      "p95": 1.1961119174957275,
      "p99": 2.0108487606048584
    },
    "se_summary": {
      "mean": 0.33746299147605896,
      "std": 0.9597793221473694,
      "min": 1.4424816896507764e-10,
      "max": 47.773948669433594,
      "p50": 0.08005787432193756,
      "p90": 0.8081098794937134,
      "p95": 1.4306838512420654,
      "p99": 4.04351282119751
    }
  },
  "val": {
    "mse": 0.30572035908699036,
    "rmse": 0.5529198487005059,
    "mae": 0.39981040358543396,
    "w2_global": 0.1189589723944664,
    "ae_summary": {
      "mean": 0.39981040358543396,
      "std": 0.38193193078041077,
      "min": 7.462501525878906e-05,
      "max": 3.6239795684814453,
      "p50": 0.2884533405303955,
      "p90": 0.8742491602897644,
      "p95": 1.1418861150741577,
      "p99": 1.7830249071121216
    },
    "se_summary": {
      "mean": 0.30572035908699036,
      "std": 0.6757103204727173,
      "min": 5.5688929023745e-09,
      "max": 13.133228302001953,
      "p50": 0.08320532739162445,
      "p90": 0.7643116116523743,
      "p95": 1.3039109706878662,
      "p99": 3.1795079708099365
    }
  },
  "test": {
    "mse": 0.35400256514549255,
    "rmse": 0.5949811468823971,
    "mae": 0.4268481433391571,
    "w2_global": 0.11918757855892181,
    "ae_summary": {
      "mean": 0.4268481433391571,
      "std": 0.41449159383773804,
      "min": 6.73532485961914e-05,
      "max": 3.8148279190063477,
      "p50": 0.31252890825271606,
      "p90": 0.9410308003425598,
      "p95": 1.2315905094146729,
      "p99": 1.9518499374389648
    },
    "se_summary": {
      "mean": 0.35400256514549255,
      "std": 0.8009656071662903,
      "min": 4.53646009646036e-09,
      "max": 14.552911758422852,
      "p50": 0.09767431765794754,
      "p90": 0.8855389356613159,
      "p95": 1.5168160200119019,
      "p99": 3.8097190856933594
    }
  }
}