{
  "train": {
    "mse": 0.0,
    "rmse": 0.0,
    "mae": 0.0,
    "w2_global": 0.4614236354827881,
    "ae_summary": {
      "mean": 0.0,
      "std": 0.0,
      "min": 0.0,
      "max": 0.0,
      "p50": 0.0,
      "p90": 0.0,
      "p95": 0.0,
      "p99": 0.0
    },
    "se_summary": {
      "mean": 0.0,
      "std": 0.0,
      "min": 0.0,
      "max": 0.0,
      "p50": 0.0,
      "p90": 0.0,
      "p95": 0.0,
      "p99": 0.0
    }
  },
  "val": {
    "mse": 1.729602575302124,
    "rmse": 1.3151435569176941,
    "mae": 1.0513920783996582,
    "w2_global": 0.513521671295166,
    "ae_summary": {
      "mean": 1.0513920783996582,
      "std": 0.7900489568710327,
      "min": 5.817413330078125e-05,
      "max": 4.79943323135376,
      "p50": 0.9075837135314941,
      "p90": 2.080018997192383,
      "p95": 2.836475372314453,
      "p99": 3.819387674331665
    },
    "se_summary": {
      "mean": 1.729602575302124,
      "std": 2.827383279800415,
      "min": 3.384229785297066e-09,
      "max": 23.03455924987793,
      "p50": 0.823708176612854,
      "p90": 4.326478958129883,
      "p95": 8.04559326171875,
      "p99": 14.587721824645996
    }
  },
  "test": {
    "mse": 1.7046796083450317,
    "rmse": 1.305633795650615,
    "mae": 1.0613399744033813,
    "w2_global": 0.5705951452255249,
    "ae_summary": {
      "mean": 1.0613399744033813,
      "std": 0.7604190707206726,
      "min": 1.7240643501281738e-05,
      "max": 4.683939456939697,
      "p50": 0.927682101726532,
      "p90": 2.285433053970337,
      "p95": 2.72163987159729,
      "p99": 3.290116786956787
    },
    "se_summary": {
      "mean": 1.7046796083450317,
      "std": 2.4234535694122314,
      "min": 2.9723978833828824e-10,
      "max": 21.939289093017578,
      "p50": 0.8605940937995911,
      "p90": 5.223203659057617,
      "p95": 7.407323360443115,
      "p99": 10.824868202209473
    }
  }
}