{
  "train": {
    "mse": 0.0,
    "rmse": 0.0,
    "mae": 0.0,
    "w2_global": 0.04389252886176109,
    "ae_summary": {
      "mean": 0.0,
      "std": 0.0,
      "min": 0.0,
      "max": 0.0,
      "p50": 0.0,
      "p90": 0.0,
      "p95": 0.0,
      "p99": 0.0
    },
    "se_summary": {
      "mean": 0.0,
      "std": 0.0,
      "min": 0.0,
      "max": 0.0,
      "p50": 0.0,
      "p90": 0.0,
      "p95": 0.0,
      "p99": 0.0
    }
  },
  "val": {
    "mse": 0.7047507762908936,
    "rmse": 0.8394943575098606,
    "mae": 0.6456246376037598,
    "w2_global": 0.05961643159389496,
    "ae_summary": {
      "mean": 0.6456246376037598,
      "std": 0.5365814566612244,
      "min": 0.00031760334968566895,
      "max": 2.786569595336914,
      "p50": 0.5457034707069397,
      "p90": 1.4214516878128052,
      "p95": 1.7487927675247192,
      "p99": 2.0538902282714844
    },
    "se_summary": {
      "mean": 0.7047507762908936,
      "std": 1.0986725091934204,
      "min": 1.0087188684337889e-07,
      "max": 7.764970302581787,
      "p50": 0.2977922856807709,
      "p90": 2.0206685066223145,
      "p95": 3.059218645095825,
      "p99": 4.219295024871826
    }
  },
  "test": {
    "mse": 0.547518253326416,
    "rmse": 0.7399447636995724,
    "mae": 0.5701285600662231,
    "w2_global": 0.04637529328465462,
    "ae_summary": {
      "mean": 0.5701285600662231,
      "std": 0.4716690182685852,
      "min": 0.0004759281873703003,
      "max": 2.8663923740386963,
      "p50": 0.45157259702682495,
      "p90": 1.14742112159729,
      "p95": 1.3698372840881348,
      "p99": 2.4048869609832764
    },
    "se_summary": {
      "mean": 0.547518253326416,
      "std": 0.970123291015625,
      "min": 2.2650763753517822e-07,
      "max": 8.216205596923828,
      "p50": 0.20391812920570374,
      "p90": 1.3165760040283203,
      "p95": 1.876459002494812,
      "p99": 5.783485412597656
    }
  }
}