{
  "train": {
    "mse": 1471.3477783203125,
    "rmse": 38.35815139341718,
    "mae": 30.344667434692383,
    "w2_global": 0.004991898313164711,
    "ae_summary": {
      "mean": 30.344667434692383,
      "std": 23.46377944946289,
      "min": 0.001018524169921875,
      "max": 181.08544921875,
      "p50": 25.233131408691406,
      "p90": 62.847816467285156,
      "p95": 75.86297607421875,
      "p99": 101.80146026611328
    },
    "se_summary": {
      "mean": 1471.3477783203125,
      "std": 2184.6357421875,
      "min": 1.0373914847150445e-06,
      "max": 32791.94140625,
      "p50": 636.7109375,
      "p90": 3949.84814453125,
      "p95": 5755.19091796875,
      "p99": 10363.537109375
    }
  },
  "val": {
    "mse": 0.046360082924366,
    "rmse": 0.21531391716367523,
    "mae": 0.134802907705307,
    "w2_global": 0.00763617642223835,
    "ae_summary": {
      "mean": 0.134802907705307,
      "std": 0.16789358854293823,
      "min": 1.7523765563964844e-05,
      "max": 2.0386343002319336,
      "p50": 0.08702518045902252,
      "p90": 0.2860822081565857,
      "p95": 0.41200190782546997,
      "p99": 0.8924942016601562
    },
    "se_summary": {
      "mean": 0.046360082924366,
      "std": 0.18824325501918793,
      "min": 3.070823595408001e-10,
      "max": 4.15602970123291,
      "p50": 0.007573389448225498,
      "p90": 0.08184304088354111,
      "p95": 0.16974572837352753,
      "p99": 0.7979050874710083
    }
  },
  "test": {
    "mse": 0.03937293216586113,
    "rmse": 0.19842613780916346,
    "mae": 0.12534117698669434,
    "w2_global": 0.006118920631706715,
    "ae_summary": {
      "mean": 0.12534117698669434,
      "std": 0.1538262814283371,
      "min": 9.948015213012695e-05,
      "max": 2.1950488090515137,
      "p50": 0.08008807897567749,
      "p90": 0.2748807966709137,
      "p95": 0.39369139075279236,
      "p99": 0.7638408541679382
    },
    "se_summary": {
      "mean": 0.03937293216586113,
      "std": 0.1682881861925125,
      "min": 9.896300667833202e-09,
      "max": 4.818239212036133,
      "p50": 0.006414100527763367,
      "p90": 0.07555950433015823,
      "p95": 0.15499290823936462,
      "p99": 0.5834539532661438
    }
  }
}