{
  "train": {
    "mse": 0.45906972885131836,
    "rmse": 0.6775468462411425,
    "mae": 0.40883639454841614,
    "w2_global": 0.3489602208137512,
    "ae_summary": {
      "mean": 0.40883639454841614,
      "std": 0.540298581123352,
      "min": 2.115964889526367e-06,
      "max": 72.94246673583984,
      "p50": 0.2808670699596405,
      "p90": 0.8746200203895569,
      "p95": 1.1853362321853638,
      "p99": 2.1695377826690674
    },
    "se_summary": {
      "mean": 0.45906972885131836,
      "std": 9.78864860534668,
      "min": 4.477307413708331e-12,
      "max": 5320.603515625,
      "p50": 0.07888631522655487,
      "p90": 0.7649601697921753,
      "p95": 1.405022144317627,
      "p99": 4.7068939208984375
    }
  },
  "val": {
    "mse": 0.8248403668403625,
    "rmse": 0.908207226815754,
    "mae": 0.6374101638793945,
    "w2_global": 0.34490472078323364,
    "ae_summary": {
      "mean": 0.6374101638793945,
      "std": 0.6469533443450928,
      "min": 1.996755599975586e-06,
      "max": 32.28643798828125,
      "p50": 0.4887252449989319,
      "p90": 1.3355603218078613,
      "p95": 1.6819570064544678,
      "p99": 2.6810922622680664
    },
    "se_summary": {
      "mean": 0.8248403668403625,
      "std": 6.652484893798828,
      "min": 3.987032926033862e-12,
      "max": 1042.4140625,
      "p50": 0.2388523668050766,
      "p90": 1.7837212085723877,
      "p95": 2.8289794921875,
      "p99": 7.188258171081543
    }
  },
  "test": {
    "mse": 0.8525594472885132,
    "rmse": 0.9233414575813832,
    "mae": 0.6382521390914917,
    "w2_global": 0.35417667031288147,
    "ae_summary": {
      "mean": 0.6382521390914917,
      "std": 0.6672282814979553,
      "min": 1.1421740055084229e-05,
      "max": 35.71521759033203,
      "p50": 0.4882269501686096,
      "p90": 1.3404541015625,
      "p95": 1.6992913484573364,
      "p99": 2.5828771591186523
    },
    "se_summary": {
      "mean": 0.8525594472885132,
      "std": 9.100883483886719,
      "min": 1.3045614588591548e-10,
      "max": 1275.5767822265625,
      "p50": 0.2383655607700348,
      "p90": 1.796817421913147,
      "p95": 2.8875911235809326,
      "p99": 6.671254634857178
    }
  }
}