{
  "train": {
    "mse": 1854.9327392578125,
    "rmse": 43.06893009186335,
    "mae": 32.4531364440918,
    "w2_global": 0.0037729342002421618,
    "ae_summary": {
      "mean": 32.4531364440918,
      "std": 28.31477165222168,
      "min": 1.3770535588264465e-05,
      "max": 468.9795227050781,
      "p50": 25.650033950805664,
      "p90": 67.62611389160156,
      "p95": 85.27094268798828,
      "p99": 132.97073364257812
    },
    "se_summary": {
      "mean": 1854.9327392578125,
      "std": 3856.056640625,
      "min": 1.896276469182112e-10,
      "max": 219941.796875,
      "p50": 657.9242553710938,
      "p90": 4573.29150390625,
      "p95": 7271.13427734375,
      "p99": 17681.21484375
    }
  },
  "val": {
    "mse": 0.041417550295591354,
    "rmse": 0.20351302242262373,
    "mae": 0.07012747973203659,
    "w2_global": 0.0038870007265359163,
    "ae_summary": {
      "mean": 0.07012747973203659,
      "std": 0.19104893505573273,
      "min": 5.736947059631348e-07,
      "max": 8.274401664733887,
      "p50": 0.013905525207519531,
      "p90": 0.17942261695861816,
      "p95": 0.358109712600708,
      "p99": 0.9044433832168579
    },
    "se_summary": {
      "mean": 0.041417550295591354,
      "std": 0.540370762348175,
      "min": 3.2912561565012766e-13,
      "max": 68.4657211303711,
      "p50": 0.00019336363766342402,
      "p90": 0.032192476093769073,
      "p95": 0.1282425820827484,
      "p99": 0.8180180788040161
    }
  },
  "test": {
    "mse": 0.035892825573682785,
    "rmse": 0.18945401968203995,
    "mae": 0.06527453660964966,
    "w2_global": 0.0038009854033589363,
    "ae_summary": {
      "mean": 0.06527453660964966,
      "std": 0.1778540462255478,
      "min": 6.92903995513916e-07,
      "max": 5.556263446807861,
      "p50": 0.012951761484146118,
      "p90": 0.16279076039791107,
      "p95": 0.3337750732898712,
      "p99": 0.861345112323761
    },
    "se_summary": {
      "mean": 0.035892825573682785,
      "std": 0.33346131443977356,
      "min": 4.801159469991489e-13,
      "max": 30.87206268310547,
      "p50": 0.00016774811956565827,
      "p90": 0.026500830426812172,
      "p95": 0.11140580475330353,
      "p99": 0.7419155836105347
    }
  }
}