{
  "train": {
    "mse": 0.0,
    "rmse": 0.0,
    "mae": 0.0,
    "w2_global": 0.4212822914123535,
    "ae_summary": {
      "mean": 0.0,
      "std": 0.0,
      "min": 0.0,
      "max": 0.0,
      "p50": 0.0,
      "p90": 0.0,
      "p95": 0.0,
      "p99": 0.0
    },
    "se_summary": {
      "mean": 0.0,
      "std": 0.0,
      "min": 0.0,
      "max": 0.0,
      "p50": 0.0,
      "p90": 0.0,
      "p95": 0.0,
      "p99": 0.0
    }
  },
  "val": {
    "mse": 1.8283592462539673,
    "rmse": 1.3521683498196395,
    "mae": 1.0939701795578003,
    "w2_global": 0.4973122775554657,
    "ae_summary": {
      "mean": 1.0939701795578003,
      "std": 0.7947254180908203,
      "min": 1.3113021850585938e-06,
      "max": 4.965162754058838,
      "p50": 0.943615198135376,
      "p90": 2.2072417736053467,
      "p95": 2.768704414367676,
      "p99": 3.46323299407959
    },
    "se_summary": {
      "mean": 1.8283592462539673,
      "std": 2.5639495849609375,
      "min": 1.7195134205394424e-12,
      "max": 24.652841567993164,
      "p50": 0.8904096484184265,
      "p90": 4.8719162940979,
      "p95": 7.66572380065918,
      "p99": 11.993983268737793
    }
  },
  "test": {
    "mse": 1.3271464109420776,
    "rmse": 1.1520184073798811,
    "mae": 0.9403839111328125,
    "w2_global": 0.47136998176574707,
    "ae_summary": {
      "mean": 0.9403839111328125,
      "std": 0.6654506921768188,
      "min": 8.769333362579346e-05,
      "max": 4.841431140899658,
      "p50": 0.8835426568984985,
      "p90": 1.8130309581756592,
      "p95": 2.391606330871582,
      "p99": 3.0121285915374756
    },
    "se_summary": {
      "mean": 1.3271464109420776,
      "std": 1.9652531147003174,
      "min": 7.690120540360112e-09,
      "max": 23.439455032348633,
      "p50": 0.7806476354598999,
      "p90": 3.287081241607666,
      "p95": 5.719780445098877,
      "p99": 9.072917938232422
    }
  }
}