{
  "best_alpha": 0.99,
  "best_gamma": 0.1,
  "alpha_grid": [
    0.01,
    0.25,
    0.5,
    0.75,
    0.99
  ],
  "gamma_grid": [
    0.1,
    1.0,
    5.0,
    10.0
  ],
  "results": {
    "(0.01, 0.1)": {
      "val_loss": 0.7518112361431122,
      "val_eval": 1.0396086275577545,
      "epoch": 27,
      "mse": 1.1605592966079712,
      "w2_global": 0.1014239639043808,
      "cvar": 3.0725014209747314
    },
    "(0.01, 1.0)": {
      "val_loss": 0.8706764578819275,
      "val_eval": 1.135515958070755,
      "epoch": 28,
      "mse": 1.2425858974456787,
      "w2_global": 0.11281934380531311,
      "cvar": 3.049227237701416
    },
    "(0.01, 5.0)": {
      "val_loss": 0.8075855374336243,
      "val_eval": 1.068280965089798,
      "epoch": 25,
      "mse": 1.2219918966293335,
      "w2_global": 0.11215758323669434,
      "cvar": 2.9136550426483154
    },
    "(0.01, 10.0)": {
      "val_loss": 0.7728947401046753,
      "val_eval": 1.0386678278446198,
      "epoch": 28,
      "mse": 1.163902997970581,
      "w2_global": 0.1085432693362236,
      "cvar": 2.9666950702667236
    },
    "(0.25, 0.1)": {
      "val_loss": 0.19172199442982674,
      "val_eval": 0.3400318771600723,
      "epoch": 25,
      "mse": 0.45680755376815796,
      "w2_global": 0.058165933936834335,
      "cvar": 1.0328588485717773
    },
    "(0.25, 1.0)": {
      "val_loss": 0.17850609496235847,
      "val_eval": 0.326787106692791,
      "epoch": 24,
      "mse": 0.47408953309059143,
      "w2_global": 0.05075899511575699,
      "cvar": 0.8805834650993347
    },
    "(0.25, 5.0)": {
      "val_loss": 0.1413477137684822,
      "val_eval": 0.3294443041086197,
      "epoch": 29,
      "mse": 0.4793432354927063,
      "w2_global": 0.05287556350231171,
      "cvar": 0.5067471265792847
    },
    "(0.25, 10.0)": {
      "val_loss": 0.24752474576234818,
      "val_eval": 0.3545468747615814,
      "epoch": 18,
      "mse": 0.47490373253822327,
      "w2_global": 0.06727157533168793,
      "cvar": 1.2368013858795166
    },
    "(0.5, 0.1)": {
      "val_loss": 0.16793369874358177,
      "val_eval": 0.23885103687644005,
      "epoch": 19,
      "mse": 0.3304086923599243,
      "w2_global": 0.04698289930820465,
      "cvar": 0.7668447494506836
    },
    "(0.5, 1.0)": {
      "val_loss": 0.15358322113752365,
      "val_eval": 0.2735433652997017,
      "epoch": 22,
      "mse": 0.38025763630867004,
      "w2_global": 0.05018995329737663,
      "cvar": 0.6920617818832397
    },
    "(0.5, 5.0)": {
      "val_loss": 0.1630636490881443,
      "val_eval": 0.269209124147892,
      "epoch": 24,
      "mse": 0.37832218408584595,
      "w2_global": 0.05170402303338051,
      "cvar": 0.959972083568573
    },
    "(0.5, 10.0)": {
      "val_loss": 0.10778366774320602,
      "val_eval": 0.24447401240468025,
      "epoch": 27,
      "mse": 0.3501918315887451,
      "w2_global": 0.03995085880160332,
      "cvar": 0.486795574426651
    },
    "(0.75, 0.1)": {
      "val_loss": 0.12554369494318962,
      "val_eval": 0.18588519468903542,
      "epoch": 20,
      "mse": 0.24907933175563812,
      "w2_global": 0.044084709137678146,
      "cvar": 0.5984886288642883
    },
    "(0.75, 1.0)": {
      "val_loss": 0.09398297220468521,
      "val_eval": 0.20373542979359627,
      "epoch": 29,
      "mse": 0.2911892235279083,
      "w2_global": 0.03527604788541794,
      "cvar": 0.3695434331893921
    },
    "(0.75, 5.0)": {
      "val_loss": 0.10909325629472733,
      "val_eval": 0.18749817833304405,
      "epoch": 27,
      "mse": 0.2609753906726837,
      "w2_global": 0.03845535218715668,
      "cvar": 0.4270757734775543
    },
    "(0.75, 10.0)": {
      "val_loss": 0.1409401074051857,
      "val_eval": 0.1830199994146824,
      "epoch": 19,
      "mse": 0.23785407841205597,
      "w2_global": 0.04757136106491089,
      "cvar": 0.59255051612854
    },
    "(0.99, 0.1)": {
      "val_loss": 0.0568221639841795,
      "val_eval": 0.0634052250534296,
      "epoch": 30,
      "mse": 0.057337436825037,
      "w2_global": 0.021626992151141167,
      "cvar": 0.14334890246391296
    },
    "(0.99, 1.0)": {
      "val_loss": 0.05997184105217457,
      "val_eval": 0.06858561187982559,
      "epoch": 30,
      "mse": 0.05717463791370392,
      "w2_global": 0.021500900387763977,
      "cvar": 0.13578657805919647
    },
    "(0.99, 5.0)": {
      "val_loss": 0.06484732776880264,
      "val_eval": 0.07182115502655506,
      "epoch": 30,
      "mse": 0.06310927122831345,
      "w2_global": 0.02384786680340767,
      "cvar": 0.14557448029518127
    },
    "(0.99, 10.0)": {
      "val_loss": 0.0564109031111002,
      "val_eval": 0.0647948756814003,
      "epoch": 30,
      "mse": 0.05721239000558853,
      "w2_global": 0.02095194160938263,
      "cvar": 0.139077290892601
    }
  }
}