{
  "train": {
    "mse": 0.05175966024398804,
    "rmse": 0.22750749491827305,
    "mae": 0.16431035101413727,
    "w2_global": 0.022025329992175102,
    "ae_summary": {
      "mean": 0.16431035101413727,
      "std": 0.15735873579978943,
      "min": 0.0,
      "max": 2.6356465816497803,
      "p50": 0.12203139066696167,
      "p90": 0.35157328844070435,
      "p95": 0.46144577860832214,
      "p99": 0.7849416732788086
    },
    "se_summary": {
      "mean": 0.05175966024398804,
      "std": 0.12638872861862183,
      "min": 0.0,
      "max": 6.9466328620910645,
      "p50": 0.014891660772264004,
      "p90": 0.12360377609729767,
      "p95": 0.21293219923973083,
      "p99": 0.616133451461792
    }
  },
  "val": {
    "mse": 0.057337436825037,
    "rmse": 0.2394523685934992,
    "mae": 0.1738465130329132,
    "w2_global": 0.021626992151141167,
    "ae_summary": {
      "mean": 0.1738465130329132,
      "std": 0.1646658182144165,
      "min": 2.396106719970703e-05,
      "max": 1.6629735231399536,
      "p50": 0.12828516960144043,
      "p90": 0.3786144256591797,
      "p95": 0.48970454931259155,
      "p99": 0.794402003288269
    },
    "se_summary": {
      "mean": 0.057337436825037,
      "std": 0.12761268019676208,
      "min": 5.741327413488762e-10,
      "max": 2.7654809951782227,
      "p50": 0.01645708829164505,
      "p90": 0.14334890246391296,
      "p95": 0.23981069028377533,
      "p99": 0.6310745477676392
    }
  },
  "test": {
    "mse": 0.06113145500421524,
    "rmse": 0.24724776036238477,
    "mae": 0.177285835146904,
    "w2_global": 0.021509604528546333,
    "ae_summary": {
      "mean": 0.177285835146904,
      "std": 0.17234034836292267,
      "min": 7.152557373046875e-06,
      "max": 1.979142665863037,
      "p50": 0.12942710518836975,
      "p90": 0.3827488422393799,
      "p95": 0.5075417757034302,
      "p99": 0.8271353244781494
    },
    "se_summary": {
      "mean": 0.06113145500421524,
      "std": 0.1474296748638153,
      "min": 5.1159076974727213e-11,
      "max": 3.917005777359009,
      "p50": 0.016751375049352646,
      "p90": 0.14649668335914612,
      "p95": 0.25759872794151306,
      "p99": 0.6841528415679932
    }
  }
}