{
  "train": {
    "mse": 0.0,
    "rmse": 0.0,
    "mae": 0.0,
    "w2_global": 0.5913687348365784,
    "ae_summary": {
      "mean": 0.0,
      "std": 0.0,
      "min": 0.0,
      "max": 0.0,
      "p50": 0.0,
      "p90": 0.0,
      "p95": 0.0,
      "p99": 0.0
    },
    "se_summary": {
      "mean": 0.0,
      "std": 0.0,
      "min": 0.0,
      "max": 0.0,
      "p50": 0.0,
      "p90": 0.0,
      "p95": 0.0,
      "p99": 0.0
    }
  },
  "val": {
    "mse": 7.560188293457031,
    "rmse": 2.749579657594417,
    "mae": 2.134187936782837,
    "w2_global": 1.4879167079925537,
    "ae_summary": {
      "mean": 2.134187936782837,
      "std": 1.7336173057556152,
      "min": 0.0012012124061584473,
      "max": 12.511591911315918,
      "p50": 1.760704755783081,
      "p90": 4.512665271759033,
      "p95": 5.596613883972168,
      "p99": 7.719551086425781
    },
    "se_summary": {
      "mean": 7.560188293457031,
      "std": 12.4240083694458,
      "min": 1.4429112979996717e-06,
      "max": 156.53993225097656,
      "p50": 3.100081205368042,
      "p90": 20.364152908325195,
      "p95": 31.32208824157715,
      "p99": 59.59320831298828
    }
  },
  "test": {
    "mse": 6.253756999969482,
    "rmse": 2.500751287107433,
    "mae": 1.9098371267318726,
    "w2_global": 1.2320568561553955,
    "ae_summary": {
      "mean": 1.9098371267318726,
      "std": 1.6143972873687744,
      "min": 0.00025212764739990234,
      "max": 16.99089241027832,
      "p50": 1.5132231712341309,
      "p90": 4.0304789543151855,
      "p95": 5.083066463470459,
      "p99": 7.419038772583008
    },
    "se_summary": {
      "mean": 6.253756999969482,
      "std": 11.495837211608887,
      "min": 6.356835058340948e-08,
      "max": 288.6904296875,
      "p50": 2.289844512939453,
      "p90": 16.244762420654297,
      "p95": 25.837568283081055,
      "p99": 55.04214096069336
    }
  }
}