{
  "train": {
    "mse": 0.3934729993343353,
    "rmse": 0.6272742616546093,
    "mae": 0.38060858845710754,
    "w2_global": 0.16382841765880585,
    "ae_summary": {
      "mean": 0.38060858845710754,
      "std": 0.49860817193984985,
      "min": 1.5795230865478516e-06,
      "max": 72.30297088623047,
      "p50": 0.2541596591472626,
      "p90": 0.8344556093215942,
      "p95": 1.1268978118896484,
      "p99": 2.0167036056518555
    },
    "se_summary": {
      "mean": 0.3934729993343353,
      "std": 8.854743003845215,
      "min": 2.4948931809376518e-12,
      "max": 5227.7197265625,
      "p50": 0.06459712982177734,
      "p90": 0.696316123008728,
      "p95": 1.269898772239685,
      "p99": 4.067093372344971
    }
  },
  "val": {
    "mse": 0.43446093797683716,
    "rmse": 0.6591365093642114,
    "mae": 0.394885390996933,
    "w2_global": 0.1652871072292328,
    "ae_summary": {
      "mean": 0.394885390996933,
      "std": 0.5277560353279114,
      "min": 1.6689300537109375e-06,
      "max": 32.13261413574219,
      "p50": 0.26423677802085876,
      "p90": 0.8567834496498108,
      "p95": 1.1558780670166016,
      "p99": 2.1189353466033936
    },
    "se_summary": {
      "mean": 0.43446093797683716,
      "std": 6.438683986663818,
      "min": 2.7853275241795927e-12,
      "max": 1032.5048828125,
      "p50": 0.0698210746049881,
      "p90": 0.7340778708457947,
      "p95": 1.3360540866851807,
      "p99": 4.489887714385986
    }
  },
  "test": {
    "mse": 0.45252418518066406,
    "rmse": 0.6726991788167012,
    "mae": 0.393456369638443,
    "w2_global": 0.18097229301929474,
    "ae_summary": {
      "mean": 0.393456369638443,
      "std": 0.545633852481842,
      "min": 3.5762786865234375e-06,
      "max": 35.78184127807617,
      "p50": 0.259713739156723,
      "p90": 0.8602504730224609,
      "p95": 1.1704156398773193,
      "p99": 2.1192593574523926
    },
    "se_summary": {
      "mean": 0.45252418518066406,
      "std": 8.704887390136719,
      "min": 1.2789769243681803e-11,
      "max": 1280.3402099609375,
      "p50": 0.06745122373104095,
      "p90": 0.7400308847427368,
      "p95": 1.369872808456421,
      "p99": 4.491261005401611
    }
  }
}