{
  "train": {
    "mse": 0.0,
    "rmse": 0.0,
    "mae": 0.0,
    "w2_global": 0.02084476873278618,
    "ae_summary": {
      "mean": 0.0,
      "std": 0.0,
      "min": 0.0,
      "max": 0.0,
      "p50": 0.0,
      "p90": 0.0,
      "p95": 0.0,
      "p99": 0.0
    },
    "se_summary": {
      "mean": 0.0,
      "std": 0.0,
      "min": 0.0,
      "max": 0.0,
      "p50": 0.0,
      "p90": 0.0,
      "p95": 0.0,
      "p99": 0.0
    }
  },
  "val": {
    "mse": 0.1516762673854828,
    "rmse": 0.3894563741749296,
    "mae": 0.2886045575141907,
    "w2_global": 0.055787693709135056,
    "ae_summary": {
      "mean": 0.2886045575141907,
      "std": 0.261502742767334,
      "min": 5.188584327697754e-05,
      "max": 2.5485057830810547,
      "p50": 0.2203758955001831,
      "p90": 0.6083074808120728,
      "p95": 0.778296709060669,
      "p99": 1.2533602714538574
    },
    "se_summary": {
      "mean": 0.1516762673854828,
      "std": 0.319978266954422,
      "min": 2.6921407325630753e-09,
      "max": 6.494881629943848,
      "p50": 0.04856553673744202,
      "p90": 0.3700379729270935,
      "p95": 0.6057459712028503,
      "p99": 1.57091224193573
    }
  },
  "test": {
    "mse": 0.10064016282558441,
    "rmse": 0.3172383375722178,
    "mae": 0.2355395257472992,
    "w2_global": 0.04661870002746582,
    "ae_summary": {
      "mean": 0.2355395257472992,
      "std": 0.2125118523836136,
      "min": 5.131959915161133e-05,
      "max": 2.194265604019165,
      "p50": 0.18072372674942017,
      "p90": 0.5044254064559937,
      "p95": 0.6364609003067017,
      "p99": 0.9847459197044373
    },
    "se_summary": {
      "mean": 0.10064016282558441,
      "std": 0.21521911025047302,
      "min": 2.633701257082066e-09,
      "max": 4.8148016929626465,
      "p50": 0.032661065459251404,
      "p90": 0.25444498658180237,
      "p95": 0.40508249402046204,
      "p99": 0.969730019569397
    }
  }
}