{
  "train": {
    "mse": 0.0,
    "rmse": 0.0,
    "mae": 0.0,
    "w2_global": 0.07296768575906754,
    "ae_summary": {
      "mean": 0.0,
      "std": 0.0,
      "min": 0.0,
      "max": 0.0,
      "p50": 0.0,
      "p90": 0.0,
      "p95": 0.0,
      "p99": 0.0
    },
    "se_summary": {
      "mean": 0.0,
      "std": 0.0,
      "min": 0.0,
      "max": 0.0,
      "p50": 0.0,
      "p90": 0.0,
      "p95": 0.0,
      "p99": 0.0
    }
  },
  "val": {
    "mse": 0.42177122831344604,
    "rmse": 0.6494391644437885,
    "mae": 0.4412747919559479,
    "w2_global": 0.06883485615253448,
    "ae_summary": {
      "mean": 0.4412747919559479,
      "std": 0.47649526596069336,
      "min": 5.6842342019081116e-05,
      "max": 4.190728187561035,
      "p50": 0.29599690437316895,
      "p90": 0.9956566691398621,
      "p95": 1.461451530456543,
      "p99": 2.3394224643707275
    },
    "se_summary": {
      "mean": 0.42177122831344604,
      "std": 1.066413402557373,
      "min": 3.2310518705003233e-09,
      "max": 17.56220245361328,
      "p50": 0.08761416375637054,
      "p90": 0.9913322925567627,
      "p95": 2.13584041595459,
      "p99": 5.472897529602051
    }
  },
  "test": {
    "mse": 0.275349885225296,
    "rmse": 0.5247379205139419,
    "mae": 0.37761390209198,
    "w2_global": 0.095131516456604,
    "ae_summary": {
      "mean": 0.37761390209198,
      "std": 0.3643592596054077,
      "min": 5.602836608886719e-06,
      "max": 3.277984619140625,
      "p50": 0.2814571261405945,
      "p90": 0.7993670701980591,
      "p95": 1.0454740524291992,
      "p99": 1.8466299772262573
    },
    "se_summary": {
      "mean": 0.275349885225296,
      "std": 0.6409927606582642,
      "min": 3.1391778065881226e-11,
      "max": 10.745182991027832,
      "p50": 0.07921811938285828,
      "p90": 0.63898766040802,
      "p95": 1.0930161476135254,
      "p99": 3.410043239593506
    }
  }
}