{
  "best_alpha": 0.99,
  "best_gamma": 5.0,
  "alpha_grid": [
    0.99
  ],
  "gamma_grid": [
    5.0
  ],
  "results": {
    "(0.99, 5.0)": {
      "val_loss": 0.15413658320903778,
      "val_eval": 0.1582949161529541,
      "epoch": 30,
      "mse": 0.1582949161529541
    }
  },
  "standalone_mode": true
}