{
  "train": {
    "mse": 0.1568095088005066,
    "rmse": 0.3959918039562266,
    "mae": 0.29251837730407715,
    "w2_global": 0.07666311413049698,
    "ae_summary": {
      "mean": 0.29251837730407715,
      "std": 0.26691293716430664,
      "min": 5.364418029785156e-07,
      "max": 2.390864849090576,
      "p50": 0.220159649848938,
      "p90": 0.6382573246955872,
      "p95": 0.8249427676200867,
      "p99": 1.2672513723373413
    },
    "se_summary": {
      "mean": 0.1568095088005066,
      "std": 0.3144380748271942,
      "min": 2.877698079828406e-13,
      "max": 5.7162346839904785,
      "p50": 0.04847026988863945,
      "p90": 0.4073724150657654,
      "p95": 0.6805306077003479,
      "p99": 1.6059261560440063
    }
  },
  "val": {
    "mse": 0.1582949310541153,
    "rmse": 0.397862955116602,
    "mae": 0.29742300510406494,
    "w2_global": 0.08015061169862747,
    "ae_summary": {
      "mean": 0.29742300510406494,
      "std": 0.2642621397972107,
      "min": 0.0002340078353881836,
      "max": 2.296030044555664,
      "p50": 0.22644317150115967,
      "p90": 0.6497053503990173,
      "p95": 0.8220674395561218,
      "p99": 1.22734797000885
    },
    "se_summary": {
      "mean": 0.1582949310541153,
      "std": 0.30967438220977783,
      "min": 5.475966702306323e-08,
      "max": 5.271753787994385,
      "p50": 0.05127650871872902,
      "p90": 0.42211708426475525,
      "p95": 0.6757948398590088,
      "p99": 1.5063830614089966
    }
  },
  "test": {
    "mse": 0.16600465774536133,
    "rmse": 0.4074366917023568,
    "mae": 0.2995675802230835,
    "w2_global": 0.07636913657188416,
    "ae_summary": {
      "mean": 0.2995675802230835,
      "std": 0.27615925669670105,
      "min": 5.155801773071289e-06,
      "max": 2.380786180496216,
      "p50": 0.21982824802398682,
      "p90": 0.6641227602958679,
      "p95": 0.8517494201660156,
      "p99": 1.299651026725769
    },
    "se_summary": {
      "mean": 0.16600465774536133,
      "std": 0.3292487859725952,
      "min": 2.6582291923205048e-11,
      "max": 5.668142795562744,
      "p50": 0.04832445830106735,
      "p90": 0.44105902314186096,
      "p95": 0.7254770994186401,
      "p99": 1.6890928745269775
    }
  }
}