{
  "test": {
    "mse": 0.9752776026725769,
    "rmse": 0.9875614424796955,
    "mae": 0.6438066363334656,
    "w2_global": 0.12883147597312927,
    "ae_summary": {
      "mean": 0.6438066363334656,
      "std": 0.7488594651222229,
      "min": 0.0,
      "max": 3.4711649417877197,
      "p50": 0.3657611906528473,
      "p90": 1.7849491834640503,
      "p95": 2.1673529148101807,
      "p99": 3.1643245220184326
    },
    "se_summary": {
      "mean": 0.9752776026725769,
      "std": 1.802552580833435,
      "min": 0.0,
      "max": 12.048986434936523,
      "p50": 0.13378125429153442,
      "p90": 3.1860437393188477,
      "p95": 4.697419166564941,
      "p99": 10.01294994354248
    }
  }
}