{
  "train": {
    "mse": 0.26154136657714844,
    "rmse": 0.5114111521830047,
    "mae": 0.37447676062583923,
    "w2_global": 0.07413221895694733,
    "ae_summary": {
      "mean": 0.37447676062583923,
      "std": 0.3482937812805176,
      "min": 7.152557373046875e-07,
      "max": 3.4826481342315674,
      "p50": 0.270374596118927,
      "p90": 0.8407285213470459,
      "p95": 1.0657775402069092,
      "p99": 1.6002129316329956
    },
    "se_summary": {
      "mean": 0.26154136657714844,
      "std": 0.5106397271156311,
      "min": 5.115907697472721e-13,
      "max": 12.128837585449219,
      "p50": 0.0731024220585823,
      "p90": 0.7068244218826294,
      "p95": 1.1358816623687744,
      "p99": 2.5606813430786133
    }
  },
  "val": {
    "mse": 0.7670016884803772,
    "rmse": 0.8757863258126249,
    "mae": 0.6604370474815369,
    "w2_global": 0.0702875405550003,
    "ae_summary": {
      "mean": 0.6604370474815369,
      "std": 0.575173556804657,
      "min": 0.00014495849609375,
      "max": 4.099337577819824,
      "p50": 0.4899037480354309,
      "p90": 1.4380850791931152,
      "p95": 1.8258752822875977,
      "p99": 2.7161026000976562
    },
    "se_summary": {
      "mean": 0.7670016884803772,
      "std": 1.402652382850647,
      "min": 2.1012965589761734e-08,
      "max": 16.804569244384766,
      "p50": 0.24000567197799683,
      "p90": 2.0680887699127197,
      "p95": 3.333820343017578,
      "p99": 7.377213478088379
    }
  },
  "test": {
    "mse": 0.782808780670166,
    "rmse": 0.8847648165869652,
    "mae": 0.659677267074585,
    "w2_global": 0.06790485978126526,
    "ae_summary": {
      "mean": 0.659677267074585,
      "std": 0.5896055698394775,
      "min": 2.849102020263672e-05,
      "max": 4.346867561340332,
      "p50": 0.4722926914691925,
      "p90": 1.4662072658538818,
      "p95": 1.8540687561035156,
      "p99": 2.7210729122161865
    },
    "se_summary": {
      "mean": 0.782808780670166,
      "std": 1.4458585977554321,
      "min": 8.117382321870537e-10,
      "max": 18.8952579498291,
      "p50": 0.22306038439273834,
      "p90": 2.149763822555542,
      "p95": 3.4375710487365723,
      "p99": 7.404238224029541
    }
  }
}