{
  "train": {
    "mse": 4506.5009765625,
    "rmse": 67.13047725558414,
    "mae": 48.048954010009766,
    "w2_global": 0.07950593531131744,
    "ae_summary": {
      "mean": 48.048954010009766,
      "std": 46.88069152832031,
      "min": 2.333521842956543e-05,
      "max": 668.2954711914062,
      "p50": 34.43775939941406,
      "p90": 108.57831573486328,
      "p95": 135.87083435058594,
      "p99": 208.31005859375
    },
    "se_summary": {
      "mean": 4506.5009765625,
      "std": 11431.1123046875,
      "min": 5.445324191555301e-10,
      "max": 446618.84375,
      "p50": 1185.959228515625,
      "p90": 11789.2509765625,
      "p95": 18460.8828125,
      "p99": 43393.08203125
    }
  },
  "val": {
    "mse": 0.49304845929145813,
    "rmse": 0.7021740947168715,
    "mae": 0.26513585448265076,
    "w2_global": 0.05556122958660126,
    "ae_summary": {
      "mean": 0.26513585448265076,
      "std": 0.6501933932304382,
      "min": 1.4960765838623047e-05,
      "max": 33.20283889770508,
      "p50": 0.12019380927085876,
      "p90": 0.5996538400650024,
      "p95": 0.940733790397644,
      "p99": 2.0262153148651123
    },
    "se_summary": {
      "mean": 0.49304845929145813,
      "std": 12.193615913391113,
      "min": 2.2382451447811036e-10,
      "max": 1102.428466796875,
      "p50": 0.014446552842855453,
      "p90": 0.359584778547287,
      "p95": 0.8849800825119019,
      "p99": 4.10554838180542
    }
  },
  "test": {
    "mse": 0.9905242323875427,
    "rmse": 0.995250838928329,
    "mae": 0.269620418548584,
    "w2_global": 0.1931486874818802,
    "ae_summary": {
      "mean": 0.269620418548584,
      "std": 0.9580339789390564,
      "min": 6.556510925292969e-07,
      "max": 128.23526000976562,
      "p50": 0.12186910212039948,
      "p90": 0.6172146797180176,
      "p95": 0.9410146474838257,
      "p99": 2.0948803424835205
    },
    "se_summary": {
      "mean": 0.9905242323875427,
      "std": 101.54649353027344,
      "min": 4.298783551348606e-13,
      "max": 16444.28125,
      "p50": 0.014852078631520271,
      "p90": 0.38095390796661377,
      "p95": 0.88550865650177,
      "p99": 4.388524055480957
    }
  }
}