{
  "train": {
    "mse": 0.004875268321484327,
    "rmse": 0.0698231216824651,
    "mae": 0.02625914104282856,
    "w2_global": 0.047095365822315216,
    "ae_summary": {
      "mean": 0.02625914104282856,
      "std": 0.06469718366861343,
      "min": 2.9802322387695312e-08,
      "max": 4.431487083435059,
      "p50": 0.01448097825050354,
      "p90": 0.04742997884750366,
      "p95": 0.07291167974472046,
      "p99": 0.2590150833129883
    },
    "se_summary": {
      "mean": 0.004875268321484327,
      "std": 0.15288688242435455,
      "min": 8.881784197001252e-16,
      "max": 19.638078689575195,
      "p50": 0.0002096987300319597,
      "p90": 0.0022496029268950224,
      "p95": 0.005316112656146288,
      "p99": 0.06708891689777374
    }
  },
  "val": {
    "mse": 1.4755851030349731,
    "rmse": 1.2147366393729027,
    "mae": 0.908534586429596,
    "w2_global": 0.07246068120002747,
    "ae_summary": {
      "mean": 0.908534586429596,
      "std": 0.8063188195228577,
      "min": 0.0007565617561340332,
      "max": 4.175950050354004,
      "p50": 0.6398841142654419,
      "p90": 2.1671578884124756,
      "p95": 2.5025932788848877,
      "p99": 2.9724581241607666
    },
    "se_summary": {
      "mean": 1.4755851030349731,
      "std": 2.2775731086730957,
      "min": 5.723857157136081e-07,
      "max": 17.43855857849121,
      "p50": 0.4094516932964325,
      "p90": 4.696573734283447,
      "p95": 6.262973785400391,
      "p99": 8.836368560791016
    }
  },
  "test": {
    "mse": 0.8533366918563843,
    "rmse": 0.9237622485555383,
    "mae": 0.6512138843536377,
    "w2_global": 0.0474553108215332,
    "ae_summary": {
      "mean": 0.6512138843536377,
      "std": 0.6551771759986877,
      "min": 0.0014263391494750977,
      "max": 3.1529347896575928,
      "p50": 0.3977874219417572,
      "p90": 1.514513373374939,
      "p95": 2.2157018184661865,
      "p99": 2.857379674911499
    },
    "se_summary": {
      "mean": 0.8533366918563843,
      "std": 1.660622239112854,
      "min": 2.034443468801328e-06,
      "max": 9.940998077392578,
      "p50": 0.15823505818843842,
      "p90": 2.2937517166137695,
      "p95": 4.909363746643066,
      "p99": 8.164624214172363
    }
  }
}