{
  "train": {
    "mse": 0.2594456672668457,
    "rmse": 0.5093580933555937,
    "mae": 0.3359121084213257,
    "w2_global": 0.023959696292877197,
    "ae_summary": {
      "mean": 0.3359121084213257,
      "std": 0.38289520144462585,
      "min": 1.6689300537109375e-06,
      "max": 9.247542381286621,
      "p50": 0.22246432304382324,
      "p90": 0.7349610924720764,
      "p95": 1.0151922702789307,
      "p99": 1.8154524564743042
    },
    "se_summary": {
      "mean": 0.2594456672668457,
      "std": 1.119336485862732,
      "min": 2.7853275241795927e-12,
      "max": 85.51703643798828,
      "p50": 0.04949037358164787,
      "p90": 0.5401678085327148,
      "p95": 1.0306154489517212,
      "p99": 3.295881986618042
    }
  },
  "val": {
    "mse": 0.1921396255493164,
    "rmse": 0.4383373421798745,
    "mae": 0.3003162443637848,
    "w2_global": 0.01920432783663273,
    "ae_summary": {
      "mean": 0.3003162443637848,
      "std": 0.3192957937717438,
      "min": 0.0008459091186523438,
      "max": 2.420889139175415,
      "p50": 0.21220803260803223,
      "p90": 0.6465023159980774,
      "p95": 0.7838468551635742,
      "p99": 1.6937742233276367
    },
    "se_summary": {
      "mean": 0.1921396255493164,
      "std": 0.5607753396034241,
      "min": 7.15562237019185e-07,
      "max": 5.86070442199707,
      "p50": 0.04503224790096283,
      "p90": 0.417965292930603,
      "p95": 0.6145623922348022,
      "p99": 2.873279333114624
    }
  },
  "test": {
    "mse": 0.37422725558280945,
    "rmse": 0.611741167147356,
    "mae": 0.4145878255367279,
    "w2_global": 0.03318282216787338,
    "ae_summary": {
      "mean": 0.4145878255367279,
      "std": 0.44982680678367615,
      "min": 2.2649765014648438e-06,
      "max": 2.9754011631011963,
      "p50": 0.3018730580806732,
      "p90": 0.8964922428131104,
      "p95": 1.1786284446716309,
      "p99": 2.4756298065185547
    },
    "se_summary": {
      "mean": 0.37422725558280945,
      "std": 0.9844212532043457,
      "min": 5.130118552187923e-12,
      "max": 8.853012084960938,
      "p50": 0.09112734347581863,
      "p90": 0.8036984801292419,
      "p95": 1.3893531560897827,
      "p99": 6.128754615783691
    }
  }
}