{
  "train": {
    "mse": 0.01716688647866249,
    "rmse": 0.13102246554947167,
    "mae": 0.0772838443517685,
    "w2_global": 0.05190107971429825,
    "ae_summary": {
      "mean": 0.0772838443517685,
      "std": 0.10580214112997055,
      "min": 1.1473894119262695e-06,
      "max": 4.1459197998046875,
      "p50": 0.04744163155555725,
      "p90": 0.175496906042099,
      "p95": 0.24128350615501404,
      "p99": 0.45498937368392944
    },
    "se_summary": {
      "mean": 0.01716688647866249,
      "std": 0.17141707241535187,
      "min": 1.3165024626005106e-12,
      "max": 17.188650131225586,
      "p50": 0.002250708406791091,
      "p90": 0.03079916536808014,
      "p95": 0.05821773037314415,
      "p99": 0.20701561868190765
    }
  },
  "val": {
    "mse": 0.3359854221343994,
    "rmse": 0.5796424951074579,
    "mae": 0.42721137404441833,
    "w2_global": 0.04256093502044678,
    "ae_summary": {
      "mean": 0.42721137404441833,
      "std": 0.3917599022388458,
      "min": 0.0002815425395965576,
      "max": 2.8327670097351074,
      "p50": 0.3268390893936157,
      "p90": 0.9123796820640564,
      "p95": 1.0634288787841797,
      "p99": 1.7994203567504883
    },
    "se_summary": {
      "mean": 0.3359854221343994,
      "std": 0.7307963967323303,
      "min": 7.92662007143008e-08,
      "max": 8.024568557739258,
      "p50": 0.10682378709316254,
      "p90": 0.8324372172355652,
      "p95": 1.130894422531128,
      "p99": 3.241368055343628
    }
  },
  "test": {
    "mse": 0.6153877377510071,
    "rmse": 0.7844665306761067,
    "mae": 0.5946729779243469,
    "w2_global": 0.05913381651043892,
    "ae_summary": {
      "mean": 0.5946729779243469,
      "std": 0.5116168856620789,
      "min": 0.002288520336151123,
      "max": 3.238332509994507,
      "p50": 0.4388143718242645,
      "p90": 1.333364725112915,
      "p95": 1.5826417207717896,
      "p99": 2.3825037479400635
    },
    "se_summary": {
      "mean": 0.6153877377510071,
      "std": 1.1073497533798218,
      "min": 5.237325240159407e-06,
      "max": 10.486797332763672,
      "p50": 0.19255805015563965,
      "p90": 1.777861475944519,
      "p95": 2.5047550201416016,
      "p99": 5.676541328430176
    }
  }
}