{
  "train": {
    "mse": 0.0,
    "rmse": 0.0,
    "mae": 0.0,
    "w2_global": 0.20573417842388153,
    "ae_summary": {
      "mean": 0.0,
      "std": 0.0,
      "min": 0.0,
      "max": 0.0,
      "p50": 0.0,
      "p90": 0.0,
      "p95": 0.0,
      "p99": 0.0
    },
    "se_summary": {
      "mean": 0.0,
      "std": 0.0,
      "min": 0.0,
      "max": 0.0,
      "p50": 0.0,
      "p90": 0.0,
      "p95": 0.0,
      "p99": 0.0
    }
  },
  "val": {
    "mse": 0.7680891752243042,
    "rmse": 0.8764069689501015,
    "mae": 0.43534380197525024,
    "w2_global": 0.2536991238594055,
    "ae_summary": {
      "mean": 0.43534380197525024,
      "std": 0.7606345415115356,
      "min": 0.0,
      "max": 19.998353958129883,
      "p50": 0.27069535851478577,
      "p90": 0.9526396989822388,
      "p95": 1.2943108081817627,
      "p99": 2.793790578842163
    },
    "se_summary": {
      "mean": 0.7680891752243042,
      "std": 8.17779541015625,
      "min": 0.0,
      "max": 399.9341735839844,
      "p50": 0.07327597588300705,
      "p90": 0.9075223803520203,
      "p95": 1.6752408742904663,
      "p99": 7.805272102355957
    }
  },
  "test": {
    "mse": 1.2992266416549683,
    "rmse": 1.1398362345771291,
    "mae": 0.42635905742645264,
    "w2_global": 0.3588589131832123,
    "ae_summary": {
      "mean": 0.42635905742645264,
      "std": 1.057092547416687,
      "min": 0.0,
      "max": 37.59687805175781,
      "p50": 0.2494536191225052,
      "p90": 0.8573631644248962,
      "p95": 1.15914785861969,
      "p99": 2.921217918395996
    },
    "se_summary": {
      "mean": 1.2992266416549683,
      "std": 23.14724349975586,
      "min": 0.0,
      "max": 1413.5252685546875,
      "p50": 0.06222710758447647,
      "p90": 0.73507159948349,
      "p95": 1.3436238765716553,
      "p99": 8.533516883850098
    }
  }
}