{
  "train": {
    "mse": 0.27585864067077637,
    "rmse": 0.5252224677893895,
    "mae": 0.3515908718109131,
    "w2_global": 0.0263711865991354,
    "ae_summary": {
      "mean": 0.3515908718109131,
      "std": 0.3901826739311218,
      "min": 5.125999450683594e-06,
      "max": 8.887344360351562,
      "p50": 0.23634552955627441,
      "p90": 0.774431049823761,
      "p95": 1.0682412385940552,
      "p99": 1.8799728155136108
    },
    "se_summary": {
      "mean": 0.27585864067077637,
      "std": 1.0636467933654785,
      "min": 2.6275870368408505e-11,
      "max": 78.9848861694336,
      "p50": 0.05585920810699463,
      "p90": 0.5997434854507446,
      "p95": 1.141139268875122,
      "p99": 3.534303665161133
    }
  },
  "val": {
    "mse": 0.2823672890663147,
    "rmse": 0.5313824320264218,
    "mae": 0.3790415823459625,
    "w2_global": 0.036748409271240234,
    "ae_summary": {
      "mean": 0.3790415823459625,
      "std": 0.37241747975349426,
      "min": 0.00257033109664917,
      "max": 2.147029399871826,
      "p50": 0.2314128428697586,
      "p90": 0.8358220458030701,
      "p95": 1.048281192779541,
      "p99": 1.9017843008041382
    },
    "se_summary": {
      "mean": 0.2823672890663147,
      "std": 0.5925949811935425,
      "min": 6.606601800740464e-06,
      "max": 4.609735012054443,
      "p50": 0.05355190485715866,
      "p90": 0.6987184882164001,
      "p95": 1.0990097522735596,
      "p99": 3.61735200881958
    }
  },
  "test": {
    "mse": 0.18613767623901367,
    "rmse": 0.43143675809904475,
    "mae": 0.3215808868408203,
    "w2_global": 0.025767186656594276,
    "ae_summary": {
      "mean": 0.3215808868408203,
      "std": 0.2876167893409729,
      "min": 0.0016649961471557617,
      "max": 1.518311619758606,
      "p50": 0.23282964527606964,
      "p90": 0.7279962301254272,
      "p95": 0.9040001034736633,
      "p99": 1.2116433382034302
    },
    "se_summary": {
      "mean": 0.18613767623901367,
      "std": 0.31017205119132996,
      "min": 2.7722121558326762e-06,
      "max": 2.305270195007324,
      "p50": 0.05421091616153717,
      "p90": 0.5299793481826782,
      "p95": 0.8172167539596558,
      "p99": 1.4680979251861572
    }
  }
}