{
  "train": {
    "mse": 0.0,
    "rmse": 0.0,
    "mae": 0.0,
    "w2_global": 0.4038694500923157,
    "ae_summary": {
      "mean": 0.0,
      "std": 0.0,
      "min": 0.0,
      "max": 0.0,
      "p50": 0.0,
      "p90": 0.0,
      "p95": 0.0,
      "p99": 0.0
    },
    "se_summary": {
      "mean": 0.0,
      "std": 0.0,
      "min": 0.0,
      "max": 0.0,
      "p50": 0.0,
      "p90": 0.0,
      "p95": 0.0,
      "p99": 0.0
    }
  },
  "val": {
    "mse": 1.2595371007919312,
    "rmse": 1.1222910053956288,
    "mae": 0.7346096038818359,
    "w2_global": 0.3972196578979492,
    "ae_summary": {
      "mean": 0.7346096038818359,
      "std": 0.848460853099823,
      "min": 4.917383193969727e-07,
      "max": 11.386246681213379,
      "p50": 0.4044417142868042,
      "p90": 1.9325405359268188,
      "p95": 2.3920018672943115,
      "p99": 3.6893224716186523
    },
    "se_summary": {
      "mean": 1.2595371007919312,
      "std": 2.991753578186035,
      "min": 2.418065747633591e-13,
      "max": 129.6466064453125,
      "p50": 0.16357310116291046,
      "p90": 3.734712600708008,
      "p95": 5.721673011779785,
      "p99": 13.611100196838379
    }
  },
  "test": {
    "mse": 1.3310590982437134,
    "rmse": 1.1537153454139861,
    "mae": 0.7679705023765564,
    "w2_global": 0.41110655665397644,
    "ae_summary": {
      "mean": 0.7679705023765564,
      "std": 0.8609764575958252,
      "min": 7.152557373046875e-07,
      "max": 11.123872756958008,
      "p50": 0.45419245958328247,
      "p90": 1.9560692310333252,
      "p95": 2.418325185775757,
      "p99": 3.777172327041626
    },
    "se_summary": {
      "mean": 1.3310590982437134,
      "std": 3.1071674823760986,
      "min": 5.115907697472721e-13,
      "max": 123.74054718017578,
      "p50": 0.20629079639911652,
      "p90": 3.826206922531128,
      "p95": 5.848296165466309,
      "p99": 14.2670316696167
    }
  }
}