{
  "train": {
    "mse": 0.0,
    "rmse": 0.0,
    "mae": 0.0,
    "w2_global": 0.18612778186798096,
    "ae_summary": {
      "mean": 0.0,
      "std": 0.0,
      "min": 0.0,
      "max": 0.0,
      "p50": 0.0,
      "p90": 0.0,
      "p95": 0.0,
      "p99": 0.0
    },
    "se_summary": {
      "mean": 0.0,
      "std": 0.0,
      "min": 0.0,
      "max": 0.0,
      "p50": 0.0,
      "p90": 0.0,
      "p95": 0.0,
      "p99": 0.0
    }
  },
  "val": {
    "mse": 0.6077145338058472,
    "rmse": 0.7795604747585957,
    "mae": 0.5472796559333801,
    "w2_global": 0.2564544975757599,
    "ae_summary": {
      "mean": 0.5472796559333801,
      "std": 0.5551571846008301,
      "min": 6.031990051269531e-05,
      "max": 4.320189952850342,
      "p50": 0.3734854757785797,
      "p90": 1.2505422830581665,
      "p95": 1.678312063217163,
      "p99": 2.6435766220092773
    },
    "se_summary": {
      "mean": 0.6077145338058472,
      "std": 1.358891248703003,
      "min": 3.6384903978614602e-09,
      "max": 18.66404151916504,
      "p50": 0.13949152827262878,
      "p90": 1.5638561248779297,
      "p95": 2.8167319297790527,
      "p99": 6.988570690155029
    }
  },
  "test": {
    "mse": 0.4538811445236206,
    "rmse": 0.6737070168282505,
    "mae": 0.4559081196784973,
    "w2_global": 0.20257513225078583,
    "ae_summary": {
      "mean": 0.4559081196784973,
      "std": 0.4960130453109741,
      "min": 6.896257400512695e-05,
      "max": 8.45859146118164,
      "p50": 0.295446515083313,
      "p90": 1.082908272743225,
      "p95": 1.4028607606887817,
      "p99": 2.1973249912261963
    },
    "se_summary": {
      "mean": 0.4538811445236206,
      "std": 1.5870616436004639,
      "min": 4.755836613412612e-09,
      "max": 71.54776763916016,
      "p50": 0.08728864043951035,
      "p90": 1.172694444656372,
      "p95": 1.9680194854736328,
      "p99": 4.828338146209717
    }
  }
}