{
  "best_alpha": 0.99,
  "best_gamma": 10.0,
  "alpha_grid": [
    0.99
  ],
  "gamma_grid": [
    10.0
  ],
  "results": {
    "(0.99, 10.0)": {
      "val_loss": 0.3889581629863152,
      "val_eval": 1.0327908580119793,
      "epoch": 28,
      "mse": 1.0327908580119793
    }
  },
  "standalone_mode": true
}