{
  "train": {
    "mse": 0.3666089177131653,
    "rmse": 0.605482384312843,
    "mae": 0.33964598178863525,
    "w2_global": 0.10392268002033234,
    "ae_summary": {
      "mean": 0.33964598178863525,
      "std": 0.5012479424476624,
      "min": 3.129243850708008e-07,
      "max": 46.085472106933594,
      "p50": 0.2136077582836151,
      "p90": 0.7517228126525879,
      "p95": 1.0457792282104492,
      "p99": 1.9737592935562134
    },
    "se_summary": {
      "mean": 0.3666089177131653,
      "std": 6.7475199699401855,
      "min": 9.792167077193881e-14,
      "max": 2123.870849609375,
      "p50": 0.045628275722265244,
      "p90": 0.5650871992111206,
      "p95": 1.0936541557312012,
      "p99": 3.895725727081299
    }
  },
  "val": {
    "mse": 1.034219741821289,
    "rmse": 1.0169659491946075,
    "mae": 0.6992583870887756,
    "w2_global": 0.08637988567352295,
    "ae_summary": {
      "mean": 0.6992583870887756,
      "std": 0.7384154796600342,
      "min": 0.0001525040715932846,
      "max": 33.44186019897461,
      "p50": 0.5562427043914795,
      "p90": 1.4014760255813599,
      "p95": 1.792541742324829,
      "p99": 2.7435810565948486
    },
    "se_summary": {
      "mean": 1.034219741821289,
      "std": 11.02287483215332,
      "min": 2.3257491932326957e-08,
      "max": 1118.3580322265625,
      "p50": 0.30940595269203186,
      "p90": 1.9641350507736206,
      "p95": 3.2132060527801514,
      "p99": 7.527238368988037
    }
  },
  "test": {
    "mse": 1.5845144987106323,
    "rmse": 1.258774999239591,
    "mae": 0.7020497918128967,
    "w2_global": 0.20482251048088074,
    "ae_summary": {
      "mean": 0.7020497918128967,
      "std": 1.0448161363601685,
      "min": 1.4521181583404541e-05,
      "max": 128.02764892578125,
      "p50": 0.5592142343521118,
      "p90": 1.4279208183288574,
      "p95": 1.7931444644927979,
      "p99": 2.7641451358795166
    },
    "se_summary": {
      "mean": 1.5845144987106323,
      "std": 101.20126342773438,
      "min": 2.1086471457820721e-10,
      "max": 16391.078125,
      "p50": 0.3127205967903137,
      "p90": 2.0389575958251953,
      "p95": 3.215367317199707,
      "p99": 7.640501499176025
    }
  }
}