{
  "train": {
    "mse": 0.3631148636341095,
    "rmse": 0.6025901290546581,
    "mae": 0.36001670360565186,
    "w2_global": 0.2155023217201233,
    "ae_summary": {
      "mean": 0.36001670360565186,
      "std": 0.4832213521003723,
      "min": 1.7881393432617188e-07,
      "max": 72.76324462890625,
      "p50": 0.24172715842723846,
      "p90": 0.7914235591888428,
      "p95": 1.0639920234680176,
      "p99": 1.8824831247329712
    },
    "se_summary": {
      "mean": 0.3631148636341095,
      "std": 11.974068641662598,
      "min": 3.197442310920451e-14,
      "max": 5294.48974609375,
      "p50": 0.058432020246982574,
      "p90": 0.6263512372970581,
      "p95": 1.132079005241394,
      "p99": 3.5437424182891846
    }
  },
  "val": {
    "mse": 0.5580017566680908,
    "rmse": 0.7469951517032027,
    "mae": 0.4333030581474304,
    "w2_global": 0.2266755849123001,
    "ae_summary": {
      "mean": 0.4333030581474304,
      "std": 0.6084818840026855,
      "min": 2.205371856689453e-06,
      "max": 35.55086135864258,
      "p50": 0.2832545042037964,
      "p90": 0.948167622089386,
      "p95": 1.298658013343811,
      "p99": 2.3572897911071777
    },
    "se_summary": {
      "mean": 0.5580017566680908,
      "std": 8.204365730285645,
      "min": 4.863665026277886e-12,
      "max": 1263.86376953125,
      "p50": 0.08023311197757721,
      "p90": 0.8990218639373779,
      "p95": 1.6865125894546509,
      "p99": 5.556815147399902
    }
  },
  "test": {
    "mse": 0.5250902771949768,
    "rmse": 0.7246311318146473,
    "mae": 0.4291202127933502,
    "w2_global": 0.21226727962493896,
    "ae_summary": {
      "mean": 0.4291202127933502,
      "std": 0.5839059352874756,
      "min": 2.7418136596679688e-06,
      "max": 35.828330993652344,
      "p50": 0.2791427969932556,
      "p90": 0.9482189416885376,
      "p95": 1.2925431728363037,
      "p99": 2.320560932159424
    },
    "se_summary": {
      "mean": 0.5250902771949768,
      "std": 7.5553154945373535,
      "min": 7.51754214434186e-12,
      "max": 1283.6693115234375,
      "p50": 0.07792070508003235,
      "p90": 0.8991192579269409,
      "p95": 1.6706678867340088,
      "p99": 5.385003089904785
    }
  }
}