{
  "train": {
    "mse": 0.2684924304485321,
    "rmse": 0.5181625521480032,
    "mae": 0.35828956961631775,
    "w2_global": 0.16575831174850464,
    "ae_summary": {
      "mean": 0.35828956961631775,
      "std": 0.3743274509906769,
      "min": 2.230703830718994e-05,
      "max": 7.148839473724365,
      "p50": 0.2464507818222046,
      "p90": 0.7901306748390198,
      "p95": 1.0464417934417725,
      "p99": 1.7673027515411377
    },
    "se_summary": {
      "mean": 0.2684924304485321,
      "std": 0.845657467842102,
      "min": 4.976039580384395e-10,
      "max": 51.10590744018555,
      "p50": 0.06073798984289169,
      "p90": 0.6243065595626831,
      "p95": 1.0950404405593872,
      "p99": 3.123363971710205
    }
  },
  "val": {
    "mse": 0.47993049025535583,
    "rmse": 0.6927701568740933,
    "mae": 0.5042886734008789,
    "w2_global": 0.18555983901023865,
    "ae_summary": {
      "mean": 0.5042886734008789,
      "std": 0.4749982953071594,
      "min": 0.0007158517837524414,
      "max": 3.507506847381592,
      "p50": 0.3503890633583069,
      "p90": 1.1546820402145386,
      "p95": 1.529790997505188,
      "p99": 2.2051868438720703
    },
    "se_summary": {
      "mean": 0.47993049025535583,
      "std": 0.9833529591560364,
      "min": 5.124437620906974e-07,
      "max": 12.302604675292969,
      "p50": 0.12277249246835709,
      "p90": 1.3332905769348145,
      "p95": 2.3402624130249023,
      "p99": 4.862917423248291
    }
  },
  "test": {
    "mse": 0.5283339619636536,
    "rmse": 0.7268658486706151,
    "mae": 0.4741462767124176,
    "w2_global": 0.22184714674949646,
    "ae_summary": {
      "mean": 0.4741462767124176,
      "std": 0.5509257912635803,
      "min": 0.00036197900772094727,
      "max": 10.062806129455566,
      "p50": 0.3185994625091553,
      "p90": 1.016629695892334,
      "p95": 1.419769525527954,
      "p99": 2.7164270877838135
    },
    "se_summary": {
      "mean": 0.5283339619636536,
      "std": 2.3425135612487793,
      "min": 1.3102879847792792e-07,
      "max": 101.26007080078125,
      "p50": 0.10150561481714249,
      "p90": 1.0335360765457153,
      "p95": 2.0157470703125,
      "p99": 7.379171371459961
    }
  }
}