{
  "train": {
    "mse": 0.03986870497465134,
    "rmse": 0.19967149264392084,
    "mae": 0.13475856184959412,
    "w2_global": 0.07598426192998886,
    "ae_summary": {
      "mean": 0.13475856184959412,
      "std": 0.14733918011188507,
      "min": 1.30385160446167e-07,
      "max": 2.7052836418151855,
      "p50": 0.08949390053749084,
      "p90": 0.3102147877216339,
      "p95": 0.41818809509277344,
      "p99": 0.7015729546546936
    },
    "se_summary": {
      "mean": 0.03986870497465134,
      "std": 0.11653835326433182,
      "min": 1.700029006457271e-14,
      "max": 7.318559646606445,
      "p50": 0.008009158074855804,
      "p90": 0.09623321145772934,
      "p95": 0.17488126456737518,
      "p99": 0.49220460653305054
    }
  },
  "val": {
    "mse": 0.1116977408528328,
    "rmse": 0.334212119548099,
    "mae": 0.19758453965187073,
    "w2_global": 0.06822685897350311,
    "ae_summary": {
      "mean": 0.19758453965187073,
      "std": 0.2695516347885132,
      "min": 4.693865776062012e-06,
      "max": 3.6756129264831543,
      "p50": 0.11415845155715942,
      "p90": 0.44689059257507324,
      "p95": 0.6427791118621826,
      "p99": 1.362209677696228
    },
    "se_summary": {
      "mean": 0.1116977408528328,
      "std": 0.4732509255409241,
      "min": 2.203237592368623e-11,
      "max": 13.510129928588867,
      "p50": 0.013032152317464352,
      "p90": 0.19971118867397308,
      "p95": 0.4131649434566498,
      "p99": 1.855615258216858
    }
  },
  "test": {
    "mse": 0.11068778485059738,
    "rmse": 0.3326977379703646,
    "mae": 0.20024362206459045,
    "w2_global": 0.07091675698757172,
    "ae_summary": {
      "mean": 0.20024362206459045,
      "std": 0.26568830013275146,
      "min": 0.0,
      "max": 3.2604973316192627,
      "p50": 0.11630594730377197,
      "p90": 0.45871400833129883,
      "p95": 0.6619209051132202,
      "p99": 1.3258442878723145
    },
    "se_summary": {
      "mean": 0.11068778485059738,
      "std": 0.43929097056388855,
      "min": 0.0,
      "max": 10.630843162536621,
      "p50": 0.013527072966098785,
      "p90": 0.21041855216026306,
      "p95": 0.43813928961753845,
      "p99": 1.7578632831573486
    }
  }
}