{
  "train": {
    "mse": 0.3346160352230072,
    "rmse": 0.5784600549934344,
    "mae": 0.40599682927131653,
    "w2_global": 0.2673298418521881,
    "ae_summary": {
      "mean": 0.40599682927131653,
      "std": 0.412046879529953,
      "min": 2.682209014892578e-07,
      "max": 6.973557949066162,
      "p50": 0.28518903255462646,
      "p90": 0.9076843857765198,
      "p95": 1.176395058631897,
      "p99": 1.915192723274231
    },
    "se_summary": {
      "mean": 0.3346160352230072,
      "std": 0.9493525624275208,
      "min": 7.194245199571014e-14,
      "max": 48.63051223754883,
      "p50": 0.08133280277252197,
      "p90": 0.8238909244537354,
      "p95": 1.3839055299758911,
      "p99": 3.6679675579071045
    }
  },
  "val": {
    "mse": 0.5886306762695312,
    "rmse": 0.7672227031765492,
    "mae": 0.5587497353553772,
    "w2_global": 0.28381672501564026,
    "ae_summary": {
      "mean": 0.5587497353553772,
      "std": 0.525765597820282,
      "min": 0.00018522143363952637,
      "max": 3.9424726963043213,
      "p50": 0.3822851777076721,
      "p90": 1.322931170463562,
      "p95": 1.6270588636398315,
      "p99": 2.297508716583252
    },
    "se_summary": {
      "mean": 0.5886306762695312,
      "std": 1.2118921279907227,
      "min": 3.430697859130305e-08,
      "max": 15.5430908203125,
      "p50": 0.14614196121692657,
      "p90": 1.7501484155654907,
      "p95": 2.647320508956909,
      "p99": 5.282867431640625
    }
  },
  "test": {
    "mse": 0.6642982363700867,
    "rmse": 0.8150449290499798,
    "mae": 0.5509347915649414,
    "w2_global": 0.31010594964027405,
    "ae_summary": {
      "mean": 0.5509347915649414,
      "std": 0.6006405353546143,
      "min": 0.00027912482619285583,
      "max": 10.00593090057373,
      "p50": 0.3835941553115845,
      "p90": 1.139119267463684,
      "p95": 1.5602517127990723,
      "p99": 3.0700414180755615
    },
    "se_summary": {
      "mean": 0.6642982363700867,
      "std": 2.502725601196289,
      "min": 7.791066991558182e-08,
      "max": 100.11865234375,
      "p50": 0.14714448153972626,
      "p90": 1.2975951433181763,
      "p95": 2.4343855381011963,
      "p99": 9.425154685974121
    }
  }
}