{
  "best_alpha": 0.99,
  "best_gamma": 1.0,
  "alpha_grid": [
    0.01,
    0.25,
    0.5,
    0.75,
    0.99
  ],
  "gamma_grid": [
    0.1,
    1.0,
    5.0,
    10.0
  ],
  "results": {
    "(0.01, 0.1)": {
      "val_loss": 1.1497968435287476,
      "val_eval": 1.1453763246536255,
      "epoch": 30,
      "mse": 1.1453763246536255,
      "w2_global": 0.9254070520401001,
      "cvar": 3.641465663909912
    },
    "(0.01, 1.0)": {
      "val_loss": 1.1858714818954468,
      "val_eval": 1.1795140504837036,
      "epoch": 30,
      "mse": 1.1795140504837036,
      "w2_global": 0.940035343170166,
      "cvar": 3.5617032051086426
    },
    "(0.01, 5.0)": {
      "val_loss": 1.2025622129440308,
      "val_eval": 1.1982340812683105,
      "epoch": 30,
      "mse": 1.1982340812683105,
      "w2_global": 0.9439842700958252,
      "cvar": 3.7444405555725098
    },
    "(0.01, 10.0)": {
      "val_loss": 1.0053470134735107,
      "val_eval": 1.0144513845443726,
      "epoch": 30,
      "mse": 1.014451265335083,
      "w2_global": 0.8633680939674377,
      "cvar": 3.3225882053375244
    },
    "(0.25, 0.1)": {
      "val_loss": 0.9248016476631165,
      "val_eval": 0.9347676038742065,
      "epoch": 30,
      "mse": 0.9347676634788513,
      "w2_global": 0.8321477174758911,
      "cvar": 2.7728562355041504
    },
    "(0.25, 1.0)": {
      "val_loss": 0.7792133092880249,
      "val_eval": 0.8014124631881714,
      "epoch": 29,
      "mse": 0.8014124631881714,
      "w2_global": 0.7596455216407776,
      "cvar": 2.668712615966797
    },
    "(0.25, 5.0)": {
      "val_loss": 0.7323925495147705,
      "val_eval": 0.7548224925994873,
      "epoch": 30,
      "mse": 0.7548224925994873,
      "w2_global": 0.7361340522766113,
      "cvar": 2.0557525157928467
    },
    "(0.25, 10.0)": {
      "val_loss": 0.8578263521194458,
      "val_eval": 0.8782945275306702,
      "epoch": 30,
      "mse": 0.8782945275306702,
      "w2_global": 0.8034906387329102,
      "cvar": 2.6580920219421387
    },
    "(0.5, 0.1)": {
      "val_loss": 0.747656524181366,
      "val_eval": 0.782974898815155,
      "epoch": 30,
      "mse": 0.7829749584197998,
      "w2_global": 0.7477802634239197,
      "cvar": 2.0198285579681396
    },
    "(0.5, 1.0)": {
      "val_loss": 0.7588662505149841,
      "val_eval": 0.7811320424079895,
      "epoch": 28,
      "mse": 0.7811320424079895,
      "w2_global": 0.7522596120834351,
      "cvar": 2.376004219055176
    },
    "(0.5, 5.0)": {
      "val_loss": 0.8771952390670776,
      "val_eval": 0.8878133296966553,
      "epoch": 25,
      "mse": 0.8878133893013,
      "w2_global": 0.8069595694541931,
      "cvar": 2.6614396572113037
    },
    "(0.5, 10.0)": {
      "val_loss": 0.6499955058097839,
      "val_eval": 0.6936973929405212,
      "epoch": 29,
      "mse": 0.693697452545166,
      "w2_global": 0.6844760775566101,
      "cvar": 1.6395090818405151
    },
    "(0.75, 0.1)": {
      "val_loss": 0.507726788520813,
      "val_eval": 0.5636689066886902,
      "epoch": 30,
      "mse": 0.5636689066886902,
      "w2_global": 0.605477511882782,
      "cvar": 1.1078599691390991
    },
    "(0.75, 1.0)": {
      "val_loss": 0.4864620268344879,
      "val_eval": 0.5154556632041931,
      "epoch": 29,
      "mse": 0.5154556632041931,
      "w2_global": 0.5262072682380676,
      "cvar": 1.2232736349105835
    },
    "(0.75, 5.0)": {
      "val_loss": 0.3849899470806122,
      "val_eval": 0.39121511578559875,
      "epoch": 30,
      "mse": 0.39121514558792114,
      "w2_global": 0.4155868887901306,
      "cvar": 0.8840894103050232
    },
    "(0.75, 10.0)": {
      "val_loss": 0.4163372218608856,
      "val_eval": 0.44199520349502563,
      "epoch": 24,
      "mse": 0.44199520349502563,
      "w2_global": 0.5011864304542542,
      "cvar": 0.906643271446228
    },
    "(0.99, 0.1)": {
      "val_loss": 0.1402338594198227,
      "val_eval": 0.15180090069770813,
      "epoch": 28,
      "mse": 0.15180090069770813,
      "w2_global": 0.10798340290784836,
      "cvar": 0.34498098492622375
    },
    "(0.99, 1.0)": {
      "val_loss": 0.15029111504554749,
      "val_eval": 0.14888019859790802,
      "epoch": 29,
      "mse": 0.14888019859790802,
      "w2_global": 0.12411350011825562,
      "cvar": 0.33980700373649597
    },
    "(0.99, 5.0)": {
      "val_loss": 0.14235100150108337,
      "val_eval": 0.15100610256195068,
      "epoch": 30,
      "mse": 0.15100610256195068,
      "w2_global": 0.1363075226545334,
      "cvar": 0.34292665123939514
    },
    "(0.99, 10.0)": {
      "val_loss": 0.15529578924179077,
      "val_eval": 0.17288894951343536,
      "epoch": 30,
      "mse": 0.17288894951343536,
      "w2_global": 0.18491779267787933,
      "cvar": 0.41934734582901
    }
  }
}