{
  "train": {
    "mse": 0.11199129372835159,
    "rmse": 0.33465100287964417,
    "mae": 0.22206652164459229,
    "w2_global": 0.12145169079303741,
    "ae_summary": {
      "mean": 0.22206652164459229,
      "std": 0.25035524368286133,
      "min": 4.589557647705078e-06,
      "max": 3.2349693775177,
      "p50": 0.14838913083076477,
      "p90": 0.48726654052734375,
      "p95": 0.673891544342041,
      "p99": 1.2799451351165771
    },
    "se_summary": {
      "mean": 0.11199129372835159,
      "std": 0.34596049785614014,
      "min": 2.106403940160817e-11,
      "max": 10.46502685546875,
      "p50": 0.022019334137439728,
      "p90": 0.2374286651611328,
      "p95": 0.45412978529930115,
      "p99": 1.6382596492767334
    }
  },
  "val": {
    "mse": 0.14888019859790802,
    "rmse": 0.3858499690267035,
    "mae": 0.26185452938079834,
    "w2_global": 0.12411350011825562,
    "ae_summary": {
      "mean": 0.26185452938079834,
      "std": 0.2833944261074066,
      "min": 2.86102294921875e-06,
      "max": 2.85359787940979,
      "p50": 0.17643487453460693,
      "p90": 0.5829296708106995,
      "p95": 0.8439217805862427,
      "p99": 1.4265406131744385
    },
    "se_summary": {
      "mean": 0.14888019859790802,
      "std": 0.38944369554519653,
      "min": 8.185452315956354e-12,
      "max": 8.143020629882812,
      "p50": 0.031129267066717148,
      "p90": 0.33980700373649597,
      "p95": 0.7122039794921875,
      "p99": 2.0350186824798584
    }
  },
  "test": {
    "mse": 0.11067565530538559,
    "rmse": 0.33267950839416843,
    "mae": 0.22913405299186707,
    "w2_global": 0.12981167435646057,
    "ae_summary": {
      "mean": 0.22913405299186707,
      "std": 0.2411912977695465,
      "min": 3.635883331298828e-06,
      "max": 3.387218952178955,
      "p50": 0.1600157916545868,
      "p90": 0.5091028809547424,
      "p95": 0.6874664425849915,
      "p99": 1.2012313604354858
    },
    "se_summary": {
      "mean": 0.11067565530538559,
      "std": 0.30388879776000977,
      "min": 1.3219647598816664e-11,
      "max": 11.473252296447754,
      "p50": 0.025605056434869766,
      "p90": 0.2591857612133026,
      "p95": 0.47261011600494385,
      "p99": 1.442956805229187
    }
  }
}