{
  "train": {
    "mse": 1874.9259033203125,
    "rmse": 43.300414586009595,
    "mae": 34.97903060913086,
    "w2_global": 0.3606816828250885,
    "ae_summary": {
      "mean": 34.97903060913086,
      "std": 25.522409439086914,
      "min": 0.00044161081314086914,
      "max": 183.8037567138672,
      "p50": 30.179691314697266,
      "p90": 71.15526580810547,
      "p95": 83.70529174804688,
      "p99": 106.54118347167969
    },
    "se_summary": {
      "mean": 1874.9259033203125,
      "std": 2479.00732421875,
      "min": 1.9502010673022596e-07,
      "max": 33783.8203125,
      "p50": 910.8138427734375,
      "p90": 5063.07177734375,
      "p95": 7006.5751953125,
      "p99": 11351.0244140625
    }
  },
  "val": {
    "mse": 1.10805082321167,
    "rmse": 1.0526399304660972,
    "mae": 0.4916328489780426,
    "w2_global": 0.6389458775520325,
    "ae_summary": {
      "mean": 0.4916328489780426,
      "std": 0.9307781457901001,
      "min": 1.6987323760986328e-06,
      "max": 6.858053207397461,
      "p50": 0.04578191041946411,
      "p90": 2.0492119789123535,
      "p95": 2.599100351333618,
      "p99": 3.8618991374969482
    },
    "se_summary": {
      "mean": 1.10805082321167,
      "std": 3.2450854778289795,
      "min": 2.885691685605707e-12,
      "max": 47.032894134521484,
      "p50": 0.002095983363687992,
      "p90": 4.199269771575928,
      "p95": 6.75532341003418,
      "p99": 14.914264678955078
    }
  },
  "test": {
    "mse": 0.5391023755073547,
    "rmse": 0.7342359127060967,
    "mae": 0.2914586663246155,
    "w2_global": 0.4474729895591736,
    "ae_summary": {
      "mean": 0.2914586663246155,
      "std": 0.6739096641540527,
      "min": 6.258487701416016e-07,
      "max": 8.645544052124023,
      "p50": 0.04667544364929199,
      "p90": 1.1439508199691772,
      "p95": 1.8180818557739258,
      "p99": 2.890737533569336
    },
    "se_summary": {
      "mean": 0.5391023755073547,
      "std": 2.706061840057373,
      "min": 3.9168668308775523e-13,
      "max": 74.74542999267578,
      "p50": 0.002178597031161189,
      "p90": 1.3086235523223877,
      "p95": 3.3054215908050537,
      "p99": 8.356364250183105
    }
  }
}