{
  "train": {
    "mse": 2603.56396484375,
    "rmse": 51.02513071853662,
    "mae": 36.635066986083984,
    "w2_global": 0.2525362968444824,
    "ae_summary": {
      "mean": 36.635066986083984,
      "std": 35.516700744628906,
      "min": 3.812462091445923e-05,
      "max": 490.9781494140625,
      "p50": 27.153106689453125,
      "p90": 78.16143798828125,
      "p95": 103.91571807861328,
      "p99": 171.84742736816406
    },
    "se_summary": {
      "mean": 2603.56396484375,
      "std": 6521.1494140625,
      "min": 1.4534866643600708e-09,
      "max": 241059.546875,
      "p50": 737.2911987304688,
      "p90": 6109.21044921875,
      "p95": 10798.4775390625,
      "p99": 29531.5390625
    }
  },
  "val": {
    "mse": 0.47385910153388977,
    "rmse": 0.6883742452575414,
    "mae": 0.33534765243530273,
    "w2_global": 0.260092169046402,
    "ae_summary": {
      "mean": 0.33534765243530273,
      "std": 0.6011664271354675,
      "min": 3.986060619354248e-07,
      "max": 11.885394096374512,
      "p50": 0.07667797803878784,
      "p90": 1.005920171737671,
      "p95": 1.5444133281707764,
      "p99": 2.872779369354248
    },
    "se_summary": {
      "mean": 0.47385910153388977,
      "std": 1.9599794149398804,
      "min": 1.5888679261166772e-13,
      "max": 141.26258850097656,
      "p50": 0.005879512056708336,
      "p90": 1.0118753910064697,
      "p95": 2.3852124214172363,
      "p99": 8.252861022949219
    }
  },
  "test": {
    "mse": 0.4659326374530792,
    "rmse": 0.6825925852608415,
    "mae": 0.32077839970588684,
    "w2_global": 0.2575993537902832,
    "ae_summary": {
      "mean": 0.32077839970588684,
      "std": 0.6025229096412659,
      "min": 1.8998980522155762e-07,
      "max": 11.382147789001465,
      "p50": 0.06239170953631401,
      "p90": 0.9820155501365662,
      "p95": 1.5363125801086426,
      "p99": 2.8825995922088623
    },
    "se_summary": {
      "mean": 0.4659326374530792,
      "std": 2.0023844242095947,
      "min": 3.60961260881254e-14,
      "max": 129.55328369140625,
      "p50": 0.003892725333571434,
      "p90": 0.9643545150756836,
      "p95": 2.3602564334869385,
      "p99": 8.309380531311035
    }
  }
}