{
  "best_alpha": 0.99,
  "best_gamma": 10.0,
  "alpha_grid": [
    0.01,
    0.25,
    0.5,
    0.75,
    0.99
  ],
  "gamma_grid": [
    0.1,
    1.0,
    5.0,
    10.0
  ],
  "results": {
    "(0.01, 0.1)": {
      "val_loss": 0.9367287158966064,
      "val_eval": 1.051586627960205,
      "epoch": 18,
      "mse": 1.2378926277160645,
      "w2_global": 0.10613557696342468,
      "cvar": 2.878321886062622
    },
    "(0.01, 1.0)": {
      "val_loss": 0.9345920383930206,
      "val_eval": 1.0813623070716858,
      "epoch": 27,
      "mse": 1.2452797889709473,
      "w2_global": 0.11378369480371475,
      "cvar": 2.918318510055542
    },
    "(0.01, 5.0)": {
      "val_loss": 0.8640579283237457,
      "val_eval": 0.9759315252304077,
      "epoch": 20,
      "mse": 1.1648310422897339,
      "w2_global": 0.11494560539722443,
      "cvar": 2.6290643215179443
    },
    "(0.01, 10.0)": {
      "val_loss": 0.8928898274898529,
      "val_eval": 1.028927594423294,
      "epoch": 24,
      "mse": 1.227394461631775,
      "w2_global": 0.10650338232517242,
      "cvar": 2.598093271255493
    },
    "(0.25, 0.1)": {
      "val_loss": 0.19905487820506096,
      "val_eval": 0.305816113948822,
      "epoch": 25,
      "mse": 0.4390757083892822,
      "w2_global": 0.05899873748421669,
      "cvar": 1.1637108325958252
    },
    "(0.25, 1.0)": {
      "val_loss": 0.1772867739200592,
      "val_eval": 0.35145409032702446,
      "epoch": 29,
      "mse": 0.5326657295227051,
      "w2_global": 0.05008425563573837,
      "cvar": 1.053062081336975
    },
    "(0.25, 5.0)": {
      "val_loss": 0.18271560594439507,
      "val_eval": 0.3538343459367752,
      "epoch": 25,
      "mse": 0.5237030982971191,
      "w2_global": 0.05320880562067032,
      "cvar": 0.6417033672332764
    },
    "(0.25, 10.0)": {
      "val_loss": 0.2872355282306671,
      "val_eval": 0.3585294261574745,
      "epoch": 16,
      "mse": 0.5252219438552856,
      "w2_global": 0.06679598987102509,
      "cvar": 1.307305097579956
    },
    "(0.5, 0.1)": {
      "val_loss": 0.169284887611866,
      "val_eval": 0.2494557499885559,
      "epoch": 19,
      "mse": 0.36971065402030945,
      "w2_global": 0.04292086511850357,
      "cvar": 0.6548075079917908
    },
    "(0.5, 1.0)": {
      "val_loss": 0.16969657316803932,
      "val_eval": 0.28022562339901924,
      "epoch": 22,
      "mse": 0.41585013270378113,
      "w2_global": 0.05201709270477295,
      "cvar": 0.9235293865203857
    },
    "(0.5, 5.0)": {
      "val_loss": 0.17013251036405563,
      "val_eval": 0.27113059535622597,
      "epoch": 24,
      "mse": 0.4050516188144684,
      "w2_global": 0.05305636301636696,
      "cvar": 1.178477168083191
    },
    "(0.5, 10.0)": {
      "val_loss": 0.16195060685276985,
      "val_eval": 0.2597537450492382,
      "epoch": 22,
      "mse": 0.3830634653568268,
      "w2_global": 0.05547098070383072,
      "cvar": 0.8998163938522339
    },
    "(0.75, 0.1)": {
      "val_loss": 0.15521777793765068,
      "val_eval": 0.19701997935771942,
      "epoch": 17,
      "mse": 0.273677259683609,
      "w2_global": 0.04295096546411514,
      "cvar": 0.6561006903648376
    },
    "(0.75, 1.0)": {
      "val_loss": 0.12307737395167351,
      "val_eval": 0.2056759148836136,
      "epoch": 23,
      "mse": 0.29531919956207275,
      "w2_global": 0.03451334685087204,
      "cvar": 0.4115239381790161
    },
    "(0.75, 5.0)": {
      "val_loss": 0.12765543535351753,
      "val_eval": 0.1896449290215969,
      "epoch": 24,
      "mse": 0.2689881920814514,
      "w2_global": 0.043700575828552246,
      "cvar": 0.5993944406509399
    },
    "(0.75, 10.0)": {
      "val_loss": 0.11992745101451874,
      "val_eval": 0.189377099275589,
      "epoch": 28,
      "mse": 0.27864885330200195,
      "w2_global": 0.05806577578186989,
      "cvar": 0.8604720830917358
    },
    "(0.99, 0.1)": {
      "val_loss": 0.05178682133555412,
      "val_eval": 0.056896697729825974,
      "epoch": 30,
      "mse": 0.052567753940820694,
      "w2_global": 0.019358187913894653,
      "cvar": 0.12717139720916748
    },
    "(0.99, 1.0)": {
      "val_loss": 0.05553581565618515,
      "val_eval": 0.05687739886343479,
      "epoch": 30,
      "mse": 0.051713354885578156,
      "w2_global": 0.01930106244981289,
      "cvar": 0.12255866825580597
    },
    "(0.99, 5.0)": {
      "val_loss": 0.06013529375195503,
      "val_eval": 0.06333805620670319,
      "epoch": 30,
      "mse": 0.05780100077390671,
      "w2_global": 0.02127212844789028,
      "cvar": 0.13530367612838745
    },
    "(0.99, 10.0)": {
      "val_loss": 0.05232497304677963,
      "val_eval": 0.05597300082445145,
      "epoch": 30,
      "mse": 0.05186525359749794,
      "w2_global": 0.019448837265372276,
      "cvar": 0.1223054975271225
    }
  }
}