{
  "train": {
    "mse": 0.04963262006640434,
    "rmse": 0.22278379668729129,
    "mae": 0.16029049456119537,
    "w2_global": 0.019167767837643623,
    "ae_summary": {
      "mean": 0.16029049456119537,
      "std": 0.15472421050071716,
      "min": 5.364418029785156e-07,
      "max": 2.692058563232422,
      "p50": 0.11824061721563339,
      "p90": 0.3418843746185303,
      "p95": 0.4480661153793335,
      "p99": 0.775913417339325
    },
    "se_summary": {
      "mean": 0.04963262006640434,
      "std": 0.12285875529050827,
      "min": 2.877698079828406e-13,
      "max": 7.2471795082092285,
      "p50": 0.013980843126773834,
      "p90": 0.11688492447137833,
      "p95": 0.20076322555541992,
      "p99": 0.6020416617393494
    }
  },
  "val": {
    "mse": 0.05186525359749794,
    "rmse": 0.22773944234035953,
    "mae": 0.16404545307159424,
    "w2_global": 0.019448837265372276,
    "ae_summary": {
      "mean": 0.16404545307159424,
      "std": 0.15796947479248047,
      "min": 8.940696716308594e-07,
      "max": 1.9514434337615967,
      "p50": 0.12142258882522583,
      "p90": 0.3497220277786255,
      "p95": 0.4558252990245819,
      "p99": 0.7878355979919434
    },
    "se_summary": {
      "mean": 0.05186525359749794,
      "std": 0.12725023925304413,
      "min": 7.993605777301127e-13,
      "max": 3.808131456375122,
      "p50": 0.014743445441126823,
      "p90": 0.1223054975271225,
      "p95": 0.20777669548988342,
      "p99": 0.6206851005554199
    }
  },
  "test": {
    "mse": 0.05162113159894943,
    "rmse": 0.22720284240948535,
    "mae": 0.16345687210559845,
    "w2_global": 0.019054140895605087,
    "ae_summary": {
      "mean": 0.16345687210559845,
      "std": 0.15780678391456604,
      "min": 1.3828277587890625e-05,
      "max": 2.2328505516052246,
      "p50": 0.11899667978286743,
      "p90": 0.3532789349555969,
      "p95": 0.45520448684692383,
      "p99": 0.769332766532898
    },
    "se_summary": {
      "mean": 0.05162113159894943,
      "std": 0.12556946277618408,
      "min": 1.9122126104775816e-10,
      "max": 4.985621452331543,
      "p50": 0.014160210266709328,
      "p90": 0.1248060017824173,
      "p95": 0.20721113681793213,
      "p99": 0.5918733477592468
    }
  }
}