{
  "train": {
    "mse": 0.3797625005245209,
    "rmse": 0.6162487326757929,
    "mae": 0.4390985667705536,
    "w2_global": 0.6127402782440186,
    "ae_summary": {
      "mean": 0.4390985667705536,
      "std": 0.43238288164138794,
      "min": 5.4001808166503906e-05,
      "max": 4.274737358093262,
      "p50": 0.3203907012939453,
      "p90": 0.9325606822967529,
      "p95": 1.1744804382324219,
      "p99": 2.0518782138824463
    },
    "se_summary": {
      "mean": 0.3797625005245209,
      "std": 1.050057053565979,
      "min": 2.916195285251888e-09,
      "max": 18.273380279541016,
      "p50": 0.10265020281076431,
      "p90": 0.8696694374084473,
      "p95": 1.3794045448303223,
      "p99": 4.210204124450684
    }
  },
  "val": {
    "mse": 0.6038098931312561,
    "rmse": 0.7770520530384409,
    "mae": 0.5869860053062439,
    "w2_global": 0.5446786284446716,
    "ae_summary": {
      "mean": 0.5869860053062439,
      "std": 0.5091731548309326,
      "min": 3.2057985663414e-05,
      "max": 4.026100158691406,
      "p50": 0.4572501480579376,
      "p90": 1.3134803771972656,
      "p95": 1.6254513263702393,
      "p99": 2.3319218158721924
    },
    "se_summary": {
      "mean": 0.6038098931312561,
      "std": 1.0961717367172241,
      "min": 1.0277144690817863e-09,
      "max": 16.209482192993164,
      "p50": 0.20907770097255707,
      "p90": 1.7252309322357178,
      "p95": 2.642092227935791,
      "p99": 5.437863826751709
    }
  },
  "test": {
    "mse": 0.5072946548461914,
    "rmse": 0.7122462038131137,
    "mae": 0.5529677271842957,
    "w2_global": 0.47995245456695557,
    "ae_summary": {
      "mean": 0.5529677271842957,
      "std": 0.44891130924224854,
      "min": 6.341934204101562e-05,
      "max": 5.225912570953369,
      "p50": 0.45910197496414185,
      "p90": 1.0931998491287231,
      "p95": 1.3392921686172485,
      "p99": 2.0726280212402344
    },
    "se_summary": {
      "mean": 0.5072946548461914,
      "std": 0.9853332042694092,
      "min": 4.022012944915332e-09,
      "max": 27.310161590576172,
      "p50": 0.21077466011047363,
      "p90": 1.1950860023498535,
      "p95": 1.793703556060791,
      "p99": 4.2957868576049805
    }
  }
}