{
  "train": {
    "mse": 0.0,
    "rmse": 0.0,
    "mae": 0.0,
    "w2_global": 0.08519712835550308,
    "ae_summary": {
      "mean": 0.0,
      "std": 0.0,
      "min": 0.0,
      "max": 0.0,
      "p50": 0.0,
      "p90": 0.0,
      "p95": 0.0,
      "p99": 0.0
    },
    "se_summary": {
      "mean": 0.0,
      "std": 0.0,
      "min": 0.0,
      "max": 0.0,
      "p50": 0.0,
      "p90": 0.0,
      "p95": 0.0,
      "p99": 0.0
    }
  },
  "val": {
    "mse": 1.6931719779968262,
    "rmse": 1.301219419620237,
    "mae": 0.927513837814331,
    "w2_global": 0.06039101630449295,
    "ae_summary": {
      "mean": 0.927513837814331,
      "std": 0.9126281142234802,
      "min": 6.0170888900756836e-05,
      "max": 33.67414093017578,
      "p50": 0.7382252216339111,
      "p90": 1.9075852632522583,
      "p95": 2.3663556575775146,
      "p99": 3.5970213413238525
    },
    "se_summary": {
      "mean": 1.6931719779968262,
      "std": 12.665441513061523,
      "min": 3.620535871107222e-09,
      "max": 1133.94775390625,
      "p50": 0.5449764728546143,
      "p90": 3.6388814449310303,
      "p95": 5.599638938903809,
      "p99": 12.938562393188477
    }
  },
  "test": {
    "mse": 2.460902690887451,
    "rmse": 1.5687264550862432,
    "mae": 1.005724310874939,
    "w2_global": 0.1935950517654419,
    "ae_summary": {
      "mean": 1.005724310874939,
      "std": 1.2039191722869873,
      "min": 0.0001176595687866211,
      "max": 127.64865112304688,
      "p50": 0.78968745470047,
      "p90": 2.0926733016967773,
      "p95": 2.6242456436157227,
      "p99": 3.97871994972229
    },
    "se_summary": {
      "mean": 2.460902690887451,
      "std": 100.66149139404297,
      "min": 1.384377412705362e-08,
      "max": 16294.177734375,
      "p50": 0.6236063241958618,
      "p90": 4.379281997680664,
      "p95": 6.886665344238281,
      "p99": 15.830216407775879
    }
  }
}