{
  "train": {
    "mse": 0.024495018646121025,
    "rmse": 0.15650884526479972,
    "mae": 0.09457496553659439,
    "w2_global": 0.0988655537366867,
    "ae_summary": {
      "mean": 0.09457496553659439,
      "std": 0.12470202893018723,
      "min": 7.450580596923828e-09,
      "max": 16.031721115112305,
      "p50": 0.0638372004032135,
      "p90": 0.2027786672115326,
      "p95": 0.27909982204437256,
      "p99": 0.5189220309257507
    },
    "se_summary": {
      "mean": 0.024495018646121025,
      "std": 0.4295555651187897,
      "min": 5.551115123125783e-17,
      "max": 257.0160827636719,
      "p50": 0.004075188189744949,
      "p90": 0.04111918807029724,
      "p95": 0.07789672166109085,
      "p99": 0.2692800760269165
    }
  },
  "val": {
    "mse": 1.2602989673614502,
    "rmse": 1.1226303787807679,
    "mae": 0.7753328084945679,
    "w2_global": 0.081187404692173,
    "ae_summary": {
      "mean": 0.7753328084945679,
      "std": 0.8118854761123657,
      "min": 2.376548945903778e-05,
      "max": 33.37848663330078,
      "p50": 0.6200002431869507,
      "p90": 1.5734986066818237,
      "p95": 1.9546455144882202,
      "p99": 2.974656343460083
    },
    "se_summary": {
      "mean": 1.2602989673614502,
      "std": 12.406049728393555,
      "min": 5.647984857581889e-10,
      "max": 1114.1234130859375,
      "p50": 0.3844003677368164,
      "p90": 2.475898027420044,
      "p95": 3.820639133453369,
      "p99": 8.848581314086914
    }
  },
  "test": {
    "mse": 1.8028875589370728,
    "rmse": 1.3427164849427717,
    "mae": 0.7837765216827393,
    "w2_global": 0.20183338224887848,
    "ae_summary": {
      "mean": 0.7837765216827393,
      "std": 1.0902210474014282,
      "min": 9.73045825958252e-06,
      "max": 128.01536560058594,
      "p50": 0.6112633943557739,
      "p90": 1.6057984828948975,
      "p95": 2.0006489753723145,
      "p99": 3.10707688331604
    },
    "se_summary": {
      "mean": 1.8028875589370728,
      "std": 101.21074676513672,
      "min": 9.468181794147768e-11,
      "max": 16387.93359375,
      "p50": 0.3736429810523987,
      "p90": 2.5785889625549316,
      "p95": 4.002596855163574,
      "p99": 9.653926849365234
    }
  }
}