{
  "train": {
    "mse": 3326.512939453125,
    "rmse": 57.67593033019168,
    "mae": 42.78330993652344,
    "w2_global": 0.03706119582056999,
    "ae_summary": {
      "mean": 42.78330993652344,
      "std": 38.67947006225586,
      "min": 5.017220973968506e-05,
      "max": 547.0079345703125,
      "p50": 32.943199157714844,
      "p90": 91.07909393310547,
      "p95": 115.71761322021484,
      "p99": 179.3374481201172
    },
    "se_summary": {
      "mean": 3326.512939453125,
      "std": 7390.92138671875,
      "min": 2.5172506301629483e-09,
      "max": 299217.6875,
      "p50": 1085.2542724609375,
      "p90": 8295.400390625,
      "p95": 13390.56640625,
      "p99": 32161.919921875
    }
  },
  "val": {
    "mse": 0.4233732521533966,
    "rmse": 0.6506713856881956,
    "mae": 0.2610694468021393,
    "w2_global": 0.06806793808937073,
    "ae_summary": {
      "mean": 0.2610694468021393,
      "std": 0.5959999561309814,
      "min": 2.5033950805664062e-06,
      "max": 37.032447814941406,
      "p50": 0.12228501588106155,
      "p90": 0.6036098003387451,
      "p95": 0.902514636516571,
      "p99": 1.9464558362960815
    },
    "se_summary": {
      "mean": 0.4233732521533966,
      "std": 12.76665210723877,
      "min": 6.266986929404084e-12,
      "max": 1371.4022216796875,
      "p50": 0.01495362538844347,
      "p90": 0.3643447756767273,
      "p95": 0.8145327568054199,
      "p99": 3.7886903285980225
    }
  },
  "test": {
    "mse": 0.3588879108428955,
    "rmse": 0.5990725422208028,
    "mae": 0.25163236260414124,
    "w2_global": 0.045256249606609344,
    "ae_summary": {
      "mean": 0.25163236260414124,
      "std": 0.5436626076698303,
      "min": 3.5762786865234375e-07,
      "max": 26.5070858001709,
      "p50": 0.11926842480897903,
      "p90": 0.5821652412414551,
      "p95": 0.8869215250015259,
      "p99": 1.8870882987976074
    },
    "se_summary": {
      "mean": 0.3588879108428955,
      "std": 8.70236587524414,
      "min": 1.2789769243681803e-13,
      "max": 702.6256103515625,
      "p50": 0.014224957674741745,
      "p90": 0.3389163613319397,
      "p95": 0.7866297960281372,
      "p99": 3.561107873916626
    }
  }
}