{
  "train": {
    "mse": 0.0,
    "rmse": 0.0,
    "mae": 0.0,
    "w2_global": 0.7377341389656067,
    "ae_summary": {
      "mean": 0.0,
      "std": 0.0,
      "min": 0.0,
      "max": 0.0,
      "p50": 0.0,
      "p90": 0.0,
      "p95": 0.0,
      "p99": 0.0
    },
    "se_summary": {
      "mean": 0.0,
      "std": 0.0,
      "min": 0.0,
      "max": 0.0,
      "p50": 0.0,
      "p90": 0.0,
      "p95": 0.0,
      "p99": 0.0
    }
  },
  "val": {
    "mse": 1.2968603372573853,
    "rmse": 1.1387977595944705,
    "mae": 0.6495314836502075,
    "w2_global": 0.5928537249565125,
    "ae_summary": {
      "mean": 0.6495314836502075,
      "std": 0.9353978037834167,
      "min": 0.0,
      "max": 32.12269973754883,
      "p50": 0.3878481984138489,
      "p90": 1.609570026397705,
      "p95": 2.0078182220458984,
      "p99": 3.1997475624084473
    },
    "se_summary": {
      "mean": 1.2968603372573853,
      "std": 13.88696575164795,
      "min": 0.0,
      "max": 1031.8677978515625,
      "p50": 0.1504262238740921,
      "p90": 2.5907156467437744,
      "p95": 4.031333923339844,
      "p99": 10.238384246826172
    }
  },
  "test": {
    "mse": 1.3868722915649414,
    "rmse": 1.17765542140515,
    "mae": 0.6155074834823608,
    "w2_global": 0.7856611013412476,
    "ae_summary": {
      "mean": 0.6155074834823608,
      "std": 1.0040035247802734,
      "min": 0.0,
      "max": 36.941104888916016,
      "p50": 0.36429351568222046,
      "p90": 1.4777541160583496,
      "p95": 1.8315962553024292,
      "p99": 3.351278305053711
    },
    "se_summary": {
      "mean": 1.3868722915649414,
      "std": 17.71913719177246,
      "min": 0.0,
      "max": 1364.645263671875,
      "p50": 0.13270977139472961,
      "p90": 2.1837573051452637,
      "p95": 3.3547451496124268,
      "p99": 11.23106861114502
    }
  }
}