{
  "train": {
    "mse": 0.6059128046035767,
    "rmse": 0.7784040111687354,
    "mae": 0.5757023096084595,
    "w2_global": 0.4845743179321289,
    "ae_summary": {
      "mean": 0.5757023096084595,
      "std": 0.5239080786705017,
      "min": 0.00032407045364379883,
      "max": 4.324078559875488,
      "p50": 0.4415820837020874,
      "p90": 1.1805216073989868,
      "p95": 1.4747918844223022,
      "p99": 2.558692216873169
    },
    "se_summary": {
      "mean": 0.6059128046035767,
      "std": 1.4146977663040161,
      "min": 1.0502165537218389e-07,
      "max": 18.697654724121094,
      "p50": 0.1949947327375412,
      "p90": 1.3936313390731812,
      "p95": 2.1750125885009766,
      "p99": 6.5477423667907715
    }
  },
  "val": {
    "mse": 0.5883921980857849,
    "rmse": 0.7670672708998768,
    "mae": 0.581673264503479,
    "w2_global": 0.4909273684024811,
    "ae_summary": {
      "mean": 0.581673264503479,
      "std": 0.5000484585762024,
      "min": 1.9107013940811157e-05,
      "max": 5.407872676849365,
      "p50": 0.45802706480026245,
      "p90": 1.2216918468475342,
      "p95": 1.5014175176620483,
      "p99": 2.3552279472351074
    },
    "se_summary": {
      "mean": 0.5883921980857849,
      "std": 1.1711701154708862,
      "min": 3.650779678565641e-10,
      "max": 29.245086669921875,
      "p50": 0.20978879928588867,
      "p90": 1.4925309419631958,
      "p95": 2.2542543411254883,
      "p99": 5.547135829925537
    }
  },
  "test": {
    "mse": 0.7022949457168579,
    "rmse": 0.8380303966544758,
    "mae": 0.6361469030380249,
    "w2_global": 0.5074803829193115,
    "ae_summary": {
      "mean": 0.6361469030380249,
      "std": 0.5455383658409119,
      "min": 9.987130761146545e-05,
      "max": 4.630383491516113,
      "p50": 0.5181748867034912,
      "p90": 1.3317396640777588,
      "p95": 1.6855010986328125,
      "p99": 2.2756457328796387
    },
    "se_summary": {
      "mean": 0.7022949457168579,
      "std": 1.3394602537155151,
      "min": 9.974278292190775e-09,
      "max": 21.44045066833496,
      "p50": 0.2685052156448364,
      "p90": 1.773532509803772,
      "p95": 2.840914011001587,
      "p99": 5.178591251373291
    }
  }
}