{
  "train": {
    "mse": 0.0,
    "rmse": 0.0,
    "mae": 0.0,
    "w2_global": 0.12153735756874084,
    "ae_summary": {
      "mean": 0.0,
      "std": 0.0,
      "min": 0.0,
      "max": 0.0,
      "p50": 0.0,
      "p90": 0.0,
      "p95": 0.0,
      "p99": 0.0
    },
    "se_summary": {
      "mean": 0.0,
      "std": 0.0,
      "min": 0.0,
      "max": 0.0,
      "p50": 0.0,
      "p90": 0.0,
      "p95": 0.0,
      "p99": 0.0
    }
  },
  "val": {
    "mse": 0.6583757996559143,
    "rmse": 0.811403598498253,
    "mae": 0.5215206742286682,
    "w2_global": 0.26627394556999207,
    "ae_summary": {
      "mean": 0.5215206742286682,
      "std": 0.621604323387146,
      "min": 0.00015488266944885254,
      "max": 5.751716613769531,
      "p50": 0.3200124502182007,
      "p90": 1.1936659812927246,
      "p95": 1.821492314338684,
      "p99": 3.127953052520752
    },
    "se_summary": {
      "mean": 0.6583757996559143,
      "std": 1.8986680507659912,
      "min": 2.39886404074241e-08,
      "max": 33.082244873046875,
      "p50": 0.10240796953439713,
      "p90": 1.424839735031128,
      "p95": 3.317861795425415,
      "p99": 9.78410530090332
    }
  },
  "test": {
    "mse": 0.417298823595047,
    "rmse": 0.6459867054321219,
    "mae": 0.41827285289764404,
    "w2_global": 0.19468043744564056,
    "ae_summary": {
      "mean": 0.41827285289764404,
      "std": 0.49228712916374207,
      "min": 7.927417755126953e-05,
      "max": 4.921736717224121,
      "p50": 0.26323604583740234,
      "p90": 0.8977850675582886,
      "p95": 1.3562352657318115,
      "p99": 2.5667035579681396
    },
    "se_summary": {
      "mean": 0.417298823595047,
      "std": 1.3043663501739502,
      "min": 6.284395226430206e-09,
      "max": 24.223491668701172,
      "p50": 0.06929320842027664,
      "p90": 0.8060179948806763,
      "p95": 1.8393745422363281,
      "p99": 6.5879669189453125
    }
  }
}