{
  "train": {
    "mse": 0.0,
    "rmse": 0.0,
    "mae": 0.0,
    "w2_global": 0.08721479773521423,
    "ae_summary": {
      "mean": 0.0,
      "std": 0.0,
      "min": 0.0,
      "max": 0.0,
      "p50": 0.0,
      "p90": 0.0,
      "p95": 0.0,
      "p99": 0.0
    },
    "se_summary": {
      "mean": 0.0,
      "std": 0.0,
      "min": 0.0,
      "max": 0.0,
      "p50": 0.0,
      "p90": 0.0,
      "p95": 0.0,
      "p99": 0.0
    }
  },
  "val": {
    "mse": 1.4414767026901245,
    "rmse": 1.2006151351245429,
    "mae": 0.9064487218856812,
    "w2_global": 0.0747559517621994,
    "ae_summary": {
      "mean": 0.9064487218856812,
      "std": 0.7872912287712097,
      "min": 1.862645149230957e-09,
      "max": 9.71157455444336,
      "p50": 0.7252558469772339,
      "p90": 1.8939127922058105,
      "p95": 2.3128952980041504,
      "p99": 3.479478359222412
    },
    "se_summary": {
      "mean": 1.4414767026901245,
      "std": 3.178126811981201,
      "min": 3.469446951953614e-18,
      "max": 94.31468200683594,
      "p50": 0.5259960293769836,
      "p90": 3.5869057178497314,
      "p95": 5.349487781524658,
      "p99": 12.106781005859375
    }
  },
  "test": {
    "mse": 1.395978331565857,
    "rmse": 1.1815152692901845,
    "mae": 0.8668122887611389,
    "w2_global": 0.08152447640895844,
    "ae_summary": {
      "mean": 0.8668122887611389,
      "std": 0.8028791546821594,
      "min": 0.0,
      "max": 21.404972076416016,
      "p50": 0.6468620896339417,
      "p90": 1.820898413658142,
      "p95": 2.2942357063293457,
      "p99": 3.7025811672210693
    },
    "se_summary": {
      "mean": 1.395978331565857,
      "std": 4.84619140625,
      "min": 0.0,
      "max": 458.1728210449219,
      "p50": 0.4184305667877197,
      "p90": 3.31567120552063,
      "p95": 5.263517379760742,
      "p99": 13.70911979675293
    }
  }
}