{
  "train": {
    "mse": 0.3141007721424103,
    "rmse": 0.5604469396315858,
    "mae": 0.30961304903030396,
    "w2_global": 0.0401868000626564,
    "ae_summary": {
      "mean": 0.30961304903030396,
      "std": 0.46716222167015076,
      "min": 1.1324882507324219e-06,
      "max": 72.26616668701172,
      "p50": 0.19007772207260132,
      "p90": 0.6966642141342163,
      "p95": 0.9701029062271118,
      "p99": 1.7921020984649658
    },
    "se_summary": {
      "mean": 0.3141007721424103,
      "std": 9.829126358032227,
      "min": 1.2825296380469808e-12,
      "max": 5222.39892578125,
      "p50": 0.03612953796982765,
      "p90": 0.48534104228019714,
      "p95": 0.9410996437072754,
      "p99": 3.21163010597229
    }
  },
  "val": {
    "mse": 0.4289167523384094,
    "rmse": 0.6549173629843764,
    "mae": 0.33157971501350403,
    "w2_global": 0.07140376418828964,
    "ae_summary": {
      "mean": 0.33157971501350403,
      "std": 0.5647757649421692,
      "min": 1.71661376953125e-05,
      "max": 37.63245391845703,
      "p50": 0.2003595232963562,
      "p90": 0.7404429316520691,
      "p95": 1.0266307592391968,
      "p99": 1.9180018901824951
    },
    "se_summary": {
      "mean": 0.4289167523384094,
      "std": 12.660013198852539,
      "min": 2.9467628337442875e-10,
      "max": 1416.2015380859375,
      "p50": 0.0401439368724823,
      "p90": 0.5482556819915771,
      "p95": 1.0539708137512207,
      "p99": 3.6787326335906982
    }
  },
  "test": {
    "mse": 0.41171175241470337,
    "rmse": 0.6416476855835321,
    "mae": 0.32565850019454956,
    "w2_global": 0.048419445753097534,
    "ae_summary": {
      "mean": 0.32565850019454956,
      "std": 0.5528637170791626,
      "min": 1.4007091522216797e-06,
      "max": 25.891489028930664,
      "p50": 0.19843116402626038,
      "p90": 0.7242008447647095,
      "p95": 0.9996869564056396,
      "p99": 1.9317048788070679
    },
    "se_summary": {
      "mean": 0.41171175241470337,
      "std": 8.64929485321045,
      "min": 1.9619861291175766e-12,
      "max": 670.3692016601562,
      "p50": 0.03937492519617081,
      "p90": 0.5244669914245605,
      "p95": 0.9993739724159241,
      "p99": 3.7314839363098145
    }
  }
}