{
  "best_alpha": 0.99,
  "best_gamma": 10.0,
  "alpha_grid": [
    0.01,
    0.25,
    0.5,
    0.75,
    0.99
  ],
  "gamma_grid": [
    0.1,
    1.0,
    5.0,
    10.0
  ],
  "results": {
    "(0.01, 0.1)": {
      "val_loss": 1.0789055824279785,
      "val_eval": 1.0469472408294678,
      "epoch": 30,
      "mse": 1.0469473600387573,
      "w2_global": 0.853972315788269,
      "cvar": 3.6159443855285645
    },
    "(0.01, 1.0)": {
      "val_loss": 1.0472218990325928,
      "val_eval": 1.040067195892334,
      "epoch": 23,
      "mse": 1.0400673151016235,
      "w2_global": 0.855393648147583,
      "cvar": 3.563714027404785
    },
    "(0.01, 5.0)": {
      "val_loss": 1.0586556196212769,
      "val_eval": 1.0408234596252441,
      "epoch": 30,
      "mse": 1.0408234596252441,
      "w2_global": 0.8478447198867798,
      "cvar": 3.517352342605591
    },
    "(0.01, 10.0)": {
      "val_loss": 1.0452269315719604,
      "val_eval": 1.033908486366272,
      "epoch": 30,
      "mse": 1.0339086055755615,
      "w2_global": 0.8457922339439392,
      "cvar": 3.5079922676086426
    },
    "(0.25, 0.1)": {
      "val_loss": 1.0767500400543213,
      "val_eval": 1.0374424457550049,
      "epoch": 30,
      "mse": 1.0374424457550049,
      "w2_global": 0.8594959378242493,
      "cvar": 3.572866201400757
    },
    "(0.25, 1.0)": {
      "val_loss": 1.0455858707427979,
      "val_eval": 1.0232425928115845,
      "epoch": 1,
      "mse": 1.0232425928115845,
      "w2_global": 0.8273296356201172,
      "cvar": 3.436838388442993
    },
    "(0.25, 5.0)": {
      "val_loss": 1.0388485193252563,
      "val_eval": 1.0343356132507324,
      "epoch": 13,
      "mse": 1.0343356132507324,
      "w2_global": 0.8328444957733154,
      "cvar": 3.5283126831054688
    },
    "(0.25, 10.0)": {
      "val_loss": 1.0430177450180054,
      "val_eval": 1.0355877876281738,
      "epoch": 30,
      "mse": 1.0355877876281738,
      "w2_global": 0.8520053625106812,
      "cvar": 3.5613627433776855
    },
    "(0.5, 0.1)": {
      "val_loss": 1.0530048608779907,
      "val_eval": 1.0299174785614014,
      "epoch": 30,
      "mse": 1.0299174785614014,
      "w2_global": 0.8533548712730408,
      "cvar": 3.482184410095215
    },
    "(0.5, 1.0)": {
      "val_loss": 1.035703182220459,
      "val_eval": 1.0343189239501953,
      "epoch": 30,
      "mse": 1.0343189239501953,
      "w2_global": 0.843451738357544,
      "cvar": 3.5163161754608154
    },
    "(0.5, 5.0)": {
      "val_loss": 1.0424292087554932,
      "val_eval": 1.0210633277893066,
      "epoch": 30,
      "mse": 1.021063208580017,
      "w2_global": 0.854856550693512,
      "cvar": 3.4318325519561768
    },
    "(0.5, 10.0)": {
      "val_loss": 1.021443486213684,
      "val_eval": 1.0251686573028564,
      "epoch": 1,
      "mse": 1.0251686573028564,
      "w2_global": 0.8304638266563416,
      "cvar": 3.4933269023895264
    },
    "(0.75, 0.1)": {
      "val_loss": 1.02754807472229,
      "val_eval": 1.0151350498199463,
      "epoch": 30,
      "mse": 1.0151348114013672,
      "w2_global": 0.8530986309051514,
      "cvar": 3.402930736541748
    },
    "(0.75, 1.0)": {
      "val_loss": 1.0392426252365112,
      "val_eval": 1.0162031650543213,
      "epoch": 30,
      "mse": 1.0162031650543213,
      "w2_global": 0.8492565155029297,
      "cvar": 3.430415391921997
    },
    "(0.75, 5.0)": {
      "val_loss": 1.055945873260498,
      "val_eval": 1.0125925540924072,
      "epoch": 30,
      "mse": 1.0125925540924072,
      "w2_global": 0.8507862687110901,
      "cvar": 3.46075701713562
    },
    "(0.75, 10.0)": {
      "val_loss": 1.0404341220855713,
      "val_eval": 1.0316033363342285,
      "epoch": 30,
      "mse": 1.0316033363342285,
      "w2_global": 0.8599467873573303,
      "cvar": 3.559762954711914
    },
    "(0.99, 0.1)": {
      "val_loss": 0.5769014358520508,
      "val_eval": 0.6211143136024475,
      "epoch": 30,
      "mse": 0.6211142539978027,
      "w2_global": 0.5076743364334106,
      "cvar": 1.6468220949172974
    },
    "(0.99, 1.0)": {
      "val_loss": 0.5271191000938416,
      "val_eval": 0.5871877670288086,
      "epoch": 30,
      "mse": 0.5871877670288086,
      "w2_global": 0.4141313135623932,
      "cvar": 1.4935863018035889
    },
    "(0.99, 5.0)": {
      "val_loss": 0.6586903929710388,
      "val_eval": 0.6710141897201538,
      "epoch": 30,
      "mse": 0.6710142493247986,
      "w2_global": 0.5426690578460693,
      "cvar": 1.7174032926559448
    },
    "(0.99, 10.0)": {
      "val_loss": 0.5779802799224854,
      "val_eval": 0.5772960186004639,
      "epoch": 30,
      "mse": 0.5772960186004639,
      "w2_global": 0.3923313319683075,
      "cvar": 1.571699619293213
    }
  }
}