{
  "train": {
    "mse": 0.5699297785758972,
    "rmse": 0.7549369368204851,
    "mae": 0.5589104890823364,
    "w2_global": 0.3767714500427246,
    "ae_summary": {
      "mean": 0.5589104890823364,
      "std": 0.50749272108078,
      "min": 0.0006532073020935059,
      "max": 4.337308883666992,
      "p50": 0.43266403675079346,
      "p90": 1.1433906555175781,
      "p95": 1.4702955484390259,
      "p99": 2.5202298164367676
    },
    "se_summary": {
      "mean": 0.5699297785758972,
      "std": 1.2787292003631592,
      "min": 4.2667977595556295e-07,
      "max": 18.81224822998047,
      "p50": 0.18719816207885742,
      "p90": 1.3073424100875854,
      "p95": 2.161769151687622,
      "p99": 6.351625442504883
    }
  },
  "val": {
    "mse": 0.5772960186004639,
    "rmse": 0.7597999859176517,
    "mae": 0.5695787072181702,
    "w2_global": 0.3923313319683075,
    "ae_summary": {
      "mean": 0.5695787072181702,
      "std": 0.5028679370880127,
      "min": 0.00019726157188415527,
      "max": 5.193363666534424,
      "p50": 0.43173015117645264,
      "p90": 1.2536739110946655,
      "p95": 1.5151982307434082,
      "p99": 2.3714940547943115
    },
    "se_summary": {
      "mean": 0.5772960186004639,
      "std": 1.1688991785049438,
      "min": 3.891212685402934e-08,
      "max": 26.971025466918945,
      "p50": 0.1863909214735031,
      "p90": 1.571699619293213,
      "p95": 2.295825958251953,
      "p99": 5.623985767364502
    }
  },
  "test": {
    "mse": 0.6022957563400269,
    "rmse": 0.7760771587542226,
    "mae": 0.5945515036582947,
    "w2_global": 0.3636157810688019,
    "ae_summary": {
      "mean": 0.5945515036582947,
      "std": 0.49880290031433105,
      "min": 6.097555160522461e-05,
      "max": 4.271999359130859,
      "p50": 0.49261730909347534,
      "p90": 1.2082408666610718,
      "p95": 1.5512264966964722,
      "p99": 2.1792962551116943
    },
    "se_summary": {
      "mean": 0.6022957563400269,
      "std": 1.089133620262146,
      "min": 3.7180178935614094e-09,
      "max": 18.24997901916504,
      "p50": 0.24267181754112244,
      "p90": 1.459846019744873,
      "p95": 2.406303644180298,
      "p99": 4.749500274658203
    }
  }
}