{
  "test": {
    "mse": 0.13590048253536224,
    "rmse": 0.36864682629226886,
    "mae": 0.23301199078559875,
    "w2_global": 0.009790359996259212,
    "ae_summary": {
      "mean": 0.23301199078559875,
      "std": 0.28566744923591614,
      "min": 6.318092346191406e-06,
      "max": 3.074174165725708,
      "p50": 0.1479724794626236,
      "p90": 0.5372825264930725,
      "p95": 0.7471545338630676,
      "p99": 1.4347320795059204
    },
    "se_summary": {
      "mean": 0.13590048253536224,
      "std": 0.4783044159412384,
      "min": 3.991829089500243e-11,
      "max": 9.450547218322754,
      "p50": 0.02189590036869049,
      "p90": 0.2886731028556824,
      "p95": 0.5582414269447327,
      "p99": 2.0584607124328613
    }
  }
}