{
  "train": {
    "mse": 0.0,
    "rmse": 0.0,
    "mae": 0.0,
    "w2_global": 0.33241018652915955,
    "ae_summary": {
      "mean": 0.0,
      "std": 0.0,
      "min": 0.0,
      "max": 0.0,
      "p50": 0.0,
      "p90": 0.0,
      "p95": 0.0,
      "p99": 0.0
    },
    "se_summary": {
      "mean": 0.0,
      "std": 0.0,
      "min": 0.0,
      "max": 0.0,
      "p50": 0.0,
      "p90": 0.0,
      "p95": 0.0,
      "p99": 0.0
    }
  },
  "val": {
    "mse": 2.322655439376831,
    "rmse": 1.5240260625648208,
    "mae": 1.1526545286178589,
    "w2_global": 0.2634999454021454,
    "ae_summary": {
      "mean": 1.1526545286178589,
      "std": 0.9970171451568604,
      "min": 4.945695400238037e-05,
      "max": 39.84912872314453,
      "p50": 0.9152730703353882,
      "p90": 2.4375104904174805,
      "p95": 3.015471935272217,
      "p99": 4.354071617126465
    },
    "se_summary": {
      "mean": 2.322655439376831,
      "std": 7.61165189743042,
      "min": 2.445990299193568e-09,
      "max": 1587.9530029296875,
      "p50": 0.8377248048782349,
      "p90": 5.9414567947387695,
      "p95": 9.093070983886719,
      "p99": 18.95794105529785
    }
  },
  "test": {
    "mse": 1.7359594106674194,
    "rmse": 1.3175581242083476,
    "mae": 0.986264705657959,
    "w2_global": 0.27054452896118164,
    "ae_summary": {
      "mean": 0.986264705657959,
      "std": 0.8736368417739868,
      "min": 3.337860107421875e-06,
      "max": 30.47402572631836,
      "p50": 0.7705252766609192,
      "p90": 2.0903146266937256,
      "p95": 2.602175235748291,
      "p99": 3.8838236331939697
    },
    "se_summary": {
      "mean": 1.7359594106674194,
      "std": 4.581441402435303,
      "min": 1.1141310096718371e-11,
      "max": 928.666259765625,
      "p50": 0.5937092304229736,
      "p90": 4.369415283203125,
      "p95": 6.771316051483154,
      "p99": 15.084086418151855
    }
  }
}