{
  "train": {
    "mse": 0.25387638807296753,
    "rmse": 0.5038614770678222,
    "mae": 0.34845346212387085,
    "w2_global": 0.020427506417036057,
    "ae_summary": {
      "mean": 0.34845346212387085,
      "std": 0.3639458417892456,
      "min": 7.510185241699219e-06,
      "max": 4.336894989013672,
      "p50": 0.2406066507101059,
      "p90": 0.7808535099029541,
      "p95": 1.0492140054702759,
      "p99": 1.7571805715560913
    },
    "se_summary": {
      "mean": 0.25387638807296753,
      "std": 0.6871915459632874,
      "min": 5.640288236463675e-11,
      "max": 18.808658599853516,
      "p50": 0.05789156258106232,
      "p90": 0.6097321510314941,
      "p95": 1.100849986076355,
      "p99": 3.087684154510498
    }
  },
  "val": {
    "mse": 0.2170151323080063,
    "rmse": 0.4658488298879866,
    "mae": 0.3317679762840271,
    "w2_global": 0.016713274642825127,
    "ae_summary": {
      "mean": 0.3317679762840271,
      "std": 0.3270246684551239,
      "min": 9.351968765258789e-05,
      "max": 2.7238504886627197,
      "p50": 0.24217230081558228,
      "p90": 0.7071386575698853,
      "p95": 0.9438670873641968,
      "p99": 1.5446654558181763
    },
    "se_summary": {
      "mean": 0.2170151323080063,
      "std": 0.5308565497398376,
      "min": 8.7459319786376e-09,
      "max": 7.419361591339111,
      "p50": 0.05864742398262024,
      "p90": 0.5000515580177307,
      "p95": 0.890946090221405,
      "p99": 2.386093854904175
    }
  },
  "test": {
    "mse": 0.2802368104457855,
    "rmse": 0.5293739797589088,
    "mae": 0.3570537567138672,
    "w2_global": 0.026257604360580444,
    "ae_summary": {
      "mean": 0.3570537567138672,
      "std": 0.39083170890808105,
      "min": 0.0001668184995651245,
      "max": 4.057732582092285,
      "p50": 0.22582507133483887,
      "p90": 0.8581472039222717,
      "p95": 1.1554549932479858,
      "p99": 1.7040081024169922
    },
    "se_summary": {
      "mean": 0.2802368104457855,
      "std": 0.7946982383728027,
      "min": 2.7828411575114842e-08,
      "max": 16.465192794799805,
      "p50": 0.05099696293473244,
      "p90": 0.7364175319671631,
      "p95": 1.335087537765503,
      "p99": 2.9036571979522705
    }
  }
}