{
  "best_alpha": 0.99,
  "best_gamma": 0.1,
  "alpha_grid": [
    0.99
  ],
  "gamma_grid": [
    0.1
  ],
  "results": {
    "(0.99, 0.1)": {
      "val_loss": 0.02737262472510338,
      "val_eval": 0.033872924745082855,
      "epoch": 30,
      "mse": 0.033872924745082855
    }
  },
  "standalone_mode": true
}