{
  "train": {
    "mse": 0.027221081778407097,
    "rmse": 0.16498812617399805,
    "mae": 0.12326031923294067,
    "w2_global": 0.0070914276875555515,
    "ae_summary": {
      "mean": 0.12326031923294067,
      "std": 0.10967211425304413,
      "min": 3.725290298461914e-06,
      "max": 1.3962512016296387,
      "p50": 0.09591329097747803,
      "p90": 0.2615091800689697,
      "p95": 0.33130383491516113,
      "p99": 0.5085198879241943
    },
    "se_summary": {
      "mean": 0.027221081778407097,
      "std": 0.05740131065249443,
      "min": 1.3877787807814457e-11,
      "max": 1.9495173692703247,
      "p50": 0.009199359454214573,
      "p90": 0.06838705390691757,
      "p95": 0.10976222902536392,
      "p99": 0.2585924565792084
    }
  },
  "val": {
    "mse": 0.033872928470373154,
    "rmse": 0.18404599552930553,
    "mae": 0.13671141862869263,
    "w2_global": 0.007777676917612553,
    "ae_summary": {
      "mean": 0.13671141862869263,
      "std": 0.12321896106004715,
      "min": 0.00013077259063720703,
      "max": 1.052022933959961,
      "p50": 0.10478205978870392,
      "p90": 0.2923441231250763,
      "p95": 0.3773297667503357,
      "p99": 0.5681949853897095
    },
    "se_summary": {
      "mean": 0.033872928470373154,
      "std": 0.06989035755395889,
      "min": 1.7101470461966528e-08,
      "max": 1.1067522764205933,
      "p50": 0.010979287326335907,
      "p90": 0.08546523749828339,
      "p95": 0.14237795770168304,
      "p99": 0.3228483498096466
    }
  },
  "test": {
    "mse": 0.03314865007996559,
    "rmse": 0.18206770740569453,
    "mae": 0.1345539093017578,
    "w2_global": 0.007166677620261908,
    "ae_summary": {
      "mean": 0.1345539093017578,
      "std": 0.12265355885028839,
      "min": 2.753734588623047e-05,
      "max": 0.908324122428894,
      "p50": 0.10033291578292847,
      "p90": 0.29211679100990295,
      "p95": 0.38081592321395874,
      "p99": 0.5911026000976562
    },
    "se_summary": {
      "mean": 0.03314865007996559,
      "std": 0.06468779593706131,
      "min": 7.583054184578941e-10,
      "max": 0.8250527381896973,
      "p50": 0.010066693648695946,
      "p90": 0.0853322297334671,
      "p95": 0.1450207680463791,
      "p99": 0.3494046926498413
    }
  }
}