{
  "train": {
    "mse": 0.0,
    "rmse": 0.0,
    "mae": 0.0,
    "w2_global": 0.04207683354616165,
    "ae_summary": {
      "mean": 0.0,
      "std": 0.0,
      "min": 0.0,
      "max": 0.0,
      "p50": 0.0,
      "p90": 0.0,
      "p95": 0.0,
      "p99": 0.0
    },
    "se_summary": {
      "mean": 0.0,
      "std": 0.0,
      "min": 0.0,
      "max": 0.0,
      "p50": 0.0,
      "p90": 0.0,
      "p95": 0.0,
      "p99": 0.0
    }
  },
  "val": {
    "mse": 0.25795918703079224,
    "rmse": 0.507896827151728,
    "mae": 0.37418606877326965,
    "w2_global": 0.034528881311416626,
    "ae_summary": {
      "mean": 0.37418606877326965,
      "std": 0.34342971444129944,
      "min": 3.641843795776367e-05,
      "max": 2.591702938079834,
      "p50": 0.2786666452884674,
      "p90": 0.8337348699569702,
      "p95": 1.0617460012435913,
      "p99": 1.5913783311843872
    },
    "se_summary": {
      "mean": 0.25795918703079224,
      "std": 0.5006739497184753,
      "min": 1.3263026232834818e-09,
      "max": 6.71692419052124,
      "p50": 0.07765509933233261,
      "p90": 0.6951138377189636,
      "p95": 1.1273045539855957,
      "p99": 2.532485246658325
    }
  },
  "test": {
    "mse": 0.40096721053123474,
    "rmse": 0.6332197174213977,
    "mae": 0.45970261096954346,
    "w2_global": 0.03943375498056412,
    "ae_summary": {
      "mean": 0.45970261096954346,
      "std": 0.4354775846004486,
      "min": 3.4809112548828125e-05,
      "max": 5.773090362548828,
      "p50": 0.3350540101528168,
      "p90": 1.01790189743042,
      "p95": 1.3183971643447876,
      "p99": 1.9867192506790161
    },
    "se_summary": {
      "mean": 0.40096721053123474,
      "std": 0.8827517032623291,
      "min": 1.2116743164369836e-09,
      "max": 33.32857131958008,
      "p50": 0.11226119101047516,
      "p90": 1.0361244678497314,
      "p95": 1.7381713390350342,
      "p99": 3.9470534324645996
    }
  }
}