{
  "best_alpha": 0.99,
  "best_gamma": 0.1,
  "alpha_grid": [
    0.01,
    0.25,
    0.5,
    0.75,
    0.99
  ],
  "gamma_grid": [
    0.1,
    1.0,
    5.0,
    10.0
  ],
  "results": {
    "(0.01, 0.1)": {
      "val_loss": 0.21605946123600006,
      "val_eval": 0.22779276967048645,
      "epochs": 30,
      "mse": 0.22779278457164764,
      "w2_global": 0.020990315824747086,
      "cvar": 0.6737246513366699
    },
    "(0.01, 1.0)": {
      "val_loss": 0.22108708322048187,
      "val_eval": 0.23460957407951355,
      "epochs": 30,
      "mse": 0.23460957407951355,
      "w2_global": 0.018825281411409378,
      "cvar": 0.6365238428115845
    },
    "(0.01, 5.0)": {
      "val_loss": 0.23747317492961884,
      "val_eval": 0.2503311038017273,
      "epochs": 30,
      "mse": 0.2503311038017273,
      "w2_global": 0.022502988576889038,
      "cvar": 0.7040041089057922
    },
    "(0.01, 10.0)": {
      "val_loss": 0.22982433438301086,
      "val_eval": 0.23353077471256256,
      "epochs": 30,
      "mse": 0.23353078961372375,
      "w2_global": 0.0183689147233963,
      "cvar": 0.6434410810470581
    },
    "(0.25, 0.1)": {
      "val_loss": 0.22145502269268036,
      "val_eval": 0.22608201205730438,
      "epochs": 30,
      "mse": 0.22608201205730438,
      "w2_global": 0.01842249371111393,
      "cvar": 0.6546143293380737
    },
    "(0.25, 1.0)": {
      "val_loss": 0.2410283386707306,
      "val_eval": 0.24032756686210632,
      "epochs": 30,
      "mse": 0.24032756686210632,
      "w2_global": 0.019238412380218506,
      "cvar": 0.6996795535087585
    },
    "(0.25, 5.0)": {
      "val_loss": 0.23237505555152893,
      "val_eval": 0.23514007031917572,
      "epochs": 30,
      "mse": 0.23514008522033691,
      "w2_global": 0.02456921525299549,
      "cvar": 0.6798900365829468
    },
    "(0.25, 10.0)": {
      "val_loss": 0.22524012625217438,
      "val_eval": 0.24844370782375336,
      "epochs": 30,
      "mse": 0.24844369292259216,
      "w2_global": 0.01909615471959114,
      "cvar": 0.6752666234970093
    },
    "(0.5, 0.1)": {
      "val_loss": 0.20334216952323914,
      "val_eval": 0.22460050880908966,
      "epochs": 30,
      "mse": 0.22460050880908966,
      "w2_global": 0.02461897023022175,
      "cvar": 0.6708046793937683
    },
    "(0.5, 1.0)": {
      "val_loss": 0.22621768712997437,
      "val_eval": 0.24042950570583344,
      "epochs": 30,
      "mse": 0.24042950570583344,
      "w2_global": 0.02436402440071106,
      "cvar": 0.6606130599975586
    },
    "(0.5, 5.0)": {
      "val_loss": 0.22876062989234924,
      "val_eval": 0.23657818138599396,
      "epochs": 30,
      "mse": 0.23657818138599396,
      "w2_global": 0.01964734122157097,
      "cvar": 0.6272184252738953
    },
    "(0.5, 10.0)": {
      "val_loss": 0.22849181294441223,
      "val_eval": 0.23879913985729218,
      "epochs": 30,
      "mse": 0.2387991100549698,
      "w2_global": 0.020450660958886147,
      "cvar": 0.6290148496627808
    },
    "(0.75, 0.1)": {
      "val_loss": 0.21697008609771729,
      "val_eval": 0.22972923517227173,
      "epochs": 30,
      "mse": 0.22972923517227173,
      "w2_global": 0.020374268293380737,
      "cvar": 0.5909527540206909
    },
    "(0.75, 1.0)": {
      "val_loss": 0.19279685616493225,
      "val_eval": 0.20525774359703064,
      "epochs": 30,
      "mse": 0.20525774359703064,
      "w2_global": 0.021817844361066818,
      "cvar": 0.6136296391487122
    },
    "(0.75, 5.0)": {
      "val_loss": 0.20937766134738922,
      "val_eval": 0.22243885695934296,
      "epochs": 30,
      "mse": 0.22243884205818176,
      "w2_global": 0.020909661427140236,
      "cvar": 0.648685097694397
    },
    "(0.75, 10.0)": {
      "val_loss": 0.2055964171886444,
      "val_eval": 0.22200928628444672,
      "epochs": 30,
      "mse": 0.22200928628444672,
      "w2_global": 0.01946019008755684,
      "cvar": 0.611632227897644
    },
    "(0.99, 0.1)": {
      "val_loss": 0.1001226156949997,
      "val_eval": 0.10108614712953568,
      "epochs": 30,
      "mse": 0.10108614712953568,
      "w2_global": 0.011302987113595009,
      "cvar": 0.26067304611206055
    },
    "(0.99, 1.0)": {
      "val_loss": 0.1412440687417984,
      "val_eval": 0.15448705852031708,
      "epochs": 30,
      "mse": 0.15448704361915588,
      "w2_global": 0.018633486703038216,
      "cvar": 0.3827347159385681
    },
    "(0.99, 5.0)": {
      "val_loss": 0.1210116446018219,
      "val_eval": 0.11078202724456787,
      "epochs": 30,
      "mse": 0.11078202724456787,
      "w2_global": 0.01309692207723856,
      "cvar": 0.2868751287460327
    },
    "(0.99, 10.0)": {
      "val_loss": 0.13015009462833405,
      "val_eval": 0.13303101062774658,
      "epochs": 30,
      "mse": 0.13303101062774658,
      "w2_global": 0.011993619613349438,
      "cvar": 0.30285292863845825
    }
  }
}