{
  "train": {
    "mse": 0.10032098740339279,
    "rmse": 0.3167348850433005,
    "mae": 0.24264821410179138,
    "w2_global": 0.01107926294207573,
    "ae_summary": {
      "mean": 0.24264821410179138,
      "std": 0.20357513427734375,
      "min": 1.430511474609375e-06,
      "max": 2.1155221462249756,
      "p50": 0.19404852390289307,
      "p90": 0.5139026641845703,
      "p95": 0.6410799622535706,
      "p99": 0.9102453589439392
    },
    "se_summary": {
      "mean": 0.10032098740339279,
      "std": 0.18328921496868134,
      "min": 2.0463630789890885e-12,
      "max": 4.475433826446533,
      "p50": 0.037654828280210495,
      "p90": 0.2640959620475769,
      "p95": 0.41098353266716003,
      "p99": 0.8285465836524963
    }
  },
  "val": {
    "mse": 0.10108614712953568,
    "rmse": 0.317940477337403,
    "mae": 0.245098277926445,
    "w2_global": 0.011302987113595009,
    "ae_summary": {
      "mean": 0.245098277926445,
      "std": 0.2025166004896164,
      "min": 0.00034499168395996094,
      "max": 1.3669993877410889,
      "p50": 0.1938108205795288,
      "p90": 0.5105614066123962,
      "p95": 0.6513649225234985,
      "p99": 0.928561270236969
    },
    "se_summary": {
      "mean": 0.10108614712953568,
      "std": 0.1729585975408554,
      "min": 1.1901926200152957e-07,
      "max": 1.8686872720718384,
      "p50": 0.037562645971775055,
      "p90": 0.26067304611206055,
      "p95": 0.42427876591682434,
      "p99": 0.862334132194519
    }
  },
  "test": {
    "mse": 0.09873249381780624,
    "rmse": 0.31421727167329017,
    "mae": 0.24008940160274506,
    "w2_global": 0.010936947539448738,
    "ae_summary": {
      "mean": 0.24008940160274506,
      "std": 0.20270560681819916,
      "min": 0.00010246038436889648,
      "max": 1.5553897619247437,
      "p50": 0.19010108709335327,
      "p90": 0.5091938972473145,
      "p95": 0.6369640231132507,
      "p99": 0.9126355051994324
    },
    "se_summary": {
      "mean": 0.09873249381780624,
      "std": 0.1732914298772812,
      "min": 1.0498130365022007e-08,
      "max": 2.4192373752593994,
      "p50": 0.036138422787189484,
      "p90": 0.25927847623825073,
      "p95": 0.4057231545448303,
      "p99": 0.8329041004180908
    }
  }
}