{
  "train": {
    "mse": 0.0,
    "rmse": 0.0,
    "mae": 0.0,
    "w2_global": 0.04655037075281143,
    "ae_summary": {
      "mean": 0.0,
      "std": 0.0,
      "min": 0.0,
      "max": 0.0,
      "p50": 0.0,
      "p90": 0.0,
      "p95": 0.0,
      "p99": 0.0
    },
    "se_summary": {
      "mean": 0.0,
      "std": 0.0,
      "min": 0.0,
      "max": 0.0,
      "p50": 0.0,
      "p90": 0.0,
      "p95": 0.0,
      "p99": 0.0
    }
  },
  "val": {
    "mse": 1.1981335878372192,
    "rmse": 1.0945928868018553,
    "mae": 0.6389089822769165,
    "w2_global": 0.07562804967164993,
    "ae_summary": {
      "mean": 0.6389089822769165,
      "std": 0.8887795805931091,
      "min": 0.00037789344787597656,
      "max": 23.761688232421875,
      "p50": 0.46846145391464233,
      "p90": 1.309372067451477,
      "p95": 1.6471025943756104,
      "p99": 2.7588720321655273
    },
    "se_summary": {
      "mean": 1.1981335878372192,
      "std": 13.085572242736816,
      "min": 1.4280345794759342e-07,
      "max": 564.6177978515625,
      "p50": 0.21945613622665405,
      "p90": 1.7144553661346436,
      "p95": 2.712946891784668,
      "p99": 7.613580703735352
    }
  },
  "test": {
    "mse": 1.7482640743255615,
    "rmse": 1.322219374508467,
    "mae": 0.7015723586082458,
    "w2_global": 0.07833229750394821,
    "ae_summary": {
      "mean": 0.7015723586082458,
      "std": 1.1207408905029297,
      "min": 0.0002100914716720581,
      "max": 37.26552200317383,
      "p50": 0.5078330636024475,
      "p90": 1.3724310398101807,
      "p95": 1.7340539693832397,
      "p99": 3.3028876781463623
    },
    "se_summary": {
      "mean": 1.7482640743255615,
      "std": 24.92296600341797,
      "min": 4.413842802364343e-08,
      "max": 1388.7191162109375,
      "p50": 0.2578944265842438,
      "p90": 1.883566975593567,
      "p95": 3.006950855255127,
      "p99": 10.909165382385254
    }
  }
}