{
  "train": {
    "mse": 0.006610707845538855,
    "rmse": 0.08130625957168891,
    "mae": 0.048553526401519775,
    "w2_global": 0.5201297998428345,
    "ae_summary": {
      "mean": 0.048553526401519775,
      "std": 0.0652170479297638,
      "min": 1.1920928955078125e-07,
      "max": 8.860652923583984,
      "p50": 0.03516146540641785,
      "p90": 0.10056928545236588,
      "p95": 0.13151895999908447,
      "p99": 0.23620600998401642
    },
    "se_summary": {
      "mean": 0.006610707845538855,
      "std": 0.26981016993522644,
      "min": 1.4210854715202004e-14,
      "max": 78.51116943359375,
      "p50": 0.0012363286223262548,
      "p90": 0.010114180855453014,
      "p95": 0.017297234386205673,
      "p99": 0.05579328164458275
    }
  },
  "val": {
    "mse": 1.2825926542282104,
    "rmse": 1.1325160723928869,
    "mae": 0.8090205192565918,
    "w2_global": 0.5113735198974609,
    "ae_summary": {
      "mean": 0.8090205192565918,
      "std": 0.7925140261650085,
      "min": 2.41696834564209e-05,
      "max": 49.03985595703125,
      "p50": 0.6371685266494751,
      "p90": 1.6993460655212402,
      "p95": 2.1445014476776123,
      "p99": 3.1813337802886963
    },
    "se_summary": {
      "mean": 1.2825926542282104,
      "std": 10.095176696777344,
      "min": 5.841735983835861e-10,
      "max": 2404.907470703125,
      "p50": 0.40598374605178833,
      "p90": 2.887777090072632,
      "p95": 4.598886013031006,
      "p99": 10.120884895324707
    }
  },
  "test": {
    "mse": 1.3025341033935547,
    "rmse": 1.1412861619215202,
    "mae": 0.813240647315979,
    "w2_global": 0.5152049660682678,
    "ae_summary": {
      "mean": 0.813240647315979,
      "std": 0.8007332682609558,
      "min": 5.368143320083618e-06,
      "max": 38.80632019042969,
      "p50": 0.6374193429946899,
      "p90": 1.7079910039901733,
      "p95": 2.159862995147705,
      "p99": 3.281923532485962
    },
    "se_summary": {
      "mean": 1.3025341033935547,
      "std": 8.955985069274902,
      "min": 2.881696270495837e-11,
      "max": 1505.9305419921875,
      "p50": 0.4063034653663635,
      "p90": 2.9172332286834717,
      "p95": 4.665008068084717,
      "p99": 10.77102279663086
    }
  }
}