{
  "train": {
    "mse": 6333.21484375,
    "rmse": 79.5814981245641,
    "mae": 63.31974792480469,
    "w2_global": 0.33791717886924744,
    "ae_summary": {
      "mean": 63.31974792480469,
      "std": 48.20606231689453,
      "min": 0.008973166346549988,
      "max": 250.80496215820312,
      "p50": 52.1715087890625,
      "p90": 133.60621643066406,
      "p95": 157.39955139160156,
      "p99": 196.0087890625
    },
    "se_summary": {
      "mean": 6333.21484375,
      "std": 8730.3125,
      "min": 8.051771146710962e-05,
      "max": 62903.12890625,
      "p50": 2721.8662109375,
      "p90": 17850.623046875,
      "p95": 24774.66015625,
      "p99": 38419.4453125
    }
  },
  "val": {
    "mse": 0.580450713634491,
    "rmse": 0.7618731611196781,
    "mae": 0.5500258803367615,
    "w2_global": 0.4491671323776245,
    "ae_summary": {
      "mean": 0.5500258803367615,
      "std": 0.5271832942962646,
      "min": 0.0003009885549545288,
      "max": 5.322148323059082,
      "p50": 0.38852155208587646,
      "p90": 1.2635326385498047,
      "p95": 1.5275229215621948,
      "p99": 2.445831537246704
    },
    "se_summary": {
      "mean": 0.580450713634491,
      "std": 1.2168183326721191,
      "min": 9.059411354428448e-08,
      "max": 28.32526206970215,
      "p50": 0.15094900131225586,
      "p90": 1.5965147018432617,
      "p95": 2.333326578140259,
      "p99": 5.982106685638428
    }
  },
  "test": {
    "mse": 0.473400741815567,
    "rmse": 0.6880412355488347,
    "mae": 0.49251115322113037,
    "w2_global": 0.3325885236263275,
    "ae_summary": {
      "mean": 0.49251115322113037,
      "std": 0.4804513454437256,
      "min": 0.00010758638381958008,
      "max": 5.134298324584961,
      "p50": 0.3515373468399048,
      "p90": 1.1248722076416016,
      "p95": 1.4613134860992432,
      "p99": 2.1653223037719727
    },
    "se_summary": {
      "mean": 0.473400741815567,
      "std": 1.1159999370574951,
      "min": 1.1574829983374002e-08,
      "max": 26.361019134521484,
      "p50": 0.1235784962773323,
      "p90": 1.2653388977050781,
      "p95": 2.1354448795318604,
      "p99": 4.688638687133789
    }
  }
}