{
  "test": {
    "mse": 0.5027187466621399,
    "rmse": 0.7090266191491966,
    "mae": 0.3959364891052246,
    "w2_global": 0.08954644948244095,
    "ae_summary": {
      "mean": 0.3959364891052246,
      "std": 0.5881776809692383,
      "min": 2.6673078536987305e-05,
      "max": 10.697423934936523,
      "p50": 0.20548951625823975,
      "p90": 0.9306609034538269,
      "p95": 1.4046521186828613,
      "p99": 2.6266074180603027
    },
    "se_summary": {
      "mean": 0.5027187466621399,
      "std": 2.823462724685669,
      "min": 7.114531186402928e-10,
      "max": 114.43487548828125,
      "p50": 0.04222594201564789,
      "p90": 0.866134524345398,
      "p95": 1.9730511903762817,
      "p99": 6.899122714996338
    }
  }
}