{
  "train": {
    "mse": 0.0009869872592389584,
    "rmse": 0.031416353372709545,
    "mae": 0.017313506454229355,
    "w2_global": 0.00897170975804329,
    "ae_summary": {
      "mean": 0.017313506454229355,
      "std": 0.026215065270662308,
      "min": 0.0,
      "max": 1.2316405773162842,
      "p50": 0.012425720691680908,
      "p90": 0.03331202268600464,
      "p95": 0.04593610763549805,
      "p99": 0.09473344683647156
    },
    "se_summary": {
      "mean": 0.0009869872592389584,
      "std": 0.01437245775014162,
      "min": 0.0,
      "max": 1.51693856716156,
      "p50": 0.00015439854178112,
      "p90": 0.0011096908710896969,
      "p95": 0.0021101259626448154,
      "p99": 0.008974425494670868
    }
  },
  "val": {
    "mse": 0.2658149302005768,
    "rmse": 0.5155724296358144,
    "mae": 0.3731696903705597,
    "w2_global": 0.00998380035161972,
    "ae_summary": {
      "mean": 0.3731696903705597,
      "std": 0.35575175285339355,
      "min": 1.4469027519226074e-05,
      "max": 2.7103402614593506,
      "p50": 0.26942598819732666,
      "p90": 0.846316933631897,
      "p95": 1.11006498336792,
      "p99": 1.591821312904358
    },
    "se_summary": {
      "mean": 0.2658149302005768,
      "std": 0.5793917179107666,
      "min": 2.0935275735212144e-10,
      "max": 7.345944404602051,
      "p50": 0.07259036600589752,
      "p90": 0.7162525653839111,
      "p95": 1.2322443723678589,
      "p99": 2.53434681892395
    }
  },
  "test": {
    "mse": 0.3046354651451111,
    "rmse": 0.5519379178359747,
    "mae": 0.3872395157814026,
    "w2_global": 0.008223007433116436,
    "ae_summary": {
      "mean": 0.3872395157814026,
      "std": 0.3932950794696808,
      "min": 0.00020629167556762695,
      "max": 3.439601421356201,
      "p50": 0.27082741260528564,
      "p90": 0.8539478182792664,
      "p95": 1.176576852798462,
      "p99": 1.8793416023254395
    },
    "se_summary": {
      "mean": 0.3046354651451111,
      "std": 0.7294830083847046,
      "min": 4.2556255408499055e-08,
      "max": 11.83085823059082,
      "p50": 0.07334748655557632,
      "p90": 0.7292271256446838,
      "p95": 1.3843384981155396,
      "p99": 3.5319252014160156
    }
  }
}