{
  "train": {
    "mse": 0.21517783403396606,
    "rmse": 0.4638726485081504,
    "mae": 0.36584341526031494,
    "w2_global": 0.49073827266693115,
    "ae_summary": {
      "mean": 0.36584341526031494,
      "std": 0.28519541025161743,
      "min": 1.4454126358032227e-06,
      "max": 2.2653069496154785,
      "p50": 0.3034992814064026,
      "p90": 0.7642648816108704,
      "p95": 0.9223406314849854,
      "p99": 1.23287034034729
    },
    "se_summary": {
      "mean": 0.21517783403396606,
      "std": 0.321020245552063,
      "min": 2.0892176877396196e-12,
      "max": 5.13161563873291,
      "p50": 0.09211181104183197,
      "p90": 0.5841007828712463,
      "p95": 0.850712239742279,
      "p99": 1.5199692249298096
    }
  },
  "val": {
    "mse": 1.2079890966415405,
    "rmse": 1.0990855729384954,
    "mae": 0.8946753144264221,
    "w2_global": 0.5151040554046631,
    "ae_summary": {
      "mean": 0.8946753144264221,
      "std": 0.6383926272392273,
      "min": 1.5661120414733887e-05,
      "max": 4.401975631713867,
      "p50": 0.7953667640686035,
      "p90": 1.7250723838806152,
      "p95": 2.073060989379883,
      "p99": 2.9461188316345215
    },
    "se_summary": {
      "mean": 1.2079890966415405,
      "std": 1.6704704761505127,
      "min": 2.452706926447945e-10,
      "max": 19.377389907836914,
      "p50": 0.6326082944869995,
      "p90": 2.975874900817871,
      "p95": 4.297581672668457,
      "p99": 8.679616928100586
    }
  },
  "test": {
    "mse": 1.19264817237854,
    "rmse": 1.0920843247563532,
    "mae": 0.8841527104377747,
    "w2_global": 0.4931889474391937,
    "ae_summary": {
      "mean": 0.8841527104377747,
      "std": 0.6410322189331055,
      "min": 3.2186508178710938e-06,
      "max": 4.229547500610352,
      "p50": 0.7820338606834412,
      "p90": 1.712599754333496,
      "p95": 2.067391872406006,
      "p99": 2.978126049041748
    },
    "se_summary": {
      "mean": 1.19264817237854,
      "std": 1.6936185359954834,
      "min": 1.035971308738226e-11,
      "max": 17.88907241821289,
      "p50": 0.6115769743919373,
      "p90": 2.932997941970825,
      "p95": 4.274109363555908,
      "p99": 8.86923599243164
    }
  }
}