{
  "best_alpha": 0.75,
  "best_gamma": 5.0,
  "alpha_grid": [
    0.01,
    0.25,
    0.5,
    0.75,
    0.99
  ],
  "gamma_grid": [
    0.1,
    1.0,
    5.0,
    10.0
  ],
  "results": {
    "(0.01, 0.1)": {
      "val_loss": 0.4904279112815857,
      "val_eval": 0.6032854318618774,
      "epoch": 29,
      "mse": 0.6032854914665222,
      "w2_global": 0.06780318170785904,
      "cvar": 1.291599154472351
    },
    "(0.01, 1.0)": {
      "val_loss": 0.5289159417152405,
      "val_eval": 0.6142046451568604,
      "epoch": 30,
      "mse": 0.6142047047615051,
      "w2_global": 0.06896201521158218,
      "cvar": 1.3114033937454224
    },
    "(0.01, 5.0)": {
      "val_loss": 0.5305425524711609,
      "val_eval": 0.6869420409202576,
      "epoch": 30,
      "mse": 0.6869420409202576,
      "w2_global": 0.06976456940174103,
      "cvar": 1.5595723390579224
    },
    "(0.01, 10.0)": {
      "val_loss": 0.48347193002700806,
      "val_eval": 0.5496002435684204,
      "epoch": 28,
      "mse": 0.5496002435684204,
      "w2_global": 0.06331469118595123,
      "cvar": 1.198823094367981
    },
    "(0.25, 0.1)": {
      "val_loss": 0.4331991374492645,
      "val_eval": 0.4679875671863556,
      "epoch": 30,
      "mse": 0.4679875075817108,
      "w2_global": 0.058428335934877396,
      "cvar": 1.0934919118881226
    },
    "(0.25, 1.0)": {
      "val_loss": 0.4121685028076172,
      "val_eval": 0.4259294867515564,
      "epoch": 30,
      "mse": 0.425929456949234,
      "w2_global": 0.05602867901325226,
      "cvar": 1.0320932865142822
    },
    "(0.25, 5.0)": {
      "val_loss": 0.3411425054073334,
      "val_eval": 0.40899038314819336,
      "epoch": 30,
      "mse": 0.40899038314819336,
      "w2_global": 0.05305492877960205,
      "cvar": 0.9945666790008545
    },
    "(0.25, 10.0)": {
      "val_loss": 0.3301701843738556,
      "val_eval": 0.4277135729789734,
      "epoch": 30,
      "mse": 0.4277135729789734,
      "w2_global": 0.05370301008224487,
      "cvar": 0.9704350233078003
    },
    "(0.5, 0.1)": {
      "val_loss": 0.24366021156311035,
      "val_eval": 0.3128833770751953,
      "epoch": 30,
      "mse": 0.3128833770751953,
      "w2_global": 0.044152360409498215,
      "cvar": 0.7028385996818542
    },
    "(0.5, 1.0)": {
      "val_loss": 0.2530510723590851,
      "val_eval": 0.33329302072525024,
      "epoch": 29,
      "mse": 0.33329299092292786,
      "w2_global": 0.04556823894381523,
      "cvar": 0.8594450950622559
    },
    "(0.5, 5.0)": {
      "val_loss": 0.27892860770225525,
      "val_eval": 0.36513224244117737,
      "epoch": 30,
      "mse": 0.36513224244117737,
      "w2_global": 0.047902654856443405,
      "cvar": 0.8271833658218384
    },
    "(0.5, 10.0)": {
      "val_loss": 0.3264094293117523,
      "val_eval": 0.3306570053100586,
      "epoch": 30,
      "mse": 0.3306570053100586,
      "w2_global": 0.043662428855895996,
      "cvar": 0.8226595520973206
    },
    "(0.75, 0.1)": {
      "val_loss": 0.2252347767353058,
      "val_eval": 0.24235177040100098,
      "epoch": 30,
      "mse": 0.24235177040100098,
      "w2_global": 0.033219918608665466,
      "cvar": 0.6166097521781921
    },
    "(0.75, 1.0)": {
      "val_loss": 0.2032058835029602,
      "val_eval": 0.24292588233947754,
      "epoch": 30,
      "mse": 0.24292591214179993,
      "w2_global": 0.034218352288007736,
      "cvar": 0.6153424978256226
    },
    "(0.75, 5.0)": {
      "val_loss": 0.19068843126296997,
      "val_eval": 0.2104535698890686,
      "epoch": 29,
      "mse": 0.2104535549879074,
      "w2_global": 0.03287168964743614,
      "cvar": 0.5174349546432495
    },
    "(0.75, 10.0)": {
      "val_loss": 0.2239575982093811,
      "val_eval": 0.24062786996364594,
      "epoch": 29,
      "mse": 0.24062786996364594,
      "w2_global": 0.033027127385139465,
      "cvar": 0.6302811503410339
    },
    "(0.99, 0.1)": {
      "val_loss": 0.21423569321632385,
      "val_eval": 0.2827349603176117,
      "epoch": 30,
      "mse": 0.2827349603176117,
      "w2_global": 0.03040929138660431,
      "cvar": 0.703280508518219
    },
    "(0.99, 1.0)": {
      "val_loss": 0.20522992312908173,
      "val_eval": 0.2505548298358917,
      "epoch": 30,
      "mse": 0.2505548298358917,
      "w2_global": 0.0208249781280756,
      "cvar": 0.6217362880706787
    },
    "(0.99, 5.0)": {
      "val_loss": 0.27886664867401123,
      "val_eval": 0.2816303074359894,
      "epoch": 30,
      "mse": 0.2816303074359894,
      "w2_global": 0.02062920294702053,
      "cvar": 0.5926666855812073
    },
    "(0.99, 10.0)": {
      "val_loss": 0.1866517961025238,
      "val_eval": 0.2152368128299713,
      "epoch": 30,
      "mse": 0.2152368277311325,
      "w2_global": 0.022522417828440666,
      "cvar": 0.5693238377571106
    }
  }
}