{
  "train": {
    "mse": 0.25159895420074463,
    "rmse": 0.5015964056896188,
    "mae": 0.34797894954681396,
    "w2_global": 0.04101681336760521,
    "ae_summary": {
      "mean": 0.34797894954681396,
      "std": 0.36126115918159485,
      "min": 3.6954879760742188e-06,
      "max": 4.394196510314941,
      "p50": 0.24219775199890137,
      "p90": 0.7672746777534485,
      "p95": 1.0156105756759644,
      "p99": 1.7699798345565796
    },
    "se_summary": {
      "mean": 0.25159895420074463,
      "std": 0.6886135339736938,
      "min": 1.3656631381309126e-11,
      "max": 19.308963775634766,
      "p50": 0.05865975096821785,
      "p90": 0.5887104272842407,
      "p95": 1.0314650535583496,
      "p99": 3.1328284740448
    }
  },
  "val": {
    "mse": 0.2104535549879074,
    "rmse": 0.45875217164380533,
    "mae": 0.3609437942504883,
    "w2_global": 0.03287168964743614,
    "ae_summary": {
      "mean": 0.3609437942504883,
      "std": 0.2831486463546753,
      "min": 8.289515972137451e-05,
      "max": 1.520662546157837,
      "p50": 0.30167222023010254,
      "p90": 0.7193261384963989,
      "p95": 0.9111433625221252,
      "p99": 1.315770149230957
    },
    "se_summary": {
      "mean": 0.2104535549879074,
      "std": 0.3305720388889313,
      "min": 6.871607283187586e-09,
      "max": 2.3124146461486816,
      "p50": 0.09100612998008728,
      "p90": 0.5174349546432495,
      "p95": 0.8304944634437561,
      "p99": 1.7313103675842285
    }
  },
  "test": {
    "mse": 0.2684240937232971,
    "rmse": 0.5180966065545084,
    "mae": 0.3761292099952698,
    "w2_global": 0.03311041370034218,
    "ae_summary": {
      "mean": 0.3761292099952698,
      "std": 0.3563016951084137,
      "min": 0.0008108615875244141,
      "max": 3.0704455375671387,
      "p50": 0.2712170481681824,
      "p90": 0.806730329990387,
      "p95": 1.0858736038208008,
      "p99": 1.639995813369751
    },
    "se_summary": {
      "mean": 0.2684240937232971,
      "std": 0.5945390462875366,
      "min": 6.57496514122613e-07,
      "max": 9.42763614654541,
      "p50": 0.07355871796607971,
      "p90": 0.6508146524429321,
      "p95": 1.1791993379592896,
      "p99": 2.6901590824127197
    }
  }
}