{
  "best_alpha": 0.5,
  "best_gamma": 1.0,
  "alpha_grid": [
    0.01,
    0.25,
    0.5,
    0.75,
    0.99
  ],
  "gamma_grid": [
    0.1,
    1.0,
    5.0,
    10.0
  ],
  "results": {
    "(0.01, 0.1)": {
      "val_loss": 0.8913416862487793,
      "val_eval": 0.9085277020931244,
      "epoch": 16,
      "mse": 0.8516966700553894,
      "w2_global": 0.770488977432251,
      "cvar": 1.5200552940368652
    },
    "(0.01, 1.0)": {
      "val_loss": 0.8702654838562012,
      "val_eval": 0.9024815261363983,
      "epoch": 25,
      "mse": 0.8411177396774292,
      "w2_global": 0.762305736541748,
      "cvar": 1.529967188835144
    },
    "(0.01, 5.0)": {
      "val_loss": 0.8323536813259125,
      "val_eval": 0.8624110519886017,
      "epoch": 18,
      "mse": 0.7868623733520508,
      "w2_global": 0.7228497862815857,
      "cvar": 1.5062204599380493
    },
    "(0.01, 10.0)": {
      "val_loss": 0.8744568228721619,
      "val_eval": 0.8970396220684052,
      "epoch": 14,
      "mse": 0.8019089698791504,
      "w2_global": 0.7269970178604126,
      "cvar": 1.6397552490234375
    },
    "(0.25, 0.1)": {
      "val_loss": 0.6263423562049866,
      "val_eval": 0.6487578451633453,
      "epoch": 30,
      "mse": 0.5552635788917542,
      "w2_global": 0.5064782500267029,
      "cvar": 1.4751042127609253
    },
    "(0.25, 1.0)": {
      "val_loss": 0.5686012208461761,
      "val_eval": 0.5822679847478867,
      "epoch": 30,
      "mse": 0.5019304156303406,
      "w2_global": 0.4747450351715088,
      "cvar": 1.3300453424453735
    },
    "(0.25, 5.0)": {
      "val_loss": 0.5636190474033356,
      "val_eval": 0.5772958099842072,
      "epoch": 30,
      "mse": 0.4980585277080536,
      "w2_global": 0.4702179431915283,
      "cvar": 1.3137866258621216
    },
    "(0.25, 10.0)": {
      "val_loss": 0.5673303306102753,
      "val_eval": 0.588766798377037,
      "epoch": 30,
      "mse": 0.5059947371482849,
      "w2_global": 0.4750268757343292,
      "cvar": 1.3084678649902344
    },
    "(0.5, 0.1)": {
      "val_loss": 0.5359425097703934,
      "val_eval": 0.542023628950119,
      "epoch": 30,
      "mse": 0.4684578478336334,
      "w2_global": 0.42756935954093933,
      "cvar": 1.1846414804458618
    },
    "(0.5, 1.0)": {
      "val_loss": 0.49260759353637695,
      "val_eval": 0.5056259334087372,
      "epoch": 30,
      "mse": 0.43577608466148376,
      "w2_global": 0.40069779753685,
      "cvar": 1.072139859199524
    },
    "(0.5, 5.0)": {
      "val_loss": 0.5610815733671188,
      "val_eval": 0.574049323797226,
      "epoch": 30,
      "mse": 0.49395671486854553,
      "w2_global": 0.462736040353775,
      "cvar": 1.2574700117111206
    },
    "(0.5, 10.0)": {
      "val_loss": 0.5463639050722122,
      "val_eval": 0.5544563084840775,
      "epoch": 30,
      "mse": 0.4768574833869934,
      "w2_global": 0.4426291882991791,
      "cvar": 1.2626855373382568
    },
    "(0.75, 0.1)": {
      "val_loss": 0.49517491459846497,
      "val_eval": 0.5085252672433853,
      "epoch": 30,
      "mse": 0.4377770721912384,
      "w2_global": 0.41110512614250183,
      "cvar": 1.0981781482696533
    },
    "(0.75, 1.0)": {
      "val_loss": 0.4950486868619919,
      "val_eval": 0.5066249817609787,
      "epoch": 30,
      "mse": 0.439130574464798,
      "w2_global": 0.4032396674156189,
      "cvar": 1.1219112873077393
    },
    "(0.75, 5.0)": {
      "val_loss": 0.56455098092556,
      "val_eval": 0.5694722980260849,
      "epoch": 30,
      "mse": 0.4906128942966461,
      "w2_global": 0.44805908203125,
      "cvar": 1.3145942687988281
    },
    "(0.75, 10.0)": {
      "val_loss": 0.5033686310052872,
      "val_eval": 0.528624102473259,
      "epoch": 30,
      "mse": 0.4542112946510315,
      "w2_global": 0.4241466522216797,
      "cvar": 1.166553020477295
    },
    "(0.99, 0.1)": {
      "val_loss": 0.492294579744339,
      "val_eval": 0.5175010561943054,
      "epoch": 30,
      "mse": 0.44281113147735596,
      "w2_global": 0.4272325336933136,
      "cvar": 1.1423593759536743
    },
    "(0.99, 1.0)": {
      "val_loss": 0.5208940207958221,
      "val_eval": 0.5379960089921951,
      "epoch": 30,
      "mse": 0.4588035047054291,
      "w2_global": 0.4313465356826782,
      "cvar": 1.170254111289978
    },
    "(0.99, 5.0)": {
      "val_loss": 0.5213124454021454,
      "val_eval": 0.5403857529163361,
      "epoch": 30,
      "mse": 0.46116936206817627,
      "w2_global": 0.430828332901001,
      "cvar": 1.1800552606582642
    },
    "(0.99, 10.0)": {
      "val_loss": 0.543848529458046,
      "val_eval": 0.5587954968214035,
      "epoch": 30,
      "mse": 0.4749648869037628,
      "w2_global": 0.4428161084651947,
      "cvar": 1.2818398475646973
    }
  }
}