{
  "train": {
    "mse": 0.4341188371181488,
    "rmse": 0.6588769514242768,
    "mae": 0.4950476586818695,
    "w2_global": 0.40434956550598145,
    "ae_summary": {
      "mean": 0.4950476586818695,
      "std": 0.43479493260383606,
      "min": 5.7220458984375e-06,
      "max": 3.08577036857605,
      "p50": 0.39324837923049927,
      "p90": 1.0373189449310303,
      "p95": 1.3291740417480469,
      "p99": 2.2305095195770264
    },
    "se_summary": {
      "mean": 0.4341188371181488,
      "std": 0.8727593421936035,
      "min": 3.2741809263825417e-11,
      "max": 9.521978378295898,
      "p50": 0.15464428067207336,
      "p90": 1.0760306119918823,
      "p95": 1.7667036056518555,
      "p99": 4.975172519683838
    }
  },
  "val": {
    "mse": 0.43577608466148376,
    "rmse": 0.6601333839925715,
    "mae": 0.4977056682109833,
    "w2_global": 0.40069779753685,
    "ae_summary": {
      "mean": 0.4977056682109833,
      "std": 0.4336647689342499,
      "min": 1.1116266250610352e-05,
      "max": 3.1406023502349854,
      "p50": 0.3975428342819214,
      "p90": 1.0354418754577637,
      "p95": 1.3254578113555908,
      "p99": 2.2295608520507812
    },
    "se_summary": {
      "mean": 0.43577608466148376,
      "std": 0.872209370136261,
      "min": 1.2357137535445872e-10,
      "max": 9.863383293151855,
      "p50": 0.15804031491279602,
      "p90": 1.072139859199524,
      "p95": 1.7568384408950806,
      "p99": 4.97094202041626
    }
  },
  "test": {
    "mse": 0.44808319211006165,
    "rmse": 0.6693901643362126,
    "mae": 0.5051193833351135,
    "w2_global": 0.4087374210357666,
    "ae_summary": {
      "mean": 0.5051193833351135,
      "std": 0.43924659490585327,
      "min": 5.9604644775390625e-06,
      "max": 3.1420738697052,
      "p50": 0.40421295166015625,
      "p90": 1.052093744277954,
      "p95": 1.340207576751709,
      "p99": 2.2551636695861816
    },
    "se_summary": {
      "mean": 0.44808319211006165,
      "std": 0.8914735913276672,
      "min": 3.552713678800501e-11,
      "max": 9.872628211975098,
      "p50": 0.16338810324668884,
      "p90": 1.1069011688232422,
      "p95": 1.7961562871932983,
      "p99": 5.085763454437256
    }
  }
}