{
  "test": {
    "mse": 0.451762855052948,
    "rmse": 0.6721330635022711,
    "mae": 0.23704954981803894,
    "w2_global": 0.2998095452785492,
    "ae_summary": {
      "mean": 0.23704954981803894,
      "std": 0.6289438605308533,
      "min": 2.2351741790771484e-07,
      "max": 29.991613388061523,
      "p50": 0.08301082253456116,
      "p90": 0.5782058835029602,
      "p95": 0.8304463028907776,
      "p99": 2.052900791168213
    },
    "se_summary": {
      "mean": 0.451762855052948,
      "std": 9.52572250366211,
      "min": 4.9960036108132044e-14,
      "max": 899.4968872070312,
      "p50": 0.0068907965905964375,
      "p90": 0.33432209491729736,
      "p95": 0.6896411180496216,
      "p99": 4.214414119720459
    }
  }
}