{
  "train": {
    "mse": 4457.99951171875,
    "rmse": 66.76825227395689,
    "mae": 47.59129333496094,
    "w2_global": 0.2402082085609436,
    "ae_summary": {
      "mean": 47.59129333496094,
      "std": 46.830204010009766,
      "min": 5.689263343811035e-05,
      "max": 408.994140625,
      "p50": 34.429527282714844,
      "p90": 102.76090240478516,
      "p95": 139.8518829345703,
      "p99": 236.1800079345703
    },
    "se_summary": {
      "mean": 4457.99951171875,
      "std": 10099.5419921875,
      "min": 3.236771739523192e-09,
      "max": 167276.203125,
      "p50": 1185.392333984375,
      "p90": 10559.8037109375,
      "p95": 19558.546875,
      "p99": 55781.0
    }
  },
  "val": {
    "mse": 2.412670612335205,
    "rmse": 1.5532773777838924,
    "mae": 0.7099587321281433,
    "w2_global": 0.30398029088974,
    "ae_summary": {
      "mean": 0.7099587321281433,
      "std": 1.3815314769744873,
      "min": 1.0251998901367188e-05,
      "max": 19.011024475097656,
      "p50": 0.3488118052482605,
      "p90": 1.5295219421386719,
      "p95": 2.1184892654418945,
      "p99": 6.395355701446533
    },
    "se_summary": {
      "mean": 2.412670612335205,
      "std": 18.169281005859375,
      "min": 1.0510348147363402e-10,
      "max": 361.4190368652344,
      "p50": 0.12166967242956161,
      "p90": 2.339437484741211,
      "p95": 4.487997055053711,
      "p99": 40.9024543762207
    }
  },
  "test": {
    "mse": 1.8287756443023682,
    "rmse": 1.3523223152423272,
    "mae": 0.6930062770843506,
    "w2_global": 0.18071743845939636,
    "ae_summary": {
      "mean": 0.6930062770843506,
      "std": 1.161257028579712,
      "min": 2.5287270545959473e-05,
      "max": 25.313940048217773,
      "p50": 0.37784889340400696,
      "p90": 1.5554964542388916,
      "p95": 2.1277740001678467,
      "p99": 4.479433536529541
    },
    "se_summary": {
      "mean": 1.8287756443023682,
      "std": 14.246139526367188,
      "min": 6.394460516645495e-10,
      "max": 640.7955322265625,
      "p50": 0.14276978373527527,
      "p90": 2.419569492340088,
      "p95": 4.5274224281311035,
      "p99": 20.065471649169922
    }
  }
}