{
  "train": {
    "mse": 0.023208320140838623,
    "rmse": 0.15234277186935594,
    "mae": 0.09188062697649002,
    "w2_global": 0.3353736400604248,
    "ae_summary": {
      "mean": 0.09188062697649002,
      "std": 0.12151654809713364,
      "min": 5.960464477539062e-07,
      "max": 7.286540985107422,
      "p50": 0.06248757243156433,
      "p90": 0.19475245475769043,
      "p95": 0.26843029260635376,
      "p99": 0.4983559846878052
    },
    "se_summary": {
      "mean": 0.023208320140838623,
      "std": 0.2899729609489441,
      "min": 3.552713678800501e-13,
      "max": 53.09368133544922,
      "p50": 0.003904696786776185,
      "p90": 0.037928517907857895,
      "p95": 0.07205483317375183,
      "p99": 0.24835869669914246
    }
  },
  "val": {
    "mse": 1.2511162757873535,
    "rmse": 1.1185330910560285,
    "mae": 0.7958435416221619,
    "w2_global": 0.34073150157928467,
    "ae_summary": {
      "mean": 0.7958435416221619,
      "std": 0.7859703302383423,
      "min": 2.8759241104125977e-06,
      "max": 36.08098220825195,
      "p50": 0.6161453723907471,
      "p90": 1.6543629169464111,
      "p95": 2.0811831951141357,
      "p99": 3.214297294616699
    },
    "se_summary": {
      "mean": 1.2511162757873535,
      "std": 8.913949012756348,
      "min": 8.270939488852491e-12,
      "max": 1301.8372802734375,
      "p50": 0.37963512539863586,
      "p90": 2.7369165420532227,
      "p95": 4.331323623657227,
      "p99": 10.331707000732422
    }
  },
  "test": {
    "mse": 1.216427206993103,
    "rmse": 1.1029175884866027,
    "mae": 0.7937379479408264,
    "w2_global": 0.324191153049469,
    "ae_summary": {
      "mean": 0.7937379479408264,
      "std": 0.7657724022865295,
      "min": 2.2239983081817627e-06,
      "max": 35.91722106933594,
      "p50": 0.6123954653739929,
      "p90": 1.6675913333892822,
      "p95": 2.0869126319885254,
      "p99": 3.1855759620666504
    },
    "se_summary": {
      "mean": 1.216427206993103,
      "std": 7.949564456939697,
      "min": 4.946168474795343e-12,
      "max": 1290.0467529296875,
      "p50": 0.37502819299697876,
      "p90": 2.7808609008789062,
      "p95": 4.355204105377197,
      "p99": 10.147895812988281
    }
  }
}