{
  "train": {
    "mse": 0.0,
    "rmse": 0.0,
    "mae": 0.0,
    "w2_global": 0.7766059041023254,
    "ae_summary": {
      "mean": 0.0,
      "std": 0.0,
      "min": 0.0,
      "max": 0.0,
      "p50": 0.0,
      "p90": 0.0,
      "p95": 0.0,
      "p99": 0.0
    },
    "se_summary": {
      "mean": 0.0,
      "std": 0.0,
      "min": 0.0,
      "max": 0.0,
      "p50": 0.0,
      "p90": 0.0,
      "p95": 0.0,
      "p99": 0.0
    }
  },
  "val": {
    "mse": 1.1214525699615479,
    "rmse": 1.0589865768561695,
    "mae": 0.7167974710464478,
    "w2_global": 0.7225706577301025,
    "ae_summary": {
      "mean": 0.7167974710464478,
      "std": 0.779521644115448,
      "min": 6.693881005048752e-07,
      "max": 10.426458358764648,
      "p50": 0.41599971055984497,
      "p90": 1.856133222579956,
      "p95": 2.2710375785827637,
      "p99": 3.3691205978393555
    },
    "se_summary": {
      "mean": 1.1214525699615479,
      "std": 2.5305838584899902,
      "min": 4.480804290975249e-13,
      "max": 108.7110366821289,
      "p50": 0.1730557382106781,
      "p90": 3.44523024559021,
      "p95": 5.157611846923828,
      "p99": 11.350974082946777
    }
  },
  "test": {
    "mse": 1.058677077293396,
    "rmse": 1.0289203454560494,
    "mae": 0.6650654673576355,
    "w2_global": 0.7466275095939636,
    "ae_summary": {
      "mean": 0.6650654673576355,
      "std": 0.7850891947746277,
      "min": 5.885958671569824e-07,
      "max": 10.40893840789795,
      "p50": 0.3449859023094177,
      "p90": 1.8168760538101196,
      "p95": 2.28421688079834,
      "p99": 3.3832767009735107
    },
    "se_summary": {
      "mean": 1.058677077293396,
      "std": 2.61696720123291,
      "min": 3.464450948342801e-13,
      "max": 108.34600067138672,
      "p50": 0.11901527643203735,
      "p90": 3.3010385036468506,
      "p95": 5.217646598815918,
      "p99": 11.446561813354492
    }
  }
}