{
  "test": {
    "mse": 0.3925047218799591,
    "rmse": 0.6265019727662149,
    "mae": 0.27999410033226013,
    "w2_global": 0.08078520745038986,
    "ae_summary": {
      "mean": 0.27999410033226013,
      "std": 0.5604534149169922,
      "min": 0.0,
      "max": 15.168876647949219,
      "p50": 0.05348140001296997,
      "p90": 0.808592677116394,
      "p95": 1.3149529695510864,
      "p99": 2.72953462600708
    },
    "se_summary": {
      "mean": 0.3925047218799591,
      "std": 2.0712358951568604,
      "min": 0.0,
      "max": 230.09481811523438,
      "p50": 0.00286026019603014,
      "p90": 0.6538220643997192,
      "p95": 1.7291014194488525,
      "p99": 7.450359344482422
    }
  }
}