{
  "train": {
    "mse": 0.010521208867430687,
    "rmse": 0.10257294412968113,
    "mae": 0.07716047763824463,
    "w2_global": 0.2376633584499359,
    "ae_summary": {
      "mean": 0.07716047763824463,
      "std": 0.06758304685354233,
      "min": 1.52587890625e-05,
      "max": 0.6278818845748901,
      "p50": 0.06066930294036865,
      "p90": 0.1626930832862854,
      "p95": 0.20337200164794922,
      "p99": 0.318278044462204
    },
    "se_summary": {
      "mean": 0.010521208867430687,
      "std": 0.021633604541420937,
      "min": 2.3283064365386963e-10,
      "max": 0.39423567056655884,
      "p50": 0.0036807642318308353,
      "p90": 0.026469038799405098,
      "p95": 0.04136018827557564,
      "p99": 0.10130124539136887
    }
  },
  "val": {
    "mse": 0.4252013862133026,
    "rmse": 0.652074678402177,
    "mae": 0.4755645990371704,
    "w2_global": 0.24600404500961304,
    "ae_summary": {
      "mean": 0.4755645990371704,
      "std": 0.4461386501789093,
      "min": 2.0682811737060547e-05,
      "max": 3.7325594425201416,
      "p50": 0.34687089920043945,
      "p90": 1.0785850286483765,
      "p95": 1.3863461017608643,
      "p99": 2.0385210514068604
    },
    "se_summary": {
      "mean": 0.4252013862133026,
      "std": 0.8442322015762329,
      "min": 4.277787013506895e-10,
      "max": 13.932000160217285,
      "p50": 0.1203194186091423,
      "p90": 1.1633456945419312,
      "p95": 1.9219554662704468,
      "p99": 4.155568599700928
    }
  },
  "test": {
    "mse": 0.3977939486503601,
    "rmse": 0.6307090840081186,
    "mae": 0.45068973302841187,
    "w2_global": 0.23139524459838867,
    "ae_summary": {
      "mean": 0.45068973302841187,
      "std": 0.4412172734737396,
      "min": 5.4836273193359375e-06,
      "max": 3.7364141941070557,
      "p50": 0.31847989559173584,
      "p90": 1.0267319679260254,
      "p95": 1.3782377243041992,
      "p99": 2.068392515182495
    },
    "se_summary": {
      "mean": 0.3977939486503601,
      "std": 0.8459251523017883,
      "min": 3.007016857736744e-11,
      "max": 13.960790634155273,
      "p50": 0.10142944753170013,
      "p90": 1.0541783571243286,
      "p95": 1.8995391130447388,
      "p99": 4.278247356414795
    }
  }
}