{
  "train": {
    "mse": 0.0,
    "rmse": 0.0,
    "mae": 0.0,
    "w2_global": 0.19000522792339325,
    "ae_summary": {
      "mean": 0.0,
      "std": 0.0,
      "min": 0.0,
      "max": 0.0,
      "p50": 0.0,
      "p90": 0.0,
      "p95": 0.0,
      "p99": 0.0
    },
    "se_summary": {
      "mean": 0.0,
      "std": 0.0,
      "min": 0.0,
      "max": 0.0,
      "p50": 0.0,
      "p90": 0.0,
      "p95": 0.0,
      "p99": 0.0
    }
  },
  "val": {
    "mse": 1.4652891159057617,
    "rmse": 1.2104912704789579,
    "mae": 0.89006108045578,
    "w2_global": 0.14247435331344604,
    "ae_summary": {
      "mean": 0.89006108045578,
      "std": 0.820414662361145,
      "min": 1.3232231140136719e-05,
      "max": 31.438993453979492,
      "p50": 0.6958831548690796,
      "p90": 1.8697843551635742,
      "p95": 2.3501241207122803,
      "p99": 3.571026563644409
    },
    "se_summary": {
      "mean": 1.4652891159057617,
      "std": 6.839353084564209,
      "min": 1.750919409460039e-10,
      "max": 988.4103393554688,
      "p50": 0.4842533469200134,
      "p90": 3.49609375,
      "p95": 5.523083686828613,
      "p99": 12.75223159790039
    }
  },
  "test": {
    "mse": 1.7125252485275269,
    "rmse": 1.308634879761168,
    "mae": 0.9564253687858582,
    "w2_global": 0.16091331839561462,
    "ae_summary": {
      "mean": 0.9564253687858582,
      "std": 0.8931828737258911,
      "min": 1.5050172805786133e-05,
      "max": 36.763038635253906,
      "p50": 0.746525764465332,
      "p90": 2.009587526321411,
      "p95": 2.529384136199951,
      "p99": 3.8580429553985596
    },
    "se_summary": {
      "mean": 1.7125252485275269,
      "std": 9.838617324829102,
      "min": 2.2650770148402444e-10,
      "max": 1351.52099609375,
      "p50": 0.5573007464408875,
      "p90": 4.038442611694336,
      "p95": 6.39778470993042,
      "p99": 14.88449478149414
    }
  }
}