{
  "train": {
    "mse": 0.0,
    "rmse": 0.0,
    "mae": 0.0,
    "w2_global": 0.07012395560741425,
    "ae_summary": {
      "mean": 0.0,
      "std": 0.0,
      "min": 0.0,
      "max": 0.0,
      "p50": 0.0,
      "p90": 0.0,
      "p95": 0.0,
      "p99": 0.0
    },
    "se_summary": {
      "mean": 0.0,
      "std": 0.0,
      "min": 0.0,
      "max": 0.0,
      "p50": 0.0,
      "p90": 0.0,
      "p95": 0.0,
      "p99": 0.0
    }
  },
  "val": {
    "mse": 0.7078069448471069,
    "rmse": 0.8413126320501237,
    "mae": 0.5804862976074219,
    "w2_global": 0.07146398723125458,
    "ae_summary": {
      "mean": 0.5804862976074219,
      "std": 0.6089684963226318,
      "min": 0.0,
      "max": 3.217756509780884,
      "p50": 0.42416757345199585,
      "p90": 1.402628779411316,
      "p95": 1.7471504211425781,
      "p99": 2.640826463699341
    },
    "se_summary": {
      "mean": 0.7078069448471069,
      "std": 1.3298258781433105,
      "min": 0.0,
      "max": 10.353957176208496,
      "p50": 0.17991814017295837,
      "p90": 1.9673672914505005,
      "p95": 3.052535057067871,
      "p99": 6.973964691162109
    }
  },
  "test": {
    "mse": 0.6334357857704163,
    "rmse": 0.79588679205677,
    "mae": 0.5259385108947754,
    "w2_global": 0.06789765506982803,
    "ae_summary": {
      "mean": 0.5259385108947754,
      "std": 0.5973478555679321,
      "min": 0.0,
      "max": 3.2139954566955566,
      "p50": 0.3535726070404053,
      "p90": 1.3604501485824585,
      "p95": 1.7091513872146606,
      "p99": 2.5773637294769287
    },
    "se_summary": {
      "mean": 0.6334357857704163,
      "std": 1.2569587230682373,
      "min": 0.0,
      "max": 10.329767227172852,
      "p50": 0.1250135749578476,
      "p90": 1.8508244752883911,
      "p95": 2.9211983680725098,
      "p99": 6.64280366897583
    }
  }
}