{
  "train": {
    "mse": 0.3343104422092438,
    "rmse": 0.5781958510826966,
    "mae": 0.4065142571926117,
    "w2_global": 0.12518751621246338,
    "ae_summary": {
      "mean": 0.4065142571926117,
      "std": 0.4111649692058563,
      "min": 6.834417581558228e-05,
      "max": 7.671465873718262,
      "p50": 0.2977897822856903,
      "p90": 0.878784716129303,
      "p95": 1.1428872346878052,
      "p99": 1.8552967309951782
    },
    "se_summary": {
      "mean": 0.3343104422092438,
      "std": 1.1460539102554321,
      "min": 4.67092631240007e-09,
      "max": 58.85138702392578,
      "p50": 0.0886787548661232,
      "p90": 0.7722625732421875,
      "p95": 1.3061915636062622,
      "p99": 3.442131519317627
    }
  },
  "val": {
    "mse": 0.6715691685676575,
    "rmse": 0.8194932388785507,
    "mae": 0.5501139760017395,
    "w2_global": 0.26036790013313293,
    "ae_summary": {
      "mean": 0.5501139760017395,
      "std": 0.6074074506759644,
      "min": 0.00023004412651062012,
      "max": 5.53291654586792,
      "p50": 0.3546576499938965,
      "p90": 1.2862436771392822,
      "p95": 1.8132141828536987,
      "p99": 2.9406466484069824
    },
    "se_summary": {
      "mean": 0.6715691685676575,
      "std": 1.7714219093322754,
      "min": 5.2920299253855774e-08,
      "max": 30.6131649017334,
      "p50": 0.1257820427417755,
      "p90": 1.6544420719146729,
      "p95": 3.287747859954834,
      "p99": 8.647425651550293
    }
  },
  "test": {
    "mse": 0.4892643690109253,
    "rmse": 0.6994743519321672,
    "mae": 0.47566327452659607,
    "w2_global": 0.2045644074678421,
    "ae_summary": {
      "mean": 0.47566327452659607,
      "std": 0.5128438472747803,
      "min": 8.58306884765625e-06,
      "max": 5.084892749786377,
      "p50": 0.32287901639938354,
      "p90": 1.0347213745117188,
      "p95": 1.4121252298355103,
      "p99": 2.6476314067840576
    },
    "se_summary": {
      "mean": 0.4892643690109253,
      "std": 1.3562790155410767,
      "min": 7.366907084360719e-11,
      "max": 25.85613441467285,
      "p50": 0.10425087064504623,
      "p90": 1.0706496238708496,
      "p95": 1.9941484928131104,
      "p99": 7.0100274085998535
    }
  }
}