{
  "best_alpha": 0.99,
  "best_gamma": 10.0,
  "alpha_grid": [
    0.99
  ],
  "gamma_grid": [
    10.0
  ],
  "results": {
    "(0.99, 10.0)": {
      "val_loss": 0.10682751946151256,
      "val_eval": 0.14672838822007178,
      "epoch": 24,
      "mse": 0.14672838822007178
    }
  },
  "standalone_mode": true
}