{
  "train": {
    "mse": 0.0924469605088234,
    "rmse": 0.3040509176253599,
    "mae": 0.1669856160879135,
    "w2_global": 0.10081131011247635,
    "ae_summary": {
      "mean": 0.1669856160879135,
      "std": 0.2540920674800873,
      "min": 0.0,
      "max": 7.675718307495117,
      "p50": 0.08343803882598877,
      "p90": 0.4104483127593994,
      "p95": 0.6308232545852661,
      "p99": 1.249901294708252
    },
    "se_summary": {
      "mean": 0.0924469605088234,
      "std": 0.44940516352653503,
      "min": 0.0,
      "max": 58.91665267944336,
      "p50": 0.00696190632879734,
      "p90": 0.16846781969070435,
      "p95": 0.3979380130767822,
      "p99": 1.5622533559799194
    }
  },
  "val": {
    "mse": 0.15191026031970978,
    "rmse": 0.38975666808883436,
    "mae": 0.23072348535060883,
    "w2_global": 0.11006532609462738,
    "ae_summary": {
      "mean": 0.23072348535060883,
      "std": 0.3141288757324219,
      "min": 1.2665987014770508e-07,
      "max": 9.623048782348633,
      "p50": 0.12276763468980789,
      "p90": 0.5657559633255005,
      "p95": 0.8026272654533386,
      "p99": 1.4997608661651611
    },
    "se_summary": {
      "mean": 0.15191026031970978,
      "std": 0.6731550097465515,
      "min": 1.6042722705833512e-14,
      "max": 92.60306549072266,
      "p50": 0.01507189217954874,
      "p90": 0.3200798034667969,
      "p95": 0.6442105174064636,
      "p99": 2.2492828369140625
    }
  },
  "test": {
    "mse": 0.14157502353191376,
    "rmse": 0.3762645658734207,
    "mae": 0.2254047989845276,
    "w2_global": 0.10332165658473969,
    "ae_summary": {
      "mean": 0.2254047989845276,
      "std": 0.3012767434120178,
      "min": 2.682209014892578e-06,
      "max": 8.727835655212402,
      "p50": 0.12282548099756241,
      "p90": 0.5428438186645508,
      "p95": 0.769424557685852,
      "p99": 1.4339849948883057
    },
    "se_summary": {
      "mean": 0.14157502353191376,
      "std": 0.6133937239646912,
      "min": 7.194245199571014e-12,
      "max": 76.17511749267578,
      "p50": 0.015086098574101925,
      "p90": 0.2946794033050537,
      "p95": 0.5920141935348511,
      "p99": 2.0563132762908936
    }
  }
}