{
  "train": {
    "mse": 4725.27783203125,
    "rmse": 68.74065632528722,
    "mae": 54.8939323425293,
    "w2_global": 0.630361020565033,
    "ae_summary": {
      "mean": 54.8939323425293,
      "std": 41.37552261352539,
      "min": 0.001457512378692627,
      "max": 369.333251953125,
      "p50": 47.03780746459961,
      "p90": 109.4827651977539,
      "p95": 130.99513244628906,
      "p99": 186.12979125976562
    },
    "se_summary": {
      "mean": 4725.27783203125,
      "std": 7265.52978515625,
      "min": 2.1243422452243976e-06,
      "max": 136407.046875,
      "p50": 2212.555419921875,
      "p90": 11986.4755859375,
      "p95": 17159.724609375,
      "p99": 34644.30078125
    }
  },
  "val": {
    "mse": 0.760158360004425,
    "rmse": 0.8718706096689033,
    "mae": 0.603868842124939,
    "w2_global": 0.5974023938179016,
    "ae_summary": {
      "mean": 0.603868842124939,
      "std": 0.6288885474205017,
      "min": 1.768177025951445e-05,
      "max": 10.875638961791992,
      "p50": 0.4274647831916809,
      "p90": 1.3511385917663574,
      "p95": 1.747347354888916,
      "p99": 2.7230782508850098
    },
    "se_summary": {
      "mean": 0.760158360004425,
      "std": 2.6603591442108154,
      "min": 3.1264499322780637e-10,
      "max": 118.27952575683594,
      "p50": 0.18272614479064941,
      "p90": 1.8255754709243774,
      "p95": 3.05322265625,
      "p99": 7.415155410766602
    }
  },
  "test": {
    "mse": 0.7489345073699951,
    "rmse": 0.8654100226886646,
    "mae": 0.5917015075683594,
    "w2_global": 0.5943924188613892,
    "ae_summary": {
      "mean": 0.5917015075683594,
      "std": 0.6315249800682068,
      "min": 8.657574653625488e-06,
      "max": 21.22270393371582,
      "p50": 0.4163426160812378,
      "p90": 1.3175312280654907,
      "p95": 1.7372459173202515,
      "p99": 2.781749725341797
    },
    "se_summary": {
      "mean": 0.7489345073699951,
      "std": 2.941291570663452,
      "min": 7.495359888309849e-11,
      "max": 450.4031677246094,
      "p50": 0.17334118485450745,
      "p90": 1.7358884811401367,
      "p95": 3.0180234909057617,
      "p99": 7.738131523132324
    }
  }
}