{
  "test": {
    "mse": 0.14821849763393402,
    "rmse": 0.3849915552761307,
    "mae": 0.16673898696899414,
    "w2_global": 0.014069782570004463,
    "ae_summary": {
      "mean": 0.16673898696899414,
      "std": 0.3470109701156616,
      "min": 8.940696716308594e-08,
      "max": 10.072256088256836,
      "p50": 0.029227957129478455,
      "p90": 0.47938841581344604,
      "p95": 0.7693066596984863,
      "p99": 1.632833480834961
    },
    "se_summary": {
      "mean": 0.14821849763393402,
      "std": 0.9720035195350647,
      "min": 7.993605777301127e-15,
      "max": 101.4503402709961,
      "p50": 0.0008542735013179481,
      "p90": 0.22981324791908264,
      "p95": 0.59183269739151,
      "p99": 2.6661453247070312
    }
  }
}