{
  "best_alpha": 0.99,
  "best_gamma": 0.1,
  "alpha_grid": [
    0.01,
    0.25,
    0.5,
    0.75,
    0.99
  ],
  "gamma_grid": [
    0.1,
    1.0,
    5.0,
    10.0
  ],
  "results": {
    "(0.01, 0.1)": {
      "val_loss": 0.2292369306087494,
      "val_eval": 0.20367786288261414,
      "epoch": 24,
      "mse": 0.20367784798145294,
      "w2_global": 0.018512576818466187,
      "cvar": 0.5244511365890503
    },
    "(0.01, 1.0)": {
      "val_loss": 0.2236410677433014,
      "val_eval": 0.19626645743846893,
      "epoch": 23,
      "mse": 0.19626645743846893,
      "w2_global": 0.018509941175580025,
      "cvar": 0.4981103241443634
    },
    "(0.01, 5.0)": {
      "val_loss": 0.23014087975025177,
      "val_eval": 0.20287632942199707,
      "epoch": 30,
      "mse": 0.20287631452083588,
      "w2_global": 0.01894450932741165,
      "cvar": 0.5308150053024292
    },
    "(0.01, 10.0)": {
      "val_loss": 0.26162955164909363,
      "val_eval": 0.2240373194217682,
      "epoch": 30,
      "mse": 0.22403733432292938,
      "w2_global": 0.01892922632396221,
      "cvar": 0.5864965915679932
    },
    "(0.25, 0.1)": {
      "val_loss": 0.1818167269229889,
      "val_eval": 0.16776925325393677,
      "epoch": 28,
      "mse": 0.16776923835277557,
      "w2_global": 0.018266920000314713,
      "cvar": 0.4177273213863373
    },
    "(0.25, 1.0)": {
      "val_loss": 0.19445256888866425,
      "val_eval": 0.1792813092470169,
      "epoch": 27,
      "mse": 0.17928127944469452,
      "w2_global": 0.01703229919075966,
      "cvar": 0.48160451650619507
    },
    "(0.25, 5.0)": {
      "val_loss": 0.18637891113758087,
      "val_eval": 0.16306059062480927,
      "epoch": 28,
      "mse": 0.16306059062480927,
      "w2_global": 0.018623212352395058,
      "cvar": 0.4456891715526581
    },
    "(0.25, 10.0)": {
      "val_loss": 0.17422369122505188,
      "val_eval": 0.1573091298341751,
      "epoch": 29,
      "mse": 0.1573091298341751,
      "w2_global": 0.018352847546339035,
      "cvar": 0.39634421467781067
    },
    "(0.5, 0.1)": {
      "val_loss": 0.13949540257453918,
      "val_eval": 0.1276843398809433,
      "epoch": 30,
      "mse": 0.1276843398809433,
      "w2_global": 0.01630225032567978,
      "cvar": 0.34121665358543396
    },
    "(0.5, 1.0)": {
      "val_loss": 0.11714861541986465,
      "val_eval": 0.12189516425132751,
      "epoch": 30,
      "mse": 0.12189516425132751,
      "w2_global": 0.017878642305731773,
      "cvar": 0.3182719945907593
    },
    "(0.5, 5.0)": {
      "val_loss": 0.1225978434085846,
      "val_eval": 0.12346508353948593,
      "epoch": 30,
      "mse": 0.12346508353948593,
      "w2_global": 0.01783764734864235,
      "cvar": 0.33063116669654846
    },
    "(0.5, 10.0)": {
      "val_loss": 0.12599655985832214,
      "val_eval": 0.13081566989421844,
      "epoch": 29,
      "mse": 0.13081566989421844,
      "w2_global": 0.017573093995451927,
      "cvar": 0.3426404893398285
    },
    "(0.75, 0.1)": {
      "val_loss": 0.07665661722421646,
      "val_eval": 0.07771731168031693,
      "epoch": 30,
      "mse": 0.07771731168031693,
      "w2_global": 0.014060069806873798,
      "cvar": 0.193759486079216
    },
    "(0.75, 1.0)": {
      "val_loss": 0.07683271169662476,
      "val_eval": 0.09269674867391586,
      "epoch": 30,
      "mse": 0.09269674867391586,
      "w2_global": 0.012962261214852333,
      "cvar": 0.21986743807792664
    },
    "(0.75, 5.0)": {
      "val_loss": 0.06679216772317886,
      "val_eval": 0.08639112859964371,
      "epoch": 30,
      "mse": 0.08639112859964371,
      "w2_global": 0.01679036393761635,
      "cvar": 0.21288451552391052
    },
    "(0.75, 10.0)": {
      "val_loss": 0.07584881037473679,
      "val_eval": 0.0741543173789978,
      "epoch": 30,
      "mse": 0.0741543099284172,
      "w2_global": 0.011776421219110489,
      "cvar": 0.1795562356710434
    },
    "(0.99, 0.1)": {
      "val_loss": 0.03068130649626255,
      "val_eval": 0.034601520746946335,
      "epoch": 30,
      "mse": 0.03460152819752693,
      "w2_global": 0.006871627178043127,
      "cvar": 0.08400078117847443
    },
    "(0.99, 1.0)": {
      "val_loss": 0.03581734001636505,
      "val_eval": 0.054271914064884186,
      "epoch": 30,
      "mse": 0.054271914064884186,
      "w2_global": 0.013846658170223236,
      "cvar": 0.1474200189113617
    },
    "(0.99, 5.0)": {
      "val_loss": 0.032672710716724396,
      "val_eval": 0.038993317633867264,
      "epoch": 30,
      "mse": 0.038993317633867264,
      "w2_global": 0.004675960633903742,
      "cvar": 0.09669072180986404
    },
    "(0.99, 10.0)": {
      "val_loss": 0.032156992703676224,
      "val_eval": 0.04471217095851898,
      "epoch": 30,
      "mse": 0.04471217095851898,
      "w2_global": 0.009416096843779087,
      "cvar": 0.11963057518005371
    }
  }
}