{
  "train": {
    "mse": 0.02777339145541191,
    "rmse": 0.1666535071800528,
    "mae": 0.12431648373603821,
    "w2_global": 0.005080660339444876,
    "ae_summary": {
      "mean": 0.12431648373603821,
      "std": 0.11099009215831757,
      "min": 1.0728836059570312e-06,
      "max": 1.4871878623962402,
      "p50": 0.09593160450458527,
      "p90": 0.26448854804039,
      "p95": 0.33674174547195435,
      "p99": 0.5173657536506653
    },
    "se_summary": {
      "mean": 0.02777339145541191,
      "std": 0.05803441256284714,
      "min": 1.1510792319313623e-12,
      "max": 2.2117276191711426,
      "p50": 0.009202873334288597,
      "p90": 0.06995418667793274,
      "p95": 0.11339500546455383,
      "p99": 0.26766732335090637
    }
  },
  "val": {
    "mse": 0.03460152819752693,
    "rmse": 0.18601486015242688,
    "mae": 0.1408427655696869,
    "w2_global": 0.006871627178043127,
    "ae_summary": {
      "mean": 0.1408427655696869,
      "std": 0.12151065468788147,
      "min": 1.6689300537109375e-06,
      "max": 1.1256685256958008,
      "p50": 0.11318618059158325,
      "p90": 0.28982800245285034,
      "p95": 0.373494416475296,
      "p99": 0.5770269632339478
    },
    "se_summary": {
      "mean": 0.03460152819752693,
      "std": 0.06882476061582565,
      "min": 2.7853275241795927e-12,
      "max": 1.26712965965271,
      "p50": 0.01281111128628254,
      "p90": 0.08400078117847443,
      "p95": 0.13949808478355408,
      "p99": 0.33296093344688416
    }
  },
  "test": {
    "mse": 0.0347926951944828,
    "rmse": 0.18652800110032489,
    "mae": 0.14154697954654694,
    "w2_global": 0.004900634288787842,
    "ae_summary": {
      "mean": 0.14154697954654694,
      "std": 0.12147898972034454,
      "min": 9.924173355102539e-05,
      "max": 0.8562030792236328,
      "p50": 0.11087097227573395,
      "p90": 0.3005028963088989,
      "p95": 0.3816261291503906,
      "p99": 0.5693359375
    },
    "se_summary": {
      "mean": 0.0347926951944828,
      "std": 0.06313767284154892,
      "min": 9.848921678212719e-09,
      "max": 0.7330837249755859,
      "p50": 0.012292372062802315,
      "p90": 0.0903019905090332,
      "p95": 0.14563849568367004,
      "p99": 0.3241434097290039
    }
  }
}