{
  "train": {
    "mse": 2649.422607421875,
    "rmse": 51.47254226693951,
    "mae": 41.8411979675293,
    "w2_global": 0.2657882571220398,
    "ae_summary": {
      "mean": 41.8411979675293,
      "std": 29.978939056396484,
      "min": 0.0015032291412353516,
      "max": 183.62986755371094,
      "p50": 36.52510070800781,
      "p90": 84.45081329345703,
      "p95": 97.88333129882812,
      "p99": 121.09520721435547
    },
    "se_summary": {
      "mean": 2649.422607421875,
      "std": 3337.903564453125,
      "min": 2.2596977942157537e-06,
      "max": 33719.9296875,
      "p50": 1334.0830078125,
      "p90": 7131.939453125,
      "p95": 9581.146484375,
      "p99": 14664.0498046875
    }
  },
  "val": {
    "mse": 0.24537980556488037,
    "rmse": 0.495358259812916,
    "mae": 0.33259931206703186,
    "w2_global": 0.29989245533943176,
    "ae_summary": {
      "mean": 0.33259931206703186,
      "std": 0.3670933246612549,
      "min": 3.4868717193603516e-06,
      "max": 3.2323336601257324,
      "p50": 0.1930326521396637,
      "p90": 0.8867581486701965,
      "p95": 1.1689599752426147,
      "p99": 1.5826411247253418
    },
    "se_summary": {
      "mean": 0.24537980556488037,
      "std": 0.5411660671234131,
      "min": 1.2158274387275014e-11,
      "max": 10.447980880737305,
      "p50": 0.03726160153746605,
      "p90": 0.786340057849884,
      "p95": 1.3664674758911133,
      "p99": 2.5047528743743896
    }
  },
  "test": {
    "mse": 0.16777513921260834,
    "rmse": 0.4096036367179964,
    "mae": 0.26905378699302673,
    "w2_global": 0.2692173719406128,
    "ae_summary": {
      "mean": 0.26905378699302673,
      "std": 0.3088449239730835,
      "min": 5.960464477539062e-07,
      "max": 3.1293864250183105,
      "p50": 0.1629282534122467,
      "p90": 0.6891983151435852,
      "p95": 0.9435577988624573,
      "p99": 1.420080304145813
    },
    "se_summary": {
      "mean": 0.16777513921260834,
      "std": 0.43142858147621155,
      "min": 3.552713678800501e-13,
      "max": 9.793059349060059,
      "p50": 0.02654561586678028,
      "p90": 0.4749943017959595,
      "p95": 0.8903014063835144,
      "p99": 2.0166280269622803
    }
  }
}