{
  "train": {
    "mse": 0.22722484171390533,
    "rmse": 0.476681069179284,
    "mae": 0.356838583946228,
    "w2_global": 0.2422521561384201,
    "ae_summary": {
      "mean": 0.356838583946228,
      "std": 0.3160555064678192,
      "min": 2.5480985641479492e-05,
      "max": 2.5911290645599365,
      "p50": 0.27090880274772644,
      "p90": 0.7872305512428284,
      "p95": 1.0070340633392334,
      "p99": 1.4300975799560547
    },
    "se_summary": {
      "mean": 0.22722484171390533,
      "std": 0.422784686088562,
      "min": 6.49280629261284e-10,
      "max": 6.713949680328369,
      "p50": 0.07339157909154892,
      "p90": 0.6197319626808167,
      "p95": 1.01411771774292,
      "p99": 2.0451807975769043
    }
  },
  "val": {
    "mse": 0.3330508768558502,
    "rmse": 0.5771056028629857,
    "mae": 0.4345564842224121,
    "w2_global": 0.2598698139190674,
    "ae_summary": {
      "mean": 0.4345564842224121,
      "std": 0.37975192070007324,
      "min": 9.655952453613281e-06,
      "max": 3.0268611907958984,
      "p50": 0.3321220874786377,
      "p90": 0.9514257907867432,
      "p95": 1.1876435279846191,
      "p99": 1.712618112564087
    },
    "se_summary": {
      "mean": 0.3330508768558502,
      "std": 0.6002163887023926,
      "min": 9.323741778644035e-11,
      "max": 9.16188907623291,
      "p50": 0.11030507832765579,
      "p90": 0.9052110314369202,
      "p95": 1.4104971885681152,
      "p99": 2.933062791824341
    }
  },
  "test": {
    "mse": 0.33266764879226685,
    "rmse": 0.5767734813531799,
    "mae": 0.42558568716049194,
    "w2_global": 0.2617345452308655,
    "ae_summary": {
      "mean": 0.42558568716049194,
      "std": 0.3892870843410492,
      "min": 2.1696090698242188e-05,
      "max": 3.299759864807129,
      "p50": 0.3146706819534302,
      "p90": 0.9400513172149658,
      "p95": 1.1979680061340332,
      "p99": 1.8123958110809326
    },
    "se_summary": {
      "mean": 0.33266764879226685,
      "std": 0.6617375612258911,
      "min": 4.707203515863512e-10,
      "max": 10.888415336608887,
      "p50": 0.09901763498783112,
      "p90": 0.8836964964866638,
      "p95": 1.4351274967193604,
      "p99": 3.2847790718078613
    }
  }
}