{
  "best_alpha": 0.99,
  "best_gamma": 10.0,
  "alpha_grid": [
    0.01,
    0.25,
    0.5,
    0.75,
    0.99
  ],
  "gamma_grid": [
    0.1,
    1.0,
    5.0,
    10.0
  ],
  "results": {
    "(0.01, 0.1)": {
      "val_loss": 0.8286690711975098,
      "val_eval": 1.3473899364471436,
      "epochs": 30,
      "mse": 1.347390055656433,
      "w2_global": 0.4862821102142334,
      "cvar": 2.1726622581481934
    },
    "(0.01, 1.0)": {
      "val_loss": 0.8060579895973206,
      "val_eval": 1.3150713443756104,
      "epochs": 30,
      "mse": 1.3150713443756104,
      "w2_global": 0.47411271929740906,
      "cvar": 2.057620048522949
    },
    "(0.01, 5.0)": {
      "val_loss": 0.8067735433578491,
      "val_eval": 1.3203023672103882,
      "epochs": 30,
      "mse": 1.3203024864196777,
      "w2_global": 0.47848936915397644,
      "cvar": 2.0541532039642334
    },
    "(0.01, 10.0)": {
      "val_loss": 0.8200637698173523,
      "val_eval": 1.3175920248031616,
      "epochs": 30,
      "mse": 1.3175917863845825,
      "w2_global": 0.48737773299217224,
      "cvar": 2.1442694664001465
    },
    "(0.25, 0.1)": {
      "val_loss": 0.7635738253593445,
      "val_eval": 1.2588567733764648,
      "epochs": 30,
      "mse": 1.2588567733764648,
      "w2_global": 0.4672091603279114,
      "cvar": 1.934338927268982
    },
    "(0.25, 1.0)": {
      "val_loss": 0.7712287902832031,
      "val_eval": 1.2475545406341553,
      "epochs": 30,
      "mse": 1.2475545406341553,
      "w2_global": 0.4675694704055786,
      "cvar": 1.9527533054351807
    },
    "(0.25, 5.0)": {
      "val_loss": 0.7813853621482849,
      "val_eval": 1.2664378881454468,
      "epochs": 30,
      "mse": 1.2664378881454468,
      "w2_global": 0.46955975890159607,
      "cvar": 1.9737111330032349
    },
    "(0.25, 10.0)": {
      "val_loss": 0.7763253450393677,
      "val_eval": 1.2691632509231567,
      "epochs": 30,
      "mse": 1.2691632509231567,
      "w2_global": 0.47825556993484497,
      "cvar": 1.9213228225708008
    },
    "(0.5, 0.1)": {
      "val_loss": 0.6011560559272766,
      "val_eval": 1.0071523189544678,
      "epochs": 30,
      "mse": 1.0071523189544678,
      "w2_global": 0.40604257583618164,
      "cvar": 1.1375280618667603
    },
    "(0.5, 1.0)": {
      "val_loss": 0.5904653072357178,
      "val_eval": 0.9623585939407349,
      "epochs": 30,
      "mse": 0.9623585939407349,
      "w2_global": 0.39059194922447205,
      "cvar": 1.0318971872329712
    },
    "(0.5, 5.0)": {
      "val_loss": 0.6122837662696838,
      "val_eval": 1.0078635215759277,
      "epochs": 30,
      "mse": 1.0078635215759277,
      "w2_global": 0.4140131175518036,
      "cvar": 1.2994440793991089
    },
    "(0.5, 10.0)": {
      "val_loss": 0.7054066061973572,
      "val_eval": 1.1493171453475952,
      "epochs": 30,
      "mse": 1.1493171453475952,
      "w2_global": 0.44433388113975525,
      "cvar": 1.6172953844070435
    },
    "(0.75, 0.1)": {
      "val_loss": 0.46679234504699707,
      "val_eval": 0.7636108994483948,
      "epochs": 30,
      "mse": 0.7636109590530396,
      "w2_global": 0.3344779908657074,
      "cvar": 0.7257351279258728
    },
    "(0.75, 1.0)": {
      "val_loss": 0.5497340559959412,
      "val_eval": 0.882785975933075,
      "epochs": 30,
      "mse": 0.8827859163284302,
      "w2_global": 0.3435365855693817,
      "cvar": 0.9136086702346802
    },
    "(0.75, 5.0)": {
      "val_loss": 0.5177034735679626,
      "val_eval": 0.8374634981155396,
      "epochs": 30,
      "mse": 0.8374634981155396,
      "w2_global": 0.3439192771911621,
      "cvar": 0.7951961755752563
    },
    "(0.75, 10.0)": {
      "val_loss": 0.5901229381561279,
      "val_eval": 0.9486531615257263,
      "epochs": 30,
      "mse": 0.9486531615257263,
      "w2_global": 0.34920185804367065,
      "cvar": 0.9697219729423523
    },
    "(0.99, 0.1)": {
      "val_loss": 0.45848554372787476,
      "val_eval": 0.7353593707084656,
      "epochs": 30,
      "mse": 0.7353593707084656,
      "w2_global": 0.31854042410850525,
      "cvar": 0.6826354265213013
    },
    "(0.99, 1.0)": {
      "val_loss": 0.4053018391132355,
      "val_eval": 0.638360321521759,
      "epochs": 30,
      "mse": 0.638360321521759,
      "w2_global": 0.3127115070819855,
      "cvar": 0.702666163444519
    },
    "(0.99, 5.0)": {
      "val_loss": 0.3958495855331421,
      "val_eval": 0.5937287211418152,
      "epochs": 30,
      "mse": 0.5937287211418152,
      "w2_global": 0.2858285903930664,
      "cvar": 0.649568498134613
    },
    "(0.99, 10.0)": {
      "val_loss": 0.38789477944374084,
      "val_eval": 0.606090247631073,
      "epochs": 30,
      "mse": 0.6060903072357178,
      "w2_global": 0.2866083085536957,
      "cvar": 0.5647772550582886
    }
  }
}