{
  "train": {
    "mse": 0.4325167238712311,
    "rmse": 0.6576600366992289,
    "mae": 0.2988172769546509,
    "w2_global": 0.23312260210514069,
    "ae_summary": {
      "mean": 0.2988172769546509,
      "std": 0.5858540534973145,
      "min": 2.562999725341797e-06,
      "max": 37.737709045410156,
      "p50": 0.18143510818481445,
      "p90": 0.6386113166809082,
      "p95": 0.8449944257736206,
      "p99": 1.6108189821243286
    },
    "se_summary": {
      "mean": 0.4325167238712311,
      "std": 10.444314956665039,
      "min": 6.568967592102126e-12,
      "max": 1424.1346435546875,
      "p50": 0.03291869908571243,
      "p90": 0.40782439708709717,
      "p95": 0.7140156626701355,
      "p99": 2.594738006591797
    }
  },
  "val": {
    "mse": 0.6060903072357178,
    "rmse": 0.778518019852924,
    "mae": 0.3804914057254791,
    "w2_global": 0.2866083085536957,
    "ae_summary": {
      "mean": 0.3804914057254791,
      "std": 0.6792029142379761,
      "min": 8.165836334228516e-06,
      "max": 12.44311809539795,
      "p50": 0.21614617109298706,
      "p90": 0.7515166401863098,
      "p95": 1.018988847732544,
      "p99": 3.5240325927734375
    },
    "se_summary": {
      "mean": 0.6060903072357178,
      "std": 4.414847373962402,
      "min": 6.66808830374066e-11,
      "max": 154.83119201660156,
      "p50": 0.04671916738152504,
      "p90": 0.5647772550582886,
      "p95": 1.0383384227752686,
      "p99": 12.418831825256348
    }
  },
  "test": {
    "mse": 1.167384147644043,
    "rmse": 1.0804555278418648,
    "mae": 0.3937208354473114,
    "w2_global": 0.3992711305618286,
    "ae_summary": {
      "mean": 0.3937208354473114,
      "std": 1.0061650276184082,
      "min": 6.67572021484375e-06,
      "max": 30.279970169067383,
      "p50": 0.2138150930404663,
      "p90": 0.7503655552864075,
      "p95": 1.0523154735565186,
      "p99": 2.9941539764404297
    },
    "se_summary": {
      "mean": 1.167384147644043,
      "std": 18.42824363708496,
      "min": 4.4565240386873484e-11,
      "max": 916.8765869140625,
      "p50": 0.04571688920259476,
      "p90": 0.5630484819412231,
      "p95": 1.1073678731918335,
      "p99": 8.964958190917969
    }
  }
}