{
  "train": {
    "mse": 6865.830078125,
    "rmse": 82.86030459831173,
    "mae": 60.83393859863281,
    "w2_global": 0.4071604311466217,
    "ae_summary": {
      "mean": 60.83393859863281,
      "std": 56.25888442993164,
      "min": 0.0028021931648254395,
      "max": 329.443359375,
      "p50": 43.702064514160156,
      "p90": 141.9572296142578,
      "p95": 181.7672119140625,
      "p99": 253.69122314453125
    },
    "se_summary": {
      "mean": 6865.830078125,
      "std": 12432.7763671875,
      "min": 7.852286216802895e-06,
      "max": 108532.9296875,
      "p50": 1909.8704833984375,
      "p90": 20151.939453125,
      "p95": 33039.31640625,
      "p99": 64359.25390625
    }
  },
  "val": {
    "mse": 0.4319244921207428,
    "rmse": 0.657209625706093,
    "mae": 0.4640626311302185,
    "w2_global": 0.4395838975906372,
    "ae_summary": {
      "mean": 0.4640626311302185,
      "std": 0.4653712213039398,
      "min": 0.0003243088722229004,
      "max": 4.465428352355957,
      "p50": 0.3380141258239746,
      "p90": 1.0002533197402954,
      "p95": 1.3199584484100342,
      "p99": 2.3518664836883545
    },
    "se_summary": {
      "mean": 0.4319244921207428,
      "std": 1.059227705001831,
      "min": 1.0517624104977585e-07,
      "max": 19.94005012512207,
      "p50": 0.11425358057022095,
      "p90": 1.00050687789917,
      "p95": 1.7422935962677002,
      "p99": 5.531288146972656
    }
  },
  "test": {
    "mse": 0.3917749524116516,
    "rmse": 0.6259192858601272,
    "mae": 0.4564201235771179,
    "w2_global": 0.40945279598236084,
    "ae_summary": {
      "mean": 0.4564201235771179,
      "std": 0.4283170998096466,
      "min": 3.814697265625e-06,
      "max": 5.479521751403809,
      "p50": 0.35360410809516907,
      "p90": 0.9503886103630066,
      "p95": 1.2176969051361084,
      "p99": 2.06742787361145
    },
    "se_summary": {
      "mean": 0.3917749524116516,
      "std": 1.0593119859695435,
      "min": 1.4551915228366852e-11,
      "max": 30.025157928466797,
      "p50": 0.1250358670949936,
      "p90": 0.9032385349273682,
      "p95": 1.4827865362167358,
      "p99": 4.274258613586426
    }
  }
}