{
  "best_alpha": 0.99,
  "best_gamma": 5.0,
  "alpha_grid": [
    0.99
  ],
  "gamma_grid": [
    5.0
  ],
  "results": {
    "(0.99, 5.0)": {
      "val_loss": 0.011881029304976646,
      "val_eval": 1.3257105075396025,
      "epoch": 23,
      "mse": 1.3257105075396025
    }
  },
  "standalone_mode": true
}