{
  "train": {
    "mse": 0.03459104523062706,
    "rmse": 0.1859866802505681,
    "mae": 0.046461496502161026,
    "w2_global": 0.31891536712646484,
    "ae_summary": {
      "mean": 0.046461496502161026,
      "std": 0.18008990585803986,
      "min": 1.4901161193847656e-07,
      "max": 56.80890655517578,
      "p50": 0.03483060002326965,
      "p90": 0.09179830551147461,
      "p95": 0.11517947912216187,
      "p99": 0.18392755091190338
    },
    "se_summary": {
      "mean": 0.03459104523062706,
      "std": 6.74154806137085,
      "min": 2.220446049250313e-14,
      "max": 3227.251953125,
      "p50": 0.0012131707044318318,
      "p90": 0.008426928892731667,
      "p95": 0.013266311958432198,
      "p99": 0.03382934629917145
    }
  },
  "val": {
    "mse": 1.3233580589294434,
    "rmse": 1.150373008606097,
    "mae": 0.8233088254928589,
    "w2_global": 0.3227088749408722,
    "ae_summary": {
      "mean": 0.8233088254928589,
      "std": 0.8034430146217346,
      "min": 5.960464477539063e-08,
      "max": 36.20303726196289,
      "p50": 0.6410574913024902,
      "p90": 1.7126739025115967,
      "p95": 2.1445999145507812,
      "p99": 3.290651798248291
    },
    "se_summary": {
      "mean": 1.3233580589294434,
      "std": 8.955096244812012,
      "min": 3.552713678800501e-15,
      "max": 1310.659912109375,
      "p50": 0.41095471382141113,
      "p90": 2.9332518577575684,
      "p95": 4.599308967590332,
      "p99": 10.828389167785645
    }
  },
  "test": {
    "mse": 1.2833354473114014,
    "rmse": 1.1328439642384125,
    "mae": 0.819391667842865,
    "w2_global": 0.3070228099822998,
    "ae_summary": {
      "mean": 0.819391667842865,
      "std": 0.782261312007904,
      "min": 2.0265579223632812e-06,
      "max": 36.04515838623047,
      "p50": 0.6381211280822754,
      "p90": 1.7177503108978271,
      "p95": 2.144545793533325,
      "p99": 3.273698568344116
    },
    "se_summary": {
      "mean": 1.2833354473114014,
      "std": 7.986778259277344,
      "min": 4.106937012693379e-12,
      "max": 1299.25341796875,
      "p50": 0.40719854831695557,
      "p90": 2.9506664276123047,
      "p95": 4.599076271057129,
      "p99": 10.717103004455566
    }
  }
}