{
  "best_alpha": 0.99,
  "best_gamma": 10.0,
  "alpha_grid": [
    0.01,
    0.25,
    0.5,
    0.75,
    0.99
  ],
  "gamma_grid": [
    0.1,
    1.0,
    5.0,
    10.0
  ],
  "results": {
    "(0.01, 0.1)": {
      "val_loss": 1.0132436752319336,
      "val_eval": 1.0585323572158813,
      "epoch": 30,
      "mse": 1.0585323572158813,
      "w2_global": 0.08654618263244629,
      "cvar": 3.2980217933654785
    },
    "(0.01, 1.0)": {
      "val_loss": 1.1152509450912476,
      "val_eval": 1.1429308652877808,
      "epoch": 30,
      "mse": 1.1429309844970703,
      "w2_global": 0.09119389206171036,
      "cvar": 3.676361083984375
    },
    "(0.01, 5.0)": {
      "val_loss": 1.22544527053833,
      "val_eval": 1.1728326082229614,
      "epoch": 30,
      "mse": 1.1728326082229614,
      "w2_global": 0.08629424124956131,
      "cvar": 3.479285955429077
    },
    "(0.01, 10.0)": {
      "val_loss": 0.9647098183631897,
      "val_eval": 0.97889643907547,
      "epoch": 30,
      "mse": 0.9788966178894043,
      "w2_global": 0.0829397663474083,
      "cvar": 2.8451035022735596
    },
    "(0.25, 0.1)": {
      "val_loss": 0.7250117659568787,
      "val_eval": 0.6293637752532959,
      "epoch": 28,
      "mse": 0.6293637156486511,
      "w2_global": 0.06818275153636932,
      "cvar": 1.8570817708969116
    },
    "(0.25, 1.0)": {
      "val_loss": 0.6500428318977356,
      "val_eval": 0.556715726852417,
      "epoch": 30,
      "mse": 0.556715726852417,
      "w2_global": 0.06289038062095642,
      "cvar": 1.7949529886245728
    },
    "(0.25, 5.0)": {
      "val_loss": 0.5781503915786743,
      "val_eval": 0.5248994827270508,
      "epoch": 30,
      "mse": 0.5248995423316956,
      "w2_global": 0.06155896931886673,
      "cvar": 1.3730106353759766
    },
    "(0.25, 10.0)": {
      "val_loss": 0.6538689136505127,
      "val_eval": 0.6857807040214539,
      "epoch": 30,
      "mse": 0.6857807636260986,
      "w2_global": 0.07045640796422958,
      "cvar": 1.7336138486862183
    },
    "(0.5, 0.1)": {
      "val_loss": 0.42027005553245544,
      "val_eval": 0.44763118028640747,
      "epoch": 30,
      "mse": 0.4476311206817627,
      "w2_global": 0.05032125487923622,
      "cvar": 1.1272525787353516
    },
    "(0.5, 1.0)": {
      "val_loss": 0.3840259611606598,
      "val_eval": 0.46097496151924133,
      "epoch": 30,
      "mse": 0.46097490191459656,
      "w2_global": 0.05231406167149544,
      "cvar": 1.2681059837341309
    },
    "(0.5, 5.0)": {
      "val_loss": 0.5296344757080078,
      "val_eval": 0.5419719219207764,
      "epoch": 30,
      "mse": 0.5419719219207764,
      "w2_global": 0.056852392852306366,
      "cvar": 1.4460787773132324
    },
    "(0.5, 10.0)": {
      "val_loss": 0.5033724904060364,
      "val_eval": 0.4681899845600128,
      "epoch": 30,
      "mse": 0.4681900441646576,
      "w2_global": 0.0484544076025486,
      "cvar": 1.2776275873184204
    },
    "(0.75, 0.1)": {
      "val_loss": 0.329832524061203,
      "val_eval": 0.3505909740924835,
      "epoch": 30,
      "mse": 0.3505909740924835,
      "w2_global": 0.04302700236439705,
      "cvar": 0.9616370797157288
    },
    "(0.75, 1.0)": {
      "val_loss": 0.3510773181915283,
      "val_eval": 0.3491535782814026,
      "epoch": 30,
      "mse": 0.3491535782814026,
      "w2_global": 0.0480303131043911,
      "cvar": 0.9058414101600647
    },
    "(0.75, 5.0)": {
      "val_loss": 0.3367239832878113,
      "val_eval": 0.36209288239479065,
      "epoch": 30,
      "mse": 0.36209285259246826,
      "w2_global": 0.04417560249567032,
      "cvar": 1.005202054977417
    },
    "(0.75, 10.0)": {
      "val_loss": 0.3568556606769562,
      "val_eval": 0.3590525984764099,
      "epoch": 30,
      "mse": 0.3590525984764099,
      "w2_global": 0.04289562627673149,
      "cvar": 0.987162709236145
    },
    "(0.99, 0.1)": {
      "val_loss": 0.33822333812713623,
      "val_eval": 0.4016125202178955,
      "epoch": 30,
      "mse": 0.4016124904155731,
      "w2_global": 0.04574870690703392,
      "cvar": 1.1388508081436157
    },
    "(0.99, 1.0)": {
      "val_loss": 0.3082921802997589,
      "val_eval": 0.329881876707077,
      "epoch": 30,
      "mse": 0.329881876707077,
      "w2_global": 0.031049633398652077,
      "cvar": 0.8649949431419373
    },
    "(0.99, 5.0)": {
      "val_loss": 0.47109255194664,
      "val_eval": 0.38633161783218384,
      "epoch": 30,
      "mse": 0.38633161783218384,
      "w2_global": 0.03561587631702423,
      "cvar": 1.1485308408737183
    },
    "(0.99, 10.0)": {
      "val_loss": 0.2882457375526428,
      "val_eval": 0.32657337188720703,
      "epoch": 30,
      "mse": 0.32657337188720703,
      "w2_global": 0.028547748923301697,
      "cvar": 0.836131751537323
    }
  }
}