{
  "train": {
    "mse": 0.27829432487487793,
    "rmse": 0.5275360886942977,
    "mae": 0.3550662696361542,
    "w2_global": 0.018551860004663467,
    "ae_summary": {
      "mean": 0.3550662696361542,
      "std": 0.3901567757129669,
      "min": 2.3797154426574707e-05,
      "max": 8.380343437194824,
      "p50": 0.23774117231369019,
      "p90": 0.7920529842376709,
      "p95": 1.054039478302002,
      "p99": 1.8692036867141724
    },
    "se_summary": {
      "mean": 0.27829432487487793,
      "std": 1.020822525024414,
      "min": 5.663045588022442e-10,
      "max": 70.23015594482422,
      "p50": 0.056520864367485046,
      "p90": 0.6273479461669922,
      "p95": 1.1109992265701294,
      "p99": 3.4939420223236084
    }
  },
  "val": {
    "mse": 0.32657337188720703,
    "rmse": 0.5714659848907956,
    "mae": 0.4192460775375366,
    "w2_global": 0.028547748923301697,
    "ae_summary": {
      "mean": 0.4192460775375366,
      "std": 0.388337641954422,
      "min": 0.00025391578674316406,
      "max": 2.346147060394287,
      "p50": 0.3058032691478729,
      "p90": 0.9144022464752197,
      "p95": 1.0848087072372437,
      "p99": 1.7952971458435059
    },
    "se_summary": {
      "mean": 0.32657337188720703,
      "std": 0.6231878399848938,
      "min": 6.447322675739997e-08,
      "max": 5.504405975341797,
      "p50": 0.09351564198732376,
      "p90": 0.836131751537323,
      "p95": 1.1768431663513184,
      "p99": 3.2232933044433594
    }
  },
  "test": {
    "mse": 0.21171759068965912,
    "rmse": 0.4601277982144299,
    "mae": 0.3495577573776245,
    "w2_global": 0.024078287184238434,
    "ae_summary": {
      "mean": 0.3495577573776245,
      "std": 0.2992105484008789,
      "min": 0.00018302351236343384,
      "max": 1.8089255094528198,
      "p50": 0.2777572274208069,
      "p90": 0.7405523657798767,
      "p95": 0.9479970932006836,
      "p99": 1.33601975440979
    },
    "se_summary": {
      "mean": 0.21171759068965912,
      "std": 0.3722041845321655,
      "min": 3.349760646642608e-08,
      "max": 3.2722115516662598,
      "p50": 0.07714995741844177,
      "p90": 0.5484275817871094,
      "p95": 0.8987008929252625,
      "p99": 1.78519606590271
    }
  }
}