{
  "train": {
    "mse": 0.07676820456981659,
    "rmse": 0.27707075733432535,
    "mae": 0.21129080653190613,
    "w2_global": 0.05368936061859131,
    "ae_summary": {
      "mean": 0.21129080653190613,
      "std": 0.17923280596733093,
      "min": 2.6226043701171875e-06,
      "max": 1.9962762594223022,
      "p50": 0.16808825731277466,
      "p90": 0.44440793991088867,
      "p95": 0.5537551045417786,
      "p99": 0.8140581846237183
    },
    "se_summary": {
      "mean": 0.07676820456981659,
      "std": 0.14648333191871643,
      "min": 6.87805368215777e-12,
      "max": 3.985118865966797,
      "p50": 0.02825366146862507,
      "p90": 0.1974984109401703,
      "p95": 0.3066447377204895,
      "p99": 0.6626908183097839
    }
  },
  "val": {
    "mse": 0.08562194555997849,
    "rmse": 0.29261227855300004,
    "mae": 0.22369912266731262,
    "w2_global": 0.05433832108974457,
    "ae_summary": {
      "mean": 0.22369912266731262,
      "std": 0.18862831592559814,
      "min": 3.9637088775634766e-06,
      "max": 1.9714597463607788,
      "p50": 0.1806761920452118,
      "p90": 0.46607762575149536,
      "p95": 0.5888352990150452,
      "p99": 0.8500789403915405
    },
    "se_summary": {
      "mean": 0.08562194555997849,
      "std": 0.15899589657783508,
      "min": 1.5710988066075515e-11,
      "max": 3.886653423309326,
      "p50": 0.032643888145685196,
      "p90": 0.21722833812236786,
      "p95": 0.34672707319259644,
      "p99": 0.7226361036300659
    }
  },
  "test": {
    "mse": 0.08821305632591248,
    "rmse": 0.29700682875299766,
    "mae": 0.2264918088912964,
    "w2_global": 0.0548681877553463,
    "ae_summary": {
      "mean": 0.2264918088912964,
      "std": 0.19213150441646576,
      "min": 2.944469451904297e-05,
      "max": 2.0159337520599365,
      "p50": 0.17877350747585297,
      "p90": 0.47846248745918274,
      "p95": 0.6011475324630737,
      "p99": 0.8803889155387878
    },
    "se_summary": {
      "mean": 0.08821305632591248,
      "std": 0.16080507636070251,
      "min": 8.66990035319759e-10,
      "max": 4.06398868560791,
      "p50": 0.03195996582508087,
      "p90": 0.22892636060714722,
      "p95": 0.36137840151786804,
      "p99": 0.7750861644744873
    }
  }
}