{
  "train": {
    "mse": 0.0,
    "rmse": 0.0,
    "mae": 0.0,
    "w2_global": 0.004599852953106165,
    "ae_summary": {
      "mean": 0.0,
      "std": 0.0,
      "min": 0.0,
      "max": 0.0,
      "p50": 0.0,
      "p90": 0.0,
      "p95": 0.0,
      "p99": 0.0
    },
    "se_summary": {
      "mean": 0.0,
      "std": 0.0,
      "min": 0.0,
      "max": 0.0,
      "p50": 0.0,
      "p90": 0.0,
      "p95": 0.0,
      "p99": 0.0
    }
  },
  "val": {
    "mse": 0.0212406013160944,
    "rmse": 0.14574155658594565,
    "mae": 0.0964280366897583,
    "w2_global": 0.0058740233071148396,
    "ae_summary": {
      "mean": 0.0964280366897583,
      "std": 0.1092805340886116,
      "min": 3.975629806518555e-05,
      "max": 0.9395864009857178,
      "p50": 0.06187480688095093,
      "p90": 0.21929055452346802,
      "p95": 0.3096808195114136,
      "p99": 0.521886944770813
    },
    "se_summary": {
      "mean": 0.0212406013160944,
      "std": 0.061391089111566544,
      "min": 1.580563235847876e-09,
      "max": 0.8828226327896118,
      "p50": 0.003828491782769561,
      "p90": 0.048088423907756805,
      "p95": 0.09590256214141846,
      "p99": 0.2723659873008728
    }
  },
  "test": {
    "mse": 0.020304588600993156,
    "rmse": 0.14249417041055804,
    "mae": 0.09240429103374481,
    "w2_global": 0.005354330409318209,
    "ae_summary": {
      "mean": 0.09240429103374481,
      "std": 0.1084713414311409,
      "min": 1.4871358871459961e-05,
      "max": 0.9521585702896118,
      "p50": 0.05699729919433594,
      "p90": 0.2141425609588623,
      "p95": 0.30091869831085205,
      "p99": 0.5440539121627808
    },
    "se_summary": {
      "mean": 0.020304588600993156,
      "std": 0.05943286418914795,
      "min": 2.2115731468375088e-10,
      "max": 0.9066059589385986,
      "p50": 0.003248692024499178,
      "p90": 0.045857034623622894,
      "p95": 0.09055206179618835,
      "p99": 0.29599466919898987
    }
  }
}