{
  "train": {
    "mse": 0.009113522246479988,
    "rmse": 0.09546476966127342,
    "mae": 0.07296568155288696,
    "w2_global": 0.08501201868057251,
    "ae_summary": {
      "mean": 0.07296568155288696,
      "std": 0.061559174209833145,
      "min": 1.3709068298339844e-06,
      "max": 0.5467102527618408,
      "p50": 0.057361453771591187,
      "p90": 0.1564607471227646,
      "p95": 0.19394895434379578,
      "p99": 0.2742805480957031
    },
    "se_summary": {
      "mean": 0.009113522246479988,
      "std": 0.015883926302194595,
      "min": 1.879385536085465e-12,
      "max": 0.2988921105861664,
      "p50": 0.0032903363462537527,
      "p90": 0.02447996474802494,
      "p95": 0.037616197019815445,
      "p99": 0.07522982358932495
    }
  },
  "val": {
    "mse": 0.2740126848220825,
    "rmse": 0.5234622095453334,
    "mae": 0.371512770652771,
    "w2_global": 0.08894019573926926,
    "ae_summary": {
      "mean": 0.371512770652771,
      "std": 0.3687695562839508,
      "min": 7.033348083496094e-06,
      "max": 2.7893686294555664,
      "p50": 0.2597566843032837,
      "p90": 0.8589490056037903,
      "p95": 1.1028492450714111,
      "p99": 1.7784227132797241
    },
    "se_summary": {
      "mean": 0.2740126848220825,
      "std": 0.5999955534934998,
      "min": 4.9467985263618175e-11,
      "max": 7.780577182769775,
      "p50": 0.06747353821992874,
      "p90": 0.7377936244010925,
      "p95": 1.2162766456604004,
      "p99": 3.1627914905548096
    }
  },
  "test": {
    "mse": 0.2660518288612366,
    "rmse": 0.5158021218076139,
    "mae": 0.3626595735549927,
    "w2_global": 0.08920470625162125,
    "ae_summary": {
      "mean": 0.3626595735549927,
      "std": 0.36678317189216614,
      "min": 4.7460198402404785e-06,
      "max": 3.009599208831787,
      "p50": 0.2512679100036621,
      "p90": 0.8456255793571472,
      "p95": 1.1804262399673462,
      "p99": 1.7025948762893677
    },
    "se_summary": {
      "mean": 0.2660518288612366,
      "std": 0.5890096426010132,
      "min": 2.2524704323956257e-11,
      "max": 9.057687759399414,
      "p50": 0.06313556432723999,
      "p90": 0.7150826454162598,
      "p95": 1.3934060335159302,
      "p99": 2.8988301753997803
    }
  }
}