{
  "train": {
    "mse": 0.0,
    "rmse": 0.0,
    "mae": 0.0,
    "w2_global": 0.47325748205184937,
    "ae_summary": {
      "mean": 0.0,
      "std": 0.0,
      "min": 0.0,
      "max": 0.0,
      "p50": 0.0,
      "p90": 0.0,
      "p95": 0.0,
      "p99": 0.0
    },
    "se_summary": {
      "mean": 0.0,
      "std": 0.0,
      "min": 0.0,
      "max": 0.0,
      "p50": 0.0,
      "p90": 0.0,
      "p95": 0.0,
      "p99": 0.0
    }
  },
  "val": {
    "mse": 1.068442702293396,
    "rmse": 1.0336550209298052,
    "mae": 0.8725010752677917,
    "w2_global": 0.41121381521224976,
    "ae_summary": {
      "mean": 0.8725010752677917,
      "std": 0.5542421936988831,
      "min": 0.0,
      "max": 3.3990020751953125,
      "p50": 0.8946595191955566,
      "p90": 1.4389634132385254,
      "p95": 1.7042361497879028,
      "p99": 2.7982704639434814
    },
    "se_summary": {
      "mean": 1.068442702293396,
      "std": 1.3604522943496704,
      "min": 0.0,
      "max": 11.553215026855469,
      "p50": 0.8004156351089478,
      "p90": 2.070615530014038,
      "p95": 2.904420852661133,
      "p99": 7.830317497253418
    }
  },
  "test": {
    "mse": 1.030791163444519,
    "rmse": 1.0152788599417004,
    "mae": 0.8611595034599304,
    "w2_global": 0.4391750991344452,
    "ae_summary": {
      "mean": 0.8611595034599304,
      "std": 0.5377691388130188,
      "min": 0.0,
      "max": 3.251979112625122,
      "p50": 0.9090029001235962,
      "p90": 1.3658323287963867,
      "p95": 1.6516203880310059,
      "p99": 2.7492763996124268
    },
    "se_summary": {
      "mean": 1.030791163444519,
      "std": 1.3126795291900635,
      "min": 0.0,
      "max": 10.57536792755127,
      "p50": 0.826286256313324,
      "p90": 1.8654979467391968,
      "p95": 2.7278499603271484,
      "p99": 7.558520793914795
    }
  }
}