{
  "train": {
    "mse": 0.0,
    "rmse": 0.0,
    "mae": 0.0,
    "w2_global": 0.3448053300380707,
    "ae_summary": {
      "mean": 0.0,
      "std": 0.0,
      "min": 0.0,
      "max": 0.0,
      "p50": 0.0,
      "p90": 0.0,
      "p95": 0.0,
      "p99": 0.0
    },
    "se_summary": {
      "mean": 0.0,
      "std": 0.0,
      "min": 0.0,
      "max": 0.0,
      "p50": 0.0,
      "p90": 0.0,
      "p95": 0.0,
      "p99": 0.0
    }
  },
  "val": {
    "mse": 1.013783574104309,
    "rmse": 1.0068682009599415,
    "mae": 0.7897669076919556,
    "w2_global": 0.3446492552757263,
    "ae_summary": {
      "mean": 0.7897669076919556,
      "std": 0.6245412826538086,
      "min": 2.084672451019287e-05,
      "max": 5.459531784057617,
      "p50": 0.6339130401611328,
      "p90": 1.6788806915283203,
      "p95": 1.9672871828079224,
      "p99": 2.5524771213531494
    },
    "se_summary": {
      "mean": 1.013783574104309,
      "std": 1.5879466533660889,
      "min": 4.345859228038762e-10,
      "max": 29.806488037109375,
      "p50": 0.4018457531929016,
      "p90": 2.8186404705047607,
      "p95": 3.8702189922332764,
      "p99": 6.515140056610107
    }
  },
  "test": {
    "mse": 0.9528964757919312,
    "rmse": 0.9761641643657747,
    "mae": 0.7699953317642212,
    "w2_global": 0.3325508236885071,
    "ae_summary": {
      "mean": 0.7699953317642212,
      "std": 0.6000030040740967,
      "min": 2.9087066650390625e-05,
      "max": 5.207081317901611,
      "p50": 0.6380505561828613,
      "p90": 1.609031081199646,
      "p95": 1.8686481714248657,
      "p99": 2.568131685256958
    },
    "se_summary": {
      "mean": 0.9528964757919312,
      "std": 1.4360300302505493,
      "min": 8.460574463242665e-10,
      "max": 27.11369514465332,
      "p50": 0.4071085453033447,
      "p90": 2.5889813899993896,
      "p95": 3.4918463230133057,
      "p99": 6.595303058624268
    }
  }
}