{
  "best_alpha": 0.99,
  "best_gamma": 5.0,
  "alpha_grid": [
    0.01,
    0.25,
    0.5,
    0.75,
    0.99
  ],
  "gamma_grid": [
    0.1,
    1.0,
    5.0,
    10.0
  ],
  "results": {
    "(0.01, 0.1)": {
      "val_loss": 0.24934488534927368,
      "val_eval": 0.25089365243911743,
      "epoch": 30,
      "mse": 0.25089362263679504,
      "w2_global": 0.08670109510421753,
      "cvar": 0.6903382539749146
    },
    "(0.01, 1.0)": {
      "val_loss": 0.24418905377388,
      "val_eval": 0.24383489787578583,
      "epoch": 29,
      "mse": 0.24383489787578583,
      "w2_global": 0.08607423305511475,
      "cvar": 0.6719661951065063
    },
    "(0.01, 5.0)": {
      "val_loss": 0.251074880361557,
      "val_eval": 0.2528296113014221,
      "epoch": 30,
      "mse": 0.2528296113014221,
      "w2_global": 0.08780797570943832,
      "cvar": 0.6805724501609802
    },
    "(0.01, 10.0)": {
      "val_loss": 0.2642976939678192,
      "val_eval": 0.25975123047828674,
      "epoch": 30,
      "mse": 0.25975126028060913,
      "w2_global": 0.08611055463552475,
      "cvar": 0.7066903114318848
    },
    "(0.25, 0.1)": {
      "val_loss": 0.23230844736099243,
      "val_eval": 0.23264357447624207,
      "epoch": 23,
      "mse": 0.23264357447624207,
      "w2_global": 0.08977954089641571,
      "cvar": 0.6311559677124023
    },
    "(0.25, 1.0)": {
      "val_loss": 0.2509271800518036,
      "val_eval": 0.24166031181812286,
      "epoch": 30,
      "mse": 0.24166031181812286,
      "w2_global": 0.08823291212320328,
      "cvar": 0.6581557393074036
    },
    "(0.25, 5.0)": {
      "val_loss": 0.24607868492603302,
      "val_eval": 0.24620039761066437,
      "epoch": 29,
      "mse": 0.24620039761066437,
      "w2_global": 0.08508969098329544,
      "cvar": 0.6702703833580017
    },
    "(0.25, 10.0)": {
      "val_loss": 0.23942454159259796,
      "val_eval": 0.2390424609184265,
      "epoch": 27,
      "mse": 0.2390424907207489,
      "w2_global": 0.0867278203368187,
      "cvar": 0.6694043874740601
    },
    "(0.5, 0.1)": {
      "val_loss": 0.23736505210399628,
      "val_eval": 0.23322150111198425,
      "epoch": 30,
      "mse": 0.23322150111198425,
      "w2_global": 0.08617514371871948,
      "cvar": 0.6131976246833801
    },
    "(0.5, 1.0)": {
      "val_loss": 0.2193545401096344,
      "val_eval": 0.22151057422161102,
      "epoch": 30,
      "mse": 0.22151057422161102,
      "w2_global": 0.08788834512233734,
      "cvar": 0.6202374696731567
    },
    "(0.5, 5.0)": {
      "val_loss": 0.2287248820066452,
      "val_eval": 0.23186257481575012,
      "epoch": 29,
      "mse": 0.23186257481575012,
      "w2_global": 0.0869777724146843,
      "cvar": 0.6474605202674866
    },
    "(0.5, 10.0)": {
      "val_loss": 0.2425672858953476,
      "val_eval": 0.24284470081329346,
      "epoch": 29,
      "mse": 0.24284470081329346,
      "w2_global": 0.0869688093662262,
      "cvar": 0.6536411643028259
    },
    "(0.75, 0.1)": {
      "val_loss": 0.20767948031425476,
      "val_eval": 0.20726747810840607,
      "epoch": 29,
      "mse": 0.20726749300956726,
      "w2_global": 0.08992980420589447,
      "cvar": 0.5657625794410706
    },
    "(0.75, 1.0)": {
      "val_loss": 0.18745321035385132,
      "val_eval": 0.19412009418010712,
      "epoch": 30,
      "mse": 0.1941201090812683,
      "w2_global": 0.08671992272138596,
      "cvar": 0.5349588394165039
    },
    "(0.75, 5.0)": {
      "val_loss": 0.21746312081813812,
      "val_eval": 0.22068051993846893,
      "epoch": 30,
      "mse": 0.22068050503730774,
      "w2_global": 0.08636178076267242,
      "cvar": 0.5973572731018066
    },
    "(0.75, 10.0)": {
      "val_loss": 0.19972553849220276,
      "val_eval": 0.19793955981731415,
      "epoch": 28,
      "mse": 0.19793955981731415,
      "w2_global": 0.08257003128528595,
      "cvar": 0.5607487559318542
    },
    "(0.99, 0.1)": {
      "val_loss": 0.07559855282306671,
      "val_eval": 0.07727138698101044,
      "epoch": 30,
      "mse": 0.07727139443159103,
      "w2_global": 0.0456649586558342,
      "cvar": 0.1913280189037323
    },
    "(0.99, 1.0)": {
      "val_loss": 0.08577452600002289,
      "val_eval": 0.09992436319589615,
      "epoch": 30,
      "mse": 0.09992436319589615,
      "w2_global": 0.0859057605266571,
      "cvar": 0.2619381844997406
    },
    "(0.99, 5.0)": {
      "val_loss": 0.06899227946996689,
      "val_eval": 0.0770178809762001,
      "epoch": 30,
      "mse": 0.0770178809762001,
      "w2_global": 0.04403308779001236,
      "cvar": 0.1957302987575531
    },
    "(0.99, 10.0)": {
      "val_loss": 0.07342033833265305,
      "val_eval": 0.08626003563404083,
      "epoch": 30,
      "mse": 0.08626003563404083,
      "w2_global": 0.06507564336061478,
      "cvar": 0.2224993109703064
    }
  }
}