{
  "train": {
    "mse": 0.06950050592422485,
    "rmse": 0.26362948606752024,
    "mae": 0.200627863407135,
    "w2_global": 0.0400804728269577,
    "ae_summary": {
      "mean": 0.200627863407135,
      "std": 0.17102332413196564,
      "min": 4.112720489501953e-06,
      "max": 1.84779691696167,
      "p50": 0.15904027223587036,
      "p90": 0.4239829480648041,
      "p95": 0.5310797691345215,
      "p99": 0.7763159275054932
    },
    "se_summary": {
      "mean": 0.06950050592422485,
      "std": 0.13130216300487518,
      "min": 1.6914469824769185e-11,
      "max": 3.414353370666504,
      "p50": 0.025293808430433273,
      "p90": 0.17976154386997223,
      "p95": 0.28204572200775146,
      "p99": 0.602666437625885
    }
  },
  "val": {
    "mse": 0.0770178809762001,
    "rmse": 0.27752095592261156,
    "mae": 0.21421055495738983,
    "w2_global": 0.04403308779001236,
    "ae_summary": {
      "mean": 0.21421055495738983,
      "std": 0.17644181847572327,
      "min": 2.5451183319091797e-05,
      "max": 1.6048827171325684,
      "p50": 0.17427200078964233,
      "p90": 0.44241416454315186,
      "p95": 0.5531981587409973,
      "p99": 0.8104509711265564
    },
    "se_summary": {
      "mean": 0.0770178809762001,
      "std": 0.13574354350566864,
      "min": 6.477627323420165e-10,
      "max": 2.575648546218872,
      "p50": 0.03037073090672493,
      "p90": 0.1957302987575531,
      "p95": 0.30602818727493286,
      "p99": 0.656831681728363
    }
  },
  "test": {
    "mse": 0.07565871626138687,
    "rmse": 0.2750612954622785,
    "mae": 0.2092376947402954,
    "w2_global": 0.038589682430028915,
    "ae_summary": {
      "mean": 0.2092376947402954,
      "std": 0.17854495346546173,
      "min": 7.158517837524414e-05,
      "max": 2.0564184188842773,
      "p50": 0.1666625291109085,
      "p90": 0.4434784948825836,
      "p95": 0.5513620972633362,
      "p99": 0.7981020212173462
    },
    "se_summary": {
      "mean": 0.07565871626138687,
      "std": 0.14597375690937042,
      "min": 5.124437763015521e-09,
      "max": 4.228856563568115,
      "p50": 0.02777639776468277,
      "p90": 0.196673184633255,
      "p95": 0.3040001690387726,
      "p99": 0.6369668245315552
    }
  }
}