{
  "train": {
    "mse": 0.0,
    "rmse": 0.0,
    "mae": 0.0,
    "w2_global": 0.029340200126171112,
    "ae_summary": {
      "mean": 0.0,
      "std": 0.0,
      "min": 0.0,
      "max": 0.0,
      "p50": 0.0,
      "p90": 0.0,
      "p95": 0.0,
      "p99": 0.0
    },
    "se_summary": {
      "mean": 0.0,
      "std": 0.0,
      "min": 0.0,
      "max": 0.0,
      "p50": 0.0,
      "p90": 0.0,
      "p95": 0.0,
      "p99": 0.0
    }
  },
  "val": {
    "mse": 0.09615292400121689,
    "rmse": 0.31008534954302,
    "mae": 0.15865682065486908,
    "w2_global": 0.0656147301197052,
    "ae_summary": {
      "mean": 0.15865682065486908,
      "std": 0.26642248034477234,
      "min": 4.112720489501953e-06,
      "max": 3.31284236907959,
      "p50": 0.08209425210952759,
      "p90": 0.35987555980682373,
      "p95": 0.5406850576400757,
      "p99": 1.351938247680664
    },
    "se_summary": {
      "mean": 0.09615292400121689,
      "std": 0.5461934804916382,
      "min": 1.6914469824769185e-11,
      "max": 10.974924087524414,
      "p50": 0.006739466451108456,
      "p90": 0.12951041758060455,
      "p95": 0.29234030842781067,
      "p99": 1.8277379274368286
    }
  },
  "test": {
    "mse": 0.05452335998415947,
    "rmse": 0.23350237682764488,
    "mae": 0.12811832129955292,
    "w2_global": 0.03816553205251694,
    "ae_summary": {
      "mean": 0.12811832129955292,
      "std": 0.1952154040336609,
      "min": 1.0728836059570312e-06,
      "max": 3.4278221130371094,
      "p50": 0.06560114026069641,
      "p90": 0.31519901752471924,
      "p95": 0.4664078652858734,
      "p99": 0.906810462474823
    },
    "se_summary": {
      "mean": 0.05452335998415947,
      "std": 0.28311651945114136,
      "min": 1.1510792319313623e-12,
      "max": 11.749964714050293,
      "p50": 0.004303509835153818,
      "p90": 0.09935042262077332,
      "p95": 0.2175363004207611,
      "p99": 0.8223053216934204
    }
  }
}