{
  "train": {
    "mse": 0.003633789950981736,
    "rmse": 0.060280925266469956,
    "mae": 0.04155685380101204,
    "w2_global": 0.0563516840338707,
    "ae_summary": {
      "mean": 0.04155685380101204,
      "std": 0.04366712272167206,
      "min": 3.5762786865234375e-07,
      "max": 0.674751341342926,
      "p50": 0.02966439723968506,
      "p90": 0.08457329124212265,
      "p95": 0.11746399104595184,
      "p99": 0.21918198466300964
    },
    "se_summary": {
      "mean": 0.003633789950981736,
      "std": 0.011979485861957073,
      "min": 1.2789769243681803e-13,
      "max": 0.455289363861084,
      "p50": 0.0008799764909781516,
      "p90": 0.00715264119207859,
      "p95": 0.013797791674733162,
      "p99": 0.04804074391722679
    }
  },
  "val": {
    "mse": 1.1724978685379028,
    "rmse": 1.082819407167189,
    "mae": 0.8225322961807251,
    "w2_global": 0.07828414440155029,
    "ae_summary": {
      "mean": 0.8225322961807251,
      "std": 0.7042290568351746,
      "min": 0.0011180341243743896,
      "max": 3.4992995262145996,
      "p50": 0.6000025272369385,
      "p90": 1.909321904182434,
      "p95": 2.180570125579834,
      "p99": 2.7725889682769775
    },
    "se_summary": {
      "mean": 1.1724978685379028,
      "std": 1.7645328044891357,
      "min": 1.2500003094828571e-06,
      "max": 12.245097160339355,
      "p50": 0.3600030243396759,
      "p90": 3.645620822906494,
      "p95": 4.755154132843018,
      "p99": 7.6875786781311035
    }
  },
  "test": {
    "mse": 0.7500545978546143,
    "rmse": 0.8660569252968389,
    "mae": 0.6127159595489502,
    "w2_global": 0.05418746545910835,
    "ae_summary": {
      "mean": 0.6127159595489502,
      "std": 0.6120733618736267,
      "min": 0.0009464919567108154,
      "max": 2.894519090652466,
      "p50": 0.4011639952659607,
      "p90": 1.4318723678588867,
      "p95": 2.0595195293426514,
      "p99": 2.6496245861053467
    },
    "se_summary": {
      "mean": 0.7500545978546143,
      "std": 1.443321943283081,
      "min": 8.958470516517991e-07,
      "max": 8.378240585327148,
      "p50": 0.1609344631433487,
      "p90": 2.0503413677215576,
      "p95": 4.251530647277832,
      "p99": 7.020523548126221
    }
  }
}