{
  "train": {
    "mse": 0.0,
    "rmse": 0.0,
    "mae": 0.0,
    "w2_global": 0.6280254125595093,
    "ae_summary": {
      "mean": 0.0,
      "std": 0.0,
      "min": 0.0,
      "max": 0.0,
      "p50": 0.0,
      "p90": 0.0,
      "p95": 0.0,
      "p99": 0.0
    },
    "se_summary": {
      "mean": 0.0,
      "std": 0.0,
      "min": 0.0,
      "max": 0.0,
      "p50": 0.0,
      "p90": 0.0,
      "p95": 0.0,
      "p99": 0.0
    }
  },
  "val": {
    "mse": 1.2045509815216064,
    "rmse": 1.0975203786361356,
    "mae": 0.6969576478004456,
    "w2_global": 0.2766866087913513,
    "ae_summary": {
      "mean": 0.6969576478004456,
      "std": 0.8478214740753174,
      "min": 0.0,
      "max": 15.610491752624512,
      "p50": 0.41303712129592896,
      "p90": 1.8150020837783813,
      "p95": 2.227130174636841,
      "p99": 3.280886173248291
    },
    "se_summary": {
      "mean": 1.2045509815216064,
      "std": 4.269138336181641,
      "min": 0.0,
      "max": 243.6874542236328,
      "p50": 0.17059966921806335,
      "p90": 3.2942326068878174,
      "p95": 4.960108757019043,
      "p99": 10.764215469360352
    }
  },
  "test": {
    "mse": 1.1520233154296875,
    "rmse": 1.0733234905794653,
    "mae": 0.624728262424469,
    "w2_global": 0.4918838441371918,
    "ae_summary": {
      "mean": 0.624728262424469,
      "std": 0.8727759718894958,
      "min": 0.0,
      "max": 29.98972511291504,
      "p50": 0.3878382742404938,
      "p90": 1.523113489151001,
      "p95": 1.8862029314041138,
      "p99": 3.2381858825683594
    },
    "se_summary": {
      "mean": 1.1520233154296875,
      "std": 9.960042953491211,
      "min": 0.0,
      "max": 899.3836059570312,
      "p50": 0.15041851997375488,
      "p90": 2.3198745250701904,
      "p95": 3.5577614307403564,
      "p99": 10.485851287841797
    }
  }
}