{
  "train": {
    "mse": 0.0,
    "rmse": 0.0,
    "mae": 0.0,
    "w2_global": 0.06681173294782639,
    "ae_summary": {
      "mean": 0.0,
      "std": 0.0,
      "min": 0.0,
      "max": 0.0,
      "p50": 0.0,
      "p90": 0.0,
      "p95": 0.0,
      "p99": 0.0
    },
    "se_summary": {
      "mean": 0.0,
      "std": 0.0,
      "min": 0.0,
      "max": 0.0,
      "p50": 0.0,
      "p90": 0.0,
      "p95": 0.0,
      "p99": 0.0
    }
  },
  "val": {
    "mse": 0.5793061256408691,
    "rmse": 0.7611216234222157,
    "mae": 0.5438942909240723,
    "w2_global": 0.28673434257507324,
    "ae_summary": {
      "mean": 0.5438942909240723,
      "std": 0.5324331521987915,
      "min": 1.5497207641601562e-06,
      "max": 4.692384719848633,
      "p50": 0.39296895265579224,
      "p90": 1.2586115598678589,
      "p95": 1.6718742847442627,
      "p99": 2.5482430458068848
    },
    "se_summary": {
      "mean": 0.5793061256408691,
      "std": 1.2708139419555664,
      "min": 2.4016344468691386e-12,
      "max": 22.018474578857422,
      "p50": 0.15442459285259247,
      "p90": 1.5841031074523926,
      "p95": 2.795163631439209,
      "p99": 6.49354362487793
    }
  },
  "test": {
    "mse": 0.20717528462409973,
    "rmse": 0.45516511797819015,
    "mae": 0.2952439486980438,
    "w2_global": 0.16325068473815918,
    "ae_summary": {
      "mean": 0.2952439486980438,
      "std": 0.34641921520233154,
      "min": 1.3232231140136719e-05,
      "max": 4.251291275024414,
      "p50": 0.18604767322540283,
      "p90": 0.7041084170341492,
      "p95": 1.011349081993103,
      "p99": 1.6184778213500977
    },
    "se_summary": {
      "mean": 0.20717528462409973,
      "std": 0.6764776110649109,
      "min": 1.750919409460039e-10,
      "max": 18.073476791381836,
      "p50": 0.03461373597383499,
      "p90": 0.49576863646507263,
      "p95": 1.022826910018921,
      "p99": 2.6194703578948975
    }
  }
}