{
  "train": {
    "mse": 0.23310020565986633,
    "rmse": 0.4828045211675905,
    "mae": 0.3602275252342224,
    "w2_global": 0.3111758828163147,
    "ae_summary": {
      "mean": 0.3602275252342224,
      "std": 0.32145968079566956,
      "min": 1.2479722499847412e-05,
      "max": 2.7456912994384766,
      "p50": 0.27115941047668457,
      "p90": 0.7897641658782959,
      "p95": 1.0156687498092651,
      "p99": 1.446742296218872
    },
    "se_summary": {
      "mean": 0.23310020565986633,
      "std": 0.4437967538833618,
      "min": 1.5574347367319774e-10,
      "max": 7.538820743560791,
      "p50": 0.07352742552757263,
      "p90": 0.6237274408340454,
      "p95": 1.0315830707550049,
      "p99": 2.0930633544921875
    }
  },
  "val": {
    "mse": 0.38252198696136475,
    "rmse": 0.618483618991938,
    "mae": 0.4673125147819519,
    "w2_global": 0.3336375653743744,
    "ae_summary": {
      "mean": 0.4673125147819519,
      "std": 0.405143141746521,
      "min": 9.154528379440308e-05,
      "max": 3.50606369972229,
      "p50": 0.3607795536518097,
      "p90": 1.011631965637207,
      "p95": 1.259028434753418,
      "p99": 1.870683193206787
    },
    "se_summary": {
      "mean": 0.38252198696136475,
      "std": 0.6995304226875305,
      "min": 8.380538929486647e-09,
      "max": 12.292482376098633,
      "p50": 0.13016188144683838,
      "p90": 1.0233992338180542,
      "p95": 1.5851526260375977,
      "p99": 3.499457597732544
    }
  },
  "test": {
    "mse": 0.37616172432899475,
    "rmse": 0.613320246143069,
    "mae": 0.4516369104385376,
    "w2_global": 0.32809504866600037,
    "ae_summary": {
      "mean": 0.4516369104385376,
      "std": 0.4149528443813324,
      "min": 9.655952453613281e-06,
      "max": 3.7642879486083984,
      "p50": 0.3389511704444885,
      "p90": 0.9823571443557739,
      "p95": 1.250998854637146,
      "p99": 1.9497860670089722
    },
    "se_summary": {
      "mean": 0.37616172432899475,
      "std": 0.7683275938034058,
      "min": 9.323741778644035e-11,
      "max": 14.1698637008667,
      "p50": 0.11488788574934006,
      "p90": 0.9650254845619202,
      "p95": 1.5649981498718262,
      "p99": 3.801677703857422
    }
  }
}