{
  "train": {
    "mse": 0.0,
    "rmse": 0.0,
    "mae": 0.0,
    "w2_global": 0.7448597550392151,
    "ae_summary": {
      "mean": 0.0,
      "std": 0.0,
      "min": 0.0,
      "max": 0.0,
      "p50": 0.0,
      "p90": 0.0,
      "p95": 0.0,
      "p99": 0.0
    },
    "se_summary": {
      "mean": 0.0,
      "std": 0.0,
      "min": 0.0,
      "max": 0.0,
      "p50": 0.0,
      "p90": 0.0,
      "p95": 0.0,
      "p99": 0.0
    }
  },
  "val": {
    "mse": 0.9523962140083313,
    "rmse": 0.9759078921744261,
    "mae": 0.5973542928695679,
    "w2_global": 0.7523426413536072,
    "ae_summary": {
      "mean": 0.5973542928695679,
      "std": 0.7717279195785522,
      "min": 1.7061829566955566e-06,
      "max": 10.143111228942871,
      "p50": 0.2674315571784973,
      "p90": 1.6877297163009644,
      "p95": 2.130695104598999,
      "p99": 3.362298011779785
    },
    "se_summary": {
      "mean": 0.9523962140083313,
      "std": 2.490027666091919,
      "min": 2.9110602817183917e-12,
      "max": 102.88270568847656,
      "p50": 0.0715196430683136,
      "p90": 2.848431348800659,
      "p95": 4.539861679077148,
      "p99": 11.305047035217285
    }
  },
  "test": {
    "mse": 0.8866798281669617,
    "rmse": 0.9416367814433343,
    "mae": 0.563180148601532,
    "w2_global": 0.722391664981842,
    "ae_summary": {
      "mean": 0.563180148601532,
      "std": 0.7546575665473938,
      "min": 1.0337680578231812e-07,
      "max": 11.525935173034668,
      "p50": 0.23147234320640564,
      "p90": 1.6248499155044556,
      "p95": 2.0808675289154053,
      "p99": 3.3162033557891846
    },
    "se_summary": {
      "mean": 0.8866798281669617,
      "std": 2.437164306640625,
      "min": 1.068676397375512e-14,
      "max": 132.84718322753906,
      "p50": 0.05357944220304489,
      "p90": 2.640137195587158,
      "p95": 4.330009937286377,
      "p99": 10.997203826904297
    }
  }
}