{
  "train": {
    "mse": 0.0,
    "rmse": 0.0,
    "mae": 0.0,
    "w2_global": 0.21958424150943756,
    "ae_summary": {
      "mean": 0.0,
      "std": 0.0,
      "min": 0.0,
      "max": 0.0,
      "p50": 0.0,
      "p90": 0.0,
      "p95": 0.0,
      "p99": 0.0
    },
    "se_summary": {
      "mean": 0.0,
      "std": 0.0,
      "min": 0.0,
      "max": 0.0,
      "p50": 0.0,
      "p90": 0.0,
      "p95": 0.0,
      "p99": 0.0
    }
  },
  "val": {
    "mse": 0.35303887724876404,
    "rmse": 0.5941707475539031,
    "mae": 0.2752772867679596,
    "w2_global": 0.2153416872024536,
    "ae_summary": {
      "mean": 0.2752772867679596,
      "std": 0.5265560746192932,
      "min": 1.9669532775878906e-06,
      "max": 3.232715368270874,
      "p50": 0.07141220569610596,
      "p90": 0.7295815348625183,
      "p95": 1.3510563373565674,
      "p99": 2.9888577461242676
    },
    "se_summary": {
      "mean": 0.35303887724876404,
      "std": 1.3107037544250488,
      "min": 3.8689051962137455e-12,
      "max": 10.450448989868164,
      "p50": 0.005099703092128038,
      "p90": 0.5322892069816589,
      "p95": 1.8253531455993652,
      "p99": 8.933271408081055
    }
  },
  "test": {
    "mse": 0.3900037109851837,
    "rmse": 0.6245027709988032,
    "mae": 0.3023562431335449,
    "w2_global": 0.2267494946718216,
    "ae_summary": {
      "mean": 0.3023562431335449,
      "std": 0.5464287400245667,
      "min": 1.0728836059570312e-06,
      "max": 3.2045822143554688,
      "p50": 0.0971369743347168,
      "p90": 0.7874309420585632,
      "p95": 1.4149295091629028,
      "p99": 3.000977039337158
    },
    "se_summary": {
      "mean": 0.3900037109851837,
      "std": 1.3708181381225586,
      "min": 1.1510792319313623e-12,
      "max": 10.269347190856934,
      "p50": 0.009435592219233513,
      "p90": 0.6200474500656128,
      "p95": 2.0020253658294678,
      "p99": 9.00586223602295
    }
  }
}