{
  "test": {
    "mse": 0.762195348739624,
    "rmse": 0.8730379995965949,
    "mae": 0.5555188655853271,
    "w2_global": 0.25881487131118774,
    "ae_summary": {
      "mean": 0.5555188655853271,
      "std": 0.6734939813613892,
      "min": 1.1920928955078125e-07,
      "max": 51.27560806274414,
      "p50": 0.3793888986110687,
      "p90": 1.2448045015335083,
      "p95": 1.6633436679840088,
      "p99": 2.782400131225586
    },
    "se_summary": {
      "mean": 0.762195348739624,
      "std": 9.021955490112305,
      "min": 1.4210854715202004e-14,
      "max": 2629.18798828125,
      "p50": 0.1439359337091446,
      "p90": 1.549538254737854,
      "p95": 2.766712188720703,
      "p99": 7.741750717163086
    }
  }
}