{
  "train": {
    "mse": 0.0,
    "rmse": 0.0,
    "mae": 0.0,
    "w2_global": 0.7586137652397156,
    "ae_summary": {
      "mean": 0.0,
      "std": 0.0,
      "min": 0.0,
      "max": 0.0,
      "p50": 0.0,
      "p90": 0.0,
      "p95": 0.0,
      "p99": 0.0
    },
    "se_summary": {
      "mean": 0.0,
      "std": 0.0,
      "min": 0.0,
      "max": 0.0,
      "p50": 0.0,
      "p90": 0.0,
      "p95": 0.0,
      "p99": 0.0
    }
  },
  "val": {
    "mse": 0.640239953994751,
    "rmse": 0.8001499571922447,
    "mae": 0.6230747699737549,
    "w2_global": 0.6375210881233215,
    "ae_summary": {
      "mean": 0.6230747699737549,
      "std": 0.5020136833190918,
      "min": 0.00015464425086975098,
      "max": 3.6036126613616943,
      "p50": 0.5046675801277161,
      "p90": 1.345184087753296,
      "p95": 1.4871183633804321,
      "p99": 1.9174669981002808
    },
    "se_summary": {
      "mean": 0.640239953994751,
      "std": 0.9323321580886841,
      "min": 2.3914843438888056e-08,
      "max": 12.986023902893066,
      "p50": 0.25468936562538147,
      "p90": 1.8095204830169678,
      "p95": 2.2115213871002197,
      "p99": 3.6767749786376953
    }
  },
  "test": {
    "mse": 0.7793752551078796,
    "rmse": 0.8828223236347615,
    "mae": 0.653387188911438,
    "w2_global": 0.6913177967071533,
    "ae_summary": {
      "mean": 0.653387188911438,
      "std": 0.5936838388442993,
      "min": 2.4624168872833252e-05,
      "max": 4.477060794830322,
      "p50": 0.44413039088249207,
      "p90": 1.4811019897460938,
      "p95": 1.8984068632125854,
      "p99": 2.575937032699585
    },
    "se_summary": {
      "mean": 0.7793752551078796,
      "std": 1.4521427154541016,
      "min": 6.0634969267781e-10,
      "max": 20.0440731048584,
      "p50": 0.1972517967224121,
      "p90": 2.1936631202697754,
      "p95": 3.6039555072784424,
      "p99": 6.635489463806152
    }
  }
}