{
  "train": {
    "mse": 0.0,
    "rmse": 0.0,
    "mae": 0.0,
    "w2_global": 0.11057958751916885,
    "ae_summary": {
      "mean": 0.0,
      "std": 0.0,
      "min": 0.0,
      "max": 0.0,
      "p50": 0.0,
      "p90": 0.0,
      "p95": 0.0,
      "p99": 0.0
    },
    "se_summary": {
      "mean": 0.0,
      "std": 0.0,
      "min": 0.0,
      "max": 0.0,
      "p50": 0.0,
      "p90": 0.0,
      "p95": 0.0,
      "p99": 0.0
    }
  },
  "val": {
    "mse": 1.3181753158569336,
    "rmse": 1.148118162846026,
    "mae": 0.8065012693405151,
    "w2_global": 0.0914958193898201,
    "ae_summary": {
      "mean": 0.8065012693405151,
      "std": 0.8171480298042297,
      "min": 0.0,
      "max": 33.4535026550293,
      "p50": 0.6489024758338928,
      "p90": 1.6046030521392822,
      "p95": 2.0078787803649902,
      "p99": 3.0987510681152344
    },
    "se_summary": {
      "mean": 1.3181753158569336,
      "std": 12.435288429260254,
      "min": 0.0,
      "max": 1119.1368408203125,
      "p50": 0.4210745096206665,
      "p90": 2.5747509002685547,
      "p95": 4.031576633453369,
      "p99": 9.602259635925293
    }
  },
  "test": {
    "mse": 1.8404333591461182,
    "rmse": 1.3566257255212721,
    "mae": 0.8133260607719421,
    "w2_global": 0.20779696106910706,
    "ae_summary": {
      "mean": 0.8133260607719421,
      "std": 1.085787296295166,
      "min": 0.0,
      "max": 128.0179901123047,
      "p50": 0.6562027931213379,
      "p90": 1.6269798278808594,
      "p95": 2.0435073375701904,
      "p99": 3.1888720989227295
    },
    "se_summary": {
      "mean": 1.8404333591461182,
      "std": 101.19702911376953,
      "min": 0.0,
      "max": 16388.60546875,
      "p50": 0.43060213327407837,
      "p90": 2.6470634937286377,
      "p95": 4.175922393798828,
      "p99": 10.16891098022461
    }
  }
}