{
  "train": {
    "mse": 0.042915210127830505,
    "rmse": 0.2071598661126969,
    "mae": 0.1426590532064438,
    "w2_global": 0.0421639010310173,
    "ae_summary": {
      "mean": 0.1426590532064438,
      "std": 0.1502118706703186,
      "min": 4.0605664253234863e-07,
      "max": 3.379715919494629,
      "p50": 0.10215640068054199,
      "p90": 0.30434638261795044,
      "p95": 0.4135183095932007,
      "p99": 0.7328104972839355
    },
    "se_summary": {
      "mean": 0.042915210127830505,
      "std": 0.14387387037277222,
      "min": 1.6488199694464356e-13,
      "max": 11.422479629516602,
      "p50": 0.010435930453240871,
      "p90": 0.09262672066688538,
      "p95": 0.17099738121032715,
      "p99": 0.5370112061500549
    }
  },
  "val": {
    "mse": 0.07510456442832947,
    "rmse": 0.2740521199121245,
    "mae": 0.18180584907531738,
    "w2_global": 0.0629044771194458,
    "ae_summary": {
      "mean": 0.18180584907531738,
      "std": 0.20506387948989868,
      "min": 2.2649765014648438e-06,
      "max": 2.9599905014038086,
      "p50": 0.12370584905147552,
      "p90": 0.389026939868927,
      "p95": 0.5439755916595459,
      "p99": 1.0178358554840088
    },
    "se_summary": {
      "mean": 0.07510456442832947,
      "std": 0.2529526650905609,
      "min": 5.130118552187923e-12,
      "max": 8.761544227600098,
      "p50": 0.01530313678085804,
      "p90": 0.15134194493293762,
      "p95": 0.2959095537662506,
      "p99": 1.0359899997711182
    }
  },
  "test": {
    "mse": 0.08471900969743729,
    "rmse": 0.29106530143154696,
    "mae": 0.19703178107738495,
    "w2_global": 0.05052000656723976,
    "ae_summary": {
      "mean": 0.19703178107738495,
      "std": 0.2142370045185089,
      "min": 5.424022674560547e-06,
      "max": 3.269768238067627,
      "p50": 0.13211172819137573,
      "p90": 0.44513100385665894,
      "p95": 0.6304044723510742,
      "p99": 1.04231858253479
    },
    "se_summary": {
      "mean": 0.08471900969743729,
      "std": 0.23339881002902985,
      "min": 2.942002197414695e-11,
      "max": 10.691384315490723,
      "p50": 0.017453508451581,
      "p90": 0.19814161956310272,
      "p95": 0.3974097967147827,
      "p99": 1.086428165435791
    }
  }
}