{
  "best_alpha": 0.99,
  "best_gamma": 0.1,
  "alpha_grid": [
    0.99
  ],
  "gamma_grid": [
    0.1
  ],
  "results": {
    "(0.99, 0.1)": {
      "val_loss": 0.003589143045246601,
      "val_eval": 0.7506178617477417,
      "epoch": 30,
      "mse": 0.7506178617477417
    }
  },
  "standalone_mode": true
}