{
  "train": {
    "mse": 0.005704686511307955,
    "rmse": 0.07552937515502134,
    "mae": 0.04604389891028404,
    "w2_global": 0.6911919116973877,
    "ae_summary": {
      "mean": 0.04604389891028404,
      "std": 0.059871915727853775,
      "min": 4.57763671875e-05,
      "max": 0.6219010353088379,
      "p50": 0.029191523790359497,
      "p90": 0.09296192973852158,
      "p95": 0.14657114446163177,
      "p99": 0.31066572666168213
    },
    "se_summary": {
      "mean": 0.005704686511307955,
      "std": 0.021874925121665,
      "min": 2.0954757928848267e-09,
      "max": 0.3867608904838562,
      "p50": 0.0008521458366885781,
      "p90": 0.008641920983791351,
      "p95": 0.021483125165104866,
      "p99": 0.09651342034339905
    }
  },
  "val": {
    "mse": 0.7506179809570312,
    "rmse": 0.8663821217898204,
    "mae": 0.6737264394760132,
    "w2_global": 0.5906820893287659,
    "ae_summary": {
      "mean": 0.6737264394760132,
      "std": 0.5447114706039429,
      "min": 9.340047836303711e-05,
      "max": 3.6533608436584473,
      "p50": 0.525593638420105,
      "p90": 1.4591045379638672,
      "p95": 1.6456316709518433,
      "p99": 2.059906244277954
    },
    "se_summary": {
      "mean": 0.7506179809570312,
      "std": 1.0641670227050781,
      "min": 8.723649358444163e-09,
      "max": 13.3470458984375,
      "p50": 0.27624866366386414,
      "p90": 2.128986358642578,
      "p95": 2.708103656768799,
      "p99": 4.243226051330566
    }
  },
  "test": {
    "mse": 0.8983045816421509,
    "rmse": 0.9477893128972024,
    "mae": 0.723966121673584,
    "w2_global": 0.6681258082389832,
    "ae_summary": {
      "mean": 0.723966121673584,
      "std": 0.6117006540298462,
      "min": 0.0004920363426208496,
      "max": 4.503166675567627,
      "p50": 0.555864691734314,
      "p90": 1.598507046699524,
      "p95": 2.0171358585357666,
      "p99": 2.606147050857544
    },
    "se_summary": {
      "mean": 0.8983045816421509,
      "std": 1.4947904348373413,
      "min": 2.4209975890698843e-07,
      "max": 20.27851104736328,
      "p50": 0.30898556113243103,
      "p90": 2.555224895477295,
      "p95": 4.068838119506836,
      "p99": 6.792004585266113
    }
  }
}