{
  "best_alpha": 0.99,
  "best_gamma": 10.0,
  "alpha_grid": [
    0.01,
    0.25,
    0.5,
    0.75,
    0.99
  ],
  "gamma_grid": [
    0.1,
    1.0,
    5.0,
    10.0
  ],
  "results": {
    "(0.01, 0.1)": {
      "val_loss": 0.46428948640823364,
      "val_eval": 1.0007994174957275,
      "epoch": 30,
      "mse": 1.0007994174957275,
      "w2_global": 0.8237497806549072,
      "cvar": 2.293012857437134
    },
    "(0.01, 1.0)": {
      "val_loss": 0.4643447995185852,
      "val_eval": 1.001522183418274,
      "epoch": 30,
      "mse": 1.0015223026275635,
      "w2_global": 0.8243590593338013,
      "cvar": 2.3106188774108887
    },
    "(0.01, 5.0)": {
      "val_loss": 0.4641619622707367,
      "val_eval": 1.002322793006897,
      "epoch": 28,
      "mse": 1.002322793006897,
      "w2_global": 0.8226966261863708,
      "cvar": 2.3028042316436768
    },
    "(0.01, 10.0)": {
      "val_loss": 0.46633508801460266,
      "val_eval": 1.0026005506515503,
      "epoch": 30,
      "mse": 1.0026006698608398,
      "w2_global": 0.8241705894470215,
      "cvar": 2.3123979568481445
    },
    "(0.25, 0.1)": {
      "val_loss": 0.45571064949035645,
      "val_eval": 0.9900794625282288,
      "epoch": 30,
      "mse": 0.9900794625282288,
      "w2_global": 0.8132515549659729,
      "cvar": 2.274752378463745
    },
    "(0.25, 1.0)": {
      "val_loss": 0.45607617497444153,
      "val_eval": 0.9869834780693054,
      "epoch": 30,
      "mse": 0.9869834780693054,
      "w2_global": 0.8103654384613037,
      "cvar": 2.2751643657684326
    },
    "(0.25, 5.0)": {
      "val_loss": 0.45431315898895264,
      "val_eval": 0.9860823154449463,
      "epoch": 30,
      "mse": 0.9860823154449463,
      "w2_global": 0.8115181922912598,
      "cvar": 2.2618541717529297
    },
    "(0.25, 10.0)": {
      "val_loss": 0.4567650258541107,
      "val_eval": 0.987534761428833,
      "epoch": 30,
      "mse": 0.987534761428833,
      "w2_global": 0.8134206533432007,
      "cvar": 2.276850938796997
    },
    "(0.5, 0.1)": {
      "val_loss": 0.42436161637306213,
      "val_eval": 0.9272602200508118,
      "epoch": 30,
      "mse": 0.9272602200508118,
      "w2_global": 0.7338705658912659,
      "cvar": 2.1648590564727783
    },
    "(0.5, 1.0)": {
      "val_loss": 0.4198344647884369,
      "val_eval": 0.9199737310409546,
      "epoch": 30,
      "mse": 0.9199737310409546,
      "w2_global": 0.7165467739105225,
      "cvar": 2.1447267532348633
    },
    "(0.5, 5.0)": {
      "val_loss": 0.42150256037712097,
      "val_eval": 0.9247395396232605,
      "epoch": 30,
      "mse": 0.9247394800186157,
      "w2_global": 0.7350060939788818,
      "cvar": 2.161020517349243
    },
    "(0.5, 10.0)": {
      "val_loss": 0.43318599462509155,
      "val_eval": 0.944208025932312,
      "epoch": 29,
      "mse": 0.944208025932312,
      "w2_global": 0.7575787305831909,
      "cvar": 2.2008912563323975
    },
    "(0.75, 0.1)": {
      "val_loss": 0.4107449948787689,
      "val_eval": 0.893735408782959,
      "epoch": 29,
      "mse": 0.893735408782959,
      "w2_global": 0.6610395312309265,
      "cvar": 2.059253215789795
    },
    "(0.75, 1.0)": {
      "val_loss": 0.4171965420246124,
      "val_eval": 0.90156090259552,
      "epoch": 30,
      "mse": 0.90156090259552,
      "w2_global": 0.6516826748847961,
      "cvar": 2.126314640045166
    },
    "(0.75, 5.0)": {
      "val_loss": 0.4103248119354248,
      "val_eval": 0.8890417218208313,
      "epoch": 30,
      "mse": 0.8890417218208313,
      "w2_global": 0.6557550430297852,
      "cvar": 2.0643904209136963
    },
    "(0.75, 10.0)": {
      "val_loss": 0.41345784068107605,
      "val_eval": 0.8928451538085938,
      "epoch": 30,
      "mse": 0.8928451538085938,
      "w2_global": 0.6562636494636536,
      "cvar": 2.0742480754852295
    },
    "(0.99, 0.1)": {
      "val_loss": 0.41593068838119507,
      "val_eval": 0.880702018737793,
      "epoch": 30,
      "mse": 0.880702018737793,
      "w2_global": 0.6063840985298157,
      "cvar": 2.000239372253418
    },
    "(0.99, 1.0)": {
      "val_loss": 0.4263090193271637,
      "val_eval": 0.9021545052528381,
      "epoch": 30,
      "mse": 0.9021545052528381,
      "w2_global": 0.6291755437850952,
      "cvar": 2.066856622695923
    },
    "(0.99, 5.0)": {
      "val_loss": 0.4155842363834381,
      "val_eval": 0.8843703866004944,
      "epoch": 30,
      "mse": 0.8843703866004944,
      "w2_global": 0.6042559146881104,
      "cvar": 2.025228500366211
    },
    "(0.99, 10.0)": {
      "val_loss": 0.41665118932724,
      "val_eval": 0.8797659873962402,
      "epoch": 28,
      "mse": 0.8797659277915955,
      "w2_global": 0.6144335865974426,
      "cvar": 2.028797149658203
    }
  }
}