{
  "train": {
    "mse": 0.3542631268501282,
    "rmse": 0.5952000729587725,
    "mae": 0.3869089186191559,
    "w2_global": 0.6107949018478394,
    "ae_summary": {
      "mean": 0.3869089186191559,
      "std": 0.4522881805896759,
      "min": 2.4944543838500977e-05,
      "max": 30.3701229095459,
      "p50": 0.2653809189796448,
      "p90": 0.8519103527069092,
      "p95": 1.1561096906661987,
      "p99": 1.9983314275741577
    },
    "se_summary": {
      "mean": 0.3542631268501282,
      "std": 4.554382801055908,
      "min": 6.22230267310897e-10,
      "max": 922.3443603515625,
      "p50": 0.0704270452260971,
      "p90": 0.7257512211799622,
      "p95": 1.3365895748138428,
      "p99": 3.993328332901001
    }
  },
  "val": {
    "mse": 0.8797659277915955,
    "rmse": 0.9379583827609813,
    "mae": 0.634893536567688,
    "w2_global": 0.6144335865974426,
    "ae_summary": {
      "mean": 0.634893536567688,
      "std": 0.6904174089431763,
      "min": 1.2427568435668945e-05,
      "max": 39.226104736328125,
      "p50": 0.4474027752876282,
      "p90": 1.4243584871292114,
      "p95": 1.8354475498199463,
      "p99": 2.8800222873687744
    },
    "se_summary": {
      "mean": 0.8797659277915955,
      "std": 6.66254186630249,
      "min": 1.5444445722323508e-10,
      "max": 1538.687255859375,
      "p50": 0.20016925036907196,
      "p90": 2.028797149658203,
      "p95": 3.3688676357269287,
      "p99": 8.294528007507324
    }
  },
  "test": {
    "mse": 0.9389504790306091,
    "rmse": 0.9689945712080172,
    "mae": 0.6595848202705383,
    "w2_global": 0.6339535117149353,
    "ae_summary": {
      "mean": 0.6595848202705383,
      "std": 0.7098580002784729,
      "min": 2.3245811462402344e-06,
      "max": 30.588058471679688,
      "p50": 0.46428918838500977,
      "p90": 1.4578701257705688,
      "p95": 1.9125982522964478,
      "p99": 3.2234201431274414
    },
    "se_summary": {
      "mean": 0.9389504790306091,
      "std": 4.08176851272583,
      "min": 5.403677505455562e-12,
      "max": 935.6293334960938,
      "p50": 0.21556445956230164,
      "p90": 2.125385284423828,
      "p95": 3.658032178878784,
      "p99": 10.390437126159668
    }
  }
}