{
  "train": {
    "mse": 0.0,
    "rmse": 0.0,
    "mae": 0.0,
    "w2_global": 0.7607783079147339,
    "ae_summary": {
      "mean": 0.0,
      "std": 0.0,
      "min": 0.0,
      "max": 0.0,
      "p50": 0.0,
      "p90": 0.0,
      "p95": 0.0,
      "p99": 0.0
    },
    "se_summary": {
      "mean": 0.0,
      "std": 0.0,
      "min": 0.0,
      "max": 0.0,
      "p50": 0.0,
      "p90": 0.0,
      "p95": 0.0,
      "p99": 0.0
    }
  },
  "val": {
    "mse": 1.0630333423614502,
    "rmse": 1.0310350829925479,
    "mae": 0.6529073119163513,
    "w2_global": 0.6064348220825195,
    "ae_summary": {
      "mean": 0.6529073119163513,
      "std": 0.7979632616043091,
      "min": 9.238719940185547e-07,
      "max": 10.814901351928711,
      "p50": 0.33535370230674744,
      "p90": 1.7553761005401611,
      "p95": 2.256493330001831,
      "p99": 3.518543243408203
    },
    "se_summary": {
      "mean": 1.0630333423614502,
      "std": 2.6871001720428467,
      "min": 8.535394613318203e-13,
      "max": 116.96208953857422,
      "p50": 0.1124621033668518,
      "p90": 3.0813450813293457,
      "p95": 5.091762065887451,
      "p99": 12.380146026611328
    }
  },
  "test": {
    "mse": 0.900964081287384,
    "rmse": 0.9491912775027929,
    "mae": 0.5791260004043579,
    "w2_global": 0.6491091847419739,
    "ae_summary": {
      "mean": 0.5791260004043579,
      "std": 0.7520486116409302,
      "min": 3.259629011154175e-07,
      "max": 11.79882526397705,
      "p50": 0.2574695646762848,
      "p90": 1.5906437635421753,
      "p95": 2.0914812088012695,
      "p99": 3.3517913818359375
    },
    "se_summary": {
      "mean": 0.900964081287384,
      "std": 2.4927239418029785,
      "min": 1.0625181290357943e-13,
      "max": 139.2122802734375,
      "p50": 0.06629057228565216,
      "p90": 2.5301477909088135,
      "p95": 4.374293804168701,
      "p99": 11.234504699707031
    }
  }
}