{
  "train": {
    "mse": 0.0,
    "rmse": 0.0,
    "mae": 0.0,
    "w2_global": 0.015689821913838387,
    "ae_summary": {
      "mean": 0.0,
      "std": 0.0,
      "min": 0.0,
      "max": 0.0,
      "p50": 0.0,
      "p90": 0.0,
      "p95": 0.0,
      "p99": 0.0
    },
    "se_summary": {
      "mean": 0.0,
      "std": 0.0,
      "min": 0.0,
      "max": 0.0,
      "p50": 0.0,
      "p90": 0.0,
      "p95": 0.0,
      "p99": 0.0
    }
  },
  "val": {
    "mse": 0.29156580567359924,
    "rmse": 0.5399683376584217,
    "mae": 0.39845845103263855,
    "w2_global": 0.026600200682878494,
    "ae_summary": {
      "mean": 0.39845845103263855,
      "std": 0.36441275477409363,
      "min": 0.00020428001880645752,
      "max": 3.5245373249053955,
      "p50": 0.3020399808883667,
      "p90": 0.8474398851394653,
      "p95": 1.0680946111679077,
      "p99": 1.725409746170044
    },
    "se_summary": {
      "mean": 0.29156580567359924,
      "std": 0.6623530983924866,
      "min": 4.173032763787887e-08,
      "max": 12.42236328125,
      "p50": 0.09122973680496216,
      "p90": 0.7181563377380371,
      "p95": 1.1408464908599854,
      "p99": 2.977053165435791
    }
  },
  "test": {
    "mse": 0.2131231725215912,
    "rmse": 0.46165265354115664,
    "mae": 0.334983766078949,
    "w2_global": 0.01781226508319378,
    "ae_summary": {
      "mean": 0.334983766078949,
      "std": 0.317661851644516,
      "min": 4.3451786041259766e-05,
      "max": 3.941777467727661,
      "p50": 0.2502574324607849,
      "p90": 0.7299896478652954,
      "p95": 0.9424687623977661,
      "p99": 1.4012820720672607
    },
    "se_summary": {
      "mean": 0.2131231725215912,
      "std": 0.5712172985076904,
      "min": 1.888057710175417e-09,
      "max": 15.537610054016113,
      "p50": 0.06262879073619843,
      "p90": 0.5328848958015442,
      "p95": 0.8882474303245544,
      "p99": 1.963592290878296
    }
  }
}