{
  "train": {
    "mse": 0.15234661102294922,
    "rmse": 0.39031603992527547,
    "mae": 0.28368210792541504,
    "w2_global": 0.11407805979251862,
    "ae_summary": {
      "mean": 0.28368210792541504,
      "std": 0.26808783411979675,
      "min": 1.430511474609375e-06,
      "max": 3.56544828414917,
      "p50": 0.2148859202861786,
      "p90": 0.5991225242614746,
      "p95": 0.7781209349632263,
      "p99": 1.2633695602416992
    },
    "se_summary": {
      "mean": 0.15234661102294922,
      "std": 0.3783148527145386,
      "min": 2.0463630789890885e-12,
      "max": 12.712421417236328,
      "p50": 0.04617595672607422,
      "p90": 0.3589477837085724,
      "p95": 0.605472207069397,
      "p99": 1.5961025953292847
    }
  },
  "val": {
    "mse": 0.1562539041042328,
    "rmse": 0.39528964583483944,
    "mae": 0.2868168354034424,
    "w2_global": 0.11504451185464859,
    "ae_summary": {
      "mean": 0.2868168354034424,
      "std": 0.27201104164123535,
      "min": 8.463859558105469e-06,
      "max": 2.9429686069488525,
      "p50": 0.21671843528747559,
      "p90": 0.6052695512771606,
      "p95": 0.7891742587089539,
      "p99": 1.293113112449646
    },
    "se_summary": {
      "mean": 0.1562539041042328,
      "std": 0.3845253884792328,
      "min": 7.16369186193333e-11,
      "max": 8.661064147949219,
      "p50": 0.046966880559921265,
      "p90": 0.3663512170314789,
      "p95": 0.6227960586547852,
      "p99": 1.672141432762146
    }
  },
  "test": {
    "mse": 0.1573208123445511,
    "rmse": 0.3966368771868686,
    "mae": 0.28774991631507874,
    "w2_global": 0.11544453352689743,
    "ae_summary": {
      "mean": 0.28774991631507874,
      "std": 0.27298498153686523,
      "min": 7.152557373046875e-07,
      "max": 3.5249338150024414,
      "p50": 0.2186746597290039,
      "p90": 0.603923499584198,
      "p95": 0.785408616065979,
      "p99": 1.312739372253418
    },
    "se_summary": {
      "mean": 0.1573208123445511,
      "std": 0.39550283551216125,
      "min": 5.115907697472721e-13,
      "max": 12.425158500671387,
      "p50": 0.047818608582019806,
      "p90": 0.3647235631942749,
      "p95": 0.6168667078018188,
      "p99": 1.7232846021652222
    }
  }
}