{
  "train": {
    "mse": 0.0,
    "rmse": 0.0,
    "mae": 0.0,
    "w2_global": 0.06468523293733597,
    "ae_summary": {
      "mean": 0.0,
      "std": 0.0,
      "min": 0.0,
      "max": 0.0,
      "p50": 0.0,
      "p90": 0.0,
      "p95": 0.0,
      "p99": 0.0
    },
    "se_summary": {
      "mean": 0.0,
      "std": 0.0,
      "min": 0.0,
      "max": 0.0,
      "p50": 0.0,
      "p90": 0.0,
      "p95": 0.0,
      "p99": 0.0
    }
  },
  "val": {
    "mse": 1.4238957166671753,
    "rmse": 1.1932710155983741,
    "mae": 0.806287407875061,
    "w2_global": 0.08608882129192352,
    "ae_summary": {
      "mean": 0.806287407875061,
      "std": 0.8796570301055908,
      "min": 8.273124694824219e-05,
      "max": 38.10197067260742,
      "p50": 0.5846683979034424,
      "p90": 1.7025316953659058,
      "p95": 2.2674062252044678,
      "p99": 3.712172508239746
    },
    "se_summary": {
      "mean": 1.4238957166671753,
      "std": 13.741676330566406,
      "min": 6.844459221611032e-09,
      "max": 1451.7601318359375,
      "p50": 0.3418371379375458,
      "p90": 2.8986148834228516,
      "p95": 5.14113187789917,
      "p99": 13.780250549316406
    }
  },
  "test": {
    "mse": 1.4679620265960693,
    "rmse": 1.2115948277357695,
    "mae": 0.8280978202819824,
    "w2_global": 0.0693948045372963,
    "ae_summary": {
      "mean": 0.8280978202819824,
      "std": 0.8844297528266907,
      "min": 1.714937388896942e-05,
      "max": 27.56254768371582,
      "p50": 0.592988133430481,
      "p90": 1.8017902374267578,
      "p95": 2.384641170501709,
      "p99": 3.8827946186065674
    },
    "se_summary": {
      "mean": 1.4679620265960693,
      "std": 10.055563926696777,
      "min": 2.941010213142192e-10,
      "max": 759.6940307617188,
      "p50": 0.3516349792480469,
      "p90": 3.246448278427124,
      "p95": 5.686513423919678,
      "p99": 15.076093673706055
    }
  }
}