{
  "test": {
    "mse": 0.8683446645736694,
    "rmse": 0.9318501298887442,
    "mae": 0.5410206317901611,
    "w2_global": 0.02116428315639496,
    "ae_summary": {
      "mean": 0.5410206317901611,
      "std": 0.7587103247642517,
      "min": 3.829598426818848e-06,
      "max": 10.897010803222656,
      "p50": 0.25989872217178345,
      "p90": 1.418505311012268,
      "p95": 1.9568556547164917,
      "p99": 3.3617959022521973
    },
    "se_summary": {
      "mean": 0.8683446645736694,
      "std": 3.3707501888275146,
      "min": 1.4665824110693393e-11,
      "max": 118.74484252929688,
      "p50": 0.06754733622074127,
      "p90": 2.012157440185547,
      "p95": 3.829284191131592,
      "p99": 11.301671981811523
    }
  }
}