{
  "train": {
    "mse": 0.0,
    "rmse": 0.0,
    "mae": 0.0,
    "w2_global": 2.1938998699188232,
    "ae_summary": {
      "mean": 0.0,
      "std": 0.0,
      "min": 0.0,
      "max": 0.0,
      "p50": 0.0,
      "p90": 0.0,
      "p95": 0.0,
      "p99": 0.0
    },
    "se_summary": {
      "mean": 0.0,
      "std": 0.0,
      "min": 0.0,
      "max": 0.0,
      "p50": 0.0,
      "p90": 0.0,
      "p95": 0.0,
      "p99": 0.0
    }
  },
  "val": {
    "mse": 6.128504753112793,
    "rmse": 2.4755816999470635,
    "mae": 2.3179988861083984,
    "w2_global": 2.1654694080352783,
    "ae_summary": {
      "mean": 2.3179988861083984,
      "std": 0.8691291213035583,
      "min": 0.012990236282348633,
      "max": 6.042793273925781,
      "p50": 2.3350772857666016,
      "p90": 3.444655656814575,
      "p95": 3.7764885425567627,
      "p99": 4.440880298614502
    },
    "se_summary": {
      "mean": 6.128504753112793,
      "std": 4.286824703216553,
      "min": 0.00016874623543117195,
      "max": 36.515350341796875,
      "p50": 5.452585697174072,
      "p90": 11.865653038024902,
      "p95": 14.26186752319336,
      "p99": 19.72142791748047
    }
  },
  "test": {
    "mse": 6.1140289306640625,
    "rmse": 2.47265625,
    "mae": 2.3265345096588135,
    "w2_global": 2.1670191287994385,
    "ae_summary": {
      "mean": 2.3265345096588135,
      "std": 0.8374164700508118,
      "min": 0.0012657642364501953,
      "max": 6.646716117858887,
      "p50": 2.303180694580078,
      "p90": 3.409482002258301,
      "p95": 3.655431032180786,
      "p99": 4.271612644195557
    },
    "se_summary": {
      "mean": 6.1140289306640625,
      "std": 4.0861124992370605,
      "min": 1.602159045432927e-06,
      "max": 44.178836822509766,
      "p50": 5.3046417236328125,
      "p90": 11.624567031860352,
      "p95": 13.362175941467285,
      "p99": 18.246673583984375
    }
  }
}