{
  "train": {
    "mse": 0.0,
    "rmse": 0.0,
    "mae": 0.0,
    "w2_global": 0.15907543897628784,
    "ae_summary": {
      "mean": 0.0,
      "std": 0.0,
      "min": 0.0,
      "max": 0.0,
      "p50": 0.0,
      "p90": 0.0,
      "p95": 0.0,
      "p99": 0.0
    },
    "se_summary": {
      "mean": 0.0,
      "std": 0.0,
      "min": 0.0,
      "max": 0.0,
      "p50": 0.0,
      "p90": 0.0,
      "p95": 0.0,
      "p99": 0.0
    }
  },
  "val": {
    "mse": 1.3193323612213135,
    "rmse": 1.1486219400748505,
    "mae": 0.809080958366394,
    "w2_global": 0.06270839273929596,
    "ae_summary": {
      "mean": 0.809080958366394,
      "std": 0.8153038620948792,
      "min": 9.304285049438477e-05,
      "max": 6.76792049407959,
      "p50": 0.5684820413589478,
      "p90": 1.830281376838684,
      "p95": 2.3638739585876465,
      "p99": 4.037586212158203
    },
    "se_summary": {
      "mean": 1.3193323612213135,
      "std": 3.1164119243621826,
      "min": 8.656972028120435e-09,
      "max": 45.80474853515625,
      "p50": 0.32317182421684265,
      "p90": 3.349930763244629,
      "p95": 5.587903022766113,
      "p99": 16.302186965942383
    }
  },
  "test": {
    "mse": 1.2848724126815796,
    "rmse": 1.1335221271248213,
    "mae": 0.7679517865180969,
    "w2_global": 0.13585340976715088,
    "ae_summary": {
      "mean": 0.7679517865180969,
      "std": 0.8337400555610657,
      "min": 0.0005001425743103027,
      "max": 8.013538360595703,
      "p50": 0.52376788854599,
      "p90": 1.7247283458709717,
      "p95": 2.3278400897979736,
      "p99": 3.914792060852051
    },
    "se_summary": {
      "mean": 1.2848724126815796,
      "std": 3.6021225452423096,
      "min": 2.50142591085023e-07,
      "max": 64.216796875,
      "p50": 0.27433279156684875,
      "p90": 2.9746880531311035,
      "p95": 5.418838977813721,
      "p99": 15.327893257141113
    }
  }
}