{
  "test": {
    "mse": 0.7168216109275818,
    "rmse": 0.8466531821989343,
    "mae": 0.4191470444202423,
    "w2_global": 0.34863296151161194,
    "ae_summary": {
      "mean": 0.4191470444202423,
      "std": 0.7356204390525818,
      "min": 1.993030309677124e-07,
      "max": 12.092633247375488,
      "p50": 0.0697031244635582,
      "p90": 1.3477505445480347,
      "p95": 1.975473165512085,
      "p99": 3.3743979930877686
    },
    "se_summary": {
      "mean": 0.7168216109275818,
      "std": 2.585676908493042,
      "min": 3.972169815291693e-14,
      "max": 146.23178100585938,
      "p50": 0.0048585254698991776,
      "p90": 1.8164315223693848,
      "p95": 3.902494430541992,
      "p99": 11.386561393737793
    }
  }
}