{
  "train": {
    "mse": 0.0,
    "rmse": 0.0,
    "mae": 0.0,
    "w2_global": 0.20112864673137665,
    "ae_summary": {
      "mean": 0.0,
      "std": 0.0,
      "min": 0.0,
      "max": 0.0,
      "p50": 0.0,
      "p90": 0.0,
      "p95": 0.0,
      "p99": 0.0
    },
    "se_summary": {
      "mean": 0.0,
      "std": 0.0,
      "min": 0.0,
      "max": 0.0,
      "p50": 0.0,
      "p90": 0.0,
      "p95": 0.0,
      "p99": 0.0
    }
  },
  "val": {
    "mse": 0.8356606364250183,
    "rmse": 0.9141447568219261,
    "mae": 0.7046746015548706,
    "w2_global": 0.13759659230709076,
    "ae_summary": {
      "mean": 0.7046746015548706,
      "std": 0.582318127155304,
      "min": 0.0001245737075805664,
      "max": 5.60373067855835,
      "p50": 0.5741256475448608,
      "p90": 1.4778509140014648,
      "p95": 1.8271925449371338,
      "p99": 2.6428704261779785
    },
    "se_summary": {
      "mean": 0.8356606364250183,
      "std": 1.4964358806610107,
      "min": 1.5518608620368468e-08,
      "max": 31.401798248291016,
      "p50": 0.3296203017234802,
      "p90": 2.1840434074401855,
      "p95": 3.338632822036743,
      "p99": 6.984766006469727
    }
  },
  "test": {
    "mse": 0.8979775309562683,
    "rmse": 0.9476167637585715,
    "mae": 0.7330843210220337,
    "w2_global": 0.19951117038726807,
    "ae_summary": {
      "mean": 0.7330843210220337,
      "std": 0.6004704833030701,
      "min": 5.900859832763672e-06,
      "max": 5.77140474319458,
      "p50": 0.5959558486938477,
      "p90": 1.546310544013977,
      "p95": 1.8905149698257446,
      "p99": 2.652730941772461
    },
    "se_summary": {
      "mean": 0.8979775309562683,
      "std": 1.5650179386138916,
      "min": 3.482014676592371e-11,
      "max": 33.309112548828125,
      "p50": 0.3551633656024933,
      "p90": 2.3910763263702393,
      "p95": 3.574047327041626,
      "p99": 7.036981105804443
    }
  }
}