{
  "train": {
    "mse": 0.0,
    "rmse": 0.0,
    "mae": 0.0,
    "w2_global": 0.27808693051338196,
    "ae_summary": {
      "mean": 0.0,
      "std": 0.0,
      "min": 0.0,
      "max": 0.0,
      "p50": 0.0,
      "p90": 0.0,
      "p95": 0.0,
      "p99": 0.0
    },
    "se_summary": {
      "mean": 0.0,
      "std": 0.0,
      "min": 0.0,
      "max": 0.0,
      "p50": 0.0,
      "p90": 0.0,
      "p95": 0.0,
      "p99": 0.0
    }
  },
  "val": {
    "mse": 0.7657322287559509,
    "rmse": 0.8750612714295788,
    "mae": 0.600631594657898,
    "w2_global": 0.2415793240070343,
    "ae_summary": {
      "mean": 0.600631594657898,
      "std": 0.6363756656646729,
      "min": 1.3321638107299805e-05,
      "max": 32.24663543701172,
      "p50": 0.45683449506759644,
      "p90": 1.2492504119873047,
      "p95": 1.58632230758667,
      "p99": 2.6591947078704834
    },
    "se_summary": {
      "mean": 0.7657322287559509,
      "std": 6.707692623138428,
      "min": 1.7746604186186232e-10,
      "max": 1039.845458984375,
      "p50": 0.20869776606559753,
      "p90": 1.560626745223999,
      "p95": 2.51641845703125,
      "p99": 7.071318626403809
    }
  },
  "test": {
    "mse": 0.7587735652923584,
    "rmse": 0.8710760961548414,
    "mae": 0.5793854594230652,
    "w2_global": 0.2636611759662628,
    "ae_summary": {
      "mean": 0.5793854594230652,
      "std": 0.6504507064819336,
      "min": 2.0638108253479004e-06,
      "max": 35.8849983215332,
      "p50": 0.44051113724708557,
      "p90": 1.2063167095184326,
      "p95": 1.5501458644866943,
      "p99": 2.555546998977661
    },
    "se_summary": {
      "mean": 0.7587735652923584,
      "std": 9.345041275024414,
      "min": 4.259315122823182e-12,
      "max": 1287.733154296875,
      "p50": 0.19405005872249603,
      "p90": 1.455199956893921,
      "p95": 2.402951955795288,
      "p99": 6.530820846557617
    }
  }
}