{
  "train": {
    "mse": 0.005110012833029032,
    "rmse": 0.07148435376380646,
    "mae": 0.04144227132201195,
    "w2_global": 0.6241318583488464,
    "ae_summary": {
      "mean": 0.04144227132201195,
      "std": 0.05824560299515724,
      "min": 2.037733793258667e-06,
      "max": 1.3761231899261475,
      "p50": 0.030022799968719482,
      "p90": 0.0773191824555397,
      "p95": 0.10202204436063766,
      "p99": 0.268642395734787
    },
    "se_summary": {
      "mean": 0.005110012833029032,
      "std": 0.047585275024175644,
      "min": 4.152359012188356e-12,
      "max": 1.8937150239944458,
      "p50": 0.0009013690869323909,
      "p90": 0.005978256929665804,
      "p95": 0.010408500209450722,
      "p99": 0.07216986268758774
    }
  },
  "val": {
    "mse": 0.8032830357551575,
    "rmse": 0.8962605847381427,
    "mae": 0.6903929114341736,
    "w2_global": 0.5205847024917603,
    "ae_summary": {
      "mean": 0.6903929114341736,
      "std": 0.5715247988700867,
      "min": 9.047985076904297e-05,
      "max": 3.6874122619628906,
      "p50": 0.5370753407478333,
      "p90": 1.476960301399231,
      "p95": 1.7085611820220947,
      "p99": 2.352764129638672
    },
    "se_summary": {
      "mean": 0.8032830357551575,
      "std": 1.1884065866470337,
      "min": 8.186603395188286e-09,
      "max": 13.597009658813477,
      "p50": 0.2884499132633209,
      "p90": 2.18141508102417,
      "p95": 2.9191842079162598,
      "p99": 5.535499095916748
    }
  },
  "test": {
    "mse": 0.9541954398155212,
    "rmse": 0.9768292787460464,
    "mae": 0.740604817867279,
    "w2_global": 0.5921041965484619,
    "ae_summary": {
      "mean": 0.740604817867279,
      "std": 0.6369457244873047,
      "min": 0.0004337131977081299,
      "max": 4.594559669494629,
      "p50": 0.5782929062843323,
      "p90": 1.6510523557662964,
      "p95": 2.0576677322387695,
      "p99": 2.7301442623138428
    },
    "se_summary": {
      "mean": 0.9541954398155212,
      "std": 1.6009807586669922,
      "min": 1.8810713697803294e-07,
      "max": 21.10997772216797,
      "p50": 0.33442267775535583,
      "p90": 2.7259738445281982,
      "p95": 4.233997344970703,
      "p99": 7.4536895751953125
    }
  }
}