{
  "best_alpha": 0.99,
  "best_gamma": 1.0,
  "alpha_grid": [
    0.01,
    0.25,
    0.5,
    0.75,
    0.99
  ],
  "gamma_grid": [
    0.1,
    1.0,
    5.0,
    10.0
  ],
  "results": {
    "(0.01, 0.1)": {
      "val_loss": 1.2644975185394287,
      "val_eval": 1.2510861158370972,
      "epochs": 30,
      "mse": 1.2510861158370972,
      "w2_global": 0.9572198987007141,
      "cvar": 3.9338362216949463
    },
    "(0.01, 1.0)": {
      "val_loss": 1.2314594984054565,
      "val_eval": 1.2225468158721924,
      "epochs": 30,
      "mse": 1.2225468158721924,
      "w2_global": 0.9480766654014587,
      "cvar": 3.7827565670013428
    },
    "(0.01, 5.0)": {
      "val_loss": 1.2654622793197632,
      "val_eval": 1.251875638961792,
      "epochs": 30,
      "mse": 1.2518755197525024,
      "w2_global": 0.9570525288581848,
      "cvar": 3.8619821071624756
    },
    "(0.01, 10.0)": {
      "val_loss": 1.2755531072616577,
      "val_eval": 1.265657901763916,
      "epochs": 30,
      "mse": 1.265657901763916,
      "w2_global": 0.9597513675689697,
      "cvar": 3.8426856994628906
    },
    "(0.25, 0.1)": {
      "val_loss": 1.2340291738510132,
      "val_eval": 1.219041109085083,
      "epochs": 30,
      "mse": 1.219041109085083,
      "w2_global": 0.9471915364265442,
      "cvar": 3.7884654998779297
    },
    "(0.25, 1.0)": {
      "val_loss": 1.2475591897964478,
      "val_eval": 1.2353488206863403,
      "epochs": 30,
      "mse": 1.2353488206863403,
      "w2_global": 0.9544016122817993,
      "cvar": 3.8505520820617676
    },
    "(0.25, 5.0)": {
      "val_loss": 1.237879753112793,
      "val_eval": 1.2268586158752441,
      "epochs": 30,
      "mse": 1.2268586158752441,
      "w2_global": 0.953535258769989,
      "cvar": 3.706660270690918
    },
    "(0.25, 10.0)": {
      "val_loss": 1.2591118812561035,
      "val_eval": 1.2439615726470947,
      "epochs": 30,
      "mse": 1.2439615726470947,
      "w2_global": 0.9559029936790466,
      "cvar": 3.8506643772125244
    },
    "(0.5, 0.1)": {
      "val_loss": 1.25127112865448,
      "val_eval": 1.2439146041870117,
      "epochs": 30,
      "mse": 1.2439146041870117,
      "w2_global": 0.956156313419342,
      "cvar": 3.83327579498291
    },
    "(0.5, 1.0)": {
      "val_loss": 1.2246980667114258,
      "val_eval": 1.2176376581192017,
      "epochs": 30,
      "mse": 1.2176376581192017,
      "w2_global": 0.9516280293464661,
      "cvar": 3.7055790424346924
    },
    "(0.5, 5.0)": {
      "val_loss": 1.2408289909362793,
      "val_eval": 1.2307887077331543,
      "epochs": 30,
      "mse": 1.2307887077331543,
      "w2_global": 0.9505431056022644,
      "cvar": 3.7134158611297607
    },
    "(0.5, 10.0)": {
      "val_loss": 1.2338709831237793,
      "val_eval": 1.2236114740371704,
      "epochs": 30,
      "mse": 1.22361159324646,
      "w2_global": 0.9518210291862488,
      "cvar": 3.676718235015869
    },
    "(0.75, 0.1)": {
      "val_loss": 1.0019550323486328,
      "val_eval": 0.9889562726020813,
      "epochs": 30,
      "mse": 0.9889562726020813,
      "w2_global": 0.8519114851951599,
      "cvar": 2.8036653995513916
    },
    "(0.75, 1.0)": {
      "val_loss": 0.8326935172080994,
      "val_eval": 0.8283757567405701,
      "epochs": 30,
      "mse": 0.8283757567405701,
      "w2_global": 0.7715069055557251,
      "cvar": 2.470027208328247
    },
    "(0.75, 5.0)": {
      "val_loss": 1.0539031028747559,
      "val_eval": 1.035640835762024,
      "epochs": 30,
      "mse": 1.035641074180603,
      "w2_global": 0.8816150426864624,
      "cvar": 3.135138988494873
    },
    "(0.75, 10.0)": {
      "val_loss": 1.1027326583862305,
      "val_eval": 1.0920828580856323,
      "epochs": 30,
      "mse": 1.0920828580856323,
      "w2_global": 0.9023808240890503,
      "cvar": 3.312688112258911
    },
    "(0.99, 0.1)": {
      "val_loss": 0.47081175446510315,
      "val_eval": 0.46795767545700073,
      "epochs": 30,
      "mse": 0.46795767545700073,
      "w2_global": 0.37791314721107483,
      "cvar": 1.4187461137771606
    },
    "(0.99, 1.0)": {
      "val_loss": 0.33985278010368347,
      "val_eval": 0.33698615431785583,
      "epochs": 30,
      "mse": 0.33698612451553345,
      "w2_global": 0.2845023572444916,
      "cvar": 0.8763043880462646
    },
    "(0.99, 5.0)": {
      "val_loss": 0.42375823855400085,
      "val_eval": 0.4135056436061859,
      "epochs": 30,
      "mse": 0.4135056436061859,
      "w2_global": 0.3993348181247711,
      "cvar": 1.077353835105896
    },
    "(0.99, 10.0)": {
      "val_loss": 0.34602177143096924,
      "val_eval": 0.34138476848602295,
      "epochs": 30,
      "mse": 0.34138476848602295,
      "w2_global": 0.3053993284702301,
      "cvar": 0.9034613966941833
    }
  }
}