{
  "train": {
    "mse": 0.3044152855873108,
    "rmse": 0.5517384213441282,
    "mae": 0.41803455352783203,
    "w2_global": 0.2745504677295685,
    "ae_summary": {
      "mean": 0.41803455352783203,
      "std": 0.3600866496562958,
      "min": 1.7523765563964844e-05,
      "max": 3.4803974628448486,
      "p50": 0.3259740471839905,
      "p90": 0.899412214756012,
      "p95": 1.131718397140503,
      "p99": 1.6707165241241455
    },
    "se_summary": {
      "mean": 0.3044152855873108,
      "std": 0.5715694427490234,
      "min": 3.070823595408001e-10,
      "max": 12.113166809082031,
      "p50": 0.10625907778739929,
      "p90": 0.8089422583580017,
      "p95": 1.2807865142822266,
      "p99": 2.7912938594818115
    }
  },
  "val": {
    "mse": 0.33698612451553345,
    "rmse": 0.5805050598535153,
    "mae": 0.43971678614616394,
    "w2_global": 0.2845023572444916,
    "ae_summary": {
      "mean": 0.43971678614616394,
      "std": 0.37899249792099,
      "min": 1.2129545211791992e-05,
      "max": 3.09926438331604,
      "p50": 0.3387771546840668,
      "p90": 0.936111330986023,
      "p95": 1.1744648218154907,
      "p99": 1.8167760372161865
    },
    "se_summary": {
      "mean": 0.33698612451553345,
      "std": 0.6325927376747131,
      "min": 1.4712586704490604e-10,
      "max": 9.605440139770508,
      "p50": 0.11476996541023254,
      "p90": 0.8763043880462646,
      "p95": 1.3793675899505615,
      "p99": 3.3006751537323
    }
  },
  "test": {
    "mse": 0.31431570649147034,
    "rmse": 0.5606386594692435,
    "mae": 0.4367833137512207,
    "w2_global": 0.26785406470298767,
    "ae_summary": {
      "mean": 0.4367833137512207,
      "std": 0.3514769673347473,
      "min": 1.2516975402832031e-06,
      "max": 3.3540802001953125,
      "p50": 0.35906338691711426,
      "p90": 0.8892872929573059,
      "p95": 1.1039317846298218,
      "p99": 1.6193729639053345
    },
    "se_summary": {
      "mean": 0.31431570649147034,
      "std": 0.538605809211731,
      "min": 1.566746732351021e-12,
      "max": 11.24985408782959,
      "p50": 0.12892651557922363,
      "p90": 0.7908319234848022,
      "p95": 1.218665361404419,
      "p99": 2.622368812561035
    }
  }
}