{
  "train": {
    "mse": 0.0,
    "rmse": 0.0,
    "mae": 0.0,
    "w2_global": 0.6660310626029968,
    "ae_summary": {
      "mean": 0.0,
      "std": 0.0,
      "min": 0.0,
      "max": 0.0,
      "p50": 0.0,
      "p90": 0.0,
      "p95": 0.0,
      "p99": 0.0
    },
    "se_summary": {
      "mean": 0.0,
      "std": 0.0,
      "min": 0.0,
      "max": 0.0,
      "p50": 0.0,
      "p90": 0.0,
      "p95": 0.0,
      "p99": 0.0
    }
  },
  "val": {
    "mse": 0.8728094100952148,
    "rmse": 0.934242693359287,
    "mae": 0.614075779914856,
    "w2_global": 0.6650177240371704,
    "ae_summary": {
      "mean": 0.614075779914856,
      "std": 0.7040740847587585,
      "min": 9.238719940185547e-07,
      "max": 48.92902755737305,
      "p50": 0.4413771629333496,
      "p90": 1.3363418579101562,
      "p95": 1.7546650171279907,
      "p99": 2.7989981174468994
    },
    "se_summary": {
      "mean": 0.8728094100952148,
      "std": 9.638860702514648,
      "min": 8.535394613318203e-13,
      "max": 2394.0498046875,
      "p50": 0.1948137879371643,
      "p90": 1.7858095169067383,
      "p95": 3.0788495540618896,
      "p99": 7.834390163421631
    }
  },
  "test": {
    "mse": 0.9020868539810181,
    "rmse": 0.9497825298356556,
    "mae": 0.6133676767349243,
    "w2_global": 0.6722800731658936,
    "ae_summary": {
      "mean": 0.6133676767349243,
      "std": 0.7251668572425842,
      "min": 1.9073486328125e-06,
      "max": 39.04862976074219,
      "p50": 0.4399074912071228,
      "p90": 1.3284608125686646,
      "p95": 1.748778223991394,
      "p99": 2.8714826107025146
    },
    "se_summary": {
      "mean": 0.9020868539810181,
      "std": 9.194515228271484,
      "min": 3.637978807091713e-12,
      "max": 1524.7955322265625,
      "p50": 0.19351860880851746,
      "p90": 1.764808177947998,
      "p95": 3.058225393295288,
      "p99": 8.245412826538086
    }
  }
}