{
  "train": {
    "mse": 6743.220703125,
    "rmse": 82.11711577451439,
    "mae": 62.65898513793945,
    "w2_global": 0.28894922137260437,
    "ae_summary": {
      "mean": 62.65898513793945,
      "std": 53.076107025146484,
      "min": 0.0020740479230880737,
      "max": 446.25762939453125,
      "p50": 50.97134780883789,
      "p90": 125.25377655029297,
      "p95": 147.31903076171875,
      "p99": 289.5799255371094
    },
    "se_summary": {
      "mean": 6743.220703125,
      "std": 13714.482421875,
      "min": 4.301674835005542e-06,
      "max": 199145.875,
      "p50": 2598.078369140625,
      "p90": 15688.5087890625,
      "p95": 21702.89453125,
      "p99": 83856.53125
    }
  },
  "val": {
    "mse": 0.4370347559452057,
    "rmse": 0.66108604276993,
    "mae": 0.3785085678100586,
    "w2_global": 0.3093489110469818,
    "ae_summary": {
      "mean": 0.3785085678100586,
      "std": 0.5420019030570984,
      "min": 3.993511199951172e-06,
      "max": 3.5569546222686768,
      "p50": 0.16908937692642212,
      "p90": 1.1041525602340698,
      "p95": 1.3809627294540405,
      "p99": 2.8694534301757812
    },
    "se_summary": {
      "mean": 0.4370347559452057,
      "std": 1.3028175830841064,
      "min": 1.594813170413545e-11,
      "max": 12.651926040649414,
      "p50": 0.0285912174731493,
      "p90": 1.219152808189392,
      "p95": 1.9070581197738647,
      "p99": 8.233762741088867
    }
  },
  "test": {
    "mse": 0.4047355651855469,
    "rmse": 0.6361883095322853,
    "mae": 0.36189207434654236,
    "w2_global": 0.29339998960494995,
    "ae_summary": {
      "mean": 0.36189207434654236,
      "std": 0.5232299566268921,
      "min": 5.960464477539063e-08,
      "max": 3.5466439723968506,
      "p50": 0.17034995555877686,
      "p90": 1.0638744831085205,
      "p95": 1.3277612924575806,
      "p99": 2.7502834796905518
    },
    "se_summary": {
      "mean": 0.4047355651855469,
      "std": 1.2461860179901123,
      "min": 3.552713678800501e-15,
      "max": 12.578683853149414,
      "p50": 0.029019108042120934,
      "p90": 1.1318289041519165,
      "p95": 1.76295006275177,
      "p99": 7.564059257507324
    }
  }
}