{
  "test": {
    "mse": 0.10207483917474747,
    "rmse": 0.3194915322426362,
    "mae": 0.2077719122171402,
    "w2_global": 0.008221028372645378,
    "ae_summary": {
      "mean": 0.2077719122171402,
      "std": 0.24270489811897278,
      "min": 0.0001188516616821289,
      "max": 1.4800002574920654,
      "p50": 0.12009905278682709,
      "p90": 0.527435302734375,
      "p95": 0.6893000602722168,
      "p99": 1.1283297538757324
    },
    "se_summary": {
      "mean": 0.10207483917474747,
      "std": 0.24470114707946777,
      "min": 1.4125717484603229e-08,
      "max": 2.1904008388519287,
      "p50": 0.014423783868551254,
      "p90": 0.2781880497932434,
      "p95": 0.4751586318016052,
      "p99": 1.2731987237930298
    }
  }
}