{
  "train": {
    "mse": 0.0,
    "rmse": 0.0,
    "mae": 0.0,
    "w2_global": 0.039517082273960114,
    "ae_summary": {
      "mean": 0.0,
      "std": 0.0,
      "min": 0.0,
      "max": 0.0,
      "p50": 0.0,
      "p90": 0.0,
      "p95": 0.0,
      "p99": 0.0
    },
    "se_summary": {
      "mean": 0.0,
      "std": 0.0,
      "min": 0.0,
      "max": 0.0,
      "p50": 0.0,
      "p90": 0.0,
      "p95": 0.0,
      "p99": 0.0
    }
  },
  "val": {
    "mse": 0.6972779631614685,
    "rmse": 0.8350317138656882,
    "mae": 0.6537684202194214,
    "w2_global": 0.03614453598856926,
    "ae_summary": {
      "mean": 0.6537684202194214,
      "std": 0.5194851160049438,
      "min": 0.0027126073837280273,
      "max": 3.246364116668701,
      "p50": 0.5459067821502686,
      "p90": 1.3782246112823486,
      "p95": 1.6387407779693604,
      "p99": 2.353527307510376
    },
    "se_summary": {
      "mean": 0.6972779631614685,
      "std": 1.147078514099121,
      "min": 7.358238690358121e-06,
      "max": 10.538880348205566,
      "p50": 0.29801446199417114,
      "p90": 1.8995169401168823,
      "p95": 2.685471773147583,
      "p99": 5.539623260498047
    }
  },
  "test": {
    "mse": 0.8475211262702942,
    "rmse": 0.9206091061195811,
    "mae": 0.7180314064025879,
    "w2_global": 0.03944412246346474,
    "ae_summary": {
      "mean": 0.7180314064025879,
      "std": 0.5761528015136719,
      "min": 0.00029349327087402344,
      "max": 4.334461212158203,
      "p50": 0.5818359851837158,
      "p90": 1.4796909093856812,
      "p95": 1.7995649576187134,
      "p99": 2.66443133354187
    },
    "se_summary": {
      "mean": 0.8475211262702942,
      "std": 1.4329438209533691,
      "min": 8.61383000483329e-08,
      "max": 18.787553787231445,
      "p50": 0.33853310346603394,
      "p90": 2.1894853115081787,
      "p95": 3.238434076309204,
      "p99": 7.099282741546631
    }
  }
}