{
  "train": {
    "mse": 2819.223388671875,
    "rmse": 53.09635946721654,
    "mae": 37.50366973876953,
    "w2_global": 0.21878749132156372,
    "ae_summary": {
      "mean": 37.50366973876953,
      "std": 37.585880279541016,
      "min": 0.0006951242685317993,
      "max": 360.90081787109375,
      "p50": 26.870582580566406,
      "p90": 81.86627197265625,
      "p95": 112.32872009277344,
      "p99": 187.19407653808594
    },
    "se_summary": {
      "mean": 2819.223388671875,
      "std": 6739.87451171875,
      "min": 4.831977662433928e-07,
      "max": 130249.3984375,
      "p50": 722.0281982421875,
      "p90": 6702.08642578125,
      "p95": 12617.7412109375,
      "p99": 35041.625
    }
  },
  "val": {
    "mse": 0.5315369367599487,
    "rmse": 0.7290657972775494,
    "mae": 0.37322351336479187,
    "w2_global": 0.3214356005191803,
    "ae_summary": {
      "mean": 0.37322351336479187,
      "std": 0.6262915730476379,
      "min": 8.973479270935059e-05,
      "max": 7.691348075866699,
      "p50": 0.17659971117973328,
      "p90": 0.8676697015762329,
      "p95": 1.2834813594818115,
      "p99": 3.267221212387085
    },
    "se_summary": {
      "mean": 0.5315369367599487,
      "std": 2.745509386062622,
      "min": 8.052333022590119e-09,
      "max": 59.15683364868164,
      "p50": 0.03118746727705002,
      "p90": 0.7528508901596069,
      "p95": 1.6473503112792969,
      "p99": 10.675508499145508
    }
  },
  "test": {
    "mse": 0.2079479694366455,
    "rmse": 0.4560131241934222,
    "mae": 0.25529325008392334,
    "w2_global": 0.1009451374411583,
    "ae_summary": {
      "mean": 0.25529325008392334,
      "std": 0.3778535723686218,
      "min": 7.611513137817383e-05,
      "max": 7.695035934448242,
      "p50": 0.1372523009777069,
      "p90": 0.6116615533828735,
      "p95": 0.9029903411865234,
      "p99": 1.8815228939056396
    },
    "se_summary": {
      "mean": 0.2079479694366455,
      "std": 1.1826612949371338,
      "min": 5.793513224716662e-09,
      "max": 59.21357727050781,
      "p50": 0.018838193267583847,
      "p90": 0.37413033843040466,
      "p95": 0.8153917789459229,
      "p99": 3.540128707885742
    }
  }
}