{
  "best_alpha": 0.99,
  "best_gamma": 5.0,
  "alpha_grid": [
    0.01,
    0.25,
    0.5,
    0.75,
    0.99
  ],
  "gamma_grid": [
    0.1,
    1.0,
    5.0,
    10.0
  ],
  "results": {
    "(0.01, 0.1)": {
      "val_loss": 0.544262170791626,
      "val_eval": 0.6554120779037476,
      "epochs": 30,
      "mse": 0.6554120779037476,
      "w2_global": 0.07031762599945068,
      "cvar": 1.3856030702590942
    },
    "(0.01, 1.0)": {
      "val_loss": 0.6235134601593018,
      "val_eval": 0.7297112345695496,
      "epochs": 30,
      "mse": 0.7297112345695496,
      "w2_global": 0.07346639782190323,
      "cvar": 1.5585081577301025
    },
    "(0.01, 5.0)": {
      "val_loss": 0.5711891651153564,
      "val_eval": 0.6610358357429504,
      "epochs": 30,
      "mse": 0.6610358357429504,
      "w2_global": 0.07094666361808777,
      "cvar": 1.3668900728225708
    },
    "(0.01, 10.0)": {
      "val_loss": 0.6466501951217651,
      "val_eval": 0.6990389823913574,
      "epochs": 30,
      "mse": 0.6990389823913574,
      "w2_global": 0.07594016939401627,
      "cvar": 1.5101168155670166
    },
    "(0.25, 0.1)": {
      "val_loss": 0.5723608136177063,
      "val_eval": 0.6167394518852234,
      "epochs": 30,
      "mse": 0.6167394518852234,
      "w2_global": 0.06925256550312042,
      "cvar": 1.3182257413864136
    },
    "(0.25, 1.0)": {
      "val_loss": 0.5080075860023499,
      "val_eval": 0.6393520832061768,
      "epochs": 30,
      "mse": 0.639352023601532,
      "w2_global": 0.07093498110771179,
      "cvar": 1.3893485069274902
    },
    "(0.25, 5.0)": {
      "val_loss": 0.5622275471687317,
      "val_eval": 0.6327458620071411,
      "epochs": 30,
      "mse": 0.6327459216117859,
      "w2_global": 0.06790979206562042,
      "cvar": 1.436004877090454
    },
    "(0.25, 10.0)": {
      "val_loss": 0.6499579548835754,
      "val_eval": 0.7275723218917847,
      "epochs": 30,
      "mse": 0.7275723218917847,
      "w2_global": 0.07024914026260376,
      "cvar": 1.6353169679641724
    },
    "(0.5, 0.1)": {
      "val_loss": 0.46122029423713684,
      "val_eval": 0.514382004737854,
      "epochs": 30,
      "mse": 0.514382004737854,
      "w2_global": 0.05936431884765625,
      "cvar": 1.2676335573196411
    },
    "(0.5, 1.0)": {
      "val_loss": 0.4220671057701111,
      "val_eval": 0.4500678777694702,
      "epochs": 30,
      "mse": 0.4500679075717926,
      "w2_global": 0.057887762784957886,
      "cvar": 1.0748531818389893
    },
    "(0.5, 5.0)": {
      "val_loss": 0.39536550641059875,
      "val_eval": 0.43134281039237976,
      "epochs": 30,
      "mse": 0.43134284019470215,
      "w2_global": 0.05631890520453453,
      "cvar": 1.025628685951233
    },
    "(0.5, 10.0)": {
      "val_loss": 0.5142937302589417,
      "val_eval": 0.6069508194923401,
      "epochs": 30,
      "mse": 0.6069508194923401,
      "w2_global": 0.0674474760890007,
      "cvar": 1.4398936033248901
    },
    "(0.75, 0.1)": {
      "val_loss": 0.39479586482048035,
      "val_eval": 0.42858555912971497,
      "epochs": 30,
      "mse": 0.42858555912971497,
      "w2_global": 0.05288546904921532,
      "cvar": 1.0819759368896484
    },
    "(0.75, 1.0)": {
      "val_loss": 0.2923160195350647,
      "val_eval": 0.30765846371650696,
      "epochs": 30,
      "mse": 0.30765846371650696,
      "w2_global": 0.04485930874943733,
      "cvar": 0.7409613728523254
    },
    "(0.75, 5.0)": {
      "val_loss": 0.3616349697113037,
      "val_eval": 0.3974263370037079,
      "epochs": 30,
      "mse": 0.3974263370037079,
      "w2_global": 0.05073884502053261,
      "cvar": 0.9925150871276855
    },
    "(0.75, 10.0)": {
      "val_loss": 0.38140153884887695,
      "val_eval": 0.41890501976013184,
      "epochs": 30,
      "mse": 0.41890501976013184,
      "w2_global": 0.05338351055979729,
      "cvar": 1.002655267715454
    },
    "(0.99, 0.1)": {
      "val_loss": 0.3200559616088867,
      "val_eval": 0.33408087491989136,
      "epochs": 30,
      "mse": 0.33408087491989136,
      "w2_global": 0.033664602786302567,
      "cvar": 0.8217606544494629
    },
    "(0.99, 1.0)": {
      "val_loss": 0.2851703464984894,
      "val_eval": 0.27550047636032104,
      "epochs": 30,
      "mse": 0.27550047636032104,
      "w2_global": 0.026707928627729416,
      "cvar": 0.7284611463546753
    },
    "(0.99, 5.0)": {
      "val_loss": 0.23893851041793823,
      "val_eval": 0.2249901294708252,
      "epochs": 30,
      "mse": 0.2249901443719864,
      "w2_global": 0.023416614159941673,
      "cvar": 0.5466580986976624
    },
    "(0.99, 10.0)": {
      "val_loss": 0.28705400228500366,
      "val_eval": 0.2693171799182892,
      "epochs": 30,
      "mse": 0.2693171799182892,
      "w2_global": 0.02468142844736576,
      "cvar": 0.5987057089805603
    }
  }
}