{
  "train": {
    "mse": 0.32058027386665344,
    "rmse": 0.5661980871273352,
    "mae": 0.4012778103351593,
    "w2_global": 0.03365733474493027,
    "ae_summary": {
      "mean": 0.4012778103351593,
      "std": 0.3994450867176056,
      "min": 9.834766387939453e-07,
      "max": 5.030667304992676,
      "p50": 0.2899876832962036,
      "p90": 0.8589686155319214,
      "p95": 1.1610771417617798,
      "p99": 1.9608545303344727
    },
    "se_summary": {
      "mean": 0.32058027386665344,
      "std": 0.8305302262306213,
      "min": 9.672262990534364e-13,
      "max": 25.307613372802734,
      "p50": 0.08409285545349121,
      "p90": 0.7378270626068115,
      "p95": 1.348100185394287,
      "p99": 3.8449506759643555
    }
  },
  "val": {
    "mse": 0.2249901443719864,
    "rmse": 0.4743312601673923,
    "mae": 0.36046841740608215,
    "w2_global": 0.023416614159941673,
    "ae_summary": {
      "mean": 0.36046841740608215,
      "std": 0.30830612778663635,
      "min": 0.00024127960205078125,
      "max": 1.82285475730896,
      "p50": 0.2798663377761841,
      "p90": 0.7393631935119629,
      "p95": 0.9564831256866455,
      "p99": 1.4626343250274658
    },
    "se_summary": {
      "mean": 0.2249901443719864,
      "std": 0.40639469027519226,
      "min": 5.8215846365783364e-08,
      "max": 3.3227994441986084,
      "p50": 0.07832516729831696,
      "p90": 0.5466580986976624,
      "p95": 0.9148877263069153,
      "p99": 2.139587879180908
    }
  },
  "test": {
    "mse": 0.31687188148498535,
    "rmse": 0.5629137424907882,
    "mae": 0.41006582975387573,
    "w2_global": 0.023707875981926918,
    "ae_summary": {
      "mean": 0.41006582975387573,
      "std": 0.38563957810401917,
      "min": 0.0001538693904876709,
      "max": 3.123579263687134,
      "p50": 0.30285751819610596,
      "p90": 0.9178946614265442,
      "p95": 1.1902117729187012,
      "p99": 1.757079005241394
    },
    "se_summary": {
      "mean": 0.31687188148498535,
      "std": 0.6614013910293579,
      "min": 2.3675788440868928e-08,
      "max": 9.756747245788574,
      "p50": 0.09172268211841583,
      "p90": 0.8425387740135193,
      "p95": 1.4166561365127563,
      "p99": 3.0878403186798096
    }
  }
}