{
  "best_alpha": 0.75,
  "best_gamma": 5.0,
  "alpha_grid": [
    0.01,
    0.25,
    0.5,
    0.75,
    0.99
  ],
  "gamma_grid": [
    0.1,
    1.0,
    5.0,
    10.0
  ],
  "results": {
    "(0.01, 0.1)": {
      "val_loss": 0.5927889347076416,
      "val_eval": 1.0938185453414917,
      "epoch": 1,
      "mse": 1.0938185453414917,
      "w2_global": 0.8592392206192017,
      "cvar": 2.6476409435272217
    },
    "(0.01, 1.0)": {
      "val_loss": 0.5882521867752075,
      "val_eval": 1.0887199640274048,
      "epoch": 1,
      "mse": 1.0887199640274048,
      "w2_global": 0.839399516582489,
      "cvar": 2.7361888885498047
    },
    "(0.01, 5.0)": {
      "val_loss": 0.6155796051025391,
      "val_eval": 1.100667119026184,
      "epoch": 1,
      "mse": 1.1006672382354736,
      "w2_global": 0.8041541576385498,
      "cvar": 2.648953676223755
    },
    "(0.01, 10.0)": {
      "val_loss": 0.6010249853134155,
      "val_eval": 1.1035490036010742,
      "epoch": 1,
      "mse": 1.1035490036010742,
      "w2_global": 0.8102608919143677,
      "cvar": 2.763239622116089
    },
    "(0.25, 0.1)": {
      "val_loss": 0.594483494758606,
      "val_eval": 1.0894287824630737,
      "epoch": 1,
      "mse": 1.0894287824630737,
      "w2_global": 0.8476786017417908,
      "cvar": 2.613563060760498
    },
    "(0.25, 1.0)": {
      "val_loss": 0.5976721048355103,
      "val_eval": 1.091769814491272,
      "epoch": 1,
      "mse": 1.091769814491272,
      "w2_global": 0.8379457592964172,
      "cvar": 2.6701486110687256
    },
    "(0.25, 5.0)": {
      "val_loss": 0.5987431406974792,
      "val_eval": 1.0933153629302979,
      "epoch": 1,
      "mse": 1.0933153629302979,
      "w2_global": 0.8472854495048523,
      "cvar": 2.7213454246520996
    },
    "(0.25, 10.0)": {
      "val_loss": 0.6123341917991638,
      "val_eval": 1.1003806591033936,
      "epoch": 1,
      "mse": 1.1003806591033936,
      "w2_global": 0.830949604511261,
      "cvar": 2.591381788253784
    },
    "(0.5, 0.1)": {
      "val_loss": 0.5864447355270386,
      "val_eval": 1.0937827825546265,
      "epoch": 1,
      "mse": 1.0937827825546265,
      "w2_global": 0.8661083579063416,
      "cvar": 2.7042391300201416
    },
    "(0.5, 1.0)": {
      "val_loss": 0.605388343334198,
      "val_eval": 1.0471837520599365,
      "epoch": 30,
      "mse": 1.0471837520599365,
      "w2_global": 0.6525154113769531,
      "cvar": 2.636861801147461
    },
    "(0.5, 5.0)": {
      "val_loss": 0.6049320697784424,
      "val_eval": 1.107837200164795,
      "epoch": 1,
      "mse": 1.1078370809555054,
      "w2_global": 0.8225414156913757,
      "cvar": 2.682154417037964
    },
    "(0.5, 10.0)": {
      "val_loss": 0.6119886040687561,
      "val_eval": 1.1088361740112305,
      "epoch": 1,
      "mse": 1.1088361740112305,
      "w2_global": 0.7862561345100403,
      "cvar": 2.600532054901123
    },
    "(0.75, 0.1)": {
      "val_loss": 0.25443002581596375,
      "val_eval": 0.3371014893054962,
      "epoch": 30,
      "mse": 0.3371014893054962,
      "w2_global": 0.2315770387649536,
      "cvar": 0.8939220309257507
    },
    "(0.75, 1.0)": {
      "val_loss": 0.30190375447273254,
      "val_eval": 0.3741813898086548,
      "epoch": 30,
      "mse": 0.3741813898086548,
      "w2_global": 0.23639936745166779,
      "cvar": 1.013427495956421
    },
    "(0.75, 5.0)": {
      "val_loss": 0.26965445280075073,
      "val_eval": 0.327328085899353,
      "epoch": 29,
      "mse": 0.327328085899353,
      "w2_global": 0.2034677267074585,
      "cvar": 0.8851577043533325
    },
    "(0.75, 10.0)": {
      "val_loss": 0.2713404893875122,
      "val_eval": 0.3707122206687927,
      "epoch": 30,
      "mse": 0.3707122206687927,
      "w2_global": 0.23443041741847992,
      "cvar": 1.0206764936447144
    },
    "(0.99, 0.1)": {
      "val_loss": 0.23471850156784058,
      "val_eval": 0.35495710372924805,
      "epoch": 30,
      "mse": 0.35495710372924805,
      "w2_global": 0.2910340130329132,
      "cvar": 0.9733293056488037
    },
    "(0.99, 1.0)": {
      "val_loss": 0.2220788151025772,
      "val_eval": 0.35473254323005676,
      "epoch": 30,
      "mse": 0.35473254323005676,
      "w2_global": 0.31716135144233704,
      "cvar": 0.9863625168800354
    },
    "(0.99, 5.0)": {
      "val_loss": 0.2150629609823227,
      "val_eval": 0.3337611258029938,
      "epoch": 30,
      "mse": 0.3337611258029938,
      "w2_global": 0.2608683407306671,
      "cvar": 0.9007651805877686
    },
    "(0.99, 10.0)": {
      "val_loss": 0.23511627316474915,
      "val_eval": 0.36923959851264954,
      "epoch": 29,
      "mse": 0.36923959851264954,
      "w2_global": 0.33517274260520935,
      "cvar": 0.9580271244049072
    }
  }
}