{
  "train": {
    "mse": 0.2740437686443329,
    "rmse": 0.5234918993110905,
    "mae": 0.38834646344184875,
    "w2_global": 0.1820569932460785,
    "ae_summary": {
      "mean": 0.38834646344184875,
      "std": 0.3510424494743347,
      "min": 6.917119026184082e-05,
      "max": 2.703667640686035,
      "p50": 0.2926868200302124,
      "p90": 0.8327937722206116,
      "p95": 1.0991361141204834,
      "p99": 1.6712026596069336
    },
    "se_summary": {
      "mean": 0.2740437686443329,
      "std": 0.5467257499694824,
      "min": 4.784653562239782e-09,
      "max": 7.309818744659424,
      "p50": 0.08566557615995407,
      "p90": 0.6935454607009888,
      "p95": 1.2081003189086914,
      "p99": 2.7929184436798096
    }
  },
  "val": {
    "mse": 0.327328085899353,
    "rmse": 0.5721259353493364,
    "mae": 0.4173458516597748,
    "w2_global": 0.2034677267074585,
    "ae_summary": {
      "mean": 0.4173458516597748,
      "std": 0.3913445472717285,
      "min": 3.314018249511719e-05,
      "max": 2.7391350269317627,
      "p50": 0.30219656229019165,
      "p90": 0.9408282041549683,
      "p95": 1.1898694038391113,
      "p99": 1.8666695356369019
    },
    "se_summary": {
      "mean": 0.327328085899353,
      "std": 0.6472498774528503,
      "min": 1.0982716958096717e-09,
      "max": 7.5028605461120605,
      "p50": 0.09132276475429535,
      "p90": 0.8851577043533325,
      "p95": 1.415789246559143,
      "p99": 3.484466314315796
    }
  },
  "test": {
    "mse": 0.324313759803772,
    "rmse": 0.5694855220317475,
    "mae": 0.41491979360580444,
    "w2_global": 0.20417261123657227,
    "ae_summary": {
      "mean": 0.41491979360580444,
      "std": 0.39007091522216797,
      "min": 2.4437904357910156e-05,
      "max": 3.447336196899414,
      "p50": 0.3010752499103546,
      "p90": 0.9375280737876892,
      "p95": 1.2032824754714966,
      "p99": 1.824594497680664
    },
    "se_summary": {
      "mean": 0.324313759803772,
      "std": 0.6618813276290894,
      "min": 5.972111694063642e-10,
      "max": 11.884126663208008,
      "p50": 0.09064631164073944,
      "p90": 0.8789588212966919,
      "p95": 1.447888731956482,
      "p99": 3.329145669937134
    }
  }
}