{
  "train": {
    "mse": 3395.730224609375,
    "rmse": 58.272894424503875,
    "mae": 43.488975524902344,
    "w2_global": 0.14664332568645477,
    "ae_summary": {
      "mean": 43.488975524902344,
      "std": 38.7870979309082,
      "min": 0.0001122206449508667,
      "max": 361.8616638183594,
      "p50": 33.39154815673828,
      "p90": 93.1061782836914,
      "p95": 120.31257629394531,
      "p99": 183.75439453125
    },
    "se_summary": {
      "mean": 3395.730224609375,
      "std": 6604.1162109375,
      "min": 1.2593472931143879e-08,
      "max": 130943.8671875,
      "p50": 1114.9954833984375,
      "p90": 8668.7607421875,
      "p95": 14475.115234375,
      "p99": 33765.67578125
    }
  },
  "val": {
    "mse": 1.388622522354126,
    "rmse": 1.1783982868088896,
    "mae": 0.6114831566810608,
    "w2_global": 0.14408159255981445,
    "ae_summary": {
      "mean": 0.6114831566810608,
      "std": 1.0073285102844238,
      "min": 2.1439045667648315e-06,
      "max": 28.98162841796875,
      "p50": 0.32610851526260376,
      "p90": 1.4514081478118896,
      "p95": 2.001443386077881,
      "p99": 3.676659107208252
    },
    "se_summary": {
      "mean": 1.388622522354126,
      "std": 13.303645133972168,
      "min": 4.5963267913951e-12,
      "max": 839.934814453125,
      "p50": 0.10634676367044449,
      "p90": 2.10658597946167,
      "p95": 4.0057759284973145,
      "p99": 13.517822265625
    }
  },
  "test": {
    "mse": 0.8186601996421814,
    "rmse": 0.9047984303933011,
    "mae": 0.5034037232398987,
    "w2_global": 0.09772716462612152,
    "ae_summary": {
      "mean": 0.5034037232398987,
      "std": 0.7518277764320374,
      "min": 8.761882781982422e-06,
      "max": 14.658974647521973,
      "p50": 0.2758069336414337,
      "p90": 1.184398889541626,
      "p95": 1.6478304862976074,
      "p99": 2.8918099403381348
    },
    "se_summary": {
      "mean": 0.8186601996421814,
      "std": 5.235802173614502,
      "min": 7.677058988520002e-11,
      "max": 214.8855438232422,
      "p50": 0.07606946676969528,
      "p90": 1.4028006792068481,
      "p95": 2.7153453826904297,
      "p99": 8.362565040588379
    }
  }
}