{
  "train": {
    "mse": 0.0,
    "rmse": 0.0,
    "mae": 0.0,
    "w2_global": 0.43752413988113403,
    "ae_summary": {
      "mean": 0.0,
      "std": 0.0,
      "min": 0.0,
      "max": 0.0,
      "p50": 0.0,
      "p90": 0.0,
      "p95": 0.0,
      "p99": 0.0
    },
    "se_summary": {
      "mean": 0.0,
      "std": 0.0,
      "min": 0.0,
      "max": 0.0,
      "p50": 0.0,
      "p90": 0.0,
      "p95": 0.0,
      "p99": 0.0
    }
  },
  "val": {
    "mse": 1.8084701299667358,
    "rmse": 1.3447937127926854,
    "mae": 1.03989839553833,
    "w2_global": 0.15454640984535217,
    "ae_summary": {
      "mean": 1.03989839553833,
      "std": 0.852690577507019,
      "min": 5.924701690673828e-05,
      "max": 5.31830358505249,
      "p50": 0.848303496837616,
      "p90": 2.2360031604766846,
      "p95": 2.696626901626587,
      "p99": 3.649868965148926
    },
    "se_summary": {
      "mean": 1.8084701299667358,
      "std": 2.7629332542419434,
      "min": 3.5102090123473317e-09,
      "max": 28.284353256225586,
      "p50": 0.7196187973022461,
      "p90": 4.9997100830078125,
      "p95": 7.271800518035889,
      "p99": 13.321542739868164
    }
  },
  "test": {
    "mse": 1.1610298156738281,
    "rmse": 1.0775109352919943,
    "mae": 0.8083813786506653,
    "w2_global": 0.32342830300331116,
    "ae_summary": {
      "mean": 0.8083813786506653,
      "std": 0.7124249935150146,
      "min": 4.297494888305664e-05,
      "max": 5.32686710357666,
      "p50": 0.6199296116828918,
      "p90": 1.7885345220565796,
      "p95": 2.2269930839538574,
      "p99": 3.1142096519470215
    },
    "se_summary": {
      "mean": 1.1610298156738281,
      "std": 2.074263572692871,
      "min": 1.8468462315013312e-09,
      "max": 28.375513076782227,
      "p50": 0.38431304693222046,
      "p90": 3.1988561153411865,
      "p95": 4.959510803222656,
      "p99": 9.698302268981934
    }
  }
}