{
  "train": {
    "mse": 0.07240991294384003,
    "rmse": 0.26909090089380583,
    "mae": 0.20309384167194366,
    "w2_global": 0.06638779491186142,
    "ae_summary": {
      "mean": 0.20309384167194366,
      "std": 0.1765298992395401,
      "min": 1.7508864402770996e-06,
      "max": 2.4440383911132812,
      "p50": 0.15960323810577393,
      "p90": 0.4290090799331665,
      "p95": 0.5394499897956848,
      "p99": 0.8186107873916626
    },
    "se_summary": {
      "mean": 0.07240991294384003,
      "std": 0.14702735841274261,
      "min": 3.0656033267462135e-12,
      "max": 5.973323822021484,
      "p50": 0.02547319419682026,
      "p90": 0.18404880166053772,
      "p95": 0.29100629687309265,
      "p99": 0.6701235771179199
    }
  },
  "val": {
    "mse": 0.09062189608812332,
    "rmse": 0.3010347091086397,
    "mae": 0.22815188765525818,
    "w2_global": 0.06992954015731812,
    "ae_summary": {
      "mean": 0.22815188765525818,
      "std": 0.19638891518115997,
      "min": 2.4922192096710205e-05,
      "max": 1.7418839931488037,
      "p50": 0.180939182639122,
      "p90": 0.48557549715042114,
      "p95": 0.6060258746147156,
      "p99": 0.8920795321464539
    },
    "se_summary": {
      "mean": 0.09062189608812332,
      "std": 0.16722115874290466,
      "min": 6.211156589053246e-10,
      "max": 3.0341598987579346,
      "p50": 0.03273899108171463,
      "p90": 0.23578357696533203,
      "p95": 0.3672674298286438,
      "p99": 0.7958059310913086
    }
  },
  "test": {
    "mse": 0.0968708023428917,
    "rmse": 0.31124074659801804,
    "mae": 0.23069043457508087,
    "w2_global": 0.0721248909831047,
    "ae_summary": {
      "mean": 0.23069043457508087,
      "std": 0.20893238484859467,
      "min": 4.744529724121094e-05,
      "max": 2.4419186115264893,
      "p50": 0.17774707078933716,
      "p90": 0.4932238757610321,
      "p95": 0.623153805732727,
      "p99": 0.95823073387146
    },
    "se_summary": {
      "mean": 0.0968708023428917,
      "std": 0.2113712728023529,
      "min": 2.251056230306858e-09,
      "max": 5.962966442108154,
      "p50": 0.03159401938319206,
      "p90": 0.24326978623867035,
      "p95": 0.3883206248283386,
      "p99": 0.9182067513465881
    }
  }
}