{
  "train": {
    "mse": 0.0,
    "rmse": 0.0,
    "mae": 0.0,
    "w2_global": 0.025852374732494354,
    "ae_summary": {
      "mean": 0.0,
      "std": 0.0,
      "min": 0.0,
      "max": 0.0,
      "p50": 0.0,
      "p90": 0.0,
      "p95": 0.0,
      "p99": 0.0
    },
    "se_summary": {
      "mean": 0.0,
      "std": 0.0,
      "min": 0.0,
      "max": 0.0,
      "p50": 0.0,
      "p90": 0.0,
      "p95": 0.0,
      "p99": 0.0
    }
  },
  "val": {
    "mse": 0.36327940225601196,
    "rmse": 0.6027266397431027,
    "mae": 0.432256281375885,
    "w2_global": 0.020112590864300728,
    "ae_summary": {
      "mean": 0.432256281375885,
      "std": 0.42004042863845825,
      "min": 0.006451725959777832,
      "max": 2.459364891052246,
      "p50": 0.290760338306427,
      "p90": 0.8775733709335327,
      "p95": 1.2218257188796997,
      "p99": 1.9750213623046875
    },
    "se_summary": {
      "mean": 0.36327940225601196,
      "std": 0.7774261236190796,
      "min": 4.162476761848666e-05,
      "max": 6.048475742340088,
      "p50": 0.08454157412052155,
      "p90": 0.7701401710510254,
      "p95": 1.4928638935089111,
      "p99": 3.904780149459839
    }
  },
  "test": {
    "mse": 0.31481239199638367,
    "rmse": 0.561081448629683,
    "mae": 0.41904786229133606,
    "w2_global": 0.020906973630189896,
    "ae_summary": {
      "mean": 0.41904786229133606,
      "std": 0.373110294342041,
      "min": 0.00022390484809875488,
      "max": 2.487149953842163,
      "p50": 0.2984580993652344,
      "p90": 0.9116302728652954,
      "p95": 1.146835207939148,
      "p99": 1.6959651708602905
    },
    "se_summary": {
      "mean": 0.31481239199638367,
      "std": 0.5772669911384583,
      "min": 5.013338011394808e-08,
      "max": 6.185914993286133,
      "p50": 0.08907723426818848,
      "p90": 0.8310697078704834,
      "p95": 1.3153104782104492,
      "p99": 2.876300811767578
    }
  }
}