{
  "train": {
    "mse": 3667.89111328125,
    "rmse": 60.56311677317515,
    "mae": 46.72580337524414,
    "w2_global": 0.7422747015953064,
    "ae_summary": {
      "mean": 46.72580337524414,
      "std": 38.5303840637207,
      "min": 1.761317253112793e-05,
      "max": 377.84222412109375,
      "p50": 37.9946174621582,
      "p90": 96.71975708007812,
      "p95": 120.077392578125,
      "p99": 173.9947509765625
    },
    "se_summary": {
      "mean": 3667.89111328125,
      "std": 6639.2607421875,
      "min": 3.1022384661127944e-10,
      "max": 142764.75,
      "p50": 1443.5909423828125,
      "p90": 9354.7109375,
      "p95": 14418.580078125,
      "p99": 30274.17578125
    }
  },
  "val": {
    "mse": 0.9215846657752991,
    "rmse": 0.9599920133914132,
    "mae": 0.6547038555145264,
    "w2_global": 0.7272813320159912,
    "ae_summary": {
      "mean": 0.6547038555145264,
      "std": 0.7021022439002991,
      "min": 1.430511474609375e-06,
      "max": 39.17353439331055,
      "p50": 0.4716372489929199,
      "p90": 1.4605339765548706,
      "p95": 1.8533587455749512,
      "p99": 3.039224863052368
    },
    "se_summary": {
      "mean": 0.9215846657752991,
      "std": 6.651087284088135,
      "min": 2.0463630789890885e-12,
      "max": 1534.5657958984375,
      "p50": 0.2224416881799698,
      "p90": 2.1331593990325928,
      "p95": 3.434938430786133,
      "p99": 9.236888885498047
    }
  },
  "test": {
    "mse": 1.0027316808700562,
    "rmse": 1.0013649089468115,
    "mae": 0.6859717965126038,
    "w2_global": 0.7545636892318726,
    "ae_summary": {
      "mean": 0.6859717965126038,
      "std": 0.7295028567314148,
      "min": 2.9802322387695312e-08,
      "max": 30.67497444152832,
      "p50": 0.4803069233894348,
      "p90": 1.5338526964187622,
      "p95": 1.9939522743225098,
      "p99": 3.2647900581359863
    },
    "se_summary": {
      "mean": 1.0027316808700562,
      "std": 4.114381313323975,
      "min": 8.881784197001252e-16,
      "max": 940.9540405273438,
      "p50": 0.2306947410106659,
      "p90": 2.3527040481567383,
      "p95": 3.9758455753326416,
      "p99": 10.658853530883789
    }
  }
}