{
  "train": {
    "mse": 0.0,
    "rmse": 0.0,
    "mae": 0.0,
    "w2_global": 0.48892703652381897,
    "ae_summary": {
      "mean": 0.0,
      "std": 0.0,
      "min": 0.0,
      "max": 0.0,
      "p50": 0.0,
      "p90": 0.0,
      "p95": 0.0,
      "p99": 0.0
    },
    "se_summary": {
      "mean": 0.0,
      "std": 0.0,
      "min": 0.0,
      "max": 0.0,
      "p50": 0.0,
      "p90": 0.0,
      "p95": 0.0,
      "p99": 0.0
    }
  },
  "val": {
    "mse": 1.268088936805725,
    "rmse": 1.1260945505621298,
    "mae": 0.8697980046272278,
    "w2_global": 0.4689064621925354,
    "ae_summary": {
      "mean": 0.8697980046272278,
      "std": 0.7152206301689148,
      "min": 0.0,
      "max": 5.028703689575195,
      "p50": 0.7438507080078125,
      "p90": 1.8843376636505127,
      "p95": 2.2122042179107666,
      "p99": 3.252345561981201
    },
    "se_summary": {
      "mean": 1.268088936805725,
      "std": 1.8844507932662964,
      "min": 0.0,
      "max": 25.287860870361328,
      "p50": 0.5533138513565063,
      "p90": 3.5507283210754395,
      "p95": 4.893847942352295,
      "p99": 10.577751159667969
    }
  },
  "test": {
    "mse": 1.0191879272460938,
    "rmse": 1.0095483778631382,
    "mae": 0.7639902830123901,
    "w2_global": 0.4979560077190399,
    "ae_summary": {
      "mean": 0.7639902830123901,
      "std": 0.6599293351173401,
      "min": 0.0,
      "max": 3.6945748329162598,
      "p50": 0.6184102892875671,
      "p90": 1.6417477130889893,
      "p95": 2.0032858848571777,
      "p99": 3.0432610511779785
    },
    "se_summary": {
      "mean": 1.0191879272460938,
      "std": 1.6537284851074219,
      "min": 0.0,
      "max": 13.649883270263672,
      "p50": 0.382431298494339,
      "p90": 2.695335626602173,
      "p95": 4.01315450668335,
      "p99": 9.261438369750977
    }
  }
}