{
  "train": {
    "mse": 0.0,
    "rmse": 0.0,
    "mae": 0.0,
    "w2_global": 1.9816306829452515,
    "ae_summary": {
      "mean": 0.0,
      "std": 0.0,
      "min": 0.0,
      "max": 0.0,
      "p50": 0.0,
      "p90": 0.0,
      "p95": 0.0,
      "p99": 0.0
    },
    "se_summary": {
      "mean": 0.0,
      "std": 0.0,
      "min": 0.0,
      "max": 0.0,
      "p50": 0.0,
      "p90": 0.0,
      "p95": 0.0,
      "p99": 0.0
    }
  },
  "val": {
    "mse": 5.553760528564453,
    "rmse": 2.356641790464655,
    "mae": 2.1226789951324463,
    "w2_global": 1.9741971492767334,
    "ae_summary": {
      "mean": 2.1226789951324463,
      "std": 1.0237157344818115,
      "min": 0.00020623207092285156,
      "max": 6.7351274490356445,
      "p50": 2.180596113204956,
      "p90": 3.4133126735687256,
      "p95": 3.8322839736938477,
      "p99": 4.34101676940918
    },
    "se_summary": {
      "mean": 5.553760528564453,
      "std": 4.58493709564209,
      "min": 4.253166707712808e-08,
      "max": 45.361942291259766,
      "p50": 4.75499963760376,
      "p90": 11.650703430175781,
      "p95": 14.686400413513184,
      "p99": 18.844425201416016
    }
  },
  "test": {
    "mse": 5.668021202087402,
    "rmse": 2.3807606351935933,
    "mae": 2.14715576171875,
    "w2_global": 1.994360327720642,
    "ae_summary": {
      "mean": 2.14715576171875,
      "std": 1.0284665822982788,
      "min": 2.1696090698242188e-05,
      "max": 6.98859977722168,
      "p50": 2.184722900390625,
      "p90": 3.4418952465057373,
      "p95": 3.86964750289917,
      "p99": 4.51668643951416
    },
    "se_summary": {
      "mean": 5.668021202087402,
      "std": 4.760733604431152,
      "min": 4.707203515863512e-10,
      "max": 48.84052658081055,
      "p50": 4.773013591766357,
      "p90": 11.846643447875977,
      "p95": 14.97417163848877,
      "p99": 20.40045738220215
    }
  }
}