{
  "train": {
    "mse": 0.0,
    "rmse": 0.0,
    "mae": 0.0,
    "w2_global": 0.4221225380897522,
    "ae_summary": {
      "mean": 0.0,
      "std": 0.0,
      "min": 0.0,
      "max": 0.0,
      "p50": 0.0,
      "p90": 0.0,
      "p95": 0.0,
      "p99": 0.0
    },
    "se_summary": {
      "mean": 0.0,
      "std": 0.0,
      "min": 0.0,
      "max": 0.0,
      "p50": 0.0,
      "p90": 0.0,
      "p95": 0.0,
      "p99": 0.0
    }
  },
  "val": {
    "mse": 1.2542628049850464,
    "rmse": 1.1199387505506926,
    "mae": 0.847351610660553,
    "w2_global": 0.33616697788238525,
    "ae_summary": {
      "mean": 0.847351610660553,
      "std": 0.732296347618103,
      "min": 0.0,
      "max": 5.866353988647461,
      "p50": 0.6809722185134888,
      "p90": 1.9510921239852905,
      "p95": 2.2686593532562256,
      "p99": 3.218567371368408
    },
    "se_summary": {
      "mean": 1.2542628049850464,
      "std": 1.9265859127044678,
      "min": 0.0,
      "max": 34.41410827636719,
      "p50": 0.46372318267822266,
      "p90": 3.806760311126709,
      "p95": 5.146814823150635,
      "p99": 10.359175682067871
    }
  },
  "test": {
    "mse": 0.9357981085777283,
    "rmse": 0.9673665843813959,
    "mae": 0.6796237230300903,
    "w2_global": 0.330873042345047,
    "ae_summary": {
      "mean": 0.6796237230300903,
      "std": 0.6884109973907471,
      "min": 0.0,
      "max": 4.104541778564453,
      "p50": 0.4756338596343994,
      "p90": 1.695583701133728,
      "p95": 2.022913694381714,
      "p99": 2.853050708770752
    },
    "se_summary": {
      "mean": 0.9357981085777283,
      "std": 1.5999729633331299,
      "min": 0.0,
      "max": 16.84726333618164,
      "p50": 0.2262275665998459,
      "p90": 2.875004291534424,
      "p95": 4.092179298400879,
      "p99": 8.139898300170898
    }
  }
}