{
  "train": {
    "mse": 0.0,
    "rmse": 0.0,
    "mae": 0.0,
    "w2_global": 0.1460425853729248,
    "ae_summary": {
      "mean": 0.0,
      "std": 0.0,
      "min": 0.0,
      "max": 0.0,
      "p50": 0.0,
      "p90": 0.0,
      "p95": 0.0,
      "p99": 0.0
    },
    "se_summary": {
      "mean": 0.0,
      "std": 0.0,
      "min": 0.0,
      "max": 0.0,
      "p50": 0.0,
      "p90": 0.0,
      "p95": 0.0,
      "p99": 0.0
    }
  },
  "val": {
    "mse": 0.14700178802013397,
    "rmse": 0.3834081220059559,
    "mae": 0.2422758936882019,
    "w2_global": 0.1719304770231247,
    "ae_summary": {
      "mean": 0.2422758936882019,
      "std": 0.29716023802757263,
      "min": 1.3113021850585938e-06,
      "max": 2.9545822143554688,
      "p50": 0.14751499891281128,
      "p90": 0.5856589674949646,
      "p95": 0.8338477611541748,
      "p99": 1.4891197681427002
    },
    "se_summary": {
      "mean": 0.14700178802013397,
      "std": 0.4371742606163025,
      "min": 1.7195134205394424e-12,
      "max": 8.7295560836792,
      "p50": 0.02176067605614662,
      "p90": 0.3429964482784271,
      "p95": 0.6953021287918091,
      "p99": 2.217477798461914
    }
  },
  "test": {
    "mse": 0.09833835810422897,
    "rmse": 0.31358947384156405,
    "mae": 0.20225650072097778,
    "w2_global": 0.12683314085006714,
    "ae_summary": {
      "mean": 0.20225650072097778,
      "std": 0.23964697122573853,
      "min": 5.960464477539062e-07,
      "max": 2.933938503265381,
      "p50": 0.12477795779705048,
      "p90": 0.47292429208755493,
      "p95": 0.6613743901252747,
      "p99": 1.1648892164230347
    },
    "se_summary": {
      "mean": 0.09833835810422897,
      "std": 0.30008062720298767,
      "min": 3.552713678800501e-13,
      "max": 8.60799503326416,
      "p50": 0.015569538809359074,
      "p90": 0.22365738451480865,
      "p95": 0.43741604685783386,
      "p99": 1.3569668531417847
    }
  }
}