{
  "train": {
    "mse": 6374.6533203125,
    "rmse": 79.84142609142512,
    "mae": 59.72435760498047,
    "w2_global": 0.012742018327116966,
    "ae_summary": {
      "mean": 59.72435760498047,
      "std": 52.98731231689453,
      "min": 0.0013812258839607239,
      "max": 307.9524841308594,
      "p50": 42.21903610229492,
      "p90": 142.9609375,
      "p95": 169.49447631835938,
      "p99": 209.6531982421875
    },
    "se_summary": {
      "mean": 6374.6533203125,
      "std": 9964.80078125,
      "min": 1.9077849628956756e-06,
      "max": 94834.734375,
      "p50": 1782.447021484375,
      "p90": 20437.83203125,
      "p95": 28728.376953125,
      "p99": 43954.46484375
    }
  },
  "val": {
    "mse": 0.011864041909575462,
    "rmse": 0.10892218281679569,
    "mae": 0.0702442079782486,
    "w2_global": 0.016550013795495033,
    "ae_summary": {
      "mean": 0.0702442079782486,
      "std": 0.08324537426233292,
      "min": 2.5331974029541016e-06,
      "max": 0.8800530433654785,
      "p50": 0.045641303062438965,
      "p90": 0.15575583279132843,
      "p95": 0.22098495066165924,
      "p99": 0.4177033603191376
    },
    "se_summary": {
      "mean": 0.011864041909575462,
      "std": 0.03914168104529381,
      "min": 6.417089082333405e-12,
      "max": 0.7744933366775513,
      "p50": 0.0020831285510212183,
      "p90": 0.024259885773062706,
      "p95": 0.04883435368537903,
      "p99": 0.17447610199451447
    }
  },
  "test": {
    "mse": 0.01183251477777958,
    "rmse": 0.10877736335184623,
    "mae": 0.06938501447439194,
    "w2_global": 0.014339757151901722,
    "ae_summary": {
      "mean": 0.06938501447439194,
      "std": 0.08377490937709808,
      "min": 5.7220458984375e-06,
      "max": 1.4944353103637695,
      "p50": 0.04583007097244263,
      "p90": 0.15150471031665802,
      "p95": 0.21361702680587769,
      "p99": 0.4083865284919739
    },
    "se_summary": {
      "mean": 0.01183251477777958,
      "std": 0.051670141518116,
      "min": 3.2741809263825417e-11,
      "max": 2.233336925506592,
      "p50": 0.002100395504385233,
      "p90": 0.02295367792248726,
      "p95": 0.04563223198056221,
      "p99": 0.16677963733673096
    }
  }
}