{
  "train": {
    "mse": 0.0,
    "rmse": 0.0,
    "mae": 0.0,
    "w2_global": 0.00401231087744236,
    "ae_summary": {
      "mean": 0.0,
      "std": 0.0,
      "min": 0.0,
      "max": 0.0,
      "p50": 0.0,
      "p90": 0.0,
      "p95": 0.0,
      "p99": 0.0
    },
    "se_summary": {
      "mean": 0.0,
      "std": 0.0,
      "min": 0.0,
      "max": 0.0,
      "p50": 0.0,
      "p90": 0.0,
      "p95": 0.0,
      "p99": 0.0
    }
  },
  "val": {
    "mse": 0.010341928340494633,
    "rmse": 0.1016952719672583,
    "mae": 0.05689233914017677,
    "w2_global": 0.0019591280724853277,
    "ae_summary": {
      "mean": 0.05689233914017677,
      "std": 0.08429229259490967,
      "min": 2.7418136596679688e-06,
      "max": 1.4796044826507568,
      "p50": 0.032598935067653656,
      "p90": 0.1244192123413086,
      "p95": 0.1883813738822937,
      "p99": 0.444733202457428
    },
    "se_summary": {
      "mean": 0.010341928340494633,
      "std": 0.053298838436603546,
      "min": 7.51754214434186e-12,
      "max": 2.1892294883728027,
      "p50": 0.0010626906296238303,
      "p90": 0.015480141155421734,
      "p95": 0.035487543791532516,
      "p99": 0.19778764247894287
    }
  },
  "test": {
    "mse": 0.020720161497592926,
    "rmse": 0.1439449946944767,
    "mae": 0.07828717678785324,
    "w2_global": 0.005320101976394653,
    "ae_summary": {
      "mean": 0.07828717678785324,
      "std": 0.12079436331987381,
      "min": 2.2649765014648438e-06,
      "max": 1.9173345565795898,
      "p50": 0.04150432348251343,
      "p90": 0.1783241629600525,
      "p95": 0.27108851075172424,
      "p99": 0.6113147139549255
    },
    "se_summary": {
      "mean": 0.020720161497592926,
      "std": 0.1033390536904335,
      "min": 5.130118552187923e-12,
      "max": 3.6761717796325684,
      "p50": 0.0017226089257746935,
      "p90": 0.03179951012134552,
      "p95": 0.0734889805316925,
      "p99": 0.37370565533638
    }
  }
}