{
  "train": {
    "mse": 0.0,
    "rmse": 0.0,
    "mae": 0.0,
    "w2_global": 0.3888702094554901,
    "ae_summary": {
      "mean": 0.0,
      "std": 0.0,
      "min": 0.0,
      "max": 0.0,
      "p50": 0.0,
      "p90": 0.0,
      "p95": 0.0,
      "p99": 0.0
    },
    "se_summary": {
      "mean": 0.0,
      "std": 0.0,
      "min": 0.0,
      "max": 0.0,
      "p50": 0.0,
      "p90": 0.0,
      "p95": 0.0,
      "p99": 0.0
    }
  },
  "val": {
    "mse": 1.2901027202606201,
    "rmse": 1.135826888333174,
    "mae": 0.8621285557746887,
    "w2_global": 0.3195939362049103,
    "ae_summary": {
      "mean": 0.8621285557746887,
      "std": 0.7394844889640808,
      "min": 0.001788020133972168,
      "max": 5.370910167694092,
      "p50": 0.6817246079444885,
      "p90": 1.7931452989578247,
      "p95": 2.269659996032715,
      "p99": 3.2796976566314697
    },
    "se_summary": {
      "mean": 1.2901027202606201,
      "std": 2.3348443508148193,
      "min": 3.1970159852789948e-06,
      "max": 28.846675872802734,
      "p50": 0.46474844217300415,
      "p90": 3.2153701782226562,
      "p95": 5.151388168334961,
      "p99": 10.756805419921875
    }
  },
  "test": {
    "mse": 1.2818868160247803,
    "rmse": 1.1322044055844247,
    "mae": 0.8302299976348877,
    "w2_global": 0.376751571893692,
    "ae_summary": {
      "mean": 0.8302299976348877,
      "std": 0.7698083519935608,
      "min": 0.0009345412254333496,
      "max": 8.78512954711914,
      "p50": 0.6234690546989441,
      "p90": 1.7631675004959106,
      "p95": 2.134085178375244,
      "p99": 4.007747173309326
    },
    "se_summary": {
      "mean": 1.2818868160247803,
      "std": 2.9768316745758057,
      "min": 8.733672984817531e-07,
      "max": 77.17850494384766,
      "p50": 0.38871365785598755,
      "p90": 3.10876202583313,
      "p95": 4.554321765899658,
      "p99": 16.062061309814453
    }
  }
}