{
  "best_alpha": 0.99,
  "best_gamma": 5.0,
  "alpha_grid": [
    0.99
  ],
  "gamma_grid": [
    5.0
  ],
  "results": {
    "(0.99, 5.0)": {
      "val_loss": 0.10679567456245423,
      "val_eval": 0.19261955767869948,
      "epoch": 22,
      "mse": 0.19261955767869948
    }
  },
  "standalone_mode": true
}