{
  "train": {
    "mse": 0.09554389864206314,
    "rmse": 0.30910176098182157,
    "mae": 0.16357901692390442,
    "w2_global": 0.13982076942920685,
    "ae_summary": {
      "mean": 0.16357901692390442,
      "std": 0.2622704803943634,
      "min": 2.980232238769531e-07,
      "max": 8.58438777923584,
      "p50": 0.0761275589466095,
      "p90": 0.4056940972805023,
      "p95": 0.635497510433197,
      "p99": 1.2872319221496582
    },
    "se_summary": {
      "mean": 0.09554389864206314,
      "std": 0.5088587403297424,
      "min": 8.881784197001252e-14,
      "max": 73.69171142578125,
      "p50": 0.005795406177639961,
      "p90": 0.16458769142627716,
      "p95": 0.4038570523262024,
      "p99": 1.656966209411621
    }
  },
  "val": {
    "mse": 0.1900787055492401,
    "rmse": 0.43598016646315474,
    "mae": 0.2604529559612274,
    "w2_global": 0.1404522806406021,
    "ae_summary": {
      "mean": 0.2604529559612274,
      "std": 0.3496326208114624,
      "min": 1.1175870895385742e-08,
      "max": 10.664321899414062,
      "p50": 0.14053106307983398,
      "p90": 0.6387128233909607,
      "p95": 0.9008747935295105,
      "p99": 1.667022466659546
    },
    "se_summary": {
      "mean": 0.1900787055492401,
      "std": 0.8218037486076355,
      "min": 1.249000902703301e-16,
      "max": 113.7277603149414,
      "p50": 0.019748980179429054,
      "p90": 0.40795403718948364,
      "p95": 0.8115754127502441,
      "p99": 2.778963804244995
    }
  },
  "test": {
    "mse": 0.20426209270954132,
    "rmse": 0.45195364000032273,
    "mae": 0.27128902077674866,
    "w2_global": 0.14542599022388458,
    "ae_summary": {
      "mean": 0.27128902077674866,
      "std": 0.36147522926330566,
      "min": 2.384185791015625e-07,
      "max": 10.776618003845215,
      "p50": 0.14685335755348206,
      "p90": 0.6616324782371521,
      "p95": 0.939216136932373,
      "p99": 1.7272323369979858
    },
    "se_summary": {
      "mean": 0.20426209270954132,
      "std": 0.8300671577453613,
      "min": 5.684341886080802e-14,
      "max": 116.135498046875,
      "p50": 0.021565908566117287,
      "p90": 0.43775755167007446,
      "p95": 0.8821269273757935,
      "p99": 2.9833314418792725
    }
  }
}