{
  "train": {
    "mse": 0.0,
    "rmse": 0.0,
    "mae": 0.0,
    "w2_global": 0.2980808615684509,
    "ae_summary": {
      "mean": 0.0,
      "std": 0.0,
      "min": 0.0,
      "max": 0.0,
      "p50": 0.0,
      "p90": 0.0,
      "p95": 0.0,
      "p99": 0.0
    },
    "se_summary": {
      "mean": 0.0,
      "std": 0.0,
      "min": 0.0,
      "max": 0.0,
      "p50": 0.0,
      "p90": 0.0,
      "p95": 0.0,
      "p99": 0.0
    }
  },
  "val": {
    "mse": 1.401257872581482,
    "rmse": 1.1837473854591958,
    "mae": 0.9236945509910583,
    "w2_global": 0.27714604139328003,
    "ae_summary": {
      "mean": 0.9236945509910583,
      "std": 0.7403014898300171,
      "min": 1.0132789611816406e-05,
      "max": 6.8474626541137695,
      "p50": 0.7553215026855469,
      "p90": 1.9336411952972412,
      "p95": 2.3593640327453613,
      "p99": 3.2816355228424072
    },
    "se_summary": {
      "mean": 1.401257872581482,
      "std": 2.2405619621276855,
      "min": 1.0267342531733448e-10,
      "max": 46.88774490356445,
      "p50": 0.5705106258392334,
      "p90": 3.7389681339263916,
      "p95": 5.566598892211914,
      "p99": 10.769131660461426
    }
  },
  "test": {
    "mse": 1.2582299709320068,
    "rmse": 1.121708505331045,
    "mae": 0.8740605115890503,
    "w2_global": 0.28877800703048706,
    "ae_summary": {
      "mean": 0.8740605115890503,
      "std": 0.7030278444290161,
      "min": 9.834766387939453e-07,
      "max": 7.264362335205078,
      "p50": 0.7116140127182007,
      "p90": 1.838118314743042,
      "p95": 2.2410218715667725,
      "p99": 3.103144884109497
    },
    "se_summary": {
      "mean": 1.2582299709320068,
      "std": 2.035285234451294,
      "min": 9.672262990534364e-13,
      "max": 52.77096176147461,
      "p50": 0.5063945055007935,
      "p90": 3.378679037094116,
      "p95": 5.02217960357666,
      "p99": 9.629508018493652
    }
  }
}