{
  "train": {
    "mse": 0.0,
    "rmse": 0.0,
    "mae": 0.0,
    "w2_global": 0.024991270154714584,
    "ae_summary": {
      "mean": 0.0,
      "std": 0.0,
      "min": 0.0,
      "max": 0.0,
      "p50": 0.0,
      "p90": 0.0,
      "p95": 0.0,
      "p99": 0.0
    },
    "se_summary": {
      "mean": 0.0,
      "std": 0.0,
      "min": 0.0,
      "max": 0.0,
      "p50": 0.0,
      "p90": 0.0,
      "p95": 0.0,
      "p99": 0.0
    }
  },
  "val": {
    "mse": 0.18289203941822052,
    "rmse": 0.4276587885431802,
    "mae": 0.3064654767513275,
    "w2_global": 0.025141051039099693,
    "ae_summary": {
      "mean": 0.3064654767513275,
      "std": 0.2982799708843231,
      "min": 0.00015413761138916016,
      "max": 2.355666160583496,
      "p50": 0.21261641383171082,
      "p90": 0.7047138214111328,
      "p95": 0.8849554061889648,
      "p99": 1.3174166679382324
    },
    "se_summary": {
      "mean": 0.18289203941822052,
      "std": 0.376181960105896,
      "min": 2.3758403244755755e-08,
      "max": 5.549162864685059,
      "p50": 0.045205943286418915,
      "p90": 0.4966227114200592,
      "p95": 0.783154308795929,
      "p99": 1.7367287874221802
    }
  },
  "test": {
    "mse": 0.21876777708530426,
    "rmse": 0.46772617746423417,
    "mae": 0.3124016225337982,
    "w2_global": 0.025096002966165543,
    "ae_summary": {
      "mean": 0.3124016225337982,
      "std": 0.34809914231300354,
      "min": 5.173683166503906e-05,
      "max": 3.0200917720794678,
      "p50": 0.2133408784866333,
      "p90": 0.6767677664756775,
      "p95": 0.9649056792259216,
      "p99": 1.763537883758545
    },
    "se_summary": {
      "mean": 0.21876777708530426,
      "std": 0.6194096803665161,
      "min": 2.6766997507365886e-09,
      "max": 9.120954513549805,
      "p50": 0.04551433026790619,
      "p90": 0.4580153524875641,
      "p95": 0.9310440421104431,
      "p99": 3.1113178730010986
    }
  }
}