{
  "train": {
    "mse": 0.0,
    "rmse": 0.0,
    "mae": 0.0,
    "w2_global": 0.4094759523868561,
    "ae_summary": {
      "mean": 0.0,
      "std": 0.0,
      "min": 0.0,
      "max": 0.0,
      "p50": 0.0,
      "p90": 0.0,
      "p95": 0.0,
      "p99": 0.0
    },
    "se_summary": {
      "mean": 0.0,
      "std": 0.0,
      "min": 0.0,
      "max": 0.0,
      "p50": 0.0,
      "p90": 0.0,
      "p95": 0.0,
      "p99": 0.0
    }
  },
  "val": {
    "mse": 0.6870932579040527,
    "rmse": 0.828910886587969,
    "mae": 0.5932878851890564,
    "w2_global": 0.4976706802845001,
    "ae_summary": {
      "mean": 0.5932878851890564,
      "std": 0.5788806080818176,
      "min": 0.00010508298873901367,
      "max": 5.154773712158203,
      "p50": 0.4486088752746582,
      "p90": 1.2168859243392944,
      "p95": 1.6756356954574585,
      "p99": 3.04705810546875
    },
    "se_summary": {
      "mean": 0.6870932579040527,
      "std": 1.7108173370361328,
      "min": 1.1042434522323674e-08,
      "max": 26.571691513061523,
      "p50": 0.20124992728233337,
      "p90": 1.4808112382888794,
      "p95": 2.807755708694458,
      "p99": 9.284576416015625
    }
  },
  "test": {
    "mse": 0.6565841436386108,
    "rmse": 0.8102987989862819,
    "mae": 0.5953848361968994,
    "w2_global": 0.4189309775829315,
    "ae_summary": {
      "mean": 0.5953848361968994,
      "std": 0.5496371984481812,
      "min": 0.00018203258514404297,
      "max": 6.361446857452393,
      "p50": 0.4545642137527466,
      "p90": 1.212690830230713,
      "p95": 1.6584919691085815,
      "p99": 2.6180663108825684
    },
    "se_summary": {
      "mean": 0.6565841436386108,
      "std": 1.5651161670684814,
      "min": 3.313586205422325e-08,
      "max": 40.4680061340332,
      "p50": 0.20662862062454224,
      "p90": 1.470619559288025,
      "p95": 2.750607490539551,
      "p99": 6.854277610778809
    }
  }
}