{
  "train": {
    "mse": 0.02722432091832161,
    "rmse": 0.16499794216389976,
    "mae": 0.11024367064237595,
    "w2_global": 0.06218649446964264,
    "ae_summary": {
      "mean": 0.11024367064237595,
      "std": 0.12276257574558258,
      "min": 1.1920928955078125e-07,
      "max": 10.31489372253418,
      "p50": 0.07923674583435059,
      "p90": 0.2351507544517517,
      "p95": 0.3125229477882385,
      "p99": 0.5446226000785828
    },
    "se_summary": {
      "mean": 0.02722432091832161,
      "std": 0.2740545868873596,
      "min": 1.4210854715202004e-14,
      "max": 106.39703369140625,
      "p50": 0.006278461776673794,
      "p90": 0.055295877158641815,
      "p95": 0.09767059981822968,
      "p99": 0.29661381244659424
    }
  },
  "val": {
    "mse": 0.9924423694610596,
    "rmse": 0.9962140179003002,
    "mae": 0.6631158590316772,
    "w2_global": 0.0847797766327858,
    "ae_summary": {
      "mean": 0.6631158590316772,
      "std": 0.7434512376785278,
      "min": 3.319978713989258e-05,
      "max": 37.5449104309082,
      "p50": 0.5042597055435181,
      "p90": 1.3710122108459473,
      "p95": 1.7428923845291138,
      "p99": 2.801992893218994
    },
    "se_summary": {
      "mean": 0.9924423694610596,
      "std": 13.262765884399414,
      "min": 1.1022258661341766e-09,
      "max": 1409.6202392578125,
      "p50": 0.2542778551578522,
      "p90": 1.8796746730804443,
      "p95": 3.0376739501953125,
      "p99": 7.8511643409729
    }
  },
  "test": {
    "mse": 0.9750303626060486,
    "rmse": 0.9874362574900967,
    "mae": 0.6663907766342163,
    "w2_global": 0.06483915448188782,
    "ae_summary": {
      "mean": 0.6663907766342163,
      "std": 0.7286656498908997,
      "min": 7.569789886474609e-06,
      "max": 27.69317054748535,
      "p50": 0.49556565284729004,
      "p90": 1.405346393585205,
      "p95": 1.8048572540283203,
      "p99": 2.8156235218048096
    },
    "se_summary": {
      "mean": 0.9750303626060486,
      "std": 9.434243202209473,
      "min": 5.730171892537328e-11,
      "max": 766.9116821289062,
      "p50": 0.2455853372812271,
      "p90": 1.9749984741210938,
      "p95": 3.257509708404541,
      "p99": 7.927735328674316
    }
  }
}