{
  "train": {
    "mse": 0.005511061288416386,
    "rmse": 0.07423652260455352,
    "mae": 0.049135543406009674,
    "w2_global": 0.008341693319380283,
    "ae_summary": {
      "mean": 0.049135543406009674,
      "std": 0.05564853549003601,
      "min": 8.940696716308594e-08,
      "max": 1.4433870315551758,
      "p50": 0.03264760971069336,
      "p90": 0.1119554340839386,
      "p95": 0.15449023246765137,
      "p99": 0.23311935365200043
    },
    "se_summary": {
      "mean": 0.005511061288416386,
      "std": 0.025903647765517235,
      "min": 7.993605777301127e-15,
      "max": 2.0833661556243896,
      "p50": 0.001065866439603269,
      "p90": 0.012534020468592644,
      "p95": 0.023867232725024223,
      "p99": 0.05434463545680046
    }
  },
  "val": {
    "mse": 0.011065415106713772,
    "rmse": 0.10519227683966999,
    "mae": 0.06343717128038406,
    "w2_global": 0.008058284409344196,
    "ae_summary": {
      "mean": 0.06343717128038406,
      "std": 0.08391150087118149,
      "min": 3.5762786865234375e-07,
      "max": 1.7194159030914307,
      "p50": 0.03914006054401398,
      "p90": 0.14247965812683105,
      "p95": 0.20354637503623962,
      "p99": 0.38071951270103455
    },
    "se_summary": {
      "mean": 0.011065415106713772,
      "std": 0.061076607555150986,
      "min": 1.2789769243681803e-13,
      "max": 2.9563910961151123,
      "p50": 0.001531944377347827,
      "p90": 0.020300453528761864,
      "p95": 0.04143112525343895,
      "p99": 0.144947350025177
    }
  },
  "test": {
    "mse": 0.011378699913620949,
    "rmse": 0.10667098909085332,
    "mae": 0.06371510028839111,
    "w2_global": 0.007953155785799026,
    "ae_summary": {
      "mean": 0.06371510028839111,
      "std": 0.08555164933204651,
      "min": 1.2516975402832031e-06,
      "max": 2.128594398498535,
      "p50": 0.03882104158401489,
      "p90": 0.14622528851032257,
      "p95": 0.20011581480503082,
      "p99": 0.3685057759284973
    },
    "se_summary": {
      "mean": 0.011378699913620949,
      "std": 0.06649880856275558,
      "min": 1.566746732351021e-12,
      "max": 4.530914306640625,
      "p50": 0.0015070732915773988,
      "p90": 0.021381836384534836,
      "p95": 0.040046341717243195,
      "p99": 0.13579651713371277
    }
  }
}