{
  "best_alpha": 0.99,
  "best_gamma": 10.0,
  "alpha_grid": [
    0.01,
    0.25,
    0.5,
    0.75,
    0.99
  ],
  "gamma_grid": [
    0.1,
    1.0,
    5.0,
    10.0
  ],
  "results": {
    "(0.01, 0.1)": {
      "val_loss": 0.8640106916427612,
      "val_eval": 0.9635560512542725,
      "epoch": 30,
      "mse": 0.9635560512542725,
      "w2_global": 0.3806712329387665,
      "cvar": 1.6228257417678833
    },
    "(0.01, 1.0)": {
      "val_loss": 0.8490462303161621,
      "val_eval": 0.9413058757781982,
      "epoch": 29,
      "mse": 0.9413058161735535,
      "w2_global": 0.3721330463886261,
      "cvar": 1.5432968139648438
    },
    "(0.01, 5.0)": {
      "val_loss": 0.841594934463501,
      "val_eval": 0.9464131593704224,
      "epoch": 27,
      "mse": 0.9464130997657776,
      "w2_global": 0.3748372197151184,
      "cvar": 1.5496199131011963
    },
    "(0.01, 10.0)": {
      "val_loss": 0.869914710521698,
      "val_eval": 0.9611937999725342,
      "epoch": 25,
      "mse": 0.9611937999725342,
      "w2_global": 0.3776642680168152,
      "cvar": 1.60032057762146
    },
    "(0.25, 0.1)": {
      "val_loss": 0.5343971252441406,
      "val_eval": 0.6078189015388489,
      "epoch": 29,
      "mse": 0.6078189015388489,
      "w2_global": 0.27454444766044617,
      "cvar": 0.7947744727134705
    },
    "(0.25, 1.0)": {
      "val_loss": 0.47411081194877625,
      "val_eval": 0.5646750330924988,
      "epoch": 29,
      "mse": 0.5646750330924988,
      "w2_global": 0.2674582302570343,
      "cvar": 0.6716144680976868
    },
    "(0.25, 5.0)": {
      "val_loss": 0.5192601084709167,
      "val_eval": 0.6014075875282288,
      "epoch": 30,
      "mse": 0.6014077067375183,
      "w2_global": 0.2798277735710144,
      "cvar": 0.740881621837616
    },
    "(0.25, 10.0)": {
      "val_loss": 0.5293614864349365,
      "val_eval": 0.5970178246498108,
      "epoch": 30,
      "mse": 0.5970178246498108,
      "w2_global": 0.27101022005081177,
      "cvar": 0.7086076140403748
    },
    "(0.5, 0.1)": {
      "val_loss": 0.37238284945487976,
      "val_eval": 0.4415563642978668,
      "epoch": 30,
      "mse": 0.44155633449554443,
      "w2_global": 0.22090572118759155,
      "cvar": 0.5181653499603271
    },
    "(0.5, 1.0)": {
      "val_loss": 0.37110501527786255,
      "val_eval": 0.45909589529037476,
      "epoch": 29,
      "mse": 0.45909589529037476,
      "w2_global": 0.23060335218906403,
      "cvar": 0.5036346912384033
    },
    "(0.5, 5.0)": {
      "val_loss": 0.4043610692024231,
      "val_eval": 0.46608972549438477,
      "epoch": 30,
      "mse": 0.46608972549438477,
      "w2_global": 0.2302483320236206,
      "cvar": 0.5826976895332336
    },
    "(0.5, 10.0)": {
      "val_loss": 0.39180701971054077,
      "val_eval": 0.4572989046573639,
      "epoch": 29,
      "mse": 0.4572988748550415,
      "w2_global": 0.2149547040462494,
      "cvar": 0.5031359791755676
    },
    "(0.75, 0.1)": {
      "val_loss": 0.3242567181587219,
      "val_eval": 0.35020819306373596,
      "epoch": 30,
      "mse": 0.35020819306373596,
      "w2_global": 0.19322912395000458,
      "cvar": 0.40311315655708313
    },
    "(0.75, 1.0)": {
      "val_loss": 0.3086068034172058,
      "val_eval": 0.3579271137714386,
      "epoch": 30,
      "mse": 0.3579271137714386,
      "w2_global": 0.19472528994083405,
      "cvar": 0.3943662643432617
    },
    "(0.75, 5.0)": {
      "val_loss": 0.3134266436100006,
      "val_eval": 0.3757915198802948,
      "epoch": 30,
      "mse": 0.3757914900779724,
      "w2_global": 0.19943325221538544,
      "cvar": 0.39757248759269714
    },
    "(0.75, 10.0)": {
      "val_loss": 0.30740323662757874,
      "val_eval": 0.35991811752319336,
      "epoch": 30,
      "mse": 0.35991811752319336,
      "w2_global": 0.1895018070936203,
      "cvar": 0.3753930926322937
    },
    "(0.99, 0.1)": {
      "val_loss": 0.25668027997016907,
      "val_eval": 0.313617467880249,
      "epoch": 30,
      "mse": 0.3136174976825714,
      "w2_global": 0.16963040828704834,
      "cvar": 0.30941155552864075
    },
    "(0.99, 1.0)": {
      "val_loss": 0.2558899223804474,
      "val_eval": 0.2952711582183838,
      "epoch": 30,
      "mse": 0.2952711582183838,
      "w2_global": 0.16072697937488556,
      "cvar": 0.2933650612831116
    },
    "(0.99, 5.0)": {
      "val_loss": 0.267228364944458,
      "val_eval": 0.31288886070251465,
      "epoch": 30,
      "mse": 0.31288886070251465,
      "w2_global": 0.1727241724729538,
      "cvar": 0.2883431017398834
    },
    "(0.99, 10.0)": {
      "val_loss": 0.24677368998527527,
      "val_eval": 0.29403525590896606,
      "epoch": 30,
      "mse": 0.29403528571128845,
      "w2_global": 0.15865156054496765,
      "cvar": 0.29439428448677063
    }
  }
}