{
  "train": {
    "mse": 0.23201984167099,
    "rmse": 0.4816843797249294,
    "mae": 0.2387791872024536,
    "w2_global": 0.13977062702178955,
    "ae_summary": {
      "mean": 0.2387791872024536,
      "std": 0.4183351993560791,
      "min": 2.8312206268310547e-06,
      "max": 27.18064308166504,
      "p50": 0.1498497724533081,
      "p90": 0.5028721690177917,
      "p95": 0.6727206110954285,
      "p99": 1.4014428853988647
    },
    "se_summary": {
      "mean": 0.23201984167099,
      "std": 4.6817803382873535,
      "min": 8.01581023779363e-12,
      "max": 738.787353515625,
      "p50": 0.02245495468378067,
      "p90": 0.25288042426109314,
      "p95": 0.45255300402641296,
      "p99": 1.9640426635742188
    }
  },
  "val": {
    "mse": 0.29403528571128845,
    "rmse": 0.5422502058194985,
    "mae": 0.2540390193462372,
    "w2_global": 0.15865156054496765,
    "ae_summary": {
      "mean": 0.2540390193462372,
      "std": 0.4790610074996948,
      "min": 3.5136938095092773e-05,
      "max": 17.756954193115234,
      "p50": 0.1510573774576187,
      "p90": 0.5425811409950256,
      "p95": 0.7383089661598206,
      "p99": 1.5106829404830933
    },
    "se_summary": {
      "mean": 0.29403528571128845,
      "std": 4.516903400421143,
      "min": 1.2346044186983818e-09,
      "max": 315.3094177246094,
      "p50": 0.02281833067536354,
      "p90": 0.29439428448677063,
      "p95": 0.5451000928878784,
      "p99": 2.28216290473938
    }
  },
  "test": {
    "mse": 0.7032721042633057,
    "rmse": 0.8386132030103662,
    "mae": 0.27397146821022034,
    "w2_global": 0.2995133697986603,
    "ae_summary": {
      "mean": 0.27397146821022034,
      "std": 0.7925980687141418,
      "min": 9.5367431640625e-06,
      "max": 34.523319244384766,
      "p50": 0.15212324261665344,
      "p90": 0.5428003072738647,
      "p95": 0.731026828289032,
      "p99": 1.7145975828170776
    },
    "se_summary": {
      "mean": 0.7032721042633057,
      "std": 16.49506378173828,
      "min": 9.094947017729282e-11,
      "max": 1191.859619140625,
      "p50": 0.02314148098230362,
      "p90": 0.2946321964263916,
      "p95": 0.534400224685669,
      "p99": 2.939845085144043
    }
  }
}