{
  "train": {
    "mse": 0.0,
    "rmse": 0.0,
    "mae": 0.0,
    "w2_global": 0.006625956855714321,
    "ae_summary": {
      "mean": 0.0,
      "std": 0.0,
      "min": 0.0,
      "max": 0.0,
      "p50": 0.0,
      "p90": 0.0,
      "p95": 0.0,
      "p99": 0.0
    },
    "se_summary": {
      "mean": 0.0,
      "std": 0.0,
      "min": 0.0,
      "max": 0.0,
      "p50": 0.0,
      "p90": 0.0,
      "p95": 0.0,
      "p99": 0.0
    }
  },
  "val": {
    "mse": 0.028040045872330666,
    "rmse": 0.16745162248342255,
    "mae": 0.08829054236412048,
    "w2_global": 0.00669861352071166,
    "ae_summary": {
      "mean": 0.08829054236412048,
      "std": 0.1422843188047409,
      "min": 1.2576580047607422e-05,
      "max": 2.2878994941711426,
      "p50": 0.04484209790825844,
      "p90": 0.18947751820087433,
      "p95": 0.33089783787727356,
      "p99": 0.6842874884605408
    },
    "se_summary": {
      "mean": 0.028040045872330666,
      "std": 0.15046191215515137,
      "min": 1.581703656938771e-10,
      "max": 5.2344841957092285,
      "p50": 0.0020108139142394066,
      "p90": 0.03590173274278641,
      "p95": 0.10949347913265228,
      "p99": 0.4682493805885315
    }
  },
  "test": {
    "mse": 0.026630839332938194,
    "rmse": 0.16318958095705188,
    "mae": 0.09088783711194992,
    "w2_global": 0.008332661353051662,
    "ae_summary": {
      "mean": 0.09088783711194992,
      "std": 0.13553684949874878,
      "min": 4.0531158447265625e-06,
      "max": 2.1267197132110596,
      "p50": 0.04732239246368408,
      "p90": 0.21084247529506683,
      "p95": 0.3241424858570099,
      "p99": 0.6950141191482544
    },
    "se_summary": {
      "mean": 0.026630839332938194,
      "std": 0.12021838128566742,
      "min": 1.6427748050773516e-11,
      "max": 4.522936820983887,
      "p50": 0.002239408902823925,
      "p90": 0.04445455223321915,
      "p95": 0.10506834834814072,
      "p99": 0.48304465413093567
    }
  }
}