{
  "train": {
    "mse": 0.0,
    "rmse": 0.0,
    "mae": 0.0,
    "w2_global": 0.44811105728149414,
    "ae_summary": {
      "mean": 0.0,
      "std": 0.0,
      "min": 0.0,
      "max": 0.0,
      "p50": 0.0,
      "p90": 0.0,
      "p95": 0.0,
      "p99": 0.0
    },
    "se_summary": {
      "mean": 0.0,
      "std": 0.0,
      "min": 0.0,
      "max": 0.0,
      "p50": 0.0,
      "p90": 0.0,
      "p95": 0.0,
      "p99": 0.0
    }
  },
  "val": {
    "mse": 0.7055984139442444,
    "rmse": 0.8399990559186625,
    "mae": 0.6428242921829224,
    "w2_global": 0.37787169218063354,
    "ae_summary": {
      "mean": 0.6428242921829224,
      "std": 0.540717363357544,
      "min": 1.665949821472168e-05,
      "max": 4.5805768966674805,
      "p50": 0.5089519023895264,
      "p90": 1.3665831089019775,
      "p95": 1.7576687335968018,
      "p99": 2.4241485595703125
    },
    "se_summary": {
      "mean": 0.7055984139442444,
      "std": 1.1892118453979492,
      "min": 2.7753888076631483e-10,
      "max": 20.981685638427734,
      "p50": 0.25903207063674927,
      "p90": 1.8675495386123657,
      "p95": 3.0893993377685547,
      "p99": 5.8764967918396
    }
  },
  "test": {
    "mse": 0.8075964450836182,
    "rmse": 0.8986636996583417,
    "mae": 0.6657000780105591,
    "w2_global": 0.5795683264732361,
    "ae_summary": {
      "mean": 0.6657000780105591,
      "std": 0.6036885380744934,
      "min": 3.9637088775634766e-06,
      "max": 4.601672649383545,
      "p50": 0.49204885959625244,
      "p90": 1.5015848875045776,
      "p95": 1.9882558584213257,
      "p99": 2.777324914932251
    },
    "se_summary": {
      "mean": 0.8075964450836182,
      "std": 1.5161528587341309,
      "min": 1.5710988066075515e-11,
      "max": 21.175390243530273,
      "p50": 0.24211208522319794,
      "p90": 2.2547571659088135,
      "p95": 3.9531612396240234,
      "p99": 7.713533401489258
    }
  }
}