{
  "train": {
    "mse": 0.05425529554486275,
    "rmse": 0.23292766161377818,
    "mae": 0.16653111577033997,
    "w2_global": 0.02176870033144951,
    "ae_summary": {
      "mean": 0.16653111577033997,
      "std": 0.16285787522792816,
      "min": 5.960464477539062e-07,
      "max": 2.6403136253356934,
      "p50": 0.12138056755065918,
      "p90": 0.3596845865249634,
      "p95": 0.4716193675994873,
      "p99": 0.8214132785797119
    },
    "se_summary": {
      "mean": 0.05425529554486275,
      "std": 0.13610994815826416,
      "min": 3.552713678800501e-13,
      "max": 6.971256256103516,
      "p50": 0.014733241870999336,
      "p90": 0.1293729990720749,
      "p95": 0.22242483496665955,
      "p99": 0.6747198104858398
    }
  },
  "val": {
    "mse": 0.05684661492705345,
    "rmse": 0.23842528164406862,
    "mae": 0.17036530375480652,
    "w2_global": 0.02146887592971325,
    "ae_summary": {
      "mean": 0.17036530375480652,
      "std": 0.1668001264333725,
      "min": 4.1961669921875e-05,
      "max": 1.8521825075149536,
      "p50": 0.1274673342704773,
      "p90": 0.3589637279510498,
      "p95": 0.47358566522598267,
      "p99": 0.8406726717948914
    },
    "se_summary": {
      "mean": 0.05684661492705345,
      "std": 0.1430324912071228,
      "min": 1.760781742632389e-09,
      "max": 3.4305801391601562,
      "p50": 0.01624792069196701,
      "p90": 0.12885496020317078,
      "p95": 0.224283367395401,
      "p99": 0.7067306041717529
    }
  },
  "test": {
    "mse": 0.05939485877752304,
    "rmse": 0.24371060456517488,
    "mae": 0.17241816222667694,
    "w2_global": 0.021358121186494827,
    "ae_summary": {
      "mean": 0.17241816222667694,
      "std": 0.17224059998989105,
      "min": 1.7881393432617188e-07,
      "max": 2.2577872276306152,
      "p50": 0.12696734070777893,
      "p90": 0.36370375752449036,
      "p95": 0.4868774712085724,
      "p99": 0.8560665845870972
    },
    "se_summary": {
      "mean": 0.05939485877752304,
      "std": 0.15796586871147156,
      "min": 3.197442310920451e-14,
      "max": 5.0976033210754395,
      "p50": 0.016120705753564835,
      "p90": 0.13228042423725128,
      "p95": 0.2370496690273285,
      "p99": 0.7328500151634216
    }
  }
}