{
  "train": {
    "mse": 0.008082686923444271,
    "rmse": 0.08990376479015921,
    "mae": 0.06891075521707535,
    "w2_global": 0.11064580827951431,
    "ae_summary": {
      "mean": 0.06891075521707535,
      "std": 0.05774075910449028,
      "min": 2.0265579223632812e-06,
      "max": 0.5474458932876587,
      "p50": 0.054999589920043945,
      "p90": 0.1460077464580536,
      "p95": 0.1814969927072525,
      "p99": 0.2602899968624115
    },
    "se_summary": {
      "mean": 0.008082686923444271,
      "std": 0.014195939525961876,
      "min": 4.106937012693379e-12,
      "max": 0.29969701170921326,
      "p50": 0.003024954814463854,
      "p90": 0.021318262442946434,
      "p95": 0.03294115513563156,
      "p99": 0.06775087863206863
    }
  },
  "val": {
    "mse": 0.3044971823692322,
    "rmse": 0.5518126333903857,
    "mae": 0.3957163393497467,
    "w2_global": 0.12282764911651611,
    "ae_summary": {
      "mean": 0.3957163393497467,
      "std": 0.3845852017402649,
      "min": 2.9981136322021484e-05,
      "max": 2.426819324493408,
      "p50": 0.2788854241371155,
      "p90": 0.9416919350624084,
      "p95": 1.2456564903259277,
      "p99": 1.713479995727539
    },
    "se_summary": {
      "mean": 0.3044971823692322,
      "std": 0.5943990349769592,
      "min": 8.988685351596359e-10,
      "max": 5.88945198059082,
      "p50": 0.07777707278728485,
      "p90": 0.88678377866745,
      "p95": 1.551660180091858,
      "p99": 2.9360134601593018
    }
  },
  "test": {
    "mse": 0.2758268713951111,
    "rmse": 0.5251922232812584,
    "mae": 0.3679759204387665,
    "w2_global": 0.10700628161430359,
    "ae_summary": {
      "mean": 0.3679759204387665,
      "std": 0.37472736835479736,
      "min": 1.627206802368164e-05,
      "max": 3.4400596618652344,
      "p50": 0.2594272494316101,
      "p90": 0.828387975692749,
      "p95": 1.1613672971725464,
      "p99": 1.7889435291290283
    },
    "se_summary": {
      "mean": 0.2758268713951111,
      "std": 0.6396898627281189,
      "min": 2.6478019776732253e-10,
      "max": 11.834010124206543,
      "p50": 0.06730249524116516,
      "p90": 0.6862266659736633,
      "p95": 1.3487738370895386,
      "p99": 3.2003228664398193
    }
  }
}