{
  "train": {
    "mse": 0.0,
    "rmse": 0.0,
    "mae": 0.0,
    "w2_global": 0.03623179718852043,
    "ae_summary": {
      "mean": 0.0,
      "std": 0.0,
      "min": 0.0,
      "max": 0.0,
      "p50": 0.0,
      "p90": 0.0,
      "p95": 0.0,
      "p99": 0.0
    },
    "se_summary": {
      "mean": 0.0,
      "std": 0.0,
      "min": 0.0,
      "max": 0.0,
      "p50": 0.0,
      "p90": 0.0,
      "p95": 0.0,
      "p99": 0.0
    }
  },
  "val": {
    "mse": 0.5111293792724609,
    "rmse": 0.7149331292313016,
    "mae": 0.396930068731308,
    "w2_global": 0.033161550760269165,
    "ae_summary": {
      "mean": 0.396930068731308,
      "std": 0.5946224927902222,
      "min": 3.1106173992156982e-06,
      "max": 8.401076316833496,
      "p50": 0.1459408402442932,
      "p90": 1.1238378286361694,
      "p95": 1.622190237045288,
      "p99": 2.781546115875244
    },
    "se_summary": {
      "mean": 0.5111293792724609,
      "std": 1.7220247983932495,
      "min": 9.675940604303435e-12,
      "max": 70.57808685302734,
      "p50": 0.0212987270206213,
      "p90": 1.2630114555358887,
      "p95": 2.6315009593963623,
      "p99": 7.736998558044434
    }
  },
  "test": {
    "mse": 0.4617329239845276,
    "rmse": 0.6795093258995991,
    "mae": 0.36130282282829285,
    "w2_global": 0.03418989107012749,
    "ae_summary": {
      "mean": 0.36130282282829285,
      "std": 0.5754938721656799,
      "min": 1.3224780559539795e-06,
      "max": 9.614501953125,
      "p50": 0.11515890061855316,
      "p90": 1.041642189025879,
      "p95": 1.5250728130340576,
      "p99": 2.75940203666687
    },
    "se_summary": {
      "mean": 0.4617329239845276,
      "std": 1.676499366760254,
      "min": 1.748948208479817e-12,
      "max": 92.43864440917969,
      "p50": 0.01326157245784998,
      "p90": 1.085018515586853,
      "p95": 2.3258471488952637,
      "p99": 7.614299297332764
    }
  }
}