{
  "train": {
    "mse": 0.0,
    "rmse": 0.0,
    "mae": 0.0,
    "w2_global": 0.004224664997309446,
    "ae_summary": {
      "mean": 0.0,
      "std": 0.0,
      "min": 0.0,
      "max": 0.0,
      "p50": 0.0,
      "p90": 0.0,
      "p95": 0.0,
      "p99": 0.0
    },
    "se_summary": {
      "mean": 0.0,
      "std": 0.0,
      "min": 0.0,
      "max": 0.0,
      "p50": 0.0,
      "p90": 0.0,
      "p95": 0.0,
      "p99": 0.0
    }
  },
  "val": {
    "mse": 0.09734152257442474,
    "rmse": 0.3119960297414452,
    "mae": 0.22833064198493958,
    "w2_global": 0.012780728749930859,
    "ae_summary": {
      "mean": 0.22833064198493958,
      "std": 0.21261852979660034,
      "min": 0.00010503828525543213,
      "max": 1.5061078071594238,
      "p50": 0.16760635375976562,
      "p90": 0.4927579164505005,
      "p95": 0.6316556930541992,
      "p99": 1.038243055343628
    },
    "se_summary": {
      "mean": 0.09734152257442474,
      "std": 0.2052621692419052,
      "min": 1.1033041147356926e-08,
      "max": 2.2683606147766113,
      "p50": 0.028091929852962494,
      "p90": 0.2428118884563446,
      "p95": 0.39899033308029175,
      "p99": 1.077950119972229
    }
  },
  "test": {
    "mse": 0.0656621903181076,
    "rmse": 0.2562463469361224,
    "mae": 0.1868617832660675,
    "w2_global": 0.010174695402383804,
    "ae_summary": {
      "mean": 0.1868617832660675,
      "std": 0.1753421127796173,
      "min": 2.384185791015625e-07,
      "max": 1.5318230390548706,
      "p50": 0.14248788356781006,
      "p90": 0.40003541111946106,
      "p95": 0.5000767707824707,
      "p99": 0.8457353115081787
    },
    "se_summary": {
      "mean": 0.0656621903181076,
      "std": 0.15357902646064758,
      "min": 5.684341886080802e-14,
      "max": 2.3464818000793457,
      "p50": 0.020302796736359596,
      "p90": 0.1600283533334732,
      "p95": 0.2500768303871155,
      "p99": 0.7152683138847351
    }
  }
}