{
  "train": {
    "mse": 0.0,
    "rmse": 0.0,
    "mae": 0.0,
    "w2_global": 0.782243549823761,
    "ae_summary": {
      "mean": 0.0,
      "std": 0.0,
      "min": 0.0,
      "max": 0.0,
      "p50": 0.0,
      "p90": 0.0,
      "p95": 0.0,
      "p99": 0.0
    },
    "se_summary": {
      "mean": 0.0,
      "std": 0.0,
      "min": 0.0,
      "max": 0.0,
      "p50": 0.0,
      "p90": 0.0,
      "p95": 0.0,
      "p99": 0.0
    }
  },
  "val": {
    "mse": 1.0812973976135254,
    "rmse": 1.039854507906527,
    "mae": 0.7341676950454712,
    "w2_global": 0.6954951286315918,
    "ae_summary": {
      "mean": 0.7341676950454712,
      "std": 0.7364069223403931,
      "min": 0.0,
      "max": 49.03074645996094,
      "p50": 0.56238853931427,
      "p90": 1.543228268623352,
      "p95": 1.9429736137390137,
      "p99": 2.9803028106689453
    },
    "se_summary": {
      "mean": 1.0812973976135254,
      "std": 9.612218856811523,
      "min": 0.0,
      "max": 2404.01416015625,
      "p50": 0.31628087162971497,
      "p90": 2.3815534114837646,
      "p95": 3.775146484375,
      "p99": 8.88220500946045
    }
  },
  "test": {
    "mse": 1.085886836051941,
    "rmse": 1.0420589407763559,
    "mae": 0.7257415056228638,
    "w2_global": 0.7376130819320679,
    "ae_summary": {
      "mean": 0.7257415056228638,
      "std": 0.7477874159812927,
      "min": 0.0,
      "max": 39.02952194213867,
      "p50": 0.5578805208206177,
      "p90": 1.5162591934204102,
      "p95": 1.9120970964431763,
      "p99": 3.007662296295166
    },
    "se_summary": {
      "mean": 1.085886836051941,
      "std": 9.109210014343262,
      "min": 0.0,
      "max": 1523.3035888671875,
      "p50": 0.31123068928718567,
      "p90": 2.299041986465454,
      "p95": 3.6561152935028076,
      "p99": 9.046032905578613
    }
  }
}