{
  "train": {
    "mse": 0.0,
    "rmse": 0.0,
    "mae": 0.0,
    "w2_global": 0.034250762313604355,
    "ae_summary": {
      "mean": 0.0,
      "std": 0.0,
      "min": 0.0,
      "max": 0.0,
      "p50": 0.0,
      "p90": 0.0,
      "p95": 0.0,
      "p99": 0.0
    },
    "se_summary": {
      "mean": 0.0,
      "std": 0.0,
      "min": 0.0,
      "max": 0.0,
      "p50": 0.0,
      "p90": 0.0,
      "p95": 0.0,
      "p99": 0.0
    }
  },
  "val": {
    "mse": 0.7798770666122437,
    "rmse": 0.8831064865644707,
    "mae": 0.6058499217033386,
    "w2_global": 0.047110479325056076,
    "ae_summary": {
      "mean": 0.6058499217033386,
      "std": 0.6425129771232605,
      "min": 7.832050323486328e-05,
      "max": 9.995819091796875,
      "p50": 0.4166569411754608,
      "p90": 1.361759901046753,
      "p95": 1.757981300354004,
      "p99": 2.997114896774292
    },
    "se_summary": {
      "mean": 0.7798770666122437,
      "std": 2.549853801727295,
      "min": 6.13410122696223e-09,
      "max": 99.91639709472656,
      "p50": 0.17360301315784454,
      "p90": 1.8543901443481445,
      "p95": 3.090498447418213,
      "p99": 8.98270320892334
    }
  },
  "test": {
    "mse": 0.5486280918121338,
    "rmse": 0.7406943308896955,
    "mae": 0.4780143201351166,
    "w2_global": 0.0369282029569149,
    "ae_summary": {
      "mean": 0.4780143201351166,
      "std": 0.5658006072044373,
      "min": 1.862645149230957e-06,
      "max": 10.74646282196045,
      "p50": 0.3045365810394287,
      "p90": 1.11650550365448,
      "p95": 1.504550814628601,
      "p99": 2.4688761234283447
    },
    "se_summary": {
      "mean": 0.5486280918121338,
      "std": 2.371936798095703,
      "min": 3.469446951953614e-12,
      "max": 115.48646545410156,
      "p50": 0.09274253249168396,
      "p90": 1.2465846538543701,
      "p95": 2.2636733055114746,
      "p99": 6.09535026550293
    }
  }
}