{
  "train": {
    "mse": 0.05240358039736748,
    "rmse": 0.22891828323086708,
    "mae": 0.1716201901435852,
    "w2_global": 0.04059411957859993,
    "ae_summary": {
      "mean": 0.1716201901435852,
      "std": 0.1514928638935089,
      "min": 1.3113021850585938e-05,
      "max": 2.1082305908203125,
      "p50": 0.13451820611953735,
      "p90": 0.3606894314289093,
      "p95": 0.45368537306785583,
      "p99": 0.7157121300697327
    },
    "se_summary": {
      "mean": 0.05240358039736748,
      "std": 0.11048358678817749,
      "min": 1.7195134205394424e-10,
      "max": 4.444636344909668,
      "p50": 0.018095146864652634,
      "p90": 0.13009688258171082,
      "p95": 0.2058304101228714,
      "p99": 0.5122438669204712
    }
  },
  "val": {
    "mse": 0.07536152005195618,
    "rmse": 0.2745205275602467,
    "mae": 0.20398692786693573,
    "w2_global": 0.04492596536874771,
    "ae_summary": {
      "mean": 0.20398692786693573,
      "std": 0.18371403217315674,
      "min": 7.510185241699219e-06,
      "max": 2.23075008392334,
      "p50": 0.16138648986816406,
      "p90": 0.42424046993255615,
      "p95": 0.542116105556488,
      "p99": 0.8486508131027222
    },
    "se_summary": {
      "mean": 0.07536152005195618,
      "std": 0.18160465359687805,
      "min": 5.640288236463675e-11,
      "max": 4.976245880126953,
      "p50": 0.026045599952340126,
      "p90": 0.17997997999191284,
      "p95": 0.29388993978500366,
      "p99": 0.720208466053009
    }
  },
  "test": {
    "mse": 0.0906149297952652,
    "rmse": 0.3010231383054552,
    "mae": 0.2220010757446289,
    "w2_global": 0.04513312131166458,
    "ae_summary": {
      "mean": 0.2220010757446289,
      "std": 0.2032989114522934,
      "min": 2.256035804748535e-05,
      "max": 2.1411314010620117,
      "p50": 0.16846510767936707,
      "p90": 0.47163039445877075,
      "p95": 0.6198479533195496,
      "p99": 0.9369983673095703
    },
    "se_summary": {
      "mean": 0.0906149297952652,
      "std": 0.19626162946224213,
      "min": 5.089697552307371e-10,
      "max": 4.58444356918335,
      "p50": 0.028380492702126503,
      "p90": 0.22243523597717285,
      "p95": 0.3842115104198456,
      "p99": 0.8779658675193787
    }
  }
}