{
  "train": {
    "mse": 0.0,
    "rmse": 0.0,
    "mae": 0.0,
    "w2_global": 0.3189285397529602,
    "ae_summary": {
      "mean": 0.0,
      "std": 0.0,
      "min": 0.0,
      "max": 0.0,
      "p50": 0.0,
      "p90": 0.0,
      "p95": 0.0,
      "p99": 0.0
    },
    "se_summary": {
      "mean": 0.0,
      "std": 0.0,
      "min": 0.0,
      "max": 0.0,
      "p50": 0.0,
      "p90": 0.0,
      "p95": 0.0,
      "p99": 0.0
    }
  },
  "val": {
    "mse": 4.9908270835876465,
    "rmse": 2.23401590943029,
    "mae": 1.7379131317138672,
    "w2_global": 1.1382858753204346,
    "ae_summary": {
      "mean": 1.7379131317138672,
      "std": 1.4037398099899292,
      "min": 0.0006052553653717041,
      "max": 11.372427940368652,
      "p50": 1.4172453880310059,
      "p90": 3.63842511177063,
      "p95": 4.435866355895996,
      "p99": 6.251497268676758
    },
    "se_summary": {
      "mean": 4.9908270835876465,
      "std": 8.080099105834961,
      "min": 3.6633406352848397e-07,
      "max": 129.33212280273438,
      "p50": 2.008584499359131,
      "p90": 13.238142967224121,
      "p95": 19.676912307739258,
      "p99": 39.081886291503906
    }
  },
  "test": {
    "mse": 3.6162352561950684,
    "rmse": 1.9016401489753703,
    "mae": 1.437252402305603,
    "w2_global": 0.8813515305519104,
    "ae_summary": {
      "mean": 1.437252402305603,
      "std": 1.2452071905136108,
      "min": 0.00027451105415821075,
      "max": 11.128239631652832,
      "p50": 1.113972544670105,
      "p90": 3.0801444053649902,
      "p95": 3.872448205947876,
      "p99": 5.578588485717773
    },
    "se_summary": {
      "mean": 3.6162352561950684,
      "std": 6.830878257751465,
      "min": 7.535631851851576e-08,
      "max": 123.83771514892578,
      "p50": 1.2409348487854004,
      "p90": 9.487289428710938,
      "p95": 14.995855331420898,
      "p99": 31.12066650390625
    }
  }
}