{
  "best_alpha": 0.99,
  "best_gamma": 0.1,
  "alpha_grid": [
    0.01,
    0.25,
    0.5,
    0.75,
    0.99
  ],
  "gamma_grid": [
    0.1,
    1.0,
    5.0,
    10.0
  ],
  "results": {
    "(0.01, 0.1)": {
      "val_loss": 0.836321234703064,
      "val_eval": 0.8673463463783264,
      "epoch": 27,
      "mse": 0.7724400162696838,
      "w2_global": 0.2754702866077423,
      "cvar": 1.8942503929138184
    },
    "(0.01, 1.0)": {
      "val_loss": 0.8238950073719025,
      "val_eval": 0.8620875477790833,
      "epoch": 11,
      "mse": 0.7634067535400391,
      "w2_global": 0.28487643599510193,
      "cvar": 1.9095947742462158
    },
    "(0.01, 5.0)": {
      "val_loss": 0.7904496490955353,
      "val_eval": 0.850057989358902,
      "epoch": 22,
      "mse": 0.7580044269561768,
      "w2_global": 0.27276304364204407,
      "cvar": 1.8792251348495483
    },
    "(0.01, 10.0)": {
      "val_loss": 0.8107247352600098,
      "val_eval": 0.8489846885204315,
      "epoch": 25,
      "mse": 0.760137677192688,
      "w2_global": 0.26445913314819336,
      "cvar": 1.8826899528503418
    },
    "(0.25, 0.1)": {
      "val_loss": 0.717536062002182,
      "val_eval": 0.772049218416214,
      "epoch": 28,
      "mse": 0.7025637030601501,
      "w2_global": 0.2715030908584595,
      "cvar": 1.657732367515564
    },
    "(0.25, 1.0)": {
      "val_loss": 0.7330741882324219,
      "val_eval": 0.7706807851791382,
      "epoch": 30,
      "mse": 0.687247097492218,
      "w2_global": 0.26480478048324585,
      "cvar": 1.681398630142212
    },
    "(0.25, 5.0)": {
      "val_loss": 0.6799692213535309,
      "val_eval": 0.7361996173858643,
      "epoch": 30,
      "mse": 0.6668108701705933,
      "w2_global": 0.2674386203289032,
      "cvar": 1.598204255104065
    },
    "(0.25, 10.0)": {
      "val_loss": 0.6914299726486206,
      "val_eval": 0.7511797249317169,
      "epoch": 26,
      "mse": 0.6776447296142578,
      "w2_global": 0.26659631729125977,
      "cvar": 1.6716541051864624
    },
    "(0.5, 0.1)": {
      "val_loss": 0.5629697144031525,
      "val_eval": 0.6058058142662048,
      "epoch": 23,
      "mse": 0.5628492832183838,
      "w2_global": 0.24953681230545044,
      "cvar": 1.30795419216156
    },
    "(0.5, 1.0)": {
      "val_loss": 0.5428318679332733,
      "val_eval": 0.6014957129955292,
      "epoch": 30,
      "mse": 0.5530146360397339,
      "w2_global": 0.250642329454422,
      "cvar": 1.3149006366729736
    },
    "(0.5, 5.0)": {
      "val_loss": 0.5494863092899323,
      "val_eval": 0.5951438844203949,
      "epoch": 19,
      "mse": 0.553155243396759,
      "w2_global": 0.24927671253681183,
      "cvar": 1.311956763267517
    },
    "(0.5, 10.0)": {
      "val_loss": 0.5641442537307739,
      "val_eval": 0.6266970634460449,
      "epoch": 29,
      "mse": 0.577147364616394,
      "w2_global": 0.2527351677417755,
      "cvar": 1.382375717163086
    },
    "(0.75, 0.1)": {
      "val_loss": 0.3495325297117233,
      "val_eval": 0.38518284261226654,
      "epoch": 27,
      "mse": 0.3945368528366089,
      "w2_global": 0.2051769345998764,
      "cvar": 0.9075605869293213
    },
    "(0.75, 1.0)": {
      "val_loss": 0.3655577152967453,
      "val_eval": 0.37935633957386017,
      "epoch": 25,
      "mse": 0.3838280439376831,
      "w2_global": 0.20159126818180084,
      "cvar": 0.8731434345245361
    },
    "(0.75, 5.0)": {
      "val_loss": 0.36373060941696167,
      "val_eval": 0.3786204159259796,
      "epoch": 25,
      "mse": 0.3868798613548279,
      "w2_global": 0.19702506065368652,
      "cvar": 0.8359453082084656
    },
    "(0.75, 10.0)": {
      "val_loss": 0.3375667631626129,
      "val_eval": 0.3642860949039459,
      "epoch": 30,
      "mse": 0.3668288290500641,
      "w2_global": 0.2008289247751236,
      "cvar": 0.8679793477058411
    },
    "(0.99, 0.1)": {
      "val_loss": 0.18324708938598633,
      "val_eval": 0.16823139786720276,
      "epoch": 30,
      "mse": 0.15811313688755035,
      "w2_global": 0.06200450286269188,
      "cvar": 0.3755419850349426
    },
    "(0.99, 1.0)": {
      "val_loss": 0.1907968893647194,
      "val_eval": 0.18729761242866516,
      "epoch": 30,
      "mse": 0.17972956597805023,
      "w2_global": 0.07757218927145004,
      "cvar": 0.4139275848865509
    },
    "(0.99, 5.0)": {
      "val_loss": 0.19034476578235626,
      "val_eval": 0.178196981549263,
      "epoch": 30,
      "mse": 0.16583648324012756,
      "w2_global": 0.07621724158525467,
      "cvar": 0.3821650743484497
    },
    "(0.99, 10.0)": {
      "val_loss": 0.19757266342639923,
      "val_eval": 0.19548256695270538,
      "epoch": 30,
      "mse": 0.1876371055841446,
      "w2_global": 0.07831460237503052,
      "cvar": 0.4250202775001526
    }
  }
}