{
  "train": {
    "mse": 0.1444542109966278,
    "rmse": 0.3800713235652327,
    "mae": 0.27004504203796387,
    "w2_global": 0.06532563269138336,
    "ae_summary": {
      "mean": 0.27004504203796387,
      "std": 0.267450749874115,
      "min": 5.137920379638672e-05,
      "max": 4.8216938972473145,
      "p50": 0.20165130496025085,
      "p90": 0.5665712952613831,
      "p95": 0.7401021122932434,
      "p99": 1.2500760555267334
    },
    "se_summary": {
      "mean": 0.1444542109966278,
      "std": 0.4524131715297699,
      "min": 2.6398225827506394e-09,
      "max": 23.24873161315918,
      "p50": 0.04066324979066849,
      "p90": 0.3210030198097229,
      "p95": 0.5477511286735535,
      "p99": 1.562690258026123
    }
  },
  "val": {
    "mse": 0.15811313688755035,
    "rmse": 0.39763442618509576,
    "mae": 0.2848392724990845,
    "w2_global": 0.06200450286269188,
    "ae_summary": {
      "mean": 0.2848392724990845,
      "std": 0.2774522304534912,
      "min": 9.721517562866211e-05,
      "max": 2.990687131881714,
      "p50": 0.2125280201435089,
      "p90": 0.6128147840499878,
      "p95": 0.8063284158706665,
      "p99": 1.2961691617965698
    },
    "se_summary": {
      "mean": 0.15811313688755035,
      "std": 0.4046951234340668,
      "min": 9.45079037251162e-09,
      "max": 8.944209098815918,
      "p50": 0.045168161392211914,
      "p90": 0.3755419850349426,
      "p95": 0.6501659750938416,
      "p99": 1.6800549030303955
    }
  },
  "test": {
    "mse": 0.17207378149032593,
    "rmse": 0.4148177690146915,
    "mae": 0.29409828782081604,
    "w2_global": 0.0772605761885643,
    "ae_summary": {
      "mean": 0.29409828782081604,
      "std": 0.2925405502319336,
      "min": 6.052851676940918e-05,
      "max": 4.025913715362549,
      "p50": 0.22033393383026123,
      "p90": 0.6262373328208923,
      "p95": 0.8247702717781067,
      "p99": 1.436570167541504
    },
    "se_summary": {
      "mean": 0.17207378149032593,
      "std": 0.4937358796596527,
      "min": 3.6637013423046483e-09,
      "max": 16.20798110961914,
      "p50": 0.04854704067111015,
      "p90": 0.3921732008457184,
      "p95": 0.6802459955215454,
      "p99": 2.0637378692626953
    }
  }
}