{
  "train": {
    "mse": 0.008279736153781414,
    "rmse": 0.09099305552503122,
    "mae": 0.06912041455507278,
    "w2_global": 0.02134578675031662,
    "ae_summary": {
      "mean": 0.06912041455507278,
      "std": 0.059178583323955536,
      "min": 1.8477439880371094e-06,
      "max": 0.6559043526649475,
      "p50": 0.053588032722473145,
      "p90": 0.14990448951721191,
      "p95": 0.18457576632499695,
      "p99": 0.2651151418685913
    },
    "se_summary": {
      "mean": 0.008279736153781414,
      "std": 0.014879072085022926,
      "min": 3.4141578453272814e-12,
      "max": 0.43021053075790405,
      "p50": 0.002871677279472351,
      "p90": 0.02247135527431965,
      "p95": 0.034068211913108826,
      "p99": 0.07028603553771973
    }
  },
  "val": {
    "mse": 0.23432712256908417,
    "rmse": 0.4840734681523913,
    "mae": 0.3382187783718109,
    "w2_global": 0.020341960713267326,
    "ae_summary": {
      "mean": 0.3382187783718109,
      "std": 0.34631654620170593,
      "min": 5.352497100830078e-05,
      "max": 2.341153144836426,
      "p50": 0.2202819585800171,
      "p90": 0.8224149346351624,
      "p95": 1.0542343854904175,
      "p99": 1.575779676437378
    },
    "se_summary": {
      "mean": 0.23432712256908417,
      "std": 0.49127596616744995,
      "min": 2.864922521439439e-09,
      "max": 5.4809980392456055,
      "p50": 0.04852414131164551,
      "p90": 0.6763663291931152,
      "p95": 1.1114113330841064,
      "p99": 2.483114242553711
    }
  },
  "test": {
    "mse": 0.26710760593414307,
    "rmse": 0.5168245407622813,
    "mae": 0.3602982759475708,
    "w2_global": 0.02168400026857853,
    "ae_summary": {
      "mean": 0.3602982759475708,
      "std": 0.3705303370952606,
      "min": 0.00010484457015991211,
      "max": 3.0497684478759766,
      "p50": 0.243191659450531,
      "p90": 0.8489106893539429,
      "p95": 1.1277990341186523,
      "p99": 1.744338035583496
    },
    "se_summary": {
      "mean": 0.26710760593414307,
      "std": 0.6170666217803955,
      "min": 1.0992383892016733e-08,
      "max": 9.301087379455566,
      "p50": 0.059142183512449265,
      "p90": 0.7206494212150574,
      "p95": 1.2719330787658691,
      "p99": 3.042719841003418
    }
  }
}