{
  "train": {
    "mse": 0.0,
    "rmse": 0.0,
    "mae": 0.0,
    "w2_global": 0.09640706330537796,
    "ae_summary": {
      "mean": 0.0,
      "std": 0.0,
      "min": 0.0,
      "max": 0.0,
      "p50": 0.0,
      "p90": 0.0,
      "p95": 0.0,
      "p99": 0.0
    },
    "se_summary": {
      "mean": 0.0,
      "std": 0.0,
      "min": 0.0,
      "max": 0.0,
      "p50": 0.0,
      "p90": 0.0,
      "p95": 0.0,
      "p99": 0.0
    }
  },
  "val": {
    "mse": 0.6604968905448914,
    "rmse": 0.8127095979160646,
    "mae": 0.5432136058807373,
    "w2_global": 0.3348482549190521,
    "ae_summary": {
      "mean": 0.5432136058807373,
      "std": 0.6044963598251343,
      "min": 1.329183578491211e-05,
      "max": 4.225522041320801,
      "p50": 0.35107845067977905,
      "p90": 1.295759677886963,
      "p95": 1.939574956893921,
      "p99": 3.0132246017456055
    },
    "se_summary": {
      "mean": 0.6604968905448914,
      "std": 1.6571775674819946,
      "min": 1.766728985330701e-10,
      "max": 17.85503578186035,
      "p50": 0.12325607240200043,
      "p90": 1.6789932250976562,
      "p95": 3.761950731277466,
      "p99": 9.079524040222168
    }
  },
  "test": {
    "mse": 0.3016379177570343,
    "rmse": 0.5492157297064918,
    "mae": 0.3655362129211426,
    "w2_global": 0.2302919626235962,
    "ae_summary": {
      "mean": 0.3655362129211426,
      "std": 0.409903883934021,
      "min": 1.3113021850585938e-06,
      "max": 4.204655647277832,
      "p50": 0.225408673286438,
      "p90": 0.9196552634239197,
      "p95": 1.2357003688812256,
      "p99": 1.841766119003296
    },
    "se_summary": {
      "mean": 0.3016379177570343,
      "std": 0.8528190851211548,
      "min": 1.7195134205394424e-12,
      "max": 17.679128646850586,
      "p50": 0.050809070467948914,
      "p90": 0.8457658290863037,
      "p95": 1.5269553661346436,
      "p99": 3.3921024799346924
    }
  }
}