{
  "train": {
    "mse": 2188.225830078125,
    "rmse": 46.77847614104296,
    "mae": 38.439735412597656,
    "w2_global": 0.284598171710968,
    "ae_summary": {
      "mean": 38.439735412597656,
      "std": 26.65732192993164,
      "min": 3.224611282348633e-05,
      "max": 222.4266357421875,
      "p50": 34.419105529785156,
      "p90": 75.78115844726562,
      "p95": 87.9677505493164,
      "p99": 110.97565460205078
    },
    "se_summary": {
      "mean": 2188.225830078125,
      "std": 2720.502197265625,
      "min": 1.0398117922250094e-09,
      "max": 49473.609375,
      "p50": 1184.6746826171875,
      "p90": 5742.7841796875,
      "p95": 7738.32470703125,
      "p99": 12315.595703125
    }
  },
  "val": {
    "mse": 0.10553175210952759,
    "rmse": 0.32485651003100985,
    "mae": 0.06266181170940399,
    "w2_global": 0.0829172432422638,
    "ae_summary": {
      "mean": 0.06266181170940399,
      "std": 0.3187558054924011,
      "min": 5.960464477539062e-07,
      "max": 7.486507415771484,
      "p50": 0.01916608214378357,
      "p90": 0.08184241503477097,
      "p95": 0.1577376425266266,
      "p99": 0.8577597141265869
    },
    "se_summary": {
      "mean": 0.10553175210952759,
      "std": 1.7482231855392456,
      "min": 3.552713678800501e-13,
      "max": 56.047794342041016,
      "p50": 0.00036733871093019843,
      "p90": 0.006698181852698326,
      "p95": 0.024881161749362946,
      "p99": 0.7357516884803772
    }
  },
  "test": {
    "mse": 0.9608710408210754,
    "rmse": 0.9802402974888736,
    "mae": 0.21393883228302002,
    "w2_global": 0.26703664660453796,
    "ae_summary": {
      "mean": 0.21393883228302002,
      "std": 0.9566091895103455,
      "min": 2.652406692504883e-06,
      "max": 20.331403732299805,
      "p50": 0.02357351779937744,
      "p90": 0.24729853868484497,
      "p95": 1.1298227310180664,
      "p99": 3.5641705989837646
    },
    "se_summary": {
      "mean": 0.9608710408210754,
      "std": 12.492908477783203,
      "min": 7.035261262444692e-12,
      "max": 413.365966796875,
      "p50": 0.000555710750631988,
      "p90": 0.06115657836198807,
      "p95": 1.276499629020691,
      "p99": 12.70343017578125
    }
  }
}