{
  "train": {
    "mse": 0.0,
    "rmse": 0.0,
    "mae": 0.0,
    "w2_global": 0.13040928542613983,
    "ae_summary": {
      "mean": 0.0,
      "std": 0.0,
      "min": 0.0,
      "max": 0.0,
      "p50": 0.0,
      "p90": 0.0,
      "p95": 0.0,
      "p99": 0.0
    },
    "se_summary": {
      "mean": 0.0,
      "std": 0.0,
      "min": 0.0,
      "max": 0.0,
      "p50": 0.0,
      "p90": 0.0,
      "p95": 0.0,
      "p99": 0.0
    }
  },
  "val": {
    "mse": 0.8118910789489746,
    "rmse": 0.9010499869313436,
    "mae": 0.6904129981994629,
    "w2_global": 0.10131997615098953,
    "ae_summary": {
      "mean": 0.6904129981994629,
      "std": 0.5789827108383179,
      "min": 1.4066696166992188e-05,
      "max": 5.38742208480835,
      "p50": 0.5526095628738403,
      "p90": 1.4664846658706665,
      "p95": 1.816213846206665,
      "p99": 2.608428955078125
    },
    "se_summary": {
      "mean": 0.8118910789489746,
      "std": 1.4528864622116089,
      "min": 1.978719410544727e-10,
      "max": 29.024316787719727,
      "p50": 0.305377334356308,
      "p90": 2.1505775451660156,
      "p95": 3.298632860183716,
      "p99": 6.803915500640869
    }
  },
  "test": {
    "mse": 0.8484753370285034,
    "rmse": 0.9211272100141779,
    "mae": 0.7118814587593079,
    "w2_global": 0.12380881607532501,
    "ae_summary": {
      "mean": 0.7118814587593079,
      "std": 0.584551215171814,
      "min": 5.511939525604248e-05,
      "max": 4.618370056152344,
      "p50": 0.5750271677970886,
      "p90": 1.4730768203735352,
      "p95": 1.8391426801681519,
      "p99": 2.681954860687256
    },
    "se_summary": {
      "mean": 0.8484753370285034,
      "std": 1.4881685972213745,
      "min": 3.0381477333918383e-09,
      "max": 21.329341888427734,
      "p50": 0.3306562304496765,
      "p90": 2.1699554920196533,
      "p95": 3.3824455738067627,
      "p99": 7.192883491516113
    }
  }
}