{
  "train": {
    "mse": 0.0,
    "rmse": 0.0,
    "mae": 0.0,
    "w2_global": 0.05280506610870361,
    "ae_summary": {
      "mean": 0.0,
      "std": 0.0,
      "min": 0.0,
      "max": 0.0,
      "p50": 0.0,
      "p90": 0.0,
      "p95": 0.0,
      "p99": 0.0
    },
    "se_summary": {
      "mean": 0.0,
      "std": 0.0,
      "min": 0.0,
      "max": 0.0,
      "p50": 0.0,
      "p90": 0.0,
      "p95": 0.0,
      "p99": 0.0
    }
  },
  "val": {
    "mse": 1.4900988340377808,
    "rmse": 1.2206960449013426,
    "mae": 0.8568569421768188,
    "w2_global": 0.07188039273023605,
    "ae_summary": {
      "mean": 0.8568569421768188,
      "std": 0.869422197341919,
      "min": 6.401538848876953e-05,
      "max": 36.52198791503906,
      "p50": 0.6592345237731934,
      "p90": 1.7961348295211792,
      "p95": 2.261134147644043,
      "p99": 3.521921396255493
    },
    "se_summary": {
      "mean": 1.4900988340377808,
      "std": 12.74897289276123,
      "min": 4.097969963368087e-09,
      "max": 1333.8555908203125,
      "p50": 0.4345901608467102,
      "p90": 3.226100444793701,
      "p95": 5.112727642059326,
      "p99": 12.40393352508545
    }
  },
  "test": {
    "mse": 1.7296156883239746,
    "rmse": 1.3151485423038625,
    "mae": 0.9529315829277039,
    "w2_global": 0.04710903391242027,
    "ae_summary": {
      "mean": 0.9529315829277039,
      "std": 0.9063867330551147,
      "min": 7.867813110351562e-06,
      "max": 27.991085052490234,
      "p50": 0.7396495342254639,
      "p90": 2.0044753551483154,
      "p95": 2.5162158012390137,
      "p99": 3.8451786041259766
    },
    "se_summary": {
      "mean": 1.7296156883239746,
      "std": 9.802122116088867,
      "min": 6.190248313941993e-11,
      "max": 783.5008544921875,
      "p50": 0.5470813512802124,
      "p90": 4.017921447753906,
      "p95": 6.33134126663208,
      "p99": 14.785398483276367
    }
  }
}