{
  "train": {
    "mse": 0.0,
    "rmse": 0.0,
    "mae": 0.0,
    "w2_global": 0.17742331326007843,
    "ae_summary": {
      "mean": 0.0,
      "std": 0.0,
      "min": 0.0,
      "max": 0.0,
      "p50": 0.0,
      "p90": 0.0,
      "p95": 0.0,
      "p99": 0.0
    },
    "se_summary": {
      "mean": 0.0,
      "std": 0.0,
      "min": 0.0,
      "max": 0.0,
      "p50": 0.0,
      "p90": 0.0,
      "p95": 0.0,
      "p99": 0.0
    }
  },
  "val": {
    "mse": 0.47362813353538513,
    "rmse": 0.6882064614164743,
    "mae": 0.37938132882118225,
    "w2_global": 0.17197522521018982,
    "ae_summary": {
      "mean": 0.37938132882118225,
      "std": 0.5741932988166809,
      "min": 9.715557098388672e-06,
      "max": 31.854389190673828,
      "p50": 0.22951972484588623,
      "p90": 0.8471119999885559,
      "p95": 1.1913917064666748,
      "p99": 2.4307618141174316
    },
    "se_summary": {
      "mean": 0.47362813353538513,
      "std": 6.729545593261719,
      "min": 9.439204973205051e-11,
      "max": 1014.7020874023438,
      "p50": 0.05267930403351784,
      "p90": 0.7175987362861633,
      "p95": 1.4194141626358032,
      "p99": 5.908604145050049
    }
  },
  "test": {
    "mse": 0.5081720948219299,
    "rmse": 0.7128619044541025,
    "mae": 0.3792041540145874,
    "w2_global": 0.19159552454948425,
    "ae_summary": {
      "mean": 0.3792041540145874,
      "std": 0.603635847568512,
      "min": 1.971609890460968e-06,
      "max": 35.74896240234375,
      "p50": 0.22761766612529755,
      "p90": 0.8499404788017273,
      "p95": 1.2065564393997192,
      "p99": 2.3941314220428467
    },
    "se_summary": {
      "mean": 0.5081720948219299,
      "std": 9.380508422851562,
      "min": 3.88724556016351e-12,
      "max": 1277.98828125,
      "p50": 0.051809802651405334,
      "p90": 0.7223988175392151,
      "p95": 1.4557785987854004,
      "p99": 5.731864929199219
    }
  }
}