{
  "train": {
    "mse": 0.054982151836156845,
    "rmse": 0.2344827324903837,
    "mae": 0.1665715128183365,
    "w2_global": 0.02096073515713215,
    "ae_summary": {
      "mean": 0.1665715128183365,
      "std": 0.16503357887268066,
      "min": 1.1920928955078125e-07,
      "max": 2.6835899353027344,
      "p50": 0.11978162825107574,
      "p90": 0.3632407784461975,
      "p95": 0.47511720657348633,
      "p99": 0.830525815486908
    },
    "se_summary": {
      "mean": 0.054982151836156845,
      "std": 0.1407918483018875,
      "min": 1.4210854715202004e-14,
      "max": 7.20165491104126,
      "p50": 0.014347638003528118,
      "p90": 0.13194386661052704,
      "p95": 0.2257363498210907,
      "p99": 0.6897731423377991
    }
  },
  "val": {
    "mse": 0.05680267885327339,
    "rmse": 0.2383331257993177,
    "mae": 0.16787166893482208,
    "w2_global": 0.020465578883886337,
    "ae_summary": {
      "mean": 0.16787166893482208,
      "std": 0.1691797375679016,
      "min": 2.2254884243011475e-05,
      "max": 1.8750075101852417,
      "p50": 0.12211848795413971,
      "p90": 0.3599594533443451,
      "p95": 0.4776996076107025,
      "p99": 0.8553939461708069
    },
    "se_summary": {
      "mean": 0.05680267885327339,
      "std": 0.14831401407718658,
      "min": 4.952798726698404e-10,
      "max": 3.515653133392334,
      "p50": 0.014912925660610199,
      "p90": 0.12957081198692322,
      "p95": 0.2281969040632248,
      "p99": 0.7316988110542297
    }
  },
  "test": {
    "mse": 0.05920826643705368,
    "rmse": 0.24332748804246035,
    "mae": 0.16981416940689087,
    "w2_global": 0.020358705893158913,
    "ae_summary": {
      "mean": 0.16981416940689087,
      "std": 0.17427395284175873,
      "min": 8.404254913330078e-06,
      "max": 2.277350425720215,
      "p50": 0.12206730246543884,
      "p90": 0.36346301436424255,
      "p95": 0.4896698296070099,
      "p99": 0.8656406998634338
    },
    "se_summary": {
      "mean": 0.05920826643705368,
      "std": 0.16370828449726105,
      "min": 7.063150064823276e-11,
      "max": 5.1863250732421875,
      "p50": 0.014900426380336285,
      "p90": 0.13210536539554596,
      "p95": 0.23977653682231903,
      "p99": 0.749333918094635
    }
  }
}