{
  "train": {
    "mse": 0.0,
    "rmse": 0.0,
    "mae": 0.0,
    "w2_global": 1.6898828744888306,
    "ae_summary": {
      "mean": 0.0,
      "std": 0.0,
      "min": 0.0,
      "max": 0.0,
      "p50": 0.0,
      "p90": 0.0,
      "p95": 0.0,
      "p99": 0.0
    },
    "se_summary": {
      "mean": 0.0,
      "std": 0.0,
      "min": 0.0,
      "max": 0.0,
      "p50": 0.0,
      "p90": 0.0,
      "p95": 0.0,
      "p99": 0.0
    }
  },
  "val": {
    "mse": 4.690842151641846,
    "rmse": 2.1658352087917137,
    "mae": 1.8795360326766968,
    "w2_global": 1.6991099119186401,
    "ae_summary": {
      "mean": 1.8795360326766968,
      "std": 1.0761905908584595,
      "min": 0.00012768805027008057,
      "max": 39.05967330932617,
      "p50": 1.8195871114730835,
      "p90": 3.2145836353302,
      "p95": 3.596623182296753,
      "p99": 4.569899082183838
    },
    "se_summary": {
      "mean": 4.690842151641846,
      "std": 8.25754451751709,
      "min": 1.6304237959730017e-08,
      "max": 1525.6580810546875,
      "p50": 3.3108973503112793,
      "p90": 10.33354663848877,
      "p95": 12.935698509216309,
      "p99": 20.88397789001465
    }
  },
  "test": {
    "mse": 4.764824390411377,
    "rmse": 2.182847770782786,
    "mae": 1.8827177286148071,
    "w2_global": 1.6968116760253906,
    "ae_summary": {
      "mean": 1.8827177286148071,
      "std": 1.104626178741455,
      "min": 1.9311904907226562e-05,
      "max": 31.48245620727539,
      "p50": 1.8068621158599854,
      "p90": 3.26298189163208,
      "p95": 3.6801249980926514,
      "p99": 4.886771202087402
    },
    "se_summary": {
      "mean": 4.764824390411377,
      "std": 6.531179904937744,
      "min": 3.729496711457614e-10,
      "max": 991.14501953125,
      "p50": 3.2647504806518555,
      "p90": 10.647050857543945,
      "p95": 13.543320655822754,
      "p99": 23.88053321838379
    }
  }
}