{
  "best_alpha": 0.99,
  "best_gamma": 10.0,
  "alpha_grid": [
    0.01,
    0.25,
    0.5,
    0.75,
    0.99
  ],
  "gamma_grid": [
    0.1,
    1.0,
    5.0,
    10.0
  ],
  "results": {
    "(0.01, 0.1)": {
      "val_loss": 0.6874778568744659,
      "val_eval": 0.7006489038467407,
      "epochs": 30,
      "mse": 0.6749145984649658,
      "w2_global": 0.10345645993947983,
      "cvar": 1.365222454071045
    },
    "(0.01, 1.0)": {
      "val_loss": 0.6220566928386688,
      "val_eval": 0.6347664594650269,
      "epochs": 30,
      "mse": 0.6068809628486633,
      "w2_global": 0.09786950051784515,
      "cvar": 1.191711187362671
    },
    "(0.01, 5.0)": {
      "val_loss": 0.7213094234466553,
      "val_eval": 0.7334632873535156,
      "epochs": 30,
      "mse": 0.7202202677726746,
      "w2_global": 0.10916998237371445,
      "cvar": 1.425681233406067
    },
    "(0.01, 10.0)": {
      "val_loss": 0.7746573388576508,
      "val_eval": 0.7964159846305847,
      "epochs": 30,
      "mse": 0.7705001831054688,
      "w2_global": 0.11691901832818985,
      "cvar": 1.456254243850708
    },
    "(0.25, 0.1)": {
      "val_loss": 0.4706178903579712,
      "val_eval": 0.45801639556884766,
      "epochs": 30,
      "mse": 0.58343505859375,
      "w2_global": 0.14695274829864502,
      "cvar": 1.4400243759155273
    },
    "(0.25, 1.0)": {
      "val_loss": 0.5075613707304001,
      "val_eval": 0.5107543170452118,
      "epochs": 30,
      "mse": 0.6586769819259644,
      "w2_global": 0.16386103630065918,
      "cvar": 1.7440404891967773
    },
    "(0.25, 5.0)": {
      "val_loss": 0.489247128367424,
      "val_eval": 0.4914378523826599,
      "epochs": 30,
      "mse": 0.6349035501480103,
      "w2_global": 0.16581380367279053,
      "cvar": 1.8452469110488892
    },
    "(0.25, 10.0)": {
      "val_loss": 0.4140314310789108,
      "val_eval": 0.4037163704633713,
      "epochs": 30,
      "mse": 0.4998404085636139,
      "w2_global": 0.1210600808262825,
      "cvar": 1.247114896774292
    },
    "(0.5, 0.1)": {
      "val_loss": 0.5907312780618668,
      "val_eval": 0.5951471477746964,
      "epochs": 30,
      "mse": 0.7136985659599304,
      "w2_global": 0.18547658622264862,
      "cvar": 1.955389380455017
    },
    "(0.5, 1.0)": {
      "val_loss": 0.5962486118078232,
      "val_eval": 0.6053567379713058,
      "epochs": 30,
      "mse": 0.7221189737319946,
      "w2_global": 0.1917445957660675,
      "cvar": 2.031838893890381
    },
    "(0.5, 5.0)": {
      "val_loss": 0.5543152838945389,
      "val_eval": 0.5577189177274704,
      "epochs": 30,
      "mse": 0.6629676818847656,
      "w2_global": 0.1800687462091446,
      "cvar": 1.7807250022888184
    },
    "(0.5, 10.0)": {
      "val_loss": 0.5377762019634247,
      "val_eval": 0.5556570142507553,
      "epochs": 30,
      "mse": 0.6595295667648315,
      "w2_global": 0.177724689245224,
      "cvar": 1.8097729682922363
    },
    "(0.75, 0.1)": {
      "val_loss": 0.5738405287265778,
      "val_eval": 0.5852510631084442,
      "epochs": 30,
      "mse": 0.6423887610435486,
      "w2_global": 0.17404069006443024,
      "cvar": 1.560477614402771
    },
    "(0.75, 1.0)": {
      "val_loss": 0.5854173302650452,
      "val_eval": 0.617811769247055,
      "epochs": 30,
      "mse": 0.6831657290458679,
      "w2_global": 0.18744225800037384,
      "cvar": 1.7077453136444092
    },
    "(0.75, 5.0)": {
      "val_loss": 0.5592859238386154,
      "val_eval": 0.5615537315607071,
      "epochs": 30,
      "mse": 0.6374347805976868,
      "w2_global": 0.17384788393974304,
      "cvar": 1.5546480417251587
    },
    "(0.75, 10.0)": {
      "val_loss": 0.586507186293602,
      "val_eval": 0.6183143556118011,
      "epochs": 30,
      "mse": 0.6744438409805298,
      "w2_global": 0.1863803118467331,
      "cvar": 1.7367892265319824
    },
    "(0.99, 0.1)": {
      "val_loss": 0.3895769864320755,
      "val_eval": 0.40967270731925964,
      "epochs": 30,
      "mse": 0.37705010175704956,
      "w2_global": 0.12423489987850189,
      "cvar": 0.9984720945358276
    },
    "(0.99, 1.0)": {
      "val_loss": 0.41135071218013763,
      "val_eval": 0.42079611122608185,
      "epochs": 30,
      "mse": 0.3822237253189087,
      "w2_global": 0.12455520033836365,
      "cvar": 1.0040042400360107
    },
    "(0.99, 5.0)": {
      "val_loss": 0.40400972962379456,
      "val_eval": 0.4194355309009552,
      "epochs": 30,
      "mse": 0.3771652281284332,
      "w2_global": 0.1277579516172409,
      "cvar": 0.9700033664703369
    },
    "(0.99, 10.0)": {
      "val_loss": 0.33112768828868866,
      "val_eval": 0.35592828691005707,
      "epochs": 30,
      "mse": 0.3270933926105499,
      "w2_global": 0.1105523332953453,
      "cvar": 0.8827695250511169
    }
  }
}