{
  "train": {
    "mse": 0.3274348974227905,
    "rmse": 0.5722192739001287,
    "mae": 0.45654964447021484,
    "w2_global": 0.10954798012971878,
    "ae_summary": {
      "mean": 0.45654964447021484,
      "std": 0.3449598550796509,
      "min": 5.960464477539063e-08,
      "max": 2.4712395668029785,
      "p50": 0.3877011835575104,
      "p90": 0.9371851086616516,
      "p95": 1.1475306749343872,
      "p99": 1.5269149541854858
    },
    "se_summary": {
      "mean": 0.3274348974227905,
      "std": 0.4762524664402008,
      "min": 3.552713678800501e-15,
      "max": 6.107025146484375,
      "p50": 0.15031221508979797,
      "p90": 0.8783159255981445,
      "p95": 1.3168267011642456,
      "p99": 2.3314690589904785
    }
  },
  "val": {
    "mse": 0.3270933926105499,
    "rmse": 0.5719207922523449,
    "mae": 0.4574873149394989,
    "w2_global": 0.1105523332953453,
    "ae_summary": {
      "mean": 0.4574873149394989,
      "std": 0.34321820735931396,
      "min": 0.00010466575622558594,
      "max": 2.0001628398895264,
      "p50": 0.3924306631088257,
      "p90": 0.9395581483840942,
      "p95": 1.149538516998291,
      "p99": 1.5275990962982178
    },
    "se_summary": {
      "mean": 0.3270933926105499,
      "std": 0.47461774945259094,
      "min": 1.0954920526273781e-08,
      "max": 4.0006513595581055,
      "p50": 0.15400183200836182,
      "p90": 0.8827695250511169,
      "p95": 1.3214390277862549,
      "p99": 2.333559036254883
    }
  },
  "test": {
    "mse": 0.3128596246242523,
    "rmse": 0.5593385599297194,
    "mae": 0.44939732551574707,
    "w2_global": 0.10821658372879028,
    "ae_summary": {
      "mean": 0.44939732551574707,
      "std": 0.3330189883708954,
      "min": 2.886354923248291e-05,
      "max": 2.121891736984253,
      "p50": 0.3859059512615204,
      "p90": 0.9093091487884521,
      "p95": 1.1172842979431152,
      "p99": 1.5004823207855225
    },
    "se_summary": {
      "mean": 0.3128596246242523,
      "std": 0.4506629407405853,
      "min": 8.331044742959648e-10,
      "max": 4.502424716949463,
      "p50": 0.14892339706420898,
      "p90": 0.8268431425094604,
      "p95": 1.2483241558074951,
      "p99": 2.2514472007751465
    }
  }
}