{
  "train": {
    "mse": 0.004730395041406155,
    "rmse": 0.06877786738047462,
    "mae": 0.04859623312950134,
    "w2_global": 0.0063982740975916386,
    "ae_summary": {
      "mean": 0.04859623312950134,
      "std": 0.04867033660411835,
      "min": 1.1920928955078125e-07,
      "max": 0.8759078979492188,
      "p50": 0.03564305603504181,
      "p90": 0.10379516333341599,
      "p95": 0.13629916310310364,
      "p99": 0.23728758096694946
    },
    "se_summary": {
      "mean": 0.004730395041406155,
      "std": 0.013420349918305874,
      "min": 1.4210854715202004e-14,
      "max": 0.7672146558761597,
      "p50": 0.0012704274849966168,
      "p90": 0.010773435235023499,
      "p95": 0.018577462062239647,
      "p99": 0.05630539357662201
    }
  },
  "val": {
    "mse": 0.02640032209455967,
    "rmse": 0.16248175926718564,
    "mae": 0.11204300820827484,
    "w2_global": 0.0064978450536727905,
    "ae_summary": {
      "mean": 0.11204300820827484,
      "std": 0.11767193675041199,
      "min": 4.941225051879883e-05,
      "max": 1.1374549865722656,
      "p50": 0.07638609409332275,
      "p90": 0.25312575697898865,
      "p95": 0.34852278232574463,
      "p99": 0.538738489151001
    },
    "se_summary": {
      "mean": 0.02640032209455967,
      "std": 0.07179159671068192,
      "min": 2.441570501332535e-09,
      "max": 1.2938038110733032,
      "p50": 0.005834835581481457,
      "p90": 0.06407270580530167,
      "p95": 0.12146814167499542,
      "p99": 0.2902487516403198
    }
  },
  "test": {
    "mse": 0.024876601994037628,
    "rmse": 0.1577231815366328,
    "mae": 0.10725217312574387,
    "w2_global": 0.006495537701994181,
    "ae_summary": {
      "mean": 0.10725217312574387,
      "std": 0.115644171833992,
      "min": 6.541609764099121e-06,
      "max": 0.9883084297180176,
      "p50": 0.07091152667999268,
      "p90": 0.24800613522529602,
      "p95": 0.3463752269744873,
      "p99": 0.5380098819732666
    },
    "se_summary": {
      "mean": 0.024876601994037628,
      "std": 0.0639568567276001,
      "min": 4.279265830575696e-11,
      "max": 0.9767535328865051,
      "p50": 0.005028444807976484,
      "p90": 0.06150704249739647,
      "p95": 0.11997579783201218,
      "p99": 0.2894546389579773
    }
  }
}