{
  "train": {
    "mse": 2749.86376953125,
    "rmse": 52.43914348586607,
    "mae": 40.4966926574707,
    "w2_global": 2.5945515632629395,
    "ae_summary": {
      "mean": 40.4966926574707,
      "std": 33.31488800048828,
      "min": 0.0009056627750396729,
      "max": 276.52203369140625,
      "p50": 32.619041442871094,
      "p90": 85.06940460205078,
      "p95": 105.98482513427734,
      "p99": 151.7899932861328
    },
    "se_summary": {
      "mean": 2749.86376953125,
      "std": 4611.06884765625,
      "min": 8.2022506830981e-07,
      "max": 76464.4375,
      "p50": 1064.0018310546875,
      "p90": 7236.8037109375,
      "p95": 11232.7841796875,
      "p99": 23040.201171875
    }
  },
  "val": {
    "mse": 39.658592224121094,
    "rmse": 6.297506826047995,
    "mae": 2.4350266456604004,
    "w2_global": 1.778786063194275,
    "ae_summary": {
      "mean": 2.4350266456604004,
      "std": 5.807688236236572,
      "min": 0.0005782842636108398,
      "max": 31.820646286010742,
      "p50": 0.1840340793132782,
      "p90": 10.749580383300781,
      "p95": 14.832573890686035,
      "p99": 27.653444290161133
    },
    "se_summary": {
      "mean": 39.658592224121094,
      "std": 139.3163299560547,
      "min": 3.344126753290766e-07,
      "max": 1012.5535278320312,
      "p50": 0.033868543803691864,
      "p90": 115.88330841064453,
      "p95": 220.0064697265625,
      "p99": 765.0150146484375
    }
  },
  "test": {
    "mse": 18.98507308959961,
    "rmse": 4.357186373062278,
    "mae": 1.3488229513168335,
    "w2_global": 1.3479773998260498,
    "ae_summary": {
      "mean": 1.3488229513168335,
      "std": 4.143157005310059,
      "min": 0.00013062451034784317,
      "max": 26.568641662597656,
      "p50": 0.17155534029006958,
      "p90": 1.1620659828186035,
      "p95": 10.502095222473145,
      "p99": 19.401670455932617
    },
    "se_summary": {
      "mean": 18.98507308959961,
      "std": 81.08417510986328,
      "min": 1.7062761870079157e-08,
      "max": 705.8927001953125,
      "p50": 0.029431404545903206,
      "p90": 1.3508236408233643,
      "p95": 110.30559539794922,
      "p99": 376.4270935058594
    }
  }
}