{
  "train": {
    "mse": 0.0,
    "rmse": 0.0,
    "mae": 0.0,
    "w2_global": 0.3518548607826233,
    "ae_summary": {
      "mean": 0.0,
      "std": 0.0,
      "min": 0.0,
      "max": 0.0,
      "p50": 0.0,
      "p90": 0.0,
      "p95": 0.0,
      "p99": 0.0
    },
    "se_summary": {
      "mean": 0.0,
      "std": 0.0,
      "min": 0.0,
      "max": 0.0,
      "p50": 0.0,
      "p90": 0.0,
      "p95": 0.0,
      "p99": 0.0
    }
  },
  "val": {
    "mse": 6.09286642074585,
    "rmse": 2.4683732336795927,
    "mae": 1.8784762620925903,
    "w2_global": 1.211393117904663,
    "ae_summary": {
      "mean": 1.8784762620925903,
      "std": 1.601309895515442,
      "min": 6.330013275146484e-05,
      "max": 11.28428840637207,
      "p50": 1.4778848886489868,
      "p90": 4.029208183288574,
      "p95": 4.998213768005371,
      "p99": 7.361780166625977
    },
    "se_summary": {
      "mean": 6.09286642074585,
      "std": 10.74463939666748,
      "min": 4.006906806353072e-09,
      "max": 127.33516693115234,
      "p50": 2.1841440200805664,
      "p90": 16.234527587890625,
      "p95": 24.982139587402344,
      "p99": 54.19582748413086
    }
  },
  "test": {
    "mse": 4.258648872375488,
    "rmse": 2.0636494063613346,
    "mae": 1.5564076900482178,
    "w2_global": 0.9087110757827759,
    "ae_summary": {
      "mean": 1.5564076900482178,
      "std": 1.3550808429718018,
      "min": 1.6182661056518555e-05,
      "max": 10.733405113220215,
      "p50": 1.2060376405715942,
      "p90": 3.3749289512634277,
      "p95": 4.265407562255859,
      "p99": 6.178093433380127
    },
    "se_summary": {
      "mean": 4.258648872375488,
      "std": 7.623671054840088,
      "min": 2.618785188701622e-10,
      "max": 115.20598602294922,
      "p50": 1.4545267820358276,
      "p90": 11.390145301818848,
      "p95": 18.193700790405273,
      "p99": 38.16883850097656
    }
  }
}