{
  "train": {
    "mse": 0.0,
    "rmse": 0.0,
    "mae": 0.0,
    "w2_global": 0.21548551321029663,
    "ae_summary": {
      "mean": 0.0,
      "std": 0.0,
      "min": 0.0,
      "max": 0.0,
      "p50": 0.0,
      "p90": 0.0,
      "p95": 0.0,
      "p99": 0.0
    },
    "se_summary": {
      "mean": 0.0,
      "std": 0.0,
      "min": 0.0,
      "max": 0.0,
      "p50": 0.0,
      "p90": 0.0,
      "p95": 0.0,
      "p99": 0.0
    }
  },
  "val": {
    "mse": 0.7178137302398682,
    "rmse": 0.8472388861707589,
    "mae": 0.4701641798019409,
    "w2_global": 0.20760585367679596,
    "ae_summary": {
      "mean": 0.4701641798019409,
      "std": 0.7048116326332092,
      "min": 7.152557373046875e-07,
      "max": 10.111939430236816,
      "p50": 0.17572996020317078,
      "p90": 1.3212896585464478,
      "p95": 1.9094877243041992,
      "p99": 3.3031344413757324
    },
    "se_summary": {
      "mean": 0.7178137302398682,
      "std": 2.4496829509735107,
      "min": 5.115907697472721e-13,
      "max": 102.2513198852539,
      "p50": 0.030881019309163094,
      "p90": 1.7458064556121826,
      "p95": 3.6461434364318848,
      "p99": 10.910697937011719
    }
  },
  "test": {
    "mse": 0.6096580028533936,
    "rmse": 0.7808059956566634,
    "mae": 0.4407629370689392,
    "w2_global": 0.20662809908390045,
    "ae_summary": {
      "mean": 0.4407629370689392,
      "std": 0.6445044279098511,
      "min": 1.1362135410308838e-06,
      "max": 10.984511375427246,
      "p50": 0.17133939266204834,
      "p90": 1.2291580438613892,
      "p95": 1.7504475116729736,
      "p99": 3.02353572845459
    },
    "se_summary": {
      "mean": 0.6096580028533936,
      "std": 2.061134099960327,
      "min": 1.2909812108219398e-12,
      "max": 120.65949249267578,
      "p50": 0.0293571874499321,
      "p90": 1.5108295679092407,
      "p95": 3.0640664100646973,
      "p99": 9.141769409179688
    }
  }
}