{
  "train": {
    "mse": 0.3552373945713043,
    "rmse": 0.5960179481956096,
    "mae": 0.48044824600219727,
    "w2_global": 0.11347441375255585,
    "ae_summary": {
      "mean": 0.48044824600219727,
      "std": 0.35271358489990234,
      "min": 3.5762786865234375e-07,
      "max": 2.895289897918701,
      "p50": 0.4479285776615143,
      "p90": 0.853410005569458,
      "p95": 0.9859015941619873,
      "p99": 1.8241288661956787
    },
    "se_summary": {
      "mean": 0.3552373945713043,
      "std": 0.572827935218811,
      "min": 1.2789769243681803e-13,
      "max": 8.38270378112793,
      "p50": 0.200640007853508,
      "p90": 0.7283086180686951,
      "p95": 0.9720019102096558,
      "p99": 3.327446460723877
    }
  },
  "val": {
    "mse": 0.6586645245552063,
    "rmse": 0.811581495941847,
    "mae": 0.6961564421653748,
    "w2_global": 0.11424100399017334,
    "ae_summary": {
      "mean": 0.6961564421653748,
      "std": 0.41716983914375305,
      "min": 0.0003989413380622864,
      "max": 2.7643485069274902,
      "p50": 0.7107028961181641,
      "p90": 1.0639934539794922,
      "p95": 1.3682869672775269,
      "p99": 2.2086288928985596
    },
    "se_summary": {
      "mean": 0.6586645245552063,
      "std": 0.8443231582641602,
      "min": 1.5915419737666525e-07,
      "max": 7.641622543334961,
      "p50": 0.5050986409187317,
      "p90": 1.1320821046829224,
      "p95": 1.8722093105316162,
      "p99": 4.8780412673950195
    }
  },
  "test": {
    "mse": 0.6661738157272339,
    "rmse": 0.816194716796938,
    "mae": 0.7032668590545654,
    "w2_global": 0.11488635838031769,
    "ae_summary": {
      "mean": 0.7032668590545654,
      "std": 0.41423359513282776,
      "min": 9.60230827331543e-05,
      "max": 2.975519895553589,
      "p50": 0.7209939360618591,
      "p90": 1.0640636682510376,
      "p95": 1.3790204524993896,
      "p99": 2.187786817550659
    },
    "se_summary": {
      "mean": 0.6661738157272339,
      "std": 0.8410195112228394,
      "min": 9.220432417578195e-09,
      "max": 8.853718757629395,
      "p50": 0.5198322534561157,
      "p90": 1.132231593132019,
      "p95": 1.9016975164413452,
      "p99": 4.786412239074707
    }
  }
}