{
  "train": {
    "mse": 0.0,
    "rmse": 0.0,
    "mae": 0.0,
    "w2_global": 0.07719619572162628,
    "ae_summary": {
      "mean": 0.0,
      "std": 0.0,
      "min": 0.0,
      "max": 0.0,
      "p50": 0.0,
      "p90": 0.0,
      "p95": 0.0,
      "p99": 0.0
    },
    "se_summary": {
      "mean": 0.0,
      "std": 0.0,
      "min": 0.0,
      "max": 0.0,
      "p50": 0.0,
      "p90": 0.0,
      "p95": 0.0,
      "p99": 0.0
    }
  },
  "val": {
    "mse": 1.1242241859436035,
    "rmse": 1.060294386452934,
    "mae": 0.7340074181556702,
    "w2_global": 0.05747726559638977,
    "ae_summary": {
      "mean": 0.7340074181556702,
      "std": 0.7651517987251282,
      "min": 0.00040221214294433594,
      "max": 9.666248321533203,
      "p50": 0.5542651414871216,
      "p90": 1.5234822034835815,
      "p95": 1.8709748983383179,
      "p99": 3.4183034896850586
    },
    "se_summary": {
      "mean": 1.1242241859436035,
      "std": 3.973726272583008,
      "min": 1.6177460793187493e-07,
      "max": 93.43635559082031,
      "p50": 0.307209849357605,
      "p90": 2.3210020065307617,
      "p95": 3.5005695819854736,
      "p99": 11.687190055847168
    }
  },
  "test": {
    "mse": 1.3611918687820435,
    "rmse": 1.1667012765837035,
    "mae": 0.7836155295372009,
    "w2_global": 0.06781335920095444,
    "ae_summary": {
      "mean": 0.7836155295372009,
      "std": 0.8643717765808105,
      "min": 0.0003249645233154297,
      "max": 20.284549713134766,
      "p50": 0.5931660532951355,
      "p90": 1.5655381679534912,
      "p95": 1.9532978534698486,
      "p99": 3.9043381214141846
    },
    "se_summary": {
      "mean": 1.3611918687820435,
      "std": 8.27191162109375,
      "min": 1.0560194141362444e-07,
      "max": 411.46295166015625,
      "p50": 0.3518460690975189,
      "p90": 2.4509098529815674,
      "p95": 3.8153727054595947,
      "p99": 15.243856430053711
    }
  }
}