{
  "best_alpha": 0.99,
  "best_gamma": 5.0,
  "alpha_grid": [
    0.99
  ],
  "gamma_grid": [
    5.0
  ],
  "results": {
    "(0.99, 5.0)": {
      "val_loss": 0.08081542705902113,
      "val_eval": 12.344753925616924,
      "epoch": 30,
      "mse": 12.344753925616924
    }
  },
  "standalone_mode": true
}