{
  "train": {
    "mse": 0.0063887350261211395,
    "rmse": 0.07992956290460457,
    "mae": 0.03148007020354271,
    "w2_global": 2.63193678855896,
    "ae_summary": {
      "mean": 0.03148007020354271,
      "std": 0.07346931844949722,
      "min": 0.00011730194091796875,
      "max": 10.465654373168945,
      "p50": 0.029591649770736694,
      "p90": 0.041696831583976746,
      "p95": 0.045202743262052536,
      "p99": 0.05616066977381706
    },
    "se_summary": {
      "mean": 0.0063887350261211395,
      "std": 0.6129758358001709,
      "min": 1.3759745343122631e-08,
      "max": 109.52992248535156,
      "p50": 0.000875665748026222,
      "p90": 0.0017386259278282523,
      "p95": 0.0020432877354323864,
      "p99": 0.003154020756483078
    }
  },
  "val": {
    "mse": 12.570314407348633,
    "rmse": 3.545463919905071,
    "mae": 2.063018321990967,
    "w2_global": 2.622640371322632,
    "ae_summary": {
      "mean": 2.063018321990967,
      "std": 2.8834474086761475,
      "min": 8.958578109741211e-05,
      "max": 47.41559982299805,
      "p50": 1.0520310401916504,
      "p90": 6.925187110900879,
      "p95": 10.108349800109863,
      "p99": 11.693257331848145
    },
    "se_summary": {
      "mean": 12.570314407348633,
      "std": 33.41305923461914,
      "min": 8.02561217483344e-09,
      "max": 2248.239013671875,
      "p50": 1.1067692041397095,
      "p90": 47.958221435546875,
      "p95": 102.17872619628906,
      "p99": 136.73226928710938
    }
  },
  "test": {
    "mse": 12.40915584564209,
    "rmse": 3.5226631751619526,
    "mae": 2.0464065074920654,
    "w2_global": 2.5919995307922363,
    "ae_summary": {
      "mean": 2.0464065074920654,
      "std": 2.8672938346862793,
      "min": 1.1444091796875e-05,
      "max": 66.8262939453125,
      "p50": 1.048022985458374,
      "p90": 6.442465305328369,
      "p95": 10.100555419921875,
      "p99": 11.712175369262695
    },
    "se_summary": {
      "mean": 12.40915584564209,
      "std": 34.01913070678711,
      "min": 1.3096723705530167e-10,
      "max": 4465.75341796875,
      "p50": 1.0983521938323975,
      "p90": 41.5053596496582,
      "p95": 102.0212173461914,
      "p99": 137.17503356933594
    }
  }
}