{
  "train": {
    "mse": 0.0,
    "rmse": 0.0,
    "mae": 0.0,
    "w2_global": 0.17570394277572632,
    "ae_summary": {
      "mean": 0.0,
      "std": 0.0,
      "min": 0.0,
      "max": 0.0,
      "p50": 0.0,
      "p90": 0.0,
      "p95": 0.0,
      "p99": 0.0
    },
    "se_summary": {
      "mean": 0.0,
      "std": 0.0,
      "min": 0.0,
      "max": 0.0,
      "p50": 0.0,
      "p90": 0.0,
      "p95": 0.0,
      "p99": 0.0
    }
  },
  "val": {
    "mse": 3.6358747482299805,
    "rmse": 1.9067969866322898,
    "mae": 1.4297118186950684,
    "w2_global": 0.7196376323699951,
    "ae_summary": {
      "mean": 1.4297118186950684,
      "std": 1.2616651058197021,
      "min": 9.1552734375e-05,
      "max": 12.263367652893066,
      "p50": 1.0952374935150146,
      "p90": 3.136025905609131,
      "p95": 3.912231683731079,
      "p99": 5.582278251647949
    },
    "se_summary": {
      "mean": 3.6358747482299805,
      "std": 6.795276165008545,
      "min": 8.381903171539307e-09,
      "max": 150.3901824951172,
      "p50": 1.19954514503479,
      "p90": 9.8346586227417,
      "p95": 15.305556297302246,
      "p99": 31.161832809448242
    }
  },
  "test": {
    "mse": 1.7647409439086914,
    "rmse": 1.32843552493476,
    "mae": 0.9571380615234375,
    "w2_global": 0.34111449122428894,
    "ae_summary": {
      "mean": 0.9571380615234375,
      "std": 0.9212098121643066,
      "min": 4.76837158203125e-07,
      "max": 11.073801040649414,
      "p50": 0.6984808444976807,
      "p90": 2.087212324142456,
      "p95": 2.748810052871704,
      "p99": 4.300708293914795
    },
    "se_summary": {
      "mean": 1.7647409439086914,
      "std": 4.148962020874023,
      "min": 2.2737367544323206e-13,
      "max": 122.62906646728516,
      "p50": 0.4878755211830139,
      "p90": 4.356455326080322,
      "p95": 7.555957317352295,
      "p99": 18.496097564697266
    }
  }
}