{
  "train": {
    "mse": 0.2788473069667816,
    "rmse": 0.5280599463761493,
    "mae": 0.36839085817337036,
    "w2_global": 0.17191201448440552,
    "ae_summary": {
      "mean": 0.36839085817337036,
      "std": 0.3783325254917145,
      "min": 2.9087066650390625e-05,
      "max": 7.124743461608887,
      "p50": 0.26093411445617676,
      "p90": 0.8109498023986816,
      "p95": 1.0666321516036987,
      "p99": 1.78841233253479
    },
    "se_summary": {
      "mean": 0.2788473069667816,
      "std": 0.8551527261734009,
      "min": 8.460574463242665e-10,
      "max": 50.76197052001953,
      "p50": 0.06808662414550781,
      "p90": 0.6576396226882935,
      "p95": 1.1377042531967163,
      "p99": 3.198437213897705
    }
  },
  "val": {
    "mse": 0.4878988265991211,
    "rmse": 0.6984975494582075,
    "mae": 0.5061845183372498,
    "w2_global": 0.19281171262264252,
    "ae_summary": {
      "mean": 0.5061845183372498,
      "std": 0.4813274145126343,
      "min": 8.32676887512207e-05,
      "max": 3.426591396331787,
      "p50": 0.36026883125305176,
      "p90": 1.150352954864502,
      "p95": 1.560121774673462,
      "p99": 2.2629899978637695
    },
    "se_summary": {
      "mean": 0.4878988265991211,
      "std": 0.9913255572319031,
      "min": 6.933507989970167e-09,
      "max": 11.741528511047363,
      "p50": 0.12979362905025482,
      "p90": 1.3233206272125244,
      "p95": 2.4339799880981445,
      "p99": 5.123106956481934
    }
  },
  "test": {
    "mse": 0.5351354479789734,
    "rmse": 0.7315295263890401,
    "mae": 0.47906145453453064,
    "w2_global": 0.22804750502109528,
    "ae_summary": {
      "mean": 0.47906145453453064,
      "std": 0.5528432130813599,
      "min": 7.107853889465332e-05,
      "max": 10.049227714538574,
      "p50": 0.33186233043670654,
      "p90": 1.0156447887420654,
      "p95": 1.4339553117752075,
      "p99": 2.7522518634796143
    },
    "se_summary": {
      "mean": 0.5351354479789734,
      "std": 2.346397638320923,
      "min": 5.052158691398745e-09,
      "max": 100.98697662353516,
      "p50": 0.1101326048374176,
      "p90": 1.0315395593643188,
      "p95": 2.056227922439575,
      "p99": 7.574891090393066
    }
  }
}