{
  "train": {
    "mse": 0.0,
    "rmse": 0.0,
    "mae": 0.0,
    "w2_global": 0.006005323491990566,
    "ae_summary": {
      "mean": 0.0,
      "std": 0.0,
      "min": 0.0,
      "max": 0.0,
      "p50": 0.0,
      "p90": 0.0,
      "p95": 0.0,
      "p99": 0.0
    },
    "se_summary": {
      "mean": 0.0,
      "std": 0.0,
      "min": 0.0,
      "max": 0.0,
      "p50": 0.0,
      "p90": 0.0,
      "p95": 0.0,
      "p99": 0.0
    }
  },
  "val": {
    "mse": 0.023256022483110428,
    "rmse": 0.15249925404116058,
    "mae": 0.09863147884607315,
    "w2_global": 0.007069944869726896,
    "ae_summary": {
      "mean": 0.09863147884607315,
      "std": 0.11630929261445999,
      "min": 5.137920379638672e-05,
      "max": 0.9828314781188965,
      "p50": 0.06142202019691467,
      "p90": 0.22885318100452423,
      "p95": 0.3464786112308502,
      "p99": 0.568581223487854
    },
    "se_summary": {
      "mean": 0.023256022483110428,
      "std": 0.06562421470880508,
      "min": 2.6398225827506394e-09,
      "max": 0.9659577012062073,
      "p50": 0.0037726648151874542,
      "p90": 0.05237378925085068,
      "p95": 0.1200474426150322,
      "p99": 0.3232846260070801
    }
  },
  "test": {
    "mse": 0.022912047803401947,
    "rmse": 0.1513672613328323,
    "mae": 0.10014351457357407,
    "w2_global": 0.006681494880467653,
    "ae_summary": {
      "mean": 0.10014351457357407,
      "std": 0.11350471526384354,
      "min": 7.522106170654297e-05,
      "max": 0.9462636709213257,
      "p50": 0.06236541271209717,
      "p90": 0.23557594418525696,
      "p95": 0.3352954387664795,
      "p99": 0.5459918975830078
    },
    "se_summary": {
      "mean": 0.022912047803401947,
      "std": 0.062118049710989,
      "min": 5.658208124259545e-09,
      "max": 0.8954149484634399,
      "p50": 0.003889444749802351,
      "p90": 0.055496130138635635,
      "p95": 0.11242306232452393,
      "p99": 0.298107773065567
    }
  }
}