{
  "train": {
    "mse": 0.0,
    "rmse": 0.0,
    "mae": 0.0,
    "w2_global": 0.43401792645454407,
    "ae_summary": {
      "mean": 0.0,
      "std": 0.0,
      "min": 0.0,
      "max": 0.0,
      "p50": 0.0,
      "p90": 0.0,
      "p95": 0.0,
      "p99": 0.0
    },
    "se_summary": {
      "mean": 0.0,
      "std": 0.0,
      "min": 0.0,
      "max": 0.0,
      "p50": 0.0,
      "p90": 0.0,
      "p95": 0.0,
      "p99": 0.0
    }
  },
  "val": {
    "mse": 1.667862892150879,
    "rmse": 1.2914576617724944,
    "mae": 1.0526454448699951,
    "w2_global": 0.5316158533096313,
    "ae_summary": {
      "mean": 1.0526454448699951,
      "std": 0.7481980323791504,
      "min": 1.7255544662475586e-05,
      "max": 5.538790225982666,
      "p50": 0.9268175959587097,
      "p90": 1.9867979288101196,
      "p95": 2.369471311569214,
      "p99": 3.3790061473846436
    },
    "se_summary": {
      "mean": 1.667862892150879,
      "std": 2.336015462875366,
      "min": 2.977538215986897e-10,
      "max": 30.678197860717773,
      "p50": 0.8589909076690674,
      "p90": 3.94736647605896,
      "p95": 5.614394664764404,
      "p99": 11.41781997680664
    }
  },
  "test": {
    "mse": 1.3148914575576782,
    "rmse": 1.1466871663874494,
    "mae": 0.9021669626235962,
    "w2_global": 0.44410642981529236,
    "ae_summary": {
      "mean": 0.9021669626235962,
      "std": 0.7078038454055786,
      "min": 5.823373794555664e-05,
      "max": 8.932657241821289,
      "p50": 0.7686657905578613,
      "p90": 1.8478186130523682,
      "p95": 2.130580186843872,
      "p99": 2.9448885917663574
    },
    "se_summary": {
      "mean": 1.3148914575576782,
      "std": 2.353118896484375,
      "min": 3.3911682351117634e-09,
      "max": 79.79236602783203,
      "p50": 0.5908470749855042,
      "p90": 3.414435863494873,
      "p95": 4.53937292098999,
      "p99": 8.672372817993164
    }
  }
}