{
  "train": {
    "mse": 0.049146272242069244,
    "rmse": 0.22168958532612498,
    "mae": 0.16469025611877441,
    "w2_global": 0.05214984714984894,
    "ae_summary": {
      "mean": 0.16469025611877441,
      "std": 0.14840282499790192,
      "min": 2.2649765014648438e-06,
      "max": 1.8568285703659058,
      "p50": 0.12820568680763245,
      "p90": 0.34736931324005127,
      "p95": 0.4443152844905853,
      "p99": 0.7010802030563354
    },
    "se_summary": {
      "mean": 0.049146272242069244,
      "std": 0.1072777733206749,
      "min": 5.130118552187923e-12,
      "max": 3.44781231880188,
      "p50": 0.01643669791519642,
      "p90": 0.12066543847322464,
      "p95": 0.19741608202457428,
      "p99": 0.4915134608745575
    }
  },
  "val": {
    "mse": 0.10067503154277802,
    "rmse": 0.31729328947013363,
    "mae": 0.22881825268268585,
    "w2_global": 0.0631989985704422,
    "ae_summary": {
      "mean": 0.22881825268268585,
      "std": 0.21981187164783478,
      "min": 2.1219253540039062e-05,
      "max": 2.066777229309082,
      "p50": 0.16824612021446228,
      "p90": 0.49386852979660034,
      "p95": 0.6671263575553894,
      "p99": 1.0618356466293335
    },
    "se_summary": {
      "mean": 0.10067503154277802,
      "std": 0.22674301266670227,
      "min": 4.502567207964603e-10,
      "max": 4.271568298339844,
      "p50": 0.028306758031249046,
      "p90": 0.24390612542629242,
      "p95": 0.44505754113197327,
      "p99": 1.1274949312210083
    }
  },
  "test": {
    "mse": 0.08902230858802795,
    "rmse": 0.29836606473931976,
    "mae": 0.211199089884758,
    "w2_global": 0.05341028422117233,
    "ae_summary": {
      "mean": 0.211199089884758,
      "std": 0.21075403690338135,
      "min": 3.266334533691406e-05,
      "max": 2.2242496013641357,
      "p50": 0.15676730871200562,
      "p90": 0.4466739892959595,
      "p95": 0.60696941614151,
      "p99": 1.006583333015442
    },
    "se_summary": {
      "mean": 0.08902230858802795,
      "std": 0.23797821998596191,
      "min": 1.0668941285985056e-09,
      "max": 4.947286128997803,
      "p50": 0.024575989693403244,
      "p90": 0.1995176523923874,
      "p95": 0.36841195821762085,
      "p99": 1.0132101774215698
    }
  }
}