{
  "best_alpha": 0.99,
  "best_gamma": 1.0,
  "alpha_grid": [
    0.01,
    0.25,
    0.5,
    0.75,
    0.99
  ],
  "gamma_grid": [
    0.1,
    1.0,
    5.0,
    10.0
  ],
  "results": {
    "(0.01, 0.1)": {
      "val_loss": 0.955187201499939,
      "val_eval": 1.046905279159546,
      "epochs": 30,
      "mse": 1.046905279159546,
      "w2_global": 0.39165255427360535,
      "cvar": 1.8876782655715942
    },
    "(0.01, 1.0)": {
      "val_loss": 0.9186935424804688,
      "val_eval": 1.0130563974380493,
      "epochs": 30,
      "mse": 1.0130563974380493,
      "w2_global": 0.379973441362381,
      "cvar": 1.7243694067001343
    },
    "(0.01, 5.0)": {
      "val_loss": 0.9250738620758057,
      "val_eval": 1.0153926610946655,
      "epochs": 30,
      "mse": 1.0153926610946655,
      "w2_global": 0.3853394091129303,
      "cvar": 1.7675031423568726
    },
    "(0.01, 10.0)": {
      "val_loss": 0.9510359168052673,
      "val_eval": 1.0350234508514404,
      "epochs": 30,
      "mse": 1.0350234508514404,
      "w2_global": 0.3935815989971161,
      "cvar": 1.858350157737732
    },
    "(0.25, 0.1)": {
      "val_loss": 0.6898384690284729,
      "val_eval": 0.7818547487258911,
      "epochs": 30,
      "mse": 0.7818547487258911,
      "w2_global": 0.2969195544719696,
      "cvar": 1.0410699844360352
    },
    "(0.25, 1.0)": {
      "val_loss": 0.732740044593811,
      "val_eval": 0.8127585053443909,
      "epochs": 30,
      "mse": 0.8127585053443909,
      "w2_global": 0.32545122504234314,
      "cvar": 1.1110886335372925
    },
    "(0.25, 5.0)": {
      "val_loss": 0.8191604018211365,
      "val_eval": 0.8960394263267517,
      "epochs": 30,
      "mse": 0.8960394263267517,
      "w2_global": 0.3525993227958679,
      "cvar": 1.4247242212295532
    },
    "(0.25, 10.0)": {
      "val_loss": 0.8225132822990417,
      "val_eval": 0.906576931476593,
      "epochs": 30,
      "mse": 0.9065769910812378,
      "w2_global": 0.35811153054237366,
      "cvar": 1.3775339126586914
    },
    "(0.5, 0.1)": {
      "val_loss": 0.5769667625427246,
      "val_eval": 0.6603842377662659,
      "epochs": 30,
      "mse": 0.6603842377662659,
      "w2_global": 0.2688373625278473,
      "cvar": 0.6917291283607483
    },
    "(0.5, 1.0)": {
      "val_loss": 0.5668396949768066,
      "val_eval": 0.64327073097229,
      "epochs": 30,
      "mse": 0.64327073097229,
      "w2_global": 0.25363147258758545,
      "cvar": 0.635418713092804
    },
    "(0.5, 5.0)": {
      "val_loss": 0.5892727971076965,
      "val_eval": 0.6675861477851868,
      "epochs": 30,
      "mse": 0.6675861477851868,
      "w2_global": 0.2727625072002411,
      "cvar": 0.7532834410667419
    },
    "(0.5, 10.0)": {
      "val_loss": 0.671219527721405,
      "val_eval": 0.749430775642395,
      "epochs": 30,
      "mse": 0.749430775642395,
      "w2_global": 0.3015742599964142,
      "cvar": 0.9829432368278503
    },
    "(0.75, 0.1)": {
      "val_loss": 0.45613178610801697,
      "val_eval": 0.5281511545181274,
      "epochs": 30,
      "mse": 0.5281511545181274,
      "w2_global": 0.22376589477062225,
      "cvar": 0.459789901971817
    },
    "(0.75, 1.0)": {
      "val_loss": 0.5297749042510986,
      "val_eval": 0.6019322276115417,
      "epochs": 30,
      "mse": 0.6019322872161865,
      "w2_global": 0.21780933439731598,
      "cvar": 0.6099228262901306
    },
    "(0.75, 5.0)": {
      "val_loss": 0.5443007349967957,
      "val_eval": 0.6060935258865356,
      "epochs": 30,
      "mse": 0.6060934662818909,
      "w2_global": 0.2220510095357895,
      "cvar": 0.5951089262962341
    },
    "(0.75, 10.0)": {
      "val_loss": 0.5443304777145386,
      "val_eval": 0.6085667610168457,
      "epochs": 30,
      "mse": 0.6085668206214905,
      "w2_global": 0.2218637764453888,
      "cvar": 0.5619432330131531
    },
    "(0.99, 0.1)": {
      "val_loss": 0.48308032751083374,
      "val_eval": 0.5637344121932983,
      "epochs": 30,
      "mse": 0.5637343525886536,
      "w2_global": 0.2161695659160614,
      "cvar": 0.4997638463973999
    },
    "(0.99, 1.0)": {
      "val_loss": 0.4325076639652252,
      "val_eval": 0.494445264339447,
      "epochs": 30,
      "mse": 0.49444523453712463,
      "w2_global": 0.2174997627735138,
      "cvar": 0.47718438506126404
    },
    "(0.99, 5.0)": {
      "val_loss": 0.46576040983200073,
      "val_eval": 0.5251343846321106,
      "epochs": 30,
      "mse": 0.5251343846321106,
      "w2_global": 0.20658309757709503,
      "cvar": 0.532719075679779
    },
    "(0.99, 10.0)": {
      "val_loss": 0.4413144588470459,
      "val_eval": 0.510999858379364,
      "epochs": 30,
      "mse": 0.510999858379364,
      "w2_global": 0.205672949552536,
      "cvar": 0.4388144016265869
    }
  }
}