{
  "train": {
    "mse": 0.4415361285209656,
    "rmse": 0.6644818496550268,
    "mae": 0.3489989638328552,
    "w2_global": 0.199692964553833,
    "ae_summary": {
      "mean": 0.3489989638328552,
      "std": 0.5654518604278564,
      "min": 8.881092071533203e-06,
      "max": 31.3752384185791,
      "p50": 0.2464846521615982,
      "p90": 0.6967716217041016,
      "p95": 0.9018111824989319,
      "p99": 1.7125959396362305
    },
    "se_summary": {
      "mean": 0.4415361285209656,
      "std": 7.8212056159973145,
      "min": 7.887379638304992e-11,
      "max": 984.4055786132812,
      "p50": 0.0607546828687191,
      "p90": 0.48549073934555054,
      "p95": 0.8132634162902832,
      "p99": 2.9329848289489746
    }
  },
  "val": {
    "mse": 0.49444523453712463,
    "rmse": 0.7031679988005175,
    "mae": 0.3564736843109131,
    "w2_global": 0.2174997627735138,
    "ae_summary": {
      "mean": 0.3564736843109131,
      "std": 0.606112003326416,
      "min": 8.727610111236572e-05,
      "max": 20.086450576782227,
      "p50": 0.2460876703262329,
      "p90": 0.6907853484153748,
      "p95": 0.9044126868247986,
      "p99": 1.8477704524993896
    },
    "se_summary": {
      "mean": 0.49444523453712463,
      "std": 6.766099452972412,
      "min": 7.61711760333128e-09,
      "max": 403.4654846191406,
      "p50": 0.060559142380952835,
      "p90": 0.47718438506126404,
      "p95": 0.8179624676704407,
      "p99": 3.414262056350708
    }
  },
  "test": {
    "mse": 1.0508030652999878,
    "rmse": 1.0250868574418404,
    "mae": 0.39010941982269287,
    "w2_global": 0.34720003604888916,
    "ae_summary": {
      "mean": 0.39010941982269287,
      "std": 0.9479544162750244,
      "min": 1.7911195755004883e-05,
      "max": 36.958980560302734,
      "p50": 0.2522772550582886,
      "p90": 0.7326601147651672,
      "p95": 0.9590039849281311,
      "p99": 2.0828609466552734
    },
    "se_summary": {
      "mean": 1.0508030652999878,
      "std": 21.227075576782227,
      "min": 3.2081093337410493e-10,
      "max": 1365.9661865234375,
      "p50": 0.06364380568265915,
      "p90": 0.5367908477783203,
      "p95": 0.9196887016296387,
      "p99": 4.3383097648620605
    }
  }
}