{
  "train": {
    "mse": 0.0,
    "rmse": 0.0,
    "mae": 0.0,
    "w2_global": 0.13573414087295532,
    "ae_summary": {
      "mean": 0.0,
      "std": 0.0,
      "min": 0.0,
      "max": 0.0,
      "p50": 0.0,
      "p90": 0.0,
      "p95": 0.0,
      "p99": 0.0
    },
    "se_summary": {
      "mean": 0.0,
      "std": 0.0,
      "min": 0.0,
      "max": 0.0,
      "p50": 0.0,
      "p90": 0.0,
      "p95": 0.0,
      "p99": 0.0
    }
  },
  "val": {
    "mse": 1.1757292747497559,
    "rmse": 1.0843105066122691,
    "mae": 0.9363425374031067,
    "w2_global": 0.13032209873199463,
    "ae_summary": {
      "mean": 0.9363425374031067,
      "std": 0.5468015074729919,
      "min": 0.0,
      "max": 3.2128541469573975,
      "p50": 0.9747072458267212,
      "p90": 1.4138362407684326,
      "p95": 1.8435161113739014,
      "p99": 2.844697952270508
    },
    "se_summary": {
      "mean": 1.1757292747497559,
      "std": 1.4326926469802856,
      "min": 0.0,
      "max": 10.322431564331055,
      "p50": 0.9500542879104614,
      "p90": 1.9989327192306519,
      "p95": 3.3985519409179688,
      "p99": 8.092308044433594
    }
  },
  "test": {
    "mse": 1.167182207107544,
    "rmse": 1.0803620722274287,
    "mae": 0.9328389763832092,
    "w2_global": 0.13365910947322845,
    "ae_summary": {
      "mean": 0.9328389763832092,
      "std": 0.5449711680412292,
      "min": 0.0,
      "max": 3.2439513206481934,
      "p50": 0.9744831323623657,
      "p90": 1.425374984741211,
      "p95": 1.8778965473175049,
      "p99": 2.8559858798980713
    },
    "se_summary": {
      "mean": 1.167182207107544,
      "std": 1.445045828819275,
      "min": 0.0,
      "max": 10.52322006225586,
      "p50": 0.9496174454689026,
      "p90": 2.031693696975708,
      "p95": 3.5264954566955566,
      "p99": 8.156656265258789
    }
  }
}