{
  "best_alpha": 0.99,
  "best_gamma": 1.0,
  "alpha_grid": [
    0.01,
    0.25,
    0.5,
    0.75,
    0.99
  ],
  "gamma_grid": [
    0.1,
    1.0,
    5.0,
    10.0
  ],
  "results": {
    "(0.01, 0.1)": {
      "val_loss": 0.6708994507789612,
      "val_eval": 0.610197126865387,
      "epochs": 30,
      "mse": 0.6101970672607422,
      "w2_global": 0.058169372379779816,
      "cvar": 1.5071426630020142
    },
    "(0.01, 1.0)": {
      "val_loss": 0.7109992504119873,
      "val_eval": 0.633106529712677,
      "epochs": 30,
      "mse": 0.6331064701080322,
      "w2_global": 0.05934714898467064,
      "cvar": 1.5253138542175293
    },
    "(0.01, 5.0)": {
      "val_loss": 0.7385010719299316,
      "val_eval": 0.6431025266647339,
      "epochs": 30,
      "mse": 0.6431025266647339,
      "w2_global": 0.059059008955955505,
      "cvar": 1.5928008556365967
    },
    "(0.01, 10.0)": {
      "val_loss": 0.7454431056976318,
      "val_eval": 0.6219002604484558,
      "epochs": 30,
      "mse": 0.6219002604484558,
      "w2_global": 0.06292669475078583,
      "cvar": 1.5964547395706177
    },
    "(0.25, 0.1)": {
      "val_loss": 0.6638885736465454,
      "val_eval": 0.5292841196060181,
      "epochs": 30,
      "mse": 0.5292841196060181,
      "w2_global": 0.05646281689405441,
      "cvar": 1.2976081371307373
    },
    "(0.25, 1.0)": {
      "val_loss": 0.6176963448524475,
      "val_eval": 0.5711989998817444,
      "epochs": 30,
      "mse": 0.5711989998817444,
      "w2_global": 0.05898350104689598,
      "cvar": 1.4436980485916138
    },
    "(0.25, 5.0)": {
      "val_loss": 0.6898923516273499,
      "val_eval": 0.6068548560142517,
      "epochs": 30,
      "mse": 0.6068548560142517,
      "w2_global": 0.057982105761766434,
      "cvar": 1.5812664031982422
    },
    "(0.25, 10.0)": {
      "val_loss": 0.7298941612243652,
      "val_eval": 0.6102728247642517,
      "epochs": 30,
      "mse": 0.6102728247642517,
      "w2_global": 0.05735192075371742,
      "cvar": 1.4649429321289062
    },
    "(0.5, 0.1)": {
      "val_loss": 0.5391941070556641,
      "val_eval": 0.439931184053421,
      "epochs": 30,
      "mse": 0.439931184053421,
      "w2_global": 0.04919430986046791,
      "cvar": 1.11770498752594
    },
    "(0.5, 1.0)": {
      "val_loss": 0.4985537528991699,
      "val_eval": 0.40001052618026733,
      "epochs": 30,
      "mse": 0.40001052618026733,
      "w2_global": 0.04305724427103996,
      "cvar": 0.9762194156646729
    },
    "(0.5, 5.0)": {
      "val_loss": 0.4402652978897095,
      "val_eval": 0.38497287034988403,
      "epochs": 30,
      "mse": 0.38497287034988403,
      "w2_global": 0.044074058532714844,
      "cvar": 1.0010972023010254
    },
    "(0.5, 10.0)": {
      "val_loss": 0.5605745911598206,
      "val_eval": 0.488739013671875,
      "epochs": 30,
      "mse": 0.488739013671875,
      "w2_global": 0.051658131182193756,
      "cvar": 1.3079673051834106
    },
    "(0.75, 0.1)": {
      "val_loss": 0.41791239380836487,
      "val_eval": 0.35363414883613586,
      "epochs": 30,
      "mse": 0.35363414883613586,
      "w2_global": 0.035499803721904755,
      "cvar": 0.8418211936950684
    },
    "(0.75, 1.0)": {
      "val_loss": 0.36208775639533997,
      "val_eval": 0.29383617639541626,
      "epochs": 30,
      "mse": 0.29383614659309387,
      "w2_global": 0.030006147921085358,
      "cvar": 0.752684473991394
    },
    "(0.75, 5.0)": {
      "val_loss": 0.4059455394744873,
      "val_eval": 0.33778220415115356,
      "epochs": 30,
      "mse": 0.3377821743488312,
      "w2_global": 0.03638819232583046,
      "cvar": 0.7787214517593384
    },
    "(0.75, 10.0)": {
      "val_loss": 0.421220600605011,
      "val_eval": 0.3509391248226166,
      "epochs": 30,
      "mse": 0.3509390950202942,
      "w2_global": 0.03880244493484497,
      "cvar": 0.8835985660552979
    },
    "(0.99, 0.1)": {
      "val_loss": 0.3940156102180481,
      "val_eval": 0.33344992995262146,
      "epochs": 30,
      "mse": 0.33344995975494385,
      "w2_global": 0.023215947672724724,
      "cvar": 0.7434270977973938
    },
    "(0.99, 1.0)": {
      "val_loss": 0.33516013622283936,
      "val_eval": 0.2677687108516693,
      "epochs": 30,
      "mse": 0.2677687108516693,
      "w2_global": 0.018991967663168907,
      "cvar": 0.6646413803100586
    },
    "(0.99, 5.0)": {
      "val_loss": 0.34654349088668823,
      "val_eval": 0.25759387016296387,
      "epochs": 30,
      "mse": 0.2575938105583191,
      "w2_global": 0.016495704650878906,
      "cvar": 0.5768499970436096
    },
    "(0.99, 10.0)": {
      "val_loss": 0.4089551270008087,
      "val_eval": 0.3012111783027649,
      "epochs": 30,
      "mse": 0.3012111783027649,
      "w2_global": 0.02035355381667614,
      "cvar": 0.7107133269309998
    }
  }
}