{
  "train": {
    "mse": 0.37326139211654663,
    "rmse": 0.610951219097357,
    "mae": 0.432389497756958,
    "w2_global": 0.023099269717931747,
    "ae_summary": {
      "mean": 0.432389497756958,
      "std": 0.4316256642341614,
      "min": 1.0132789611816406e-05,
      "max": 5.9657111167907715,
      "p50": 0.30886775255203247,
      "p90": 0.9592739939689636,
      "p95": 1.2383521795272827,
      "p99": 2.0350277423858643
    },
    "se_summary": {
      "mean": 0.37326139211654663,
      "std": 0.9632532596588135,
      "min": 1.0267342531733448e-10,
      "max": 35.5897102355957,
      "p50": 0.09539929777383804,
      "p90": 0.920206606388092,
      "p95": 1.53351628780365,
      "p99": 4.141338348388672
    }
  },
  "val": {
    "mse": 0.2677687108516693,
    "rmse": 0.5174637290203723,
    "mae": 0.37394270300865173,
    "w2_global": 0.018991967663168907,
    "ae_summary": {
      "mean": 0.37394270300865173,
      "std": 0.3576807975769043,
      "min": 0.0010300278663635254,
      "max": 2.918577194213867,
      "p50": 0.2922598719596863,
      "p90": 0.8152537941932678,
      "p95": 1.0484387874603271,
      "p99": 1.792412281036377
    },
    "se_summary": {
      "mean": 0.2677687108516693,
      "std": 0.6405777335166931,
      "min": 1.0609574019326828e-06,
      "max": 8.51809310913086,
      "p50": 0.08541583269834518,
      "p90": 0.6646413803100586,
      "p95": 1.099259614944458,
      "p99": 3.2178444862365723
    }
  },
  "test": {
    "mse": 0.329399049282074,
    "rmse": 0.5739329658436375,
    "mae": 0.3931845426559448,
    "w2_global": 0.027261631563305855,
    "ae_summary": {
      "mean": 0.3931845426559448,
      "std": 0.41809678077697754,
      "min": 0.00039958953857421875,
      "max": 4.386836528778076,
      "p50": 0.26255714893341064,
      "p90": 0.8898249864578247,
      "p95": 1.238099217414856,
      "p99": 2.044806957244873
    },
    "se_summary": {
      "mean": 0.329399049282074,
      "std": 0.926008403301239,
      "min": 1.5967179933795705e-07,
      "max": 19.244335174560547,
      "p50": 0.06893625855445862,
      "p90": 0.791808009147644,
      "p95": 1.5328896045684814,
      "p99": 4.1813578605651855
    }
  }
}