{
  "best_alpha": 0.99,
  "best_gamma": 5.0,
  "alpha_grid": [
    0.01,
    0.25,
    0.5,
    0.75,
    0.99
  ],
  "gamma_grid": [
    0.1,
    1.0,
    5.0,
    10.0
  ],
  "results": {
    "(0.01, 0.1)": {
      "val_loss": 1.1987388134002686,
      "val_eval": 1.6063774824142456,
      "epochs": 30,
      "mse": 1.6063774824142456,
      "w2_global": 0.5380176305770874,
      "cvar": 4.435429096221924
    },
    "(0.01, 1.0)": {
      "val_loss": 1.3219724893569946,
      "val_eval": 1.6995905637741089,
      "epochs": 30,
      "mse": 1.6995904445648193,
      "w2_global": 0.544948160648346,
      "cvar": 4.603229522705078
    },
    "(0.01, 5.0)": {
      "val_loss": 1.2475368976593018,
      "val_eval": 1.5947520732879639,
      "epochs": 30,
      "mse": 1.5947520732879639,
      "w2_global": 0.5461466312408447,
      "cvar": 4.323854446411133
    },
    "(0.01, 10.0)": {
      "val_loss": 1.259310007095337,
      "val_eval": 1.6062275171279907,
      "epochs": 30,
      "mse": 1.6062275171279907,
      "w2_global": 0.5495967268943787,
      "cvar": 4.478671550750732
    },
    "(0.25, 0.1)": {
      "val_loss": 1.2609201669692993,
      "val_eval": 1.5760462284088135,
      "epochs": 30,
      "mse": 1.5760462284088135,
      "w2_global": 0.5414016842842102,
      "cvar": 4.316797256469727
    },
    "(0.25, 1.0)": {
      "val_loss": 1.2277445793151855,
      "val_eval": 1.6400922536849976,
      "epochs": 30,
      "mse": 1.640092134475708,
      "w2_global": 0.5571702122688293,
      "cvar": 4.493518829345703
    },
    "(0.25, 5.0)": {
      "val_loss": 1.2776281833648682,
      "val_eval": 1.6358070373535156,
      "epochs": 30,
      "mse": 1.6358070373535156,
      "w2_global": 0.5412815809249878,
      "cvar": 4.557493686676025
    },
    "(0.25, 10.0)": {
      "val_loss": 1.2562966346740723,
      "val_eval": 1.621301293373108,
      "epochs": 30,
      "mse": 1.621301293373108,
      "w2_global": 0.5406997799873352,
      "cvar": 4.51756477355957
    },
    "(0.5, 0.1)": {
      "val_loss": 1.152561068534851,
      "val_eval": 1.456507921218872,
      "epochs": 30,
      "mse": 1.4565082788467407,
      "w2_global": 0.5177099108695984,
      "cvar": 4.0575690269470215
    },
    "(0.5, 1.0)": {
      "val_loss": 1.1980760097503662,
      "val_eval": 1.5225085020065308,
      "epochs": 30,
      "mse": 1.5225085020065308,
      "w2_global": 0.5345641374588013,
      "cvar": 4.145532131195068
    },
    "(0.5, 5.0)": {
      "val_loss": 1.0466201305389404,
      "val_eval": 1.378455638885498,
      "epochs": 30,
      "mse": 1.378455638885498,
      "w2_global": 0.5051003098487854,
      "cvar": 3.5514488220214844
    },
    "(0.5, 10.0)": {
      "val_loss": 1.1969012022018433,
      "val_eval": 1.5498290061950684,
      "epochs": 30,
      "mse": 1.5498290061950684,
      "w2_global": 0.5320164561271667,
      "cvar": 4.055711269378662
    },
    "(0.75, 0.1)": {
      "val_loss": 0.8692720532417297,
      "val_eval": 1.0849765539169312,
      "epochs": 30,
      "mse": 1.0849765539169312,
      "w2_global": 0.42717570066452026,
      "cvar": 2.665510892868042
    },
    "(0.75, 1.0)": {
      "val_loss": 0.7728822827339172,
      "val_eval": 0.9889474511146545,
      "epochs": 30,
      "mse": 0.9889473915100098,
      "w2_global": 0.4175562560558319,
      "cvar": 2.4843578338623047
    },
    "(0.75, 5.0)": {
      "val_loss": 0.9685147404670715,
      "val_eval": 1.2552868127822876,
      "epochs": 30,
      "mse": 1.2552868127822876,
      "w2_global": 0.4811740219593048,
      "cvar": 3.3482885360717773
    },
    "(0.75, 10.0)": {
      "val_loss": 0.8113667964935303,
      "val_eval": 0.9399648308753967,
      "epochs": 30,
      "mse": 0.9399648308753967,
      "w2_global": 0.3781367838382721,
      "cvar": 2.3160769939422607
    },
    "(0.99, 0.1)": {
      "val_loss": 0.6272161602973938,
      "val_eval": 0.7519581317901611,
      "epochs": 30,
      "mse": 0.7519581317901611,
      "w2_global": 0.2643183469772339,
      "cvar": 1.9310367107391357
    },
    "(0.99, 1.0)": {
      "val_loss": 0.5890249013900757,
      "val_eval": 0.6995571255683899,
      "epochs": 30,
      "mse": 0.6995571255683899,
      "w2_global": 0.2524208724498749,
      "cvar": 1.873734951019287
    },
    "(0.99, 5.0)": {
      "val_loss": 0.5584877729415894,
      "val_eval": 0.6602504849433899,
      "epochs": 30,
      "mse": 0.6602504849433899,
      "w2_global": 0.2603122293949127,
      "cvar": 1.700293779373169
    },
    "(0.99, 10.0)": {
      "val_loss": 0.6246047616004944,
      "val_eval": 0.6826772689819336,
      "epochs": 30,
      "mse": 0.6826772689819336,
      "w2_global": 0.2530551850795746,
      "cvar": 1.808397889137268
    }
  }
}