{
  "train": {
    "mse": 0.3768782615661621,
    "rmse": 0.6139041143095249,
    "mae": 0.440109521150589,
    "w2_global": 0.1954783797264099,
    "ae_summary": {
      "mean": 0.440109521150589,
      "std": 0.42799752950668335,
      "min": 0.00011083483695983887,
      "max": 5.12729549407959,
      "p50": 0.32643190026283264,
      "p90": 0.9343176484107971,
      "p95": 1.2027690410614014,
      "p99": 2.0045690536499023
    },
    "se_summary": {
      "mean": 0.3768782615661621,
      "std": 1.0202504396438599,
      "min": 1.2284361083914064e-08,
      "max": 26.289159774780273,
      "p50": 0.10655778646469116,
      "p90": 0.872949481010437,
      "p95": 1.4466536045074463,
      "p99": 4.018304824829102
    }
  },
  "val": {
    "mse": 0.6602504849433899,
    "rmse": 0.812557988665049,
    "mae": 0.5926142334938049,
    "w2_global": 0.2603122293949127,
    "ae_summary": {
      "mean": 0.5926142334938049,
      "std": 0.5559306144714355,
      "min": 0.0003624856472015381,
      "max": 4.596113681793213,
      "p50": 0.4382059574127197,
      "p90": 1.3039531707763672,
      "p95": 1.6489843130111694,
      "p99": 2.817305326461792
    },
    "se_summary": {
      "mean": 0.6602504849433899,
      "std": 1.4134790897369385,
      "min": 1.3139585064436687e-07,
      "max": 21.1242618560791,
      "p50": 0.19202445447444916,
      "p90": 1.700293779373169,
      "p95": 2.7191503047943115,
      "p99": 7.937391757965088
    }
  },
  "test": {
    "mse": 0.49831119179725647,
    "rmse": 0.705911603387603,
    "mae": 0.49577099084854126,
    "w2_global": 0.205804705619812,
    "ae_summary": {
      "mean": 0.49577099084854126,
      "std": 0.502515971660614,
      "min": 2.7418136596679688e-06,
      "max": 8.535056114196777,
      "p50": 0.3514212369918823,
      "p90": 1.1168739795684814,
      "p95": 1.4487115144729614,
      "p99": 2.2872772216796875
    },
    "se_summary": {
      "mean": 0.49831119179725647,
      "std": 1.5617481470108032,
      "min": 7.51754214434186e-12,
      "max": 72.84718322753906,
      "p50": 0.1234968826174736,
      "p90": 1.2474075555801392,
      "p95": 2.0987651348114014,
      "p99": 5.231696128845215
    }
  }
}