{
  "train": {
    "mse": 0.00245589017868042,
    "rmse": 0.04955693875412827,
    "mae": 0.029728664085268974,
    "w2_global": 0.18146944046020508,
    "ae_summary": {
      "mean": 0.029728664085268974,
      "std": 0.03964967653155327,
      "min": 3.814697265625e-06,
      "max": 1.063248872756958,
      "p50": 0.021021008491516113,
      "p90": 0.06002793088555336,
      "p95": 0.07788826525211334,
      "p99": 0.15673893690109253
    },
    "se_summary": {
      "mean": 0.00245589017868042,
      "std": 0.020959103479981422,
      "min": 1.4551915228366852e-11,
      "max": 1.1304981708526611,
      "p50": 0.0004418827884364873,
      "p90": 0.0036033526994287968,
      "p95": 0.006066582165658474,
      "p99": 0.024567272514104843
    }
  },
  "val": {
    "mse": 0.36495205760002136,
    "rmse": 0.6041126199642095,
    "mae": 0.4253867566585541,
    "w2_global": 0.15830641984939575,
    "ae_summary": {
      "mean": 0.4253867566585541,
      "std": 0.42895007133483887,
      "min": 9.5367431640625e-06,
      "max": 3.616016387939453,
      "p50": 0.3008763790130615,
      "p90": 0.9323440790176392,
      "p95": 1.2982341051101685,
      "p99": 2.13383150100708
    },
    "se_summary": {
      "mean": 0.36495205760002136,
      "std": 0.8651478290557861,
      "min": 9.094947017729282e-11,
      "max": 13.07557487487793,
      "p50": 0.09052659571170807,
      "p90": 0.8692654967308044,
      "p95": 1.685411810874939,
      "p99": 4.553236484527588
    }
  },
  "test": {
    "mse": 0.3889264166355133,
    "rmse": 0.6236396528729659,
    "mae": 0.44404345750808716,
    "w2_global": 0.17315217852592468,
    "ae_summary": {
      "mean": 0.44404345750808716,
      "std": 0.437894731760025,
      "min": 1.3828277587890625e-05,
      "max": 3.52215576171875,
      "p50": 0.31580817699432373,
      "p90": 0.9933860898017883,
      "p95": 1.3525912761688232,
      "p99": 2.1032581329345703
    },
    "se_summary": {
      "mean": 0.3889264166355133,
      "std": 0.8455865979194641,
      "min": 1.9122126104775816e-10,
      "max": 12.4055814743042,
      "p50": 0.09973481297492981,
      "p90": 0.9868159890174866,
      "p95": 1.829503059387207,
      "p99": 4.423695087432861
    }
  }
}