{
  "test": {
    "mse": 2.8914608265040442e-05,
    "rmse": 0.0053772305385802865,
    "mae": 0.002047907328233123,
    "w2_global": 0.00012716803757939488,
    "ae_summary": {
      "mean": 0.002047907328233123,
      "std": 0.0049719903618097305,
      "min": 0.0,
      "max": 0.3056678771972656,
      "p50": 0.0010865554213523865,
      "p90": 0.0040806978940963745,
      "p95": 0.006009787321090698,
      "p99": 0.017682434991002083
    },
    "se_summary": {
      "mean": 2.8914608265040442e-05,
      "std": 0.0008753802394494414,
      "min": 0.0,
      "max": 0.09343285113573074,
      "p50": 1.1806027941929642e-06,
      "p90": 1.6652094927849248e-05,
      "p95": 3.6117544368607923e-05,
      "p99": 0.00031266859150491655
    }
  }
}