{
  "train": {
    "mse": 0.0,
    "rmse": 0.0,
    "mae": 0.0,
    "w2_global": 1.9029024839401245,
    "ae_summary": {
      "mean": 0.0,
      "std": 0.0,
      "min": 0.0,
      "max": 0.0,
      "p50": 0.0,
      "p90": 0.0,
      "p95": 0.0,
      "p99": 0.0
    },
    "se_summary": {
      "mean": 0.0,
      "std": 0.0,
      "min": 0.0,
      "max": 0.0,
      "p50": 0.0,
      "p90": 0.0,
      "p95": 0.0,
      "p99": 0.0
    }
  },
  "val": {
    "mse": 5.273768901824951,
    "rmse": 2.2964687896474776,
    "mae": 2.080110788345337,
    "w2_global": 1.9036445617675781,
    "ae_summary": {
      "mean": 2.080110788345337,
      "std": 0.9730920791625977,
      "min": 3.4332275390625e-05,
      "max": 12.091133117675781,
      "p50": 2.021592617034912,
      "p90": 3.3309552669525146,
      "p95": 3.856569528579712,
      "p99": 4.953056812286377
    },
    "se_summary": {
      "mean": 5.273768901824951,
      "std": 5.101518630981445,
      "min": 1.178705133497715e-09,
      "max": 146.19549560546875,
      "p50": 4.086836814880371,
      "p90": 11.095263481140137,
      "p95": 14.873127937316895,
      "p99": 24.53277015686035
    }
  },
  "test": {
    "mse": 5.280505657196045,
    "rmse": 2.297935085505255,
    "mae": 2.088592767715454,
    "w2_global": 1.9070566892623901,
    "ae_summary": {
      "mean": 2.088592767715454,
      "std": 0.9582722783088684,
      "min": 1.5497207641601562e-06,
      "max": 12.431425094604492,
      "p50": 2.024930000305176,
      "p90": 3.28289532661438,
      "p95": 3.806122064590454,
      "p99": 5.0027570724487305
    },
    "se_summary": {
      "mean": 5.280505657196045,
      "std": 5.195827960968018,
      "min": 2.4016344468691386e-12,
      "max": 154.5403289794922,
      "p50": 4.100340843200684,
      "p90": 10.7774019241333,
      "p95": 14.486564636230469,
      "p99": 25.02758026123047
    }
  }
}