{
  "best_alpha": 0.99,
  "best_gamma": 0.1,
  "alpha_grid": [
    0.01,
    0.25,
    0.5,
    0.75,
    0.99
  ],
  "gamma_grid": [
    0.1,
    1.0,
    5.0,
    10.0
  ],
  "results": {
    "(0.01, 0.1)": {
      "val_loss": 0.8938034474849701,
      "val_eval": 0.9137675762176514,
      "epochs": 30,
      "mse": 0.8076192140579224,
      "w2_global": 0.28214120864868164,
      "cvar": 1.9962952136993408
    },
    "(0.01, 1.0)": {
      "val_loss": 0.8827324509620667,
      "val_eval": 0.9034034907817841,
      "epochs": 30,
      "mse": 0.8104013800621033,
      "w2_global": 0.2773261070251465,
      "cvar": 1.9689329862594604
    },
    "(0.01, 5.0)": {
      "val_loss": 0.8433412909507751,
      "val_eval": 0.8758212924003601,
      "epochs": 30,
      "mse": 0.7867311239242554,
      "w2_global": 0.2727750241756439,
      "cvar": 1.9369359016418457
    },
    "(0.01, 10.0)": {
      "val_loss": 0.8278765082359314,
      "val_eval": 0.8435811996459961,
      "epochs": 30,
      "mse": 0.7521730661392212,
      "w2_global": 0.27514779567718506,
      "cvar": 1.859719157218933
    },
    "(0.25, 0.1)": {
      "val_loss": 0.8274792432785034,
      "val_eval": 0.8590593636035919,
      "epochs": 30,
      "mse": 0.7605176568031311,
      "w2_global": 0.28267309069633484,
      "cvar": 1.8699700832366943
    },
    "(0.25, 1.0)": {
      "val_loss": 0.8173084557056427,
      "val_eval": 0.8508080244064331,
      "epochs": 30,
      "mse": 0.7601401209831238,
      "w2_global": 0.27872151136398315,
      "cvar": 1.825278401374817
    },
    "(0.25, 5.0)": {
      "val_loss": 0.7907228171825409,
      "val_eval": 0.8276704847812653,
      "epochs": 30,
      "mse": 0.7449707388877869,
      "w2_global": 0.28424885869026184,
      "cvar": 1.8696191310882568
    },
    "(0.25, 10.0)": {
      "val_loss": 0.7885899841785431,
      "val_eval": 0.8182446360588074,
      "epochs": 30,
      "mse": 0.7315312027931213,
      "w2_global": 0.27546337246894836,
      "cvar": 1.7717598676681519
    },
    "(0.5, 0.1)": {
      "val_loss": 0.7817256152629852,
      "val_eval": 0.7904902994632721,
      "epochs": 30,
      "mse": 0.7071900367736816,
      "w2_global": 0.2621828615665436,
      "cvar": 1.7637643814086914
    },
    "(0.5, 1.0)": {
      "val_loss": 0.7567669749259949,
      "val_eval": 0.7802682816982269,
      "epochs": 30,
      "mse": 0.6920206546783447,
      "w2_global": 0.2749748229980469,
      "cvar": 1.7031528949737549
    },
    "(0.5, 5.0)": {
      "val_loss": 0.7483302354812622,
      "val_eval": 0.7834322154521942,
      "epochs": 30,
      "mse": 0.6954945921897888,
      "w2_global": 0.2634779214859009,
      "cvar": 1.6923294067382812
    },
    "(0.5, 10.0)": {
      "val_loss": 0.744396835565567,
      "val_eval": 0.7632797658443451,
      "epochs": 30,
      "mse": 0.6912746429443359,
      "w2_global": 0.2711601257324219,
      "cvar": 1.6778560876846313
    },
    "(0.75, 0.1)": {
      "val_loss": 0.5621955692768097,
      "val_eval": 0.5740565955638885,
      "epochs": 30,
      "mse": 0.5309045910835266,
      "w2_global": 0.23765094578266144,
      "cvar": 1.2498009204864502
    },
    "(0.75, 1.0)": {
      "val_loss": 0.6028838157653809,
      "val_eval": 0.6086820065975189,
      "epochs": 30,
      "mse": 0.5616854429244995,
      "w2_global": 0.23758196830749512,
      "cvar": 1.3651901483535767
    },
    "(0.75, 5.0)": {
      "val_loss": 0.5795926749706268,
      "val_eval": 0.5939031541347504,
      "epochs": 30,
      "mse": 0.5513226389884949,
      "w2_global": 0.2459900826215744,
      "cvar": 1.3232533931732178
    },
    "(0.75, 10.0)": {
      "val_loss": 0.5767340958118439,
      "val_eval": 0.5936577916145325,
      "epochs": 30,
      "mse": 0.5449360013008118,
      "w2_global": 0.24918867647647858,
      "cvar": 1.280064582824707
    },
    "(0.99, 0.1)": {
      "val_loss": 0.2940797358751297,
      "val_eval": 0.2853463143110275,
      "epochs": 30,
      "mse": 0.28446507453918457,
      "w2_global": 0.06283966451883316,
      "cvar": 0.7038636207580566
    },
    "(0.99, 1.0)": {
      "val_loss": 0.32597798109054565,
      "val_eval": 0.31957677006721497,
      "epochs": 30,
      "mse": 0.31388452649116516,
      "w2_global": 0.07463539391756058,
      "cvar": 0.7451665997505188
    },
    "(0.99, 5.0)": {
      "val_loss": 0.31721988320350647,
      "val_eval": 0.324990451335907,
      "epochs": 30,
      "mse": 0.3185504972934723,
      "w2_global": 0.07023309916257858,
      "cvar": 0.7847288250923157
    },
    "(0.99, 10.0)": {
      "val_loss": 0.29741403460502625,
      "val_eval": 0.29130518436431885,
      "epochs": 30,
      "mse": 0.28033649921417236,
      "w2_global": 0.07916244119405746,
      "cvar": 0.6770272850990295
    }
  }
}