{
  "train": {
    "mse": 0.26917561888694763,
    "rmse": 0.5188213747398498,
    "mae": 0.38665297627449036,
    "w2_global": 0.06026698648929596,
    "ae_summary": {
      "mean": 0.38665297627449036,
      "std": 0.34594085812568665,
      "min": 1.9252300262451172e-05,
      "max": 5.743606090545654,
      "p50": 0.30095338821411133,
      "p90": 0.8174102902412415,
      "p95": 1.0311611890792847,
      "p99": 1.5601098537445068
    },
    "se_summary": {
      "mean": 0.26917561888694763,
      "std": 0.6294127106666565,
      "min": 3.7065106539557746e-10,
      "max": 32.989009857177734,
      "p50": 0.09057293832302094,
      "p90": 0.6681596040725708,
      "p95": 1.06329345703125,
      "p99": 2.4339427947998047
    }
  },
  "val": {
    "mse": 0.28446507453918457,
    "rmse": 0.5333526736964807,
    "mae": 0.39869916439056396,
    "w2_global": 0.06283966451883316,
    "ae_summary": {
      "mean": 0.39869916439056396,
      "std": 0.3542654812335968,
      "min": 0.00014360249042510986,
      "max": 3.504509925842285,
      "p50": 0.31153950095176697,
      "p90": 0.838965654373169,
      "p95": 1.071387529373169,
      "p99": 1.636549711227417
    },
    "se_summary": {
      "mean": 0.28446507453918457,
      "std": 0.5985731482505798,
      "min": 2.0621675034249165e-08,
      "max": 12.28158950805664,
      "p50": 0.09705686569213867,
      "p90": 0.7038636207580566,
      "p95": 1.1478712558746338,
      "p99": 2.6783018112182617
    }
  },
  "test": {
    "mse": 0.2835715413093567,
    "rmse": 0.5325143578433887,
    "mae": 0.4004404544830322,
    "w2_global": 0.06400163471698761,
    "ae_summary": {
      "mean": 0.4004404544830322,
      "std": 0.35102561116218567,
      "min": 0.00013768672943115234,
      "max": 3.6750335693359375,
      "p50": 0.3150985538959503,
      "p90": 0.8401816487312317,
      "p95": 1.0476213693618774,
      "p99": 1.652515172958374
    },
    "se_summary": {
      "mean": 0.2835715413093567,
      "std": 0.609598696231842,
      "min": 1.8957635461447353e-08,
      "max": 13.505871772766113,
      "p50": 0.09928710013628006,
      "p90": 0.7059051990509033,
      "p95": 1.097510814666748,
      "p99": 2.730807304382324
    }
  }
}