{
  "train": {
    "mse": 0.0,
    "rmse": 0.0,
    "mae": 0.0,
    "w2_global": 0.028648000210523605,
    "ae_summary": {
      "mean": 0.0,
      "std": 0.0,
      "min": 0.0,
      "max": 0.0,
      "p50": 0.0,
      "p90": 0.0,
      "p95": 0.0,
      "p99": 0.0
    },
    "se_summary": {
      "mean": 0.0,
      "std": 0.0,
      "min": 0.0,
      "max": 0.0,
      "p50": 0.0,
      "p90": 0.0,
      "p95": 0.0,
      "p99": 0.0
    }
  },
  "val": {
    "mse": 0.632024347782135,
    "rmse": 0.7949995897999791,
    "mae": 0.61087965965271,
    "w2_global": 0.027827799320220947,
    "ae_summary": {
      "mean": 0.61087965965271,
      "std": 0.5087735056877136,
      "min": 4.8547983169555664e-05,
      "max": 3.411241054534912,
      "p50": 0.48425623774528503,
      "p90": 1.2726901769638062,
      "p95": 1.5940560102462769,
      "p99": 2.251363515853882
    },
    "se_summary": {
      "mean": 0.632024347782135,
      "std": 1.0671241283416748,
      "min": 2.35690666983146e-09,
      "max": 11.636565208435059,
      "p50": 0.23450520634651184,
      "p90": 1.619744062423706,
      "p95": 2.541073799133301,
      "p99": 5.068645477294922
    }
  },
  "test": {
    "mse": 0.6670887470245361,
    "rmse": 0.8167550104067536,
    "mae": 0.6077945232391357,
    "w2_global": 0.027448177337646484,
    "ae_summary": {
      "mean": 0.6077945232391357,
      "std": 0.545595645904541,
      "min": 0.0006847679615020752,
      "max": 5.362965106964111,
      "p50": 0.47333765029907227,
      "p90": 1.2988256216049194,
      "p95": 1.5914556980133057,
      "p99": 2.4195146560668945
    },
    "se_summary": {
      "mean": 0.6670887470245361,
      "std": 1.5410380363464355,
      "min": 4.689071602115291e-07,
      "max": 28.761394500732422,
      "p50": 0.22404882311820984,
      "p90": 1.6869494915008545,
      "p95": 2.532731056213379,
      "p99": 5.854051113128662
    }
  }
}