{
  "train": {
    "mse": 0.39758965373039246,
    "rmse": 0.6305471066703838,
    "mae": 0.4235655963420868,
    "w2_global": 0.6940247416496277,
    "ae_summary": {
      "mean": 0.4235655963420868,
      "std": 0.4670993387699127,
      "min": 0.0004964657127857208,
      "max": 4.488116264343262,
      "p50": 0.2864435911178589,
      "p90": 0.9195405840873718,
      "p95": 1.3360044956207275,
      "p99": 2.1242334842681885
    },
    "se_summary": {
      "mean": 0.39758965373039246,
      "std": 1.1727570295333862,
      "min": 2.4647820850987046e-07,
      "max": 20.1431884765625,
      "p50": 0.08204993605613708,
      "p90": 0.8455551266670227,
      "p95": 1.784910798072815,
      "p99": 4.512454032897949
    }
  },
  "val": {
    "mse": 0.5684858560562134,
    "rmse": 0.7539800103823797,
    "mae": 0.5961798429489136,
    "w2_global": 0.5742725133895874,
    "ae_summary": {
      "mean": 0.5961798429489136,
      "std": 0.4615793824195862,
      "min": 1.4894758351147175e-06,
      "max": 3.3441436290740967,
      "p50": 0.5104876160621643,
      "p90": 1.2455215454101562,
      "p95": 1.397689700126648,
      "p99": 1.9136155843734741
    },
    "se_summary": {
      "mean": 0.5684858560562134,
      "std": 0.8114278316497803,
      "min": 2.2185382871076076e-12,
      "max": 11.183296203613281,
      "p50": 0.2605976164340973,
      "p90": 1.5513238906860352,
      "p95": 1.9535365104675293,
      "p99": 3.662061929702759
    }
  },
  "test": {
    "mse": 0.6760783195495605,
    "rmse": 0.8222398187570099,
    "mae": 0.6021283864974976,
    "w2_global": 0.6186054944992065,
    "ae_summary": {
      "mean": 0.6021283864974976,
      "std": 0.559928297996521,
      "min": 8.545815944671631e-06,
      "max": 4.172938823699951,
      "p50": 0.41894611716270447,
      "p90": 1.3532862663269043,
      "p95": 1.8066182136535645,
      "p99": 2.432859182357788
    },
    "se_summary": {
      "mean": 0.6760783195495605,
      "std": 1.2894649505615234,
      "min": 7.303097016020388e-11,
      "max": 17.41341781616211,
      "p50": 0.17551584541797638,
      "p90": 1.8313837051391602,
      "p95": 3.263869524002075,
      "p99": 5.918806552886963
    }
  }
}