{
  "best_alpha": 0.99,
  "best_gamma": 0.1,
  "alpha_grid": [
    0.01,
    0.25,
    0.5,
    0.75,
    0.99
  ],
  "gamma_grid": [
    0.1,
    1.0,
    5.0,
    10.0
  ],
  "results": {
    "(0.01, 0.1)": {
      "val_loss": 0.2849322259426117,
      "val_eval": 0.31772080063819885,
      "epochs": 30,
      "mse": 0.31772080063819885,
      "w2_global": 0.09221336245536804,
      "cvar": 0.91517573595047
    },
    "(0.01, 1.0)": {
      "val_loss": 0.2776494324207306,
      "val_eval": 0.3141072988510132,
      "epochs": 30,
      "mse": 0.3141072988510132,
      "w2_global": 0.09272438287734985,
      "cvar": 0.9063630700111389
    },
    "(0.01, 5.0)": {
      "val_loss": 0.2788073718547821,
      "val_eval": 0.3092728853225708,
      "epochs": 30,
      "mse": 0.3092728853225708,
      "w2_global": 0.10119768232107162,
      "cvar": 0.9250954985618591
    },
    "(0.01, 10.0)": {
      "val_loss": 0.2838789224624634,
      "val_eval": 0.31194862723350525,
      "epochs": 30,
      "mse": 0.31194862723350525,
      "w2_global": 0.09455794841051102,
      "cvar": 0.8958067297935486
    },
    "(0.25, 0.1)": {
      "val_loss": 0.25394076108932495,
      "val_eval": 0.28779715299606323,
      "epochs": 30,
      "mse": 0.28779715299606323,
      "w2_global": 0.08916977047920227,
      "cvar": 0.8061665296554565
    },
    "(0.25, 1.0)": {
      "val_loss": 0.29599347710609436,
      "val_eval": 0.32261335849761963,
      "epochs": 30,
      "mse": 0.322613388299942,
      "w2_global": 0.09716793149709702,
      "cvar": 0.9062260389328003
    },
    "(0.25, 5.0)": {
      "val_loss": 0.2645266354084015,
      "val_eval": 0.30071786046028137,
      "epochs": 30,
      "mse": 0.30071786046028137,
      "w2_global": 0.11668355017900467,
      "cvar": 0.892947256565094
    },
    "(0.25, 10.0)": {
      "val_loss": 0.2679784297943115,
      "val_eval": 0.30049923062324524,
      "epochs": 30,
      "mse": 0.30049923062324524,
      "w2_global": 0.09121500700712204,
      "cvar": 0.8202702403068542
    },
    "(0.5, 0.1)": {
      "val_loss": 0.24130800366401672,
      "val_eval": 0.27164724469184875,
      "epochs": 30,
      "mse": 0.27164724469184875,
      "w2_global": 0.09720674902200699,
      "cvar": 0.7919793128967285
    },
    "(0.5, 1.0)": {
      "val_loss": 0.24430455267429352,
      "val_eval": 0.2728261351585388,
      "epochs": 30,
      "mse": 0.27282610535621643,
      "w2_global": 0.10328394919633865,
      "cvar": 0.7618520259857178
    },
    "(0.5, 5.0)": {
      "val_loss": 0.2673551142215729,
      "val_eval": 0.2927764654159546,
      "epochs": 30,
      "mse": 0.2927764356136322,
      "w2_global": 0.09699039906263351,
      "cvar": 0.8154829740524292
    },
    "(0.5, 10.0)": {
      "val_loss": 0.27228572964668274,
      "val_eval": 0.2963336706161499,
      "epochs": 30,
      "mse": 0.2963336706161499,
      "w2_global": 0.09705562144517899,
      "cvar": 0.8652492761611938
    },
    "(0.75, 0.1)": {
      "val_loss": 0.2660379111766815,
      "val_eval": 0.29132959246635437,
      "epochs": 30,
      "mse": 0.29132959246635437,
      "w2_global": 0.09164291620254517,
      "cvar": 0.8358864784240723
    },
    "(0.75, 1.0)": {
      "val_loss": 0.2330412119626999,
      "val_eval": 0.2702067494392395,
      "epochs": 30,
      "mse": 0.2702067494392395,
      "w2_global": 0.10795091837644577,
      "cvar": 0.7903972864151001
    },
    "(0.75, 5.0)": {
      "val_loss": 0.25658974051475525,
      "val_eval": 0.2948649227619171,
      "epochs": 30,
      "mse": 0.2948649227619171,
      "w2_global": 0.1116754561662674,
      "cvar": 0.8636837601661682
    },
    "(0.75, 10.0)": {
      "val_loss": 0.2550012767314911,
      "val_eval": 0.29631227254867554,
      "epochs": 30,
      "mse": 0.29631227254867554,
      "w2_global": 0.09998960793018341,
      "cvar": 0.851755678653717
    },
    "(0.99, 0.1)": {
      "val_loss": 0.17121896147727966,
      "val_eval": 0.19771605730056763,
      "epochs": 30,
      "mse": 0.19771605730056763,
      "w2_global": 0.09808088839054108,
      "cvar": 0.5199064612388611
    },
    "(0.99, 1.0)": {
      "val_loss": 0.23906880617141724,
      "val_eval": 0.2568870782852173,
      "epochs": 30,
      "mse": 0.2568871080875397,
      "w2_global": 0.10649779438972473,
      "cvar": 0.6770060658454895
    },
    "(0.99, 5.0)": {
      "val_loss": 0.23134158551692963,
      "val_eval": 0.24836206436157227,
      "epochs": 30,
      "mse": 0.24836209416389465,
      "w2_global": 0.09888988733291626,
      "cvar": 0.7016045451164246
    },
    "(0.99, 10.0)": {
      "val_loss": 0.21076145768165588,
      "val_eval": 0.2298072874546051,
      "epochs": 30,
      "mse": 0.2298072874546051,
      "w2_global": 0.07842862606048584,
      "cvar": 0.5798332691192627
    }
  }
}