{
  "train": {
    "mse": 0.17299015820026398,
    "rmse": 0.4159208556928397,
    "mae": 0.3159000873565674,
    "w2_global": 0.08928585052490234,
    "ae_summary": {
      "mean": 0.3159000873565674,
      "std": 0.2705499529838562,
      "min": 1.2159347534179688e-05,
      "max": 2.473031997680664,
      "p50": 0.24782606959342957,
      "p90": 0.680168092250824,
      "p95": 0.8481318354606628,
      "p99": 1.2233763933181763
    },
    "se_summary": {
      "mean": 0.17299015820026398,
      "std": 0.3148718476295471,
      "min": 1.4784973245696165e-10,
      "max": 6.11588716506958,
      "p50": 0.06141776219010353,
      "p90": 0.46262863278388977,
      "p95": 0.7193275690078735,
      "p99": 1.4966497421264648
    }
  },
  "val": {
    "mse": 0.19771605730056763,
    "rmse": 0.444652737875938,
    "mae": 0.3402416408061981,
    "w2_global": 0.09808088839054108,
    "ae_summary": {
      "mean": 0.3402416408061981,
      "std": 0.2862720489501953,
      "min": 0.00015908479690551758,
      "max": 2.0235791206359863,
      "p50": 0.2677023410797119,
      "p90": 0.7210453748703003,
      "p95": 0.8897392749786377,
      "p99": 1.337494134902954
    },
    "se_summary": {
      "mean": 0.19771605730056763,
      "std": 0.3440248668193817,
      "min": 2.5307972606469775e-08,
      "max": 4.09487247467041,
      "p50": 0.07166455686092377,
      "p90": 0.5199064612388611,
      "p95": 0.7916359901428223,
      "p99": 1.7888917922973633
    }
  },
  "test": {
    "mse": 0.18818047642707825,
    "rmse": 0.43379773677035044,
    "mae": 0.32499393820762634,
    "w2_global": 0.09458153694868088,
    "ae_summary": {
      "mean": 0.32499393820762634,
      "std": 0.28733158111572266,
      "min": 5.638599395751953e-05,
      "max": 2.588632345199585,
      "p50": 0.24954485893249512,
      "p90": 0.7068538069725037,
      "p95": 0.8831644654273987,
      "p99": 1.3331249952316284
    },
    "se_summary": {
      "mean": 0.18818047642707825,
      "std": 0.3651176989078522,
      "min": 3.179380314577429e-09,
      "max": 6.701017379760742,
      "p50": 0.06227263808250427,
      "p90": 0.49964234232902527,
      "p95": 0.7799795269966125,
      "p99": 1.7772226333618164
    }
  }
}