{
  "train": {
    "mse": 0.0,
    "rmse": 0.0,
    "mae": 0.0,
    "w2_global": 0.0578373447060585,
    "ae_summary": {
      "mean": 0.0,
      "std": 0.0,
      "min": 0.0,
      "max": 0.0,
      "p50": 0.0,
      "p90": 0.0,
      "p95": 0.0,
      "p99": 0.0
    },
    "se_summary": {
      "mean": 0.0,
      "std": 0.0,
      "min": 0.0,
      "max": 0.0,
      "p50": 0.0,
      "p90": 0.0,
      "p95": 0.0,
      "p99": 0.0
    }
  },
  "val": {
    "mse": 0.3976441025733948,
    "rmse": 0.630590281064809,
    "mae": 0.5071438550949097,
    "w2_global": 0.04163096845149994,
    "ae_summary": {
      "mean": 0.5071438550949097,
      "std": 0.3747655749320984,
      "min": 0.0008502751588821411,
      "max": 1.9027166366577148,
      "p50": 0.4340778887271881,
      "p90": 1.0316901206970215,
      "p95": 1.2310963869094849,
      "p99": 1.5994553565979004
    },
    "se_summary": {
      "mean": 0.3976441025733948,
      "std": 0.5524144768714905,
      "min": 7.229678544717899e-07,
      "max": 3.620330572128296,
      "p50": 0.18842361867427826,
      "p90": 1.0644159317016602,
      "p95": 1.5155982971191406,
      "p99": 2.558258295059204
    }
  },
  "test": {
    "mse": 0.6230378150939941,
    "rmse": 0.7893274447870124,
    "mae": 0.614061176776886,
    "w2_global": 0.050139982253313065,
    "ae_summary": {
      "mean": 0.614061176776886,
      "std": 0.4959504306316376,
      "min": 0.0010834336280822754,
      "max": 3.257500171661377,
      "p50": 0.494540810585022,
      "p90": 1.2772586345672607,
      "p95": 1.5456616878509521,
      "p99": 2.124946117401123
    },
    "se_summary": {
      "mean": 0.6230378150939941,
      "std": 1.0184166431427002,
      "min": 1.1738284229068086e-06,
      "max": 10.611307144165039,
      "p50": 0.24457092583179474,
      "p90": 1.6313897371292114,
      "p95": 2.389172077178955,
      "p99": 4.5154128074646
    }
  }
}