{
  "train": {
    "mse": 0.0,
    "rmse": 0.0,
    "mae": 0.0,
    "w2_global": 0.06555913388729095,
    "ae_summary": {
      "mean": 0.0,
      "std": 0.0,
      "min": 0.0,
      "max": 0.0,
      "p50": 0.0,
      "p90": 0.0,
      "p95": 0.0,
      "p99": 0.0
    },
    "se_summary": {
      "mean": 0.0,
      "std": 0.0,
      "min": 0.0,
      "max": 0.0,
      "p50": 0.0,
      "p90": 0.0,
      "p95": 0.0,
      "p99": 0.0
    }
  },
  "val": {
    "mse": 0.5466068387031555,
    "rmse": 0.7393286405267657,
    "mae": 0.4881308376789093,
    "w2_global": 0.061857059597969055,
    "ae_summary": {
      "mean": 0.4881308376789093,
      "std": 0.5552793741226196,
      "min": 0.0,
      "max": 3.191141366958618,
      "p50": 0.30827009677886963,
      "p90": 1.2588908672332764,
      "p95": 1.6007194519042969,
      "p99": 2.469564914703369
    },
    "se_summary": {
      "mean": 0.5466068387031555,
      "std": 1.1273415088653564,
      "min": 0.0,
      "max": 10.183382987976074,
      "p50": 0.09503044933080673,
      "p90": 1.584806203842163,
      "p95": 2.562302589416504,
      "p99": 6.0987548828125
    }
  },
  "test": {
    "mse": 0.4945008456707001,
    "rmse": 0.7032075409654678,
    "mae": 0.4454236626625061,
    "w2_global": 0.05779416114091873,
    "ae_summary": {
      "mean": 0.4454236626625061,
      "std": 0.5441494584083557,
      "min": 0.0,
      "max": 3.1829349994659424,
      "p50": 0.2480449378490448,
      "p90": 1.1969863176345825,
      "p95": 1.5400248765945435,
      "p99": 2.399088144302368
    },
    "se_summary": {
      "mean": 0.4945008456707001,
      "std": 1.071247935295105,
      "min": 0.0,
      "max": 10.131074905395508,
      "p50": 0.06152629107236862,
      "p90": 1.4327763319015503,
      "p95": 2.3716766834259033,
      "p99": 5.755624771118164
    }
  }
}