{
  "train": {
    "mse": 0.0,
    "rmse": 0.0,
    "mae": 0.0,
    "w2_global": 0.09541244804859161,
    "ae_summary": {
      "mean": 0.0,
      "std": 0.0,
      "min": 0.0,
      "max": 0.0,
      "p50": 0.0,
      "p90": 0.0,
      "p95": 0.0,
      "p99": 0.0
    },
    "se_summary": {
      "mean": 0.0,
      "std": 0.0,
      "min": 0.0,
      "max": 0.0,
      "p50": 0.0,
      "p90": 0.0,
      "p95": 0.0,
      "p99": 0.0
    }
  },
  "val": {
    "mse": 0.23337338864803314,
    "rmse": 0.48308735095014976,
    "mae": 0.2619844079017639,
    "w2_global": 0.1708449274301529,
    "ae_summary": {
      "mean": 0.2619844079017639,
      "std": 0.40587878227233887,
      "min": 2.1457672119140625e-06,
      "max": 2.6829030513763428,
      "p50": 0.11013463139533997,
      "p90": 0.6894906163215637,
      "p95": 1.149725317955017,
      "p99": 2.0676827430725098
    },
    "se_summary": {
      "mean": 0.23337338864803314,
      "std": 0.7364631295204163,
      "min": 4.604316927725449e-12,
      "max": 7.19796895980835,
      "p50": 0.012129637412726879,
      "p90": 0.4753973186016083,
      "p95": 1.3218683004379272,
      "p99": 4.275311470031738
    }
  },
  "test": {
    "mse": 0.18985357880592346,
    "rmse": 0.43572190535469235,
    "mae": 0.2632792294025421,
    "w2_global": 0.12358993291854858,
    "ae_summary": {
      "mean": 0.2632792294025421,
      "std": 0.34718528389930725,
      "min": 9.5367431640625e-07,
      "max": 3.211189031600952,
      "p50": 0.12552028894424438,
      "p90": 0.7281661629676819,
      "p95": 1.013931393623352,
      "p99": 1.5164824724197388
    },
    "se_summary": {
      "mean": 0.18985357880592346,
      "std": 0.578904390335083,
      "min": 9.094947017729282e-13,
      "max": 10.311735153198242,
      "p50": 0.015755342319607735,
      "p90": 0.5302259922027588,
      "p95": 1.0280569791793823,
      "p99": 2.2997190952301025
    }
  }
}