{
  "train": {
    "mse": 0.0,
    "rmse": 0.0,
    "mae": 0.0,
    "w2_global": 0.3771750330924988,
    "ae_summary": {
      "mean": 0.0,
      "std": 0.0,
      "min": 0.0,
      "max": 0.0,
      "p50": 0.0,
      "p90": 0.0,
      "p95": 0.0,
      "p99": 0.0
    },
    "se_summary": {
      "mean": 0.0,
      "std": 0.0,
      "min": 0.0,
      "max": 0.0,
      "p50": 0.0,
      "p90": 0.0,
      "p95": 0.0,
      "p99": 0.0
    }
  },
  "val": {
    "mse": 2.5933594703674316,
    "rmse": 1.6103910923646565,
    "mae": 1.1863106489181519,
    "w2_global": 0.3948603868484497,
    "ae_summary": {
      "mean": 1.1863106489181519,
      "std": 1.0890485048294067,
      "min": 1.5020370483398438e-05,
      "max": 48.632198333740234,
      "p50": 0.9154652953147888,
      "p90": 2.530879020690918,
      "p95": 3.190237522125244,
      "p99": 4.834548473358154
    },
    "se_summary": {
      "mean": 2.5933594703674316,
      "std": 10.499030113220215,
      "min": 2.25611529458547e-10,
      "max": 2365.0908203125,
      "p50": 0.8380767107009888,
      "p90": 6.40534782409668,
      "p95": 10.177616119384766,
      "p99": 23.372861862182617
    }
  },
  "test": {
    "mse": 2.4581501483917236,
    "rmse": 1.567848892078482,
    "mae": 1.1466065645217896,
    "w2_global": 0.3476192057132721,
    "ae_summary": {
      "mean": 1.1466065645217896,
      "std": 1.0693191289901733,
      "min": 8.046627044677734e-07,
      "max": 39.627708435058594,
      "p50": 0.8805313110351562,
      "p90": 2.44111967086792,
      "p95": 3.091644048690796,
      "p99": 4.73527193069458
    },
    "se_summary": {
      "mean": 2.4581501483917236,
      "std": 9.919832229614258,
      "min": 6.474820679613913e-13,
      "max": 1570.355224609375,
      "p50": 0.7753353118896484,
      "p90": 5.959064960479736,
      "p95": 9.558262825012207,
      "p99": 22.42279815673828
    }
  }
}