{
  "train": {
    "mse": 0.30492353439331055,
    "rmse": 0.5521988178123081,
    "mae": 0.38715407252311707,
    "w2_global": 0.15981726348400116,
    "ae_summary": {
      "mean": 0.38715407252311707,
      "std": 0.39374518394470215,
      "min": 5.424022674560547e-06,
      "max": 4.7037482261657715,
      "p50": 0.27281609177589417,
      "p90": 0.8591628670692444,
      "p95": 1.1165494918823242,
      "p99": 1.87836754322052
    },
    "se_summary": {
      "mean": 0.30492353439331055,
      "std": 0.8341019153594971,
      "min": 2.942002197414695e-11,
      "max": 22.125247955322266,
      "p50": 0.07442861795425415,
      "p90": 0.7381609082221985,
      "p95": 1.2466827630996704,
      "p99": 3.5282673835754395
    }
  },
  "val": {
    "mse": 0.5539321899414062,
    "rmse": 0.7442662090552051,
    "mae": 0.5265947580337524,
    "w2_global": 0.21108584105968475,
    "ae_summary": {
      "mean": 0.5265947580337524,
      "std": 0.5259564518928528,
      "min": 0.0001316666603088379,
      "max": 4.129916191101074,
      "p50": 0.36501389741897583,
      "p90": 1.1836423873901367,
      "p95": 1.5742546319961548,
      "p99": 2.4834392070770264
    },
    "se_summary": {
      "mean": 0.5539321899414062,
      "std": 1.2432072162628174,
      "min": 1.7336109436882907e-08,
      "max": 17.05620765686035,
      "p50": 0.1332351565361023,
      "p90": 1.4010093212127686,
      "p95": 2.478280782699585,
      "p99": 6.167540550231934
    }
  },
  "test": {
    "mse": 0.44193974137306213,
    "rmse": 0.6647854852304329,
    "mae": 0.45674312114715576,
    "w2_global": 0.18153901398181915,
    "ae_summary": {
      "mean": 0.45674312114715576,
      "std": 0.48303771018981934,
      "min": 1.8231570720672607e-05,
      "max": 8.449193954467773,
      "p50": 0.30639249086380005,
      "p90": 1.0542515516281128,
      "p95": 1.3741471767425537,
      "p99": 2.1841342449188232
    },
    "se_summary": {
      "mean": 0.44193974137306213,
      "std": 1.5422587394714355,
      "min": 3.323901709428867e-10,
      "max": 71.38887786865234,
      "p50": 0.09387636184692383,
      "p90": 1.111446499824524,
      "p95": 1.888280987739563,
      "p99": 4.770444393157959
    }
  }
}