{
  "best_alpha": 0.99,
  "best_gamma": 5.0,
  "alpha_grid": [
    0.99
  ],
  "gamma_grid": [
    5.0
  ],
  "results": {
    "(0.99, 5.0)": {
      "val_loss": 0.025699633961686723,
      "val_eval": 1.3043396931428175,
      "epoch": 30,
      "mse": 1.3043396931428175
    }
  },
  "standalone_mode": true
}