{
  "train": {
    "mse": 0.020862508565187454,
    "rmse": 0.14443859790647184,
    "mae": 0.0940023809671402,
    "w2_global": 0.4177435040473938,
    "ae_summary": {
      "mean": 0.0940023809671402,
      "std": 0.10966338962316513,
      "min": 1.8998980522155762e-06,
      "max": 3.4994382858276367,
      "p50": 0.06549215316772461,
      "p90": 0.2034105807542801,
      "p95": 0.27244651317596436,
      "p99": 0.48487237095832825
    },
    "se_summary": {
      "mean": 0.020862508565187454,
      "std": 0.12227387726306915,
      "min": 3.6096126088125402e-12,
      "max": 12.246068000793457,
      "p50": 0.004289221949875355,
      "p90": 0.041375868022441864,
      "p95": 0.07422710210084915,
      "p99": 0.23510122299194336
    }
  },
  "val": {
    "mse": 1.2837859392166138,
    "rmse": 1.1330427790761537,
    "mae": 0.7965882420539856,
    "w2_global": 0.42666974663734436,
    "ae_summary": {
      "mean": 0.7965882420539856,
      "std": 0.8057500123977661,
      "min": 9.313225746154785e-09,
      "max": 47.75661087036133,
      "p50": 0.6135876178741455,
      "p90": 1.6976752281188965,
      "p95": 2.1440932750701904,
      "p99": 3.206960916519165
    },
    "se_summary": {
      "mean": 1.2837859392166138,
      "std": 10.507294654846191,
      "min": 8.673617379884035e-17,
      "max": 2280.69384765625,
      "p50": 0.3764897584915161,
      "p90": 2.88210129737854,
      "p95": 4.5971360206604,
      "p99": 10.284598350524902
    }
  },
  "test": {
    "mse": 1.296689510345459,
    "rmse": 1.1387227539420905,
    "mae": 0.799672544002533,
    "w2_global": 0.442473828792572,
    "ae_summary": {
      "mean": 0.799672544002533,
      "std": 0.8106869459152222,
      "min": 5.774199962615967e-07,
      "max": 66.61900329589844,
      "p50": 0.6194045543670654,
      "p90": 1.7020078897476196,
      "p95": 2.14568829536438,
      "p99": 3.193502426147461
    },
    "se_summary": {
      "mean": 1.296689510345459,
      "std": 13.558436393737793,
      "min": 3.334138520827423e-13,
      "max": 4438.091796875,
      "p50": 0.38366201519966125,
      "p90": 2.8968307971954346,
      "p95": 4.603979110717773,
      "p99": 10.198457717895508
    }
  }
}