{
  "train": {
    "mse": 0.0,
    "rmse": 0.0,
    "mae": 0.0,
    "w2_global": 0.49490395188331604,
    "ae_summary": {
      "mean": 0.0,
      "std": 0.0,
      "min": 0.0,
      "max": 0.0,
      "p50": 0.0,
      "p90": 0.0,
      "p95": 0.0,
      "p99": 0.0
    },
    "se_summary": {
      "mean": 0.0,
      "std": 0.0,
      "min": 0.0,
      "max": 0.0,
      "p50": 0.0,
      "p90": 0.0,
      "p95": 0.0,
      "p99": 0.0
    }
  },
  "val": {
    "mse": 0.7207150459289551,
    "rmse": 0.8489493777186924,
    "mae": 0.4959462285041809,
    "w2_global": 0.5043143033981323,
    "ae_summary": {
      "mean": 0.4959462285041809,
      "std": 0.6890227198600769,
      "min": 8.009374141693115e-07,
      "max": 10.024398803710938,
      "p50": 0.22315183281898499,
      "p90": 1.3589601516723633,
      "p95": 1.9164304733276367,
      "p99": 3.218592882156372
    },
    "se_summary": {
      "mean": 0.7207150459289551,
      "std": 2.242199420928955,
      "min": 6.415007414162233e-13,
      "max": 100.48857116699219,
      "p50": 0.04979673773050308,
      "p90": 1.8467726707458496,
      "p95": 3.67270565032959,
      "p99": 10.359339714050293
    }
  },
  "test": {
    "mse": 0.7269322276115417,
    "rmse": 0.8526032064281378,
    "mae": 0.48664695024490356,
    "w2_global": 0.5056957006454468,
    "ae_summary": {
      "mean": 0.48664695024490356,
      "std": 0.7000764012336731,
      "min": 5.569308996200562e-07,
      "max": 10.471051216125488,
      "p50": 0.2010912448167801,
      "p90": 1.3630036115646362,
      "p95": 1.9294995069503784,
      "p99": 3.2573888301849365
    },
    "se_summary": {
      "mean": 0.7269322276115417,
      "std": 2.344816207885742,
      "min": 3.1017202695160506e-13,
      "max": 109.64291381835938,
      "p50": 0.040437690913677216,
      "p90": 1.857778787612915,
      "p95": 3.722968339920044,
      "p99": 10.61058235168457
    }
  }
}