{
  "train": {
    "mse": 5709.720703125,
    "rmse": 75.56269385831212,
    "mae": 58.9851188659668,
    "w2_global": 0.009382716380059719,
    "ae_summary": {
      "mean": 58.9851188659668,
      "std": 47.22792053222656,
      "min": 4.0650367736816406e-05,
      "max": 348.9286804199219,
      "p50": 49.17997741699219,
      "p90": 116.89384460449219,
      "p95": 148.39891052246094,
      "p99": 231.0747528076172
    },
    "se_summary": {
      "mean": 5709.720703125,
      "std": 9718.34765625,
      "min": 1.6524523971384042e-09,
      "max": 121751.2265625,
      "p50": 2418.67041015625,
      "p90": 13664.169921875,
      "p95": 22022.236328125,
      "p99": 53395.54296875
    }
  },
  "val": {
    "mse": 0.003544286824762821,
    "rmse": 0.05953391323239907,
    "mae": 0.02599363960325718,
    "w2_global": 0.009451295249164104,
    "ae_summary": {
      "mean": 0.02599363960325718,
      "std": 0.053559478372335434,
      "min": 4.470348358154297e-08,
      "max": 1.9641408920288086,
      "p50": 0.015549421310424805,
      "p90": 0.055660296231508255,
      "p95": 0.07666938751935959,
      "p99": 0.15830764174461365
    },
    "se_summary": {
      "mean": 0.003544286824762821,
      "std": 0.0746922716498375,
      "min": 1.9984014443252818e-15,
      "max": 3.857849359512329,
      "p50": 0.0002417845098534599,
      "p90": 0.003098068293184042,
      "p95": 0.005878194700926542,
      "p99": 0.025061313062906265
    }
  },
  "test": {
    "mse": 0.0046354616060853004,
    "rmse": 0.06808422435546505,
    "mae": 0.02650555968284607,
    "w2_global": 0.008813363499939442,
    "ae_summary": {
      "mean": 0.02650555968284607,
      "std": 0.06271297484636307,
      "min": 0.0,
      "max": 3.2178025245666504,
      "p50": 0.015346288681030273,
      "p90": 0.05519448220729828,
      "p95": 0.07758580893278122,
      "p99": 0.1569521576166153
    },
    "se_summary": {
      "mean": 0.0046354616060853004,
      "std": 0.09826481342315674,
      "min": 0.0,
      "max": 10.354252815246582,
      "p50": 0.00023550857440568507,
      "p90": 0.0030464306473731995,
      "p95": 0.006019557360559702,
      "p99": 0.02463397942483425
    }
  }
}