{
  "best_alpha": 0.99,
  "best_gamma": 5.0,
  "alpha_grid": [
    0.01,
    0.25,
    0.5,
    0.75,
    0.99
  ],
  "gamma_grid": [
    0.1,
    1.0,
    5.0,
    10.0
  ],
  "results": {
    "(0.01, 0.1)": {
      "val_loss": 1.0075080394744873,
      "val_eval": 1.3153455257415771,
      "epochs": 30,
      "mse": 1.3153455257415771,
      "w2_global": 0.0811845138669014,
      "cvar": 3.288994789123535
    },
    "(0.01, 1.0)": {
      "val_loss": 1.0199642181396484,
      "val_eval": 1.340254783630371,
      "epochs": 30,
      "mse": 1.340254783630371,
      "w2_global": 0.08094406872987747,
      "cvar": 3.4353041648864746
    },
    "(0.01, 5.0)": {
      "val_loss": 0.9964454770088196,
      "val_eval": 1.3083574771881104,
      "epochs": 30,
      "mse": 1.3083574771881104,
      "w2_global": 0.08101259917020798,
      "cvar": 3.318936586380005
    },
    "(0.01, 10.0)": {
      "val_loss": 1.013570785522461,
      "val_eval": 1.3273534774780273,
      "epochs": 30,
      "mse": 1.3273534774780273,
      "w2_global": 0.08039736747741699,
      "cvar": 3.346522808074951
    },
    "(0.25, 0.1)": {
      "val_loss": 0.7917110323905945,
      "val_eval": 0.8991705179214478,
      "epochs": 30,
      "mse": 0.8991705179214478,
      "w2_global": 0.02080877125263214,
      "cvar": 2.0996577739715576
    },
    "(0.25, 1.0)": {
      "val_loss": 0.7424018979072571,
      "val_eval": 0.8525868058204651,
      "epochs": 30,
      "mse": 0.8525868058204651,
      "w2_global": 0.01947426237165928,
      "cvar": 2.010786533355713
    },
    "(0.25, 5.0)": {
      "val_loss": 0.7157193422317505,
      "val_eval": 0.8059228658676147,
      "epochs": 30,
      "mse": 0.8059229254722595,
      "w2_global": 0.014178075827658176,
      "cvar": 1.883090853691101
    },
    "(0.25, 10.0)": {
      "val_loss": 0.7278828024864197,
      "val_eval": 0.8332231044769287,
      "epochs": 30,
      "mse": 0.8332231044769287,
      "w2_global": 0.016960646957159042,
      "cvar": 1.9279851913452148
    },
    "(0.5, 0.1)": {
      "val_loss": 0.6508763432502747,
      "val_eval": 0.723273515701294,
      "epochs": 30,
      "mse": 0.723273515701294,
      "w2_global": 0.015243910253047943,
      "cvar": 1.7188472747802734
    },
    "(0.5, 1.0)": {
      "val_loss": 0.6053422689437866,
      "val_eval": 0.702122688293457,
      "epochs": 30,
      "mse": 0.7021227478981018,
      "w2_global": 0.010450239293277264,
      "cvar": 1.649472951889038
    },
    "(0.5, 5.0)": {
      "val_loss": 0.6352230310440063,
      "val_eval": 0.714862048625946,
      "epochs": 30,
      "mse": 0.7148621082305908,
      "w2_global": 0.01029157917946577,
      "cvar": 1.6873000860214233
    },
    "(0.5, 10.0)": {
      "val_loss": 0.6562128663063049,
      "val_eval": 0.7328835725784302,
      "epochs": 30,
      "mse": 0.7328835725784302,
      "w2_global": 0.015887290239334106,
      "cvar": 1.718848466873169
    },
    "(0.75, 0.1)": {
      "val_loss": 0.5899999141693115,
      "val_eval": 0.6709645986557007,
      "epochs": 30,
      "mse": 0.6709645986557007,
      "w2_global": 0.013330855406820774,
      "cvar": 1.5432027578353882
    },
    "(0.75, 1.0)": {
      "val_loss": 0.5561034679412842,
      "val_eval": 0.6397623419761658,
      "epochs": 30,
      "mse": 0.6397624015808105,
      "w2_global": 0.009399641305208206,
      "cvar": 1.469475507736206
    },
    "(0.75, 5.0)": {
      "val_loss": 0.5998128056526184,
      "val_eval": 0.675013542175293,
      "epochs": 30,
      "mse": 0.675013542175293,
      "w2_global": 0.010531173087656498,
      "cvar": 1.5402047634124756
    },
    "(0.75, 10.0)": {
      "val_loss": 0.6025158762931824,
      "val_eval": 0.6631237864494324,
      "epochs": 30,
      "mse": 0.6631237268447876,
      "w2_global": 0.012963768094778061,
      "cvar": 1.5388401746749878
    },
    "(0.99, 0.1)": {
      "val_loss": 0.5356817841529846,
      "val_eval": 0.6050403118133545,
      "epochs": 30,
      "mse": 0.6050403714179993,
      "w2_global": 0.014210900291800499,
      "cvar": 1.4357671737670898
    },
    "(0.99, 1.0)": {
      "val_loss": 0.5208359360694885,
      "val_eval": 0.5949292182922363,
      "epochs": 30,
      "mse": 0.5949292182922363,
      "w2_global": 0.014065200462937355,
      "cvar": 1.3591482639312744
    },
    "(0.99, 5.0)": {
      "val_loss": 0.5105741024017334,
      "val_eval": 0.5823591351509094,
      "epochs": 30,
      "mse": 0.5823591351509094,
      "w2_global": 0.015067416243255138,
      "cvar": 1.3188917636871338
    },
    "(0.99, 10.0)": {
      "val_loss": 0.5356897115707397,
      "val_eval": 0.5990437865257263,
      "epochs": 30,
      "mse": 0.5990437269210815,
      "w2_global": 0.01303442195057869,
      "cvar": 1.3607661724090576
    }
  }
}