{
  "train": {
    "mse": 0.5019763708114624,
    "rmse": 0.7085029081178583,
    "mae": 0.48425301909446716,
    "w2_global": 0.04410538077354431,
    "ae_summary": {
      "mean": 0.48425301909446716,
      "std": 0.5171802639961243,
      "min": 3.334134817123413e-06,
      "max": 35.59027099609375,
      "p50": 0.34702637791633606,
      "p90": 1.0558446645736694,
      "p95": 1.3808261156082153,
      "p99": 2.2647907733917236
    },
    "se_summary": {
      "mean": 0.5019763708114624,
      "std": 4.264128684997559,
      "min": 1.1116454978754575e-11,
      "max": 1266.6673583984375,
      "p50": 0.12042731046676636,
      "p90": 1.1148080825805664,
      "p95": 1.906680941581726,
      "p99": 5.12927770614624
    }
  },
  "val": {
    "mse": 0.5823591351509094,
    "rmse": 0.763124586912851,
    "mae": 0.5316274166107178,
    "w2_global": 0.015067416243255138,
    "ae_summary": {
      "mean": 0.5316274166107178,
      "std": 0.5474773049354553,
      "min": 0.00013136863708496094,
      "max": 7.219280242919922,
      "p50": 0.38277924060821533,
      "p90": 1.1484301090240479,
      "p95": 1.5179893970489502,
      "p99": 2.454303741455078
    },
    "se_summary": {
      "mean": 0.5823591351509094,
      "std": 1.8660979270935059,
      "min": 1.7257718809560174e-08,
      "max": 52.11800765991211,
      "p50": 0.14651994407176971,
      "p90": 1.3188917636871338,
      "p95": 2.3042945861816406,
      "p99": 6.023623943328857
    }
  },
  "test": {
    "mse": 0.6787546873092651,
    "rmse": 0.8238656973738288,
    "mae": 0.559502899646759,
    "w2_global": 0.036594606935977936,
    "ae_summary": {
      "mean": 0.559502899646759,
      "std": 0.6047406196594238,
      "min": 3.129243850708008e-07,
      "max": 22.35498809814453,
      "p50": 0.3940073251724243,
      "p90": 1.2400684356689453,
      "p95": 1.6373893022537231,
      "p99": 2.724590539932251
    },
    "se_summary": {
      "mean": 0.6787546873092651,
      "std": 4.44830846786499,
      "min": 9.792167077193881e-14,
      "max": 499.7454833984375,
      "p50": 0.15524178743362427,
      "p90": 1.5377695560455322,
      "p95": 2.6810436248779297,
      "p99": 7.423394203186035
    }
  }
}