{
  "train": {
    "mse": 0.0,
    "rmse": 0.0,
    "mae": 0.0,
    "w2_global": 3.783390522003174,
    "ae_summary": {
      "mean": 0.0,
      "std": 0.0,
      "min": 0.0,
      "max": 0.0,
      "p50": 0.0,
      "p90": 0.0,
      "p95": 0.0,
      "p99": 0.0
    },
    "se_summary": {
      "mean": 0.0,
      "std": 0.0,
      "min": 0.0,
      "max": 0.0,
      "p50": 0.0,
      "p90": 0.0,
      "p95": 0.0,
      "p99": 0.0
    }
  },
  "val": {
    "mse": 19.44776725769043,
    "rmse": 4.4099622739531945,
    "mae": 4.081962585449219,
    "w2_global": 3.798654317855835,
    "ae_summary": {
      "mean": 4.081962585449219,
      "std": 1.668935775756836,
      "min": 8.058547973632812e-05,
      "max": 46.59029006958008,
      "p50": 3.985139846801758,
      "p90": 6.394752502441406,
      "p95": 6.869384288787842,
      "p99": 7.637800693511963
    },
    "se_summary": {
      "mean": 19.44776725769043,
      "std": 17.759815216064453,
      "min": 6.494019544334151e-09,
      "max": 2170.655029296875,
      "p50": 15.881339073181152,
      "p90": 40.89285659790039,
      "p95": 47.188438415527344,
      "p99": 58.33599853515625
    }
  },
  "test": {
    "mse": 19.228282928466797,
    "rmse": 4.385006605293405,
    "mae": 4.061988830566406,
    "w2_global": 3.7716386318206787,
    "ae_summary": {
      "mean": 4.061988830566406,
      "std": 1.6518266201019287,
      "min": 0.0004520416259765625,
      "max": 63.28630828857422,
      "p50": 3.994809150695801,
      "p90": 6.338380336761475,
      "p95": 6.847151279449463,
      "p99": 7.625148296356201
    },
    "se_summary": {
      "mean": 19.228282928466797,
      "std": 18.347900390625,
      "min": 2.0434163161553442e-07,
      "max": 4005.15673828125,
      "p50": 15.958499908447266,
      "p90": 40.17506408691406,
      "p95": 46.88347625732422,
      "p99": 58.14288330078125
    }
  }
}