{
  "test": {
    "mse": 0.03824039548635483,
    "rmse": 0.19555151619548958,
    "mae": 0.07435635477304459,
    "w2_global": 0.014562529511749744,
    "ae_summary": {
      "mean": 0.07435635477304459,
      "std": 0.18086329102516174,
      "min": 1.862645149230957e-06,
      "max": 2.47829008102417,
      "p50": 0.02071104198694229,
      "p90": 0.16441470384597778,
      "p95": 0.3085726201534271,
      "p99": 0.9864009022712708
    },
    "se_summary": {
      "mean": 0.03824039548635483,
      "std": 0.25094497203826904,
      "min": 3.469446951953614e-12,
      "max": 6.141921520233154,
      "p50": 0.000428947270847857,
      "p90": 0.027032196521759033,
      "p95": 0.09521706402301788,
      "p99": 0.9730026721954346
    }
  }
}