{
  "train": {
    "mse": 0.0,
    "rmse": 0.0,
    "mae": 0.0,
    "w2_global": 0.1410340517759323,
    "ae_summary": {
      "mean": 0.0,
      "std": 0.0,
      "min": 0.0,
      "max": 0.0,
      "p50": 0.0,
      "p90": 0.0,
      "p95": 0.0,
      "p99": 0.0
    },
    "se_summary": {
      "mean": 0.0,
      "std": 0.0,
      "min": 0.0,
      "max": 0.0,
      "p50": 0.0,
      "p90": 0.0,
      "p95": 0.0,
      "p99": 0.0
    }
  },
  "val": {
    "mse": 0.27159664034843445,
    "rmse": 0.5211493455320024,
    "mae": 0.254286527633667,
    "w2_global": 0.14067862927913666,
    "ae_summary": {
      "mean": 0.254286527633667,
      "std": 0.4549011290073395,
      "min": 5.960464477539062e-07,
      "max": 3.405221700668335,
      "p50": 0.08647286891937256,
      "p90": 0.6796727180480957,
      "p95": 1.032302975654602,
      "p99": 3.0413756370544434
    },
    "se_summary": {
      "mean": 0.27159664034843445,
      "std": 1.1474860906600952,
      "min": 3.552713678800501e-13,
      "max": 11.595535278320312,
      "p50": 0.00747755728662014,
      "p90": 0.4619549810886383,
      "p95": 1.065649390220642,
      "p99": 9.24996566772461
    }
  },
  "test": {
    "mse": 0.3013345003128052,
    "rmse": 0.5489394322808347,
    "mae": 0.2787099778652191,
    "w2_global": 0.14890360832214355,
    "ae_summary": {
      "mean": 0.2787099778652191,
      "std": 0.47292202711105347,
      "min": 4.76837158203125e-07,
      "max": 3.4413506984710693,
      "p50": 0.1102023720741272,
      "p90": 0.724197506904602,
      "p95": 1.089728593826294,
      "p99": 3.0847959518432617
    },
    "se_summary": {
      "mean": 0.3013345003128052,
      "std": 1.21151864528656,
      "min": 2.2737367544323206e-13,
      "max": 11.842894554138184,
      "p50": 0.012144562788307667,
      "p90": 0.5244619846343994,
      "p95": 1.187508463859558,
      "p99": 9.51596736907959
    }
  }
}