{
  "train": {
    "mse": 0.0,
    "rmse": 0.0,
    "mae": 0.0,
    "w2_global": 0.016010727733373642,
    "ae_summary": {
      "mean": 0.0,
      "std": 0.0,
      "min": 0.0,
      "max": 0.0,
      "p50": 0.0,
      "p90": 0.0,
      "p95": 0.0,
      "p99": 0.0
    },
    "se_summary": {
      "mean": 0.0,
      "std": 0.0,
      "min": 0.0,
      "max": 0.0,
      "p50": 0.0,
      "p90": 0.0,
      "p95": 0.0,
      "p99": 0.0
    }
  },
  "val": {
    "mse": 0.11501401662826538,
    "rmse": 0.33913716491747903,
    "mae": 0.21606895327568054,
    "w2_global": 0.018809117376804352,
    "ae_summary": {
      "mean": 0.21606895327568054,
      "std": 0.2613966763019562,
      "min": 5.054473876953125e-05,
      "max": 3.058175563812256,
      "p50": 0.13847067952156067,
      "p90": 0.45698514580726624,
      "p95": 0.641765296459198,
      "p99": 1.308375597000122
    },
    "se_summary": {
      "mean": 0.11501401662826538,
      "std": 0.4447534680366516,
      "min": 2.5547706172801554e-09,
      "max": 9.352437973022461,
      "p50": 0.019174953922629356,
      "p90": 0.2088414579629898,
      "p95": 0.4118659496307373,
      "p99": 1.7119916677474976
    }
  },
  "test": {
    "mse": 0.11124591529369354,
    "rmse": 0.3335354783133176,
    "mae": 0.2133030742406845,
    "w2_global": 0.016180407255887985,
    "ae_summary": {
      "mean": 0.2133030742406845,
      "std": 0.25641319155693054,
      "min": 2.0265579223632812e-06,
      "max": 3.3630573749542236,
      "p50": 0.14239667356014252,
      "p90": 0.45624542236328125,
      "p95": 0.6431568264961243,
      "p99": 1.2725387811660767
    },
    "se_summary": {
      "mean": 0.11124591529369354,
      "std": 0.4486393332481384,
      "min": 4.106937012693379e-12,
      "max": 11.310154914855957,
      "p50": 0.020276814699172974,
      "p90": 0.20816007256507874,
      "p95": 0.4136509597301483,
      "p99": 1.61935555934906
    }
  }
}