{
  "test": {
    "mse": 0.3712637722492218,
    "rmse": 0.6093141818874904,
    "mae": 0.40510571002960205,
    "w2_global": 0.18493147194385529,
    "ae_summary": {
      "mean": 0.40510571002960205,
      "std": 0.45514076948165894,
      "min": 1.3113021850585938e-06,
      "max": 5.921348571777344,
      "p50": 0.25539031624794006,
      "p90": 0.9578427076339722,
      "p95": 1.3044168949127197,
      "p99": 2.069995403289795
    },
    "se_summary": {
      "mean": 0.3712637722492218,
      "std": 1.0207979679107666,
      "min": 1.7195134205394424e-12,
      "max": 35.06237030029297,
      "p50": 0.06522421538829803,
      "p90": 0.9174627065658569,
      "p95": 1.7015033960342407,
      "p99": 4.284882068634033
    }
  }
}