{
  "train": {
    "mse": 0.6330772638320923,
    "rmse": 0.7956615259217278,
    "mae": 0.6565801501274109,
    "w2_global": 0.49141913652420044,
    "ae_summary": {
      "mean": 0.6565801501274109,
      "std": 0.4494216740131378,
      "min": 2.034008502960205e-06,
      "max": 3.102677822113037,
      "p50": 0.6620126366615295,
      "p90": 1.082898497581482,
      "p95": 1.2587144374847412,
      "p99": 2.4367499351501465
    },
    "se_summary": {
      "mean": 0.6330772638320923,
      "std": 0.9590858817100525,
      "min": 4.1371905901144146e-12,
      "max": 9.626609802246094,
      "p50": 0.4382607340812683,
      "p90": 1.1726690530776978,
      "p95": 1.5843620300292969,
      "p99": 5.937750339508057
    }
  },
  "val": {
    "mse": 0.9209593534469604,
    "rmse": 0.9596662719127731,
    "mae": 0.827964723110199,
    "w2_global": 0.4930098354816437,
    "ae_summary": {
      "mean": 0.827964723110199,
      "std": 0.48521512746810913,
      "min": 0.00016364967450499535,
      "max": 3.0130133628845215,
      "p50": 0.8764674663543701,
      "p90": 1.2373536825180054,
      "p95": 1.5958833694458008,
      "p99": 2.6743814945220947
    },
    "se_summary": {
      "mean": 0.9209593534469604,
      "std": 1.2020604610443115,
      "min": 2.6781215467508446e-08,
      "max": 9.07824993133545,
      "p50": 0.7681952118873596,
      "p90": 1.5310441255569458,
      "p95": 2.5468435287475586,
      "p99": 7.152315616607666
    }
  },
  "test": {
    "mse": 0.9352017641067505,
    "rmse": 0.9670583043988353,
    "mae": 0.823084831237793,
    "w2_global": 0.4847654700279236,
    "ae_summary": {
      "mean": 0.823084831237793,
      "std": 0.5076742768287659,
      "min": 6.8498775362968445e-06,
      "max": 3.04689621925354,
      "p50": 0.8690856099128723,
      "p90": 1.2611545324325562,
      "p95": 1.6720170974731445,
      "p99": 2.6947128772735596
    },
    "se_summary": {
      "mean": 0.9352017641067505,
      "std": 1.2604179382324219,
      "min": 4.692082139490239e-11,
      "max": 9.283576965332031,
      "p50": 0.7553098201751709,
      "p90": 1.5905108451843262,
      "p95": 2.7956411838531494,
      "p99": 7.261476993560791
    }
  }
}