{
  "train": {
    "mse": 0.0,
    "rmse": 0.0,
    "mae": 0.0,
    "w2_global": 0.03351256251335144,
    "ae_summary": {
      "mean": 0.0,
      "std": 0.0,
      "min": 0.0,
      "max": 0.0,
      "p50": 0.0,
      "p90": 0.0,
      "p95": 0.0,
      "p99": 0.0
    },
    "se_summary": {
      "mean": 0.0,
      "std": 0.0,
      "min": 0.0,
      "max": 0.0,
      "p50": 0.0,
      "p90": 0.0,
      "p95": 0.0,
      "p99": 0.0
    }
  },
  "val": {
    "mse": 1.4630722999572754,
    "rmse": 1.2095752560123225,
    "mae": 0.8888167142868042,
    "w2_global": 0.04688937962055206,
    "ae_summary": {
      "mean": 0.8888167142868042,
      "std": 0.8204127550125122,
      "min": 0.0004386603832244873,
      "max": 9.965129852294922,
      "p50": 0.6817070245742798,
      "p90": 1.9001145362854004,
      "p95": 2.3801307678222656,
      "p99": 3.6896097660064697
    },
    "se_summary": {
      "mean": 1.4630722999572754,
      "std": 3.7196693420410156,
      "min": 1.9242293092247564e-07,
      "max": 99.3038101196289,
      "p50": 0.46472448110580444,
      "p90": 3.6104352474212646,
      "p95": 5.665021896362305,
      "p99": 13.613219261169434
    }
  },
  "test": {
    "mse": 1.198966145515442,
    "rmse": 1.094973125476348,
    "mae": 0.8131987452507019,
    "w2_global": 0.03454359248280525,
    "ae_summary": {
      "mean": 0.8131987452507019,
      "std": 0.7332625985145569,
      "min": 0.0001564621925354004,
      "max": 10.709473609924316,
      "p50": 0.6375861167907715,
      "p90": 1.6985400915145874,
      "p95": 2.1877200603485107,
      "p99": 3.3484766483306885
    },
    "se_summary": {
      "mean": 1.198966145515442,
      "std": 2.9411237239837646,
      "min": 2.4480417692984702e-08,
      "max": 114.69282531738281,
      "p50": 0.40651607513427734,
      "p90": 2.8850388526916504,
      "p95": 4.78611946105957,
      "p99": 11.212296485900879
    }
  }
}