{
  "best_alpha": 0.75,
  "best_gamma": 10.0,
  "alpha_grid": [
    0.75
  ],
  "gamma_grid": [
    10.0
  ],
  "results": {
    "(0.75, 10.0)": {
      "val_loss": 0.3310903711960866,
      "val_eval": 0.4330903933598445,
      "epoch": 27,
      "mse": 0.4330903933598445
    }
  },
  "standalone_mode": true
}