{
  "train": {
    "mse": 0.32483723759651184,
    "rmse": 0.569944942601048,
    "mae": 0.31129032373428345,
    "w2_global": 0.04113537445664406,
    "ae_summary": {
      "mean": 0.31129032373428345,
      "std": 0.4774259924888611,
      "min": 3.5762786865234375e-07,
      "max": 72.2694091796875,
      "p50": 0.1876317262649536,
      "p90": 0.7041213512420654,
      "p95": 0.9854027628898621,
      "p99": 1.8236535787582397
    },
    "se_summary": {
      "mean": 0.32483723759651184,
      "std": 10.08846378326416,
      "min": 1.2789769243681803e-13,
      "max": 5222.86767578125,
      "p50": 0.0352056659758091,
      "p90": 0.4957868754863739,
      "p95": 0.9710186123847961,
      "p99": 3.3257126808166504
    }
  },
  "val": {
    "mse": 0.4364989995956421,
    "rmse": 0.660680709265559,
    "mae": 0.3324176073074341,
    "w2_global": 0.07190660387277603,
    "ae_summary": {
      "mean": 0.3324176073074341,
      "std": 0.5709619522094727,
      "min": 4.187040030956268e-05,
      "max": 37.101287841796875,
      "p50": 0.19962766766548157,
      "p90": 0.7429588437080383,
      "p95": 1.0421030521392822,
      "p99": 1.952568531036377
    },
    "se_summary": {
      "mean": 0.4364989995956421,
      "std": 12.380441665649414,
      "min": 1.7531304186135799e-09,
      "max": 1376.505615234375,
      "p50": 0.03985120728611946,
      "p90": 0.551987886428833,
      "p95": 1.0859787464141846,
      "p99": 3.8125240802764893
    }
  },
  "test": {
    "mse": 0.4103846848011017,
    "rmse": 0.6406127416787006,
    "mae": 0.32620421051979065,
    "w2_global": 0.048787422478199005,
    "ae_summary": {
      "mean": 0.32620421051979065,
      "std": 0.5513397455215454,
      "min": 1.5854835510253906e-05,
      "max": 25.585926055908203,
      "p50": 0.19412434101104736,
      "p90": 0.7330864667892456,
      "p95": 1.0164813995361328,
      "p99": 1.9271254539489746
    },
    "se_summary": {
      "mean": 0.4103846848011017,
      "std": 8.525012016296387,
      "min": 2.5137580905720824e-10,
      "max": 654.6395874023438,
      "p50": 0.03768426179885864,
      "p90": 0.5374157428741455,
      "p95": 1.0332344770431519,
      "p99": 3.7138137817382812
    }
  }
}