{
  "train": {
    "mse": 0.010431323200464249,
    "rmse": 0.10213384943525945,
    "mae": 0.06692352890968323,
    "w2_global": 0.558577299118042,
    "ae_summary": {
      "mean": 0.06692352890968323,
      "std": 0.07715285569429398,
      "min": 0.00011317431926727295,
      "max": 0.6752185821533203,
      "p50": 0.043967366218566895,
      "p90": 0.14720086753368378,
      "p95": 0.22429709136486053,
      "p99": 0.37658295035362244
    },
    "se_summary": {
      "mean": 0.010431323200464249,
      "std": 0.030837861821055412,
      "min": 1.2808426319566024e-08,
      "max": 0.45592013001441956,
      "p50": 0.001933129271492362,
      "p90": 0.021668100729584694,
      "p95": 0.05030941590666771,
      "p99": 0.14181874692440033
    }
  },
  "val": {
    "mse": 1.2114051580429077,
    "rmse": 1.1006385228779283,
    "mae": 0.8422238230705261,
    "w2_global": 0.5118280053138733,
    "ae_summary": {
      "mean": 0.8422238230705261,
      "std": 0.7085647583007812,
      "min": 0.00021366402506828308,
      "max": 5.074854850769043,
      "p50": 0.6426005363464355,
      "p90": 1.902301549911499,
      "p95": 2.2169487476348877,
      "p99": 3.0389111042022705
    },
    "se_summary": {
      "mean": 1.2114051580429077,
      "std": 1.9477097988128662,
      "min": 4.5652313929167576e-08,
      "max": 25.754152297973633,
      "p50": 0.41293543577194214,
      "p90": 3.6187517642974854,
      "p95": 4.914861679077148,
      "p99": 9.235160827636719
    }
  },
  "test": {
    "mse": 1.0974228382110596,
    "rmse": 1.0475795140279613,
    "mae": 0.8056159019470215,
    "w2_global": 0.5900029540061951,
    "ae_summary": {
      "mean": 0.8056159019470215,
      "std": 0.6696311831474304,
      "min": 2.9668211936950684e-05,
      "max": 4.995595932006836,
      "p50": 0.6371680498123169,
      "p90": 1.7443805932998657,
      "p95": 2.1415228843688965,
      "p99": 2.7793214321136475
    },
    "se_summary": {
      "mean": 1.0974228382110596,
      "std": 1.9006763696670532,
      "min": 8.80202799535823e-10,
      "max": 24.955978393554688,
      "p50": 0.4059831500053406,
      "p90": 3.0428647994995117,
      "p95": 4.586123466491699,
      "p99": 7.72462797164917
    }
  }
}