{
  "train": {
    "mse": 0.2714071273803711,
    "rmse": 0.5209674916733011,
    "mae": 0.39134499430656433,
    "w2_global": 0.1915896236896515,
    "ae_summary": {
      "mean": 0.39134499430656433,
      "std": 0.3438839614391327,
      "min": 5.224347114562988e-05,
      "max": 2.9092516899108887,
      "p50": 0.29968583583831787,
      "p90": 0.8534486293792725,
      "p95": 1.0695046186447144,
      "p99": 1.5851160287857056
    },
    "se_summary": {
      "mean": 0.2714071273803711,
      "std": 0.50664222240448,
      "min": 2.729380277344262e-09,
      "max": 8.4637451171875,
      "p50": 0.08981160074472427,
      "p90": 0.7283746004104614,
      "p95": 1.1438403129577637,
      "p99": 2.5125982761383057
    }
  },
  "val": {
    "mse": 0.28770604729652405,
    "rmse": 0.5363823704192039,
    "mae": 0.4051104784011841,
    "w2_global": 0.19791334867477417,
    "ae_summary": {
      "mean": 0.4051104784011841,
      "std": 0.3515559136867523,
      "min": 4.0650367736816406e-05,
      "max": 3.2675952911376953,
      "p50": 0.3119557201862335,
      "p90": 0.8784259557723999,
      "p95": 1.1003201007843018,
      "p99": 1.5643043518066406
    },
    "se_summary": {
      "mean": 0.28770604729652405,
      "std": 0.5361810326576233,
      "min": 1.6524523971384042e-09,
      "max": 10.677179336547852,
      "p50": 0.09731636941432953,
      "p90": 0.771632194519043,
      "p95": 1.2107044458389282,
      "p99": 2.4470479488372803
    }
  },
  "test": {
    "mse": 0.3154851496219635,
    "rmse": 0.5616806473628618,
    "mae": 0.42286038398742676,
    "w2_global": 0.19229206442832947,
    "ae_summary": {
      "mean": 0.42286038398742676,
      "std": 0.3696947693824768,
      "min": 3.001093864440918e-05,
      "max": 3.3242597579956055,
      "p50": 0.322521835565567,
      "p90": 0.9223310351371765,
      "p95": 1.1505097150802612,
      "p99": 1.6770825386047363
    },
    "se_summary": {
      "mean": 0.3154851496219635,
      "std": 0.5829229950904846,
      "min": 9.006564383184923e-10,
      "max": 11.050703048706055,
      "p50": 0.10402033478021622,
      "p90": 0.8506945371627808,
      "p95": 1.3236726522445679,
      "p99": 2.8126060962677
    }
  }
}