{
  "train": {
    "mse": 0.0,
    "rmse": 0.0,
    "mae": 0.0,
    "w2_global": 0.36797797679901123,
    "ae_summary": {
      "mean": 0.0,
      "std": 0.0,
      "min": 0.0,
      "max": 0.0,
      "p50": 0.0,
      "p90": 0.0,
      "p95": 0.0,
      "p99": 0.0
    },
    "se_summary": {
      "mean": 0.0,
      "std": 0.0,
      "min": 0.0,
      "max": 0.0,
      "p50": 0.0,
      "p90": 0.0,
      "p95": 0.0,
      "p99": 0.0
    }
  },
  "val": {
    "mse": 0.9669969081878662,
    "rmse": 0.9833600094512011,
    "mae": 0.7051039934158325,
    "w2_global": 0.34290048480033875,
    "ae_summary": {
      "mean": 0.7051039934158325,
      "std": 0.6854380369186401,
      "min": 0.0,
      "max": 32.28556442260742,
      "p50": 0.552336573600769,
      "p90": 1.4634227752685547,
      "p95": 1.8238670825958252,
      "p99": 2.8818821907043457
    },
    "se_summary": {
      "mean": 0.9669969081878662,
      "std": 6.746254920959473,
      "min": 0.0,
      "max": 1042.357666015625,
      "p50": 0.30507564544677734,
      "p90": 2.141606092453003,
      "p95": 3.326491117477417,
      "p99": 8.305244445800781
    }
  },
  "test": {
    "mse": 0.9846394062042236,
    "rmse": 0.9922899809048883,
    "mae": 0.6991418600082397,
    "w2_global": 0.35880953073501587,
    "ae_summary": {
      "mean": 0.6991418600082397,
      "std": 0.704159140586853,
      "min": 0.0,
      "max": 35.8071174621582,
      "p50": 0.5482040643692017,
      "p90": 1.4539397954940796,
      "p95": 1.8225518465042114,
      "p99": 2.7542333602905273
    },
    "se_summary": {
      "mean": 0.9846394062042236,
      "std": 9.427377700805664,
      "min": 0.0,
      "max": 1282.149658203125,
      "p50": 0.3005276918411255,
      "p90": 2.113940954208374,
      "p95": 3.32169508934021,
      "p99": 7.585801601409912
    }
  }
}