{
  "test": {
    "mse": 1.0711236000061035,
    "rmse": 1.0349510133364301,
    "mae": 0.6346644163131714,
    "w2_global": 0.36448290944099426,
    "ae_summary": {
      "mean": 0.6346644163131714,
      "std": 0.817511260509491,
      "min": 1.1920928955078125e-06,
      "max": 31.447736740112305,
      "p50": 0.3573477268218994,
      "p90": 1.592663288116455,
      "p95": 2.1241824626922607,
      "p99": 3.6638481616973877
    },
    "se_summary": {
      "mean": 1.0711236000061035,
      "std": 4.6769700050354,
      "min": 1.4210854715202004e-12,
      "max": 988.9601440429688,
      "p50": 0.1276974081993103,
      "p90": 2.536576271057129,
      "p95": 4.512150764465332,
      "p99": 13.423782348632812
    }
  }
}