{
  "best_alpha": 0.99,
  "best_gamma": 0.1,
  "alpha_grid": [
    0.01,
    0.25,
    0.5,
    0.75,
    0.99
  ],
  "gamma_grid": [
    0.1,
    1.0,
    5.0,
    10.0
  ],
  "results": {
    "(0.01, 0.1)": {
      "val_loss": 822.2114445612981,
      "val_eval": 829.6826594426082,
      "epoch": 1,
      "mse": 830.189697265625,
      "w2_global": 26.481151580810547,
      "cvar": 1677.607666015625
    },
    "(0.01, 1.0)": {
      "val_loss": 277.0708266038161,
      "val_eval": 294.528080866887,
      "epoch": 1,
      "mse": 294.2688293457031,
      "w2_global": 15.382234573364258,
      "cvar": 852.6259155273438
    },
    "(0.01, 5.0)": {
      "val_loss": 575.5075167142428,
      "val_eval": 589.3613562950721,
      "epoch": 1,
      "mse": 589.0856323242188,
      "w2_global": 22.27644157409668,
      "cvar": 1442.6156005859375
    },
    "(0.01, 10.0)": {
      "val_loss": 266.7796630859375,
      "val_eval": 285.41998056265027,
      "epoch": 1,
      "mse": 285.327392578125,
      "w2_global": 15.241390228271484,
      "cvar": 681.47119140625
    },
    "(0.25, 0.1)": {
      "val_loss": 0.5153860541490408,
      "val_eval": 1.0792082777390113,
      "epoch": 30,
      "mse": 1.0560173988342285,
      "w2_global": 0.7372428774833679,
      "cvar": 2.276817560195923
    },
    "(0.25, 1.0)": {
      "val_loss": 64.0194091796875,
      "val_eval": 62.340122809776894,
      "epoch": 1,
      "mse": 62.313560485839844,
      "w2_global": 6.555872917175293,
      "cvar": 163.7313690185547
    },
    "(0.25, 5.0)": {
      "val_loss": 0.46327123504418594,
      "val_eval": 0.9834542412024277,
      "epoch": 29,
      "mse": 0.961925208568573,
      "w2_global": 0.7105047106742859,
      "cvar": 2.022301435470581
    },
    "(0.25, 10.0)": {
      "val_loss": 0.4733483539177821,
      "val_eval": 0.980391250206874,
      "epoch": 30,
      "mse": 0.9581731557846069,
      "w2_global": 0.6678438782691956,
      "cvar": 2.0336287021636963
    },
    "(0.5, 0.1)": {
      "val_loss": 0.4132021917746617,
      "val_eval": 0.8618823610819303,
      "epoch": 30,
      "mse": 0.8414722681045532,
      "w2_global": 0.611512303352356,
      "cvar": 1.7003058195114136
    },
    "(0.5, 1.0)": {
      "val_loss": 0.4099248808163863,
      "val_eval": 0.8596259584793677,
      "epoch": 29,
      "mse": 0.8399362564086914,
      "w2_global": 0.6215505599975586,
      "cvar": 1.689159870147705
    },
    "(0.5, 5.0)": {
      "val_loss": 0.4210690718430739,
      "val_eval": 0.870788730107821,
      "epoch": 30,
      "mse": 0.8496783375740051,
      "w2_global": 0.6012145280838013,
      "cvar": 1.7301881313323975
    },
    "(0.5, 10.0)": {
      "val_loss": 0.40237744037921613,
      "val_eval": 0.8347993722328773,
      "epoch": 30,
      "mse": 0.8148452043533325,
      "w2_global": 0.5941894054412842,
      "cvar": 1.6355212926864624
    },
    "(0.75, 0.1)": {
      "val_loss": 0.4009680702136113,
      "val_eval": 0.8272190002294687,
      "epoch": 30,
      "mse": 0.8082616329193115,
      "w2_global": 0.5799943208694458,
      "cvar": 1.6021517515182495
    },
    "(0.75, 1.0)": {
      "val_loss": 0.3942942160826463,
      "val_eval": 0.8183341301404513,
      "epoch": 29,
      "mse": 0.8000670671463013,
      "w2_global": 0.5789159536361694,
      "cvar": 1.5923722982406616
    },
    "(0.75, 5.0)": {
      "val_loss": 0.40429460543852586,
      "val_eval": 0.8254188941075251,
      "epoch": 29,
      "mse": 0.8062664866447449,
      "w2_global": 0.5711013078689575,
      "cvar": 1.5973174571990967
    },
    "(0.75, 10.0)": {
      "val_loss": 0.3967445676143353,
      "val_eval": 0.8150472595141485,
      "epoch": 30,
      "mse": 0.797317385673523,
      "w2_global": 0.5625621676445007,
      "cvar": 1.5679347515106201
    },
    "(0.99, 0.1)": {
      "val_loss": 0.39238861890939564,
      "val_eval": 0.8071370812562796,
      "epoch": 28,
      "mse": 0.78773432970047,
      "w2_global": 0.5551640391349792,
      "cvar": 1.555318832397461
    },
    "(0.99, 1.0)": {
      "val_loss": 0.3944914799470168,
      "val_eval": 0.8120204760478094,
      "epoch": 26,
      "mse": 0.7932930588722229,
      "w2_global": 0.5672153234481812,
      "cvar": 1.5630136728286743
    },
    "(0.99, 5.0)": {
      "val_loss": 0.3952356210121742,
      "val_eval": 0.8106430448018588,
      "epoch": 24,
      "mse": 0.7918409705162048,
      "w2_global": 0.5728239417076111,
      "cvar": 1.5615731477737427
    },
    "(0.99, 10.0)": {
      "val_loss": 0.39771779913168687,
      "val_eval": 0.815947793997251,
      "epoch": 30,
      "mse": 0.7963486313819885,
      "w2_global": 0.5714349150657654,
      "cvar": 1.5805590152740479
    }
  }
}