{
  "train": {
    "mse": 0.34623974561691284,
    "rmse": 0.5884214013926693,
    "mae": 0.3899833559989929,
    "w2_global": 0.5474522113800049,
    "ae_summary": {
      "mean": 0.3899833559989929,
      "std": 0.44062766432762146,
      "min": 6.735324859619141e-06,
      "max": 33.87124252319336,
      "p50": 0.2829785645008087,
      "p90": 0.8432761430740356,
      "p95": 1.1007083654403687,
      "p99": 1.8641422986984253
    },
    "se_summary": {
      "mean": 0.34623974561691284,
      "std": 4.5124616622924805,
      "min": 4.5364600964603596e-11,
      "max": 1147.2611083984375,
      "p50": 0.08007686585187912,
      "p90": 0.7111146450042725,
      "p95": 1.2115588188171387,
      "p99": 3.4750263690948486
    }
  },
  "val": {
    "mse": 0.78773432970047,
    "rmse": 0.8875439874735618,
    "mae": 0.5786803364753723,
    "w2_global": 0.5551640391349792,
    "ae_summary": {
      "mean": 0.5786803364753723,
      "std": 0.6729512810707092,
      "min": 1.2293457984924316e-05,
      "max": 48.91777038574219,
      "p50": 0.4141245484352112,
      "p90": 1.2471243143081665,
      "p95": 1.6354994773864746,
      "p99": 2.6885385513305664
    },
    "se_summary": {
      "mean": 0.78773432970047,
      "std": 9.578639030456543,
      "min": 1.5112910922709943e-10,
      "max": 2392.9482421875,
      "p50": 0.17149916291236877,
      "p90": 1.555318832397461,
      "p95": 2.674858570098877,
      "p99": 7.2282395362854
    }
  },
  "test": {
    "mse": 0.8194245100021362,
    "rmse": 0.905220696848087,
    "mae": 0.5810798406600952,
    "w2_global": 0.5662391185760498,
    "ae_summary": {
      "mean": 0.5810798406600952,
      "std": 0.6940969824790955,
      "min": 9.071081876754761e-07,
      "max": 38.825103759765625,
      "p50": 0.41345036029815674,
      "p90": 1.2482869625091553,
      "p95": 1.637773036956787,
      "p99": 2.749379873275757
    },
    "se_summary": {
      "mean": 0.8194245100021362,
      "std": 8.998579978942871,
      "min": 8.228452641478867e-13,
      "max": 1507.388671875,
      "p50": 0.17094120383262634,
      "p90": 1.558220386505127,
      "p95": 2.682300567626953,
      "p99": 7.559089183807373
    }
  }
}