{
  "train": {
    "mse": 1748.91064453125,
    "rmse": 41.819979011607,
    "mae": 31.291685104370117,
    "w2_global": 0.06813149154186249,
    "ae_summary": {
      "mean": 31.291685104370117,
      "std": 27.744211196899414,
      "min": 1.3809185475111008e-05,
      "max": 458.345947265625,
      "p50": 24.690776824951172,
      "p90": 64.92800903320312,
      "p95": 81.75375366210938,
      "p99": 129.8281707763672
    },
    "se_summary": {
      "mean": 1748.91064453125,
      "std": 3950.14306640625,
      "min": 1.9069359979972944e-10,
      "max": 210081.0,
      "p50": 609.6343994140625,
      "p90": 4215.64697265625,
      "p95": 6683.6767578125,
      "p99": 16855.35546875
    }
  },
  "val": {
    "mse": 0.1858881711959839,
    "rmse": 0.4311475051487413,
    "mae": 0.17008501291275024,
    "w2_global": 0.0714862123131752,
    "ae_summary": {
      "mean": 0.17008501291275024,
      "std": 0.3961808383464813,
      "min": 2.2351741790771484e-07,
      "max": 11.766233444213867,
      "p50": 0.026180028915405273,
      "p90": 0.4893483519554138,
      "p95": 0.8515875339508057,
      "p99": 1.9423415660858154
    },
    "se_summary": {
      "mean": 0.1858881711959839,
      "std": 1.2717667818069458,
      "min": 4.9960036108132044e-14,
      "max": 138.44424438476562,
      "p50": 0.0006853939266875386,
      "p90": 0.23946180939674377,
      "p95": 0.7252013683319092,
      "p99": 3.772691249847412
    }
  },
  "test": {
    "mse": 0.204337477684021,
    "rmse": 0.452037031319361,
    "mae": 0.18165670335292816,
    "w2_global": 0.07459305971860886,
    "ae_summary": {
      "mean": 0.18165670335292816,
      "std": 0.41393032670021057,
      "min": 2.3096799850463867e-07,
      "max": 11.397069931030273,
      "p50": 0.02886715531349182,
      "p90": 0.5185592770576477,
      "p95": 0.8996033072471619,
      "p99": 2.033607006072998
    },
    "se_summary": {
      "mean": 0.204337477684021,
      "std": 1.2800976037979126,
      "min": 5.334621633323877e-14,
      "max": 129.89320373535156,
      "p50": 0.0008333126315847039,
      "p90": 0.2689037024974823,
      "p95": 0.8092861175537109,
      "p99": 4.135557174682617
    }
  }
}