{
  "train": {
    "mse": 0.0,
    "rmse": 0.0,
    "mae": 0.0,
    "w2_global": 0.5488212704658508,
    "ae_summary": {
      "mean": 0.0,
      "std": 0.0,
      "min": 0.0,
      "max": 0.0,
      "p50": 0.0,
      "p90": 0.0,
      "p95": 0.0,
      "p99": 0.0
    },
    "se_summary": {
      "mean": 0.0,
      "std": 0.0,
      "min": 0.0,
      "max": 0.0,
      "p50": 0.0,
      "p90": 0.0,
      "p95": 0.0,
      "p99": 0.0
    }
  },
  "val": {
    "mse": 0.7178906202316284,
    "rmse": 0.8472842617632104,
    "mae": 0.579252302646637,
    "w2_global": 0.530826210975647,
    "ae_summary": {
      "mean": 0.579252302646637,
      "std": 0.6183505654335022,
      "min": 7.569789886474609e-06,
      "max": 10.955464363098145,
      "p50": 0.4078217148780823,
      "p90": 1.2998838424682617,
      "p95": 1.685608983039856,
      "p99": 2.6915442943573
    },
    "se_summary": {
      "mean": 0.7178906202316284,
      "std": 2.6464908123016357,
      "min": 5.730171892537328e-11,
      "max": 120.02220153808594,
      "p50": 0.16631855070590973,
      "p90": 1.6896979808807373,
      "p95": 2.841277837753296,
      "p99": 7.244410514831543
    }
  },
  "test": {
    "mse": 0.7058894634246826,
    "rmse": 0.8401722819902372,
    "mae": 0.5688605308532715,
    "w2_global": 0.5243513584136963,
    "ae_summary": {
      "mean": 0.5688605308532715,
      "std": 0.6182937026023865,
      "min": 2.2649765014648438e-06,
      "max": 21.0876522064209,
      "p50": 0.39659398794174194,
      "p90": 1.279078483581543,
      "p95": 1.6819212436676025,
      "p99": 2.668826103210449
    },
    "se_summary": {
      "mean": 0.7058894634246826,
      "std": 2.9170830249786377,
      "min": 5.130118552187923e-12,
      "max": 444.6890869140625,
      "p50": 0.15728679299354553,
      "p90": 1.6360417604446411,
      "p95": 2.8288590908050537,
      "p99": 7.12263298034668
    }
  }
}