{
  "train": {
    "mse": 0.0,
    "rmse": 0.0,
    "mae": 0.0,
    "w2_global": 0.19346089661121368,
    "ae_summary": {
      "mean": 0.0,
      "std": 0.0,
      "min": 0.0,
      "max": 0.0,
      "p50": 0.0,
      "p90": 0.0,
      "p95": 0.0,
      "p99": 0.0
    },
    "se_summary": {
      "mean": 0.0,
      "std": 0.0,
      "min": 0.0,
      "max": 0.0,
      "p50": 0.0,
      "p90": 0.0,
      "p95": 0.0,
      "p99": 0.0
    }
  },
  "val": {
    "mse": 0.482329785823822,
    "rmse": 0.6944996658198058,
    "mae": 0.20957759022712708,
    "w2_global": 0.21300457417964935,
    "ae_summary": {
      "mean": 0.20957759022712708,
      "std": 0.6621231436729431,
      "min": 1.4901161193847656e-06,
      "max": 20.764392852783203,
      "p50": 0.08289512991905212,
      "p90": 0.4270494282245636,
      "p95": 0.6467258334159851,
      "p99": 2.043092727661133
    },
    "se_summary": {
      "mean": 0.482329785823822,
      "std": 8.073112487792969,
      "min": 2.220446049250313e-12,
      "max": 431.1600036621094,
      "p50": 0.0068716024979949,
      "p90": 0.18237122893333435,
      "p95": 0.4182542860507965,
      "p99": 4.174232006072998
    }
  },
  "test": {
    "mse": 1.1186772584915161,
    "rmse": 1.0576754031797828,
    "mae": 0.23371170461177826,
    "w2_global": 0.3474962115287781,
    "ae_summary": {
      "mean": 0.23371170461177826,
      "std": 1.0315310955047607,
      "min": 2.3096799850463867e-07,
      "max": 37.49015808105469,
      "p50": 0.08560784161090851,
      "p90": 0.42508748173713684,
      "p95": 0.6200642585754395,
      "p99": 2.174365758895874
    },
    "se_summary": {
      "mean": 1.1186772584915161,
      "std": 24.004207611083984,
      "min": 5.334621633323877e-14,
      "max": 1405.511962890625,
      "p50": 0.0073287030681967735,
      "p90": 0.18069936335086823,
      "p95": 0.38447970151901245,
      "p99": 4.72786808013916
    }
  }
}