{
  "train": {
    "mse": 0.0,
    "rmse": 0.0,
    "mae": 0.0,
    "w2_global": 0.03212915360927582,
    "ae_summary": {
      "mean": 0.0,
      "std": 0.0,
      "min": 0.0,
      "max": 0.0,
      "p50": 0.0,
      "p90": 0.0,
      "p95": 0.0,
      "p99": 0.0
    },
    "se_summary": {
      "mean": 0.0,
      "std": 0.0,
      "min": 0.0,
      "max": 0.0,
      "p50": 0.0,
      "p90": 0.0,
      "p95": 0.0,
      "p99": 0.0
    }
  },
  "val": {
    "mse": 0.19680584967136383,
    "rmse": 0.4436280532961862,
    "mae": 0.30791687965393066,
    "w2_global": 0.01892656646668911,
    "ae_summary": {
      "mean": 0.30791687965393066,
      "std": 0.3193635046482086,
      "min": 0.0009001791477203369,
      "max": 2.5383071899414062,
      "p50": 0.20906436443328857,
      "p90": 0.6778085231781006,
      "p95": 0.9954139590263367,
      "p99": 1.4594645500183105
    },
    "se_summary": {
      "mean": 0.19680584967136383,
      "std": 0.4738369584083557,
      "min": 8.103224899969064e-07,
      "max": 6.443003177642822,
      "p50": 0.04370790719985962,
      "p90": 0.45942622423171997,
      "p95": 0.9908497333526611,
      "p99": 2.13454008102417
    }
  },
  "test": {
    "mse": 0.28284549713134766,
    "rmse": 0.5318322076852319,
    "mae": 0.3586080074310303,
    "w2_global": 0.02377769723534584,
    "ae_summary": {
      "mean": 0.3586080074310303,
      "std": 0.3927413821220398,
      "min": 0.000601649284362793,
      "max": 3.3323538303375244,
      "p50": 0.2343985140323639,
      "p90": 0.8554195761680603,
      "p95": 1.150930643081665,
      "p99": 1.756456971168518
    },
    "se_summary": {
      "mean": 0.28284549713134766,
      "std": 0.6886733770370483,
      "min": 3.619818471634062e-07,
      "max": 11.104581832885742,
      "p50": 0.05494266375899315,
      "p90": 0.7317473292350769,
      "p95": 1.3246629238128662,
      "p99": 3.0863609313964844
    }
  }
}