{
  "train": {
    "mse": 0.38309237360954285,
    "rmse": 0.6189445642458966,
    "mae": 0.39607831835746765,
    "w2_global": 0.02104370854794979,
    "ae_summary": {
      "mean": 0.39607831835746765,
      "std": 0.47561994194984436,
      "min": 1.2479722499847412e-07,
      "max": 60.39400100708008,
      "p50": 0.26250872015953064,
      "p90": 0.8940104842185974,
      "p95": 1.1976802349090576,
      "p99": 2.023294448852539
    },
    "se_summary": {
      "mean": 0.38309237360954285,
      "std": 6.677304744720459,
      "min": 1.5574347367319774e-14,
      "max": 3647.435302734375,
      "p50": 0.06891082972288132,
      "p90": 0.7992547750473022,
      "p95": 1.4344377517700195,
      "p99": 4.093719959259033
    }
  },
  "val": {
    "mse": 0.4280816316604614,
    "rmse": 0.6542794751942487,
    "mae": 0.43511509895324707,
    "w2_global": 0.027468563988804817,
    "ae_summary": {
      "mean": 0.43511509895324707,
      "std": 0.4886271059513092,
      "min": 0.0001967516727745533,
      "max": 7.620635986328125,
      "p50": 0.28872931003570557,
      "p90": 0.9760149717330933,
      "p95": 1.3150780200958252,
      "p99": 2.225929021835327
    },
    "se_summary": {
      "mean": 0.4280816316604614,
      "std": 1.5892894268035889,
      "min": 3.871122089549317e-08,
      "max": 58.074092864990234,
      "p50": 0.08336461335420609,
      "p90": 0.9526054859161377,
      "p95": 1.729430079460144,
      "p99": 4.954761028289795
    }
  },
  "test": {
    "mse": 0.35251951217651367,
    "rmse": 0.5937335363414413,
    "mae": 0.39209550619125366,
    "w2_global": 0.019414151087403297,
    "ae_summary": {
      "mean": 0.39209550619125366,
      "std": 0.4458482265472412,
      "min": 1.1254101991653442e-05,
      "max": 7.360499382019043,
      "p50": 0.2652728855609894,
      "p90": 0.8794588446617126,
      "p95": 1.1903436183929443,
      "p99": 2.068229913711548
    },
    "se_summary": {
      "mean": 0.35251951217651367,
      "std": 1.4258404970169067,
      "min": 1.2665481163853798e-10,
      "max": 54.17695236206055,
      "p50": 0.07036970555782318,
      "p90": 0.7734478712081909,
      "p95": 1.4169180393218994,
      "p99": 4.277575492858887
    }
  }
}