{
  "train": {
    "mse": 0.024688290432095528,
    "rmse": 0.15712507894061828,
    "mae": 0.09056968986988068,
    "w2_global": 2.354839324951172,
    "ae_summary": {
      "mean": 0.09056968986988068,
      "std": 0.12839557230472565,
      "min": 5.438923835754395e-07,
      "max": 11.177388191223145,
      "p50": 0.06503486633300781,
      "p90": 0.189749076962471,
      "p95": 0.24940532445907593,
      "p99": 0.4287548363208771
    },
    "se_summary": {
      "mean": 0.024688290432095528,
      "std": 0.7024248838424683,
      "min": 2.9581892491137296e-13,
      "max": 124.93400573730469,
      "p50": 0.004229533951729536,
      "p90": 0.03600471094250679,
      "p95": 0.06220301613211632,
      "p99": 0.18383069336414337
    }
  },
  "val": {
    "mse": 12.70553207397461,
    "rmse": 3.564482020430824,
    "mae": 2.628377676010132,
    "w2_global": 2.3895833492279053,
    "ae_summary": {
      "mean": 2.628377676010132,
      "std": 2.4077296257019043,
      "min": 1.4662742614746094e-05,
      "max": 43.08613967895508,
      "p50": 1.8243684768676758,
      "p90": 6.44473123550415,
      "p95": 7.609612941741943,
      "p99": 9.708602905273438
    },
    "se_summary": {
      "mean": 12.70553207397461,
      "std": 22.544599533081055,
      "min": 2.1499602098629111e-10,
      "max": 1856.4154052734375,
      "p50": 3.3283205032348633,
      "p90": 41.53456115722656,
      "p95": 57.90620803833008,
      "p99": 94.25697326660156
    }
  },
  "test": {
    "mse": 12.31176471710205,
    "rmse": 3.5088124368655063,
    "mae": 2.58373761177063,
    "w2_global": 2.334892511367798,
    "ae_summary": {
      "mean": 2.58373761177063,
      "std": 2.374039649963379,
      "min": 3.725290298461914e-06,
      "max": 66.01525115966797,
      "p50": 1.79912531375885,
      "p90": 6.327695369720459,
      "p95": 7.51819372177124,
      "p99": 9.608499526977539
    },
    "se_summary": {
      "mean": 12.31176471710205,
      "std": 23.572938919067383,
      "min": 1.3877787807814457e-11,
      "max": 4358.01318359375,
      "p50": 3.236851930618286,
      "p90": 40.039730072021484,
      "p95": 56.52323532104492,
      "p99": 92.32327270507812
    }
  }
}