{
  "train": {
    "mse": 0.0,
    "rmse": 0.0,
    "mae": 0.0,
    "w2_global": 2.33674693107605,
    "ae_summary": {
      "mean": 0.0,
      "std": 0.0,
      "min": 0.0,
      "max": 0.0,
      "p50": 0.0,
      "p90": 0.0,
      "p95": 0.0,
      "p99": 0.0
    },
    "se_summary": {
      "mean": 0.0,
      "std": 0.0,
      "min": 0.0,
      "max": 0.0,
      "p50": 0.0,
      "p90": 0.0,
      "p95": 0.0,
      "p99": 0.0
    }
  },
  "val": {
    "mse": 7.299148082733154,
    "rmse": 2.7016935582580706,
    "mae": 2.5075490474700928,
    "w2_global": 2.390101432800293,
    "ae_summary": {
      "mean": 2.5075490474700928,
      "std": 1.005657434463501,
      "min": 0.0004935264587402344,
      "max": 6.643705368041992,
      "p50": 2.6935195922851562,
      "p90": 3.657660961151123,
      "p95": 3.896355152130127,
      "p99": 4.49809455871582
    },
    "se_summary": {
      "mean": 7.299148082733154,
      "std": 4.945362091064453,
      "min": 2.4356836547667626e-07,
      "max": 44.13882064819336,
      "p50": 7.255047798156738,
      "p90": 13.378482818603516,
      "p95": 15.181584358215332,
      "p99": 20.23285675048828
    }
  },
  "test": {
    "mse": 6.979547023773193,
    "rmse": 2.641883234318503,
    "mae": 2.4415283203125,
    "w2_global": 2.320798873901367,
    "ae_summary": {
      "mean": 2.4415283203125,
      "std": 1.009201169013977,
      "min": 0.00021338462829589844,
      "max": 6.790011882781982,
      "p50": 2.5948381423950195,
      "p90": 3.6100854873657227,
      "p95": 3.8655476570129395,
      "p99": 4.511867046356201
    },
    "se_summary": {
      "mean": 6.979547023773193,
      "std": 4.912017345428467,
      "min": 4.553299959297874e-08,
      "max": 46.1042594909668,
      "p50": 6.733184814453125,
      "p90": 13.032718658447266,
      "p95": 14.94245719909668,
      "p99": 20.356952667236328
    }
  }
}