{
  "best_alpha": 0.75,
  "best_gamma": 10.0,
  "alpha_grid": [
    0.75
  ],
  "gamma_grid": [
    10.0
  ],
  "results": {
    "(0.75, 10.0)": {
      "val_loss": 0.7489413619041443,
      "val_eval": 0.7057944536209106,
      "epoch": 30,
      "mse": 0.7057944536209106
    }
  },
  "standalone_mode": true
}