{
  "train": {
    "mse": 0.669583797454834,
    "rmse": 0.8182810015238249,
    "mae": 0.532909095287323,
    "w2_global": 0.39747288823127747,
    "ae_summary": {
      "mean": 0.532909095287323,
      "std": 0.6209602952003479,
      "min": 2.3066997528076172e-05,
      "max": 53.968650817871094,
      "p50": 0.37731271982192993,
      "p90": 1.1557974815368652,
      "p95": 1.517991304397583,
      "p99": 2.513587236404419
    },
    "se_summary": {
      "mean": 0.669583797454834,
      "std": 13.463714599609375,
      "min": 5.320863749602722e-10,
      "max": 2912.615234375,
      "p50": 0.14236488938331604,
      "p90": 1.3358677625656128,
      "p95": 2.304297685623169,
      "p99": 6.318120956420898
    }
  },
  "val": {
    "mse": 0.7057945132255554,
    "rmse": 0.8401157737035744,
    "mae": 0.5836945176124573,
    "w2_global": 0.39043059945106506,
    "ae_summary": {
      "mean": 0.5836945176124573,
      "std": 0.604231059551239,
      "min": 5.424022674560547e-06,
      "max": 10.91202163696289,
      "p50": 0.419771283864975,
      "p90": 1.2796955108642578,
      "p95": 1.650490164756775,
      "p99": 2.6603946685791016
    },
    "se_summary": {
      "mean": 0.7057945132255554,
      "std": 2.5614914894104004,
      "min": 2.942002197414695e-11,
      "max": 119.07221984863281,
      "p50": 0.17620792984962463,
      "p90": 1.6376206874847412,
      "p95": 2.7241177558898926,
      "p99": 7.077700138092041
    }
  },
  "test": {
    "mse": 0.6929551362991333,
    "rmse": 0.8324392688353507,
    "mae": 0.5739378333091736,
    "w2_global": 0.38070034980773926,
    "ae_summary": {
      "mean": 0.5739378333091736,
      "std": 0.6029514670372009,
      "min": 4.246830940246582e-06,
      "max": 21.238039016723633,
      "p50": 0.4115884006023407,
      "p90": 1.250789761543274,
      "p95": 1.6367013454437256,
      "p99": 2.6635806560516357
    },
    "se_summary": {
      "mean": 0.6929551362991333,
      "std": 2.8739805221557617,
      "min": 1.8035573035035668e-11,
      "max": 451.0542907714844,
      "p50": 0.1694050133228302,
      "p90": 1.5644750595092773,
      "p95": 2.6787915229797363,
      "p99": 7.094661712646484
    }
  }
}