{
  "train": {
    "mse": 0.0,
    "rmse": 0.0,
    "mae": 0.0,
    "w2_global": 0.2758008539676666,
    "ae_summary": {
      "mean": 0.0,
      "std": 0.0,
      "min": 0.0,
      "max": 0.0,
      "p50": 0.0,
      "p90": 0.0,
      "p95": 0.0,
      "p99": 0.0
    },
    "se_summary": {
      "mean": 0.0,
      "std": 0.0,
      "min": 0.0,
      "max": 0.0,
      "p50": 0.0,
      "p90": 0.0,
      "p95": 0.0,
      "p99": 0.0
    }
  },
  "val": {
    "mse": 0.9338554739952087,
    "rmse": 0.9663619787611725,
    "mae": 0.6590580940246582,
    "w2_global": 0.31346407532691956,
    "ae_summary": {
      "mean": 0.6590580940246582,
      "std": 0.7067516446113586,
      "min": 4.351139068603516e-06,
      "max": 9.55646800994873,
      "p50": 0.449565589427948,
      "p90": 1.4551408290863037,
      "p95": 1.9572347402572632,
      "p99": 3.540154457092285
    },
    "se_summary": {
      "mean": 0.9338554739952087,
      "std": 2.6621811389923096,
      "min": 1.893241119432787e-11,
      "max": 91.32608032226562,
      "p50": 0.202109232544899,
      "p90": 2.1174349784851074,
      "p95": 3.830767869949341,
      "p99": 12.532700538635254
    }
  },
  "test": {
    "mse": 0.9124168157577515,
    "rmse": 0.9552051171124197,
    "mae": 0.6763144731521606,
    "w2_global": 0.26611050963401794,
    "ae_summary": {
      "mean": 0.6763144731521606,
      "std": 0.6745483875274658,
      "min": 9.834766387939453e-07,
      "max": 8.868803024291992,
      "p50": 0.484503835439682,
      "p90": 1.4860882759094238,
      "p95": 1.9573167562484741,
      "p99": 3.223261833190918
    },
    "se_summary": {
      "mean": 0.9124168157577515,
      "std": 2.3166661262512207,
      "min": 9.672262990534364e-13,
      "max": 78.65567016601562,
      "p50": 0.23474396765232086,
      "p90": 2.208458423614502,
      "p95": 3.8310890197753906,
      "p99": 10.389416694641113
    }
  }
}