{
  "train": {
    "mse": 0.22752195596694946,
    "rmse": 0.4769926162604087,
    "mae": 0.24497950077056885,
    "w2_global": 0.6394516229629517,
    "ae_summary": {
      "mean": 0.24497950077056885,
      "std": 0.40927621722221375,
      "min": 4.470348358154297e-07,
      "max": 8.697884559631348,
      "p50": 0.09879752993583679,
      "p90": 0.6296826004981995,
      "p95": 0.9816864132881165,
      "p99": 2.0160017013549805
    },
    "se_summary": {
      "mean": 0.22752195596694946,
      "std": 1.1243908405303955,
      "min": 1.9984014443252818e-13,
      "max": 75.6531982421875,
      "p50": 0.00976095162332058,
      "p90": 0.3965001702308655,
      "p95": 0.9637082815170288,
      "p99": 4.064262390136719
    }
  },
  "val": {
    "mse": 0.7890694737434387,
    "rmse": 0.8882958255803293,
    "mae": 0.5509933233261108,
    "w2_global": 0.6456077098846436,
    "ae_summary": {
      "mean": 0.5509933233261108,
      "std": 0.6967610120773315,
      "min": 1.5499535948038101e-06,
      "max": 10.303166389465332,
      "p50": 0.3040197193622589,
      "p90": 1.4326722621917725,
      "p95": 1.9500877857208252,
      "p99": 3.177518129348755
    },
    "se_summary": {
      "mean": 0.7890694737434387,
      "std": 2.2669894695281982,
      "min": 2.402356091835145e-12,
      "max": 106.15523529052734,
      "p50": 0.09242799133062363,
      "p90": 2.0525498390197754,
      "p95": 3.802842378616333,
      "p99": 10.0966215133667
    }
  },
  "test": {
    "mse": 0.7296543121337891,
    "rmse": 0.8541980520545508,
    "mae": 0.5175422430038452,
    "w2_global": 0.6156622767448425,
    "ae_summary": {
      "mean": 0.5175422430038452,
      "std": 0.6795618534088135,
      "min": 1.4528632164001465e-07,
      "max": 11.40949821472168,
      "p50": 0.2627962827682495,
      "p90": 1.3655565977096558,
      "p95": 1.8801343441009521,
      "p99": 3.134068012237549
    },
    "se_summary": {
      "mean": 0.7296543121337891,
      "std": 2.219411849975586,
      "min": 2.110811525568579e-14,
      "max": 130.17665100097656,
      "p50": 0.06906189024448395,
      "p90": 1.8647446632385254,
      "p95": 3.534904956817627,
      "p99": 9.822381973266602
    }
  }
}