{
  "train": {
    "mse": 0.0,
    "rmse": 0.0,
    "mae": 0.0,
    "w2_global": 0.3270755410194397,
    "ae_summary": {
      "mean": 0.0,
      "std": 0.0,
      "min": 0.0,
      "max": 0.0,
      "p50": 0.0,
      "p90": 0.0,
      "p95": 0.0,
      "p99": 0.0
    },
    "se_summary": {
      "mean": 0.0,
      "std": 0.0,
      "min": 0.0,
      "max": 0.0,
      "p50": 0.0,
      "p90": 0.0,
      "p95": 0.0,
      "p99": 0.0
    }
  },
  "val": {
    "mse": 1.112356185913086,
    "rmse": 1.0546829788676244,
    "mae": 0.6407792568206787,
    "w2_global": 0.4311719834804535,
    "ae_summary": {
      "mean": 0.6407792568206787,
      "std": 0.8377100825309753,
      "min": 4.297122359275818e-06,
      "max": 91.96000671386719,
      "p50": 0.4501100182533264,
      "p90": 1.404212474822998,
      "p95": 1.7859524488449097,
      "p99": 2.7890408039093018
    },
    "se_summary": {
      "mean": 1.112356185913086,
      "std": 43.4980354309082,
      "min": 1.846526057058817e-11,
      "max": 8456.642578125,
      "p50": 0.20259903371334076,
      "p90": 1.9718127250671387,
      "p95": 3.1896262168884277,
      "p99": 7.778748512268066
    }
  },
  "test": {
    "mse": 1.1803165674209595,
    "rmse": 1.0864237513148172,
    "mae": 0.730139970779419,
    "w2_global": 0.36772945523262024,
    "ae_summary": {
      "mean": 0.730139970779419,
      "std": 0.8044949769973755,
      "min": 5.319714546203613e-06,
      "max": 23.877897262573242,
      "p50": 0.4969870150089264,
      "p90": 1.6435755491256714,
      "p95": 2.168492555618286,
      "p99": 3.6834676265716553
    },
    "se_summary": {
      "mean": 1.1803165674209595,
      "std": 4.910040378570557,
      "min": 2.8299362853090315e-11,
      "max": 570.1539916992188,
      "p50": 0.24699608981609344,
      "p90": 2.701340436935425,
      "p95": 4.702359676361084,
      "p99": 13.567934036254883
    }
  }
}