{
  "train": {
    "mse": 0.0,
    "rmse": 0.0,
    "mae": 0.0,
    "w2_global": 0.5379766821861267,
    "ae_summary": {
      "mean": 0.0,
      "std": 0.0,
      "min": 0.0,
      "max": 0.0,
      "p50": 0.0,
      "p90": 0.0,
      "p95": 0.0,
      "p99": 0.0
    },
    "se_summary": {
      "mean": 0.0,
      "std": 0.0,
      "min": 0.0,
      "max": 0.0,
      "p50": 0.0,
      "p90": 0.0,
      "p95": 0.0,
      "p99": 0.0
    }
  },
  "val": {
    "mse": 1.2749937772750854,
    "rmse": 1.129156223591353,
    "mae": 0.8542600870132446,
    "w2_global": 0.35007479786872864,
    "ae_summary": {
      "mean": 0.8542600870132446,
      "std": 0.7383992671966553,
      "min": 0.0,
      "max": 5.72102165222168,
      "p50": 0.6610201001167297,
      "p90": 1.8422154188156128,
      "p95": 2.2888052463531494,
      "p99": 3.440587043762207
    },
    "se_summary": {
      "mean": 1.2749937772750854,
      "std": 2.2991256713867188,
      "min": 0.0,
      "max": 32.73008728027344,
      "p50": 0.4369475841522217,
      "p90": 3.3937575817108154,
      "p95": 5.23862886428833,
      "p99": 11.837786674499512
    }
  },
  "test": {
    "mse": 0.9166064858436584,
    "rmse": 0.9573956788306799,
    "mae": 0.7361538410186768,
    "w2_global": 0.36851388216018677,
    "ae_summary": {
      "mean": 0.7361538410186768,
      "std": 0.6121144890785217,
      "min": 1.189112663269043e-05,
      "max": 6.089224338531494,
      "p50": 0.600875198841095,
      "p90": 1.5179481506347656,
      "p95": 1.8977512121200562,
      "p99": 2.791898727416992
    },
    "se_summary": {
      "mean": 0.9166064858436584,
      "std": 1.6737123727798462,
      "min": 1.4139889259467964e-10,
      "max": 37.078651428222656,
      "p50": 0.3610509932041168,
      "p90": 2.304166793823242,
      "p95": 3.601459503173828,
      "p99": 7.794698715209961
    }
  }
}