{
  "train": {
    "mse": 0.0,
    "rmse": 0.0,
    "mae": 0.0,
    "w2_global": 0.09275602549314499,
    "ae_summary": {
      "mean": 0.0,
      "std": 0.0,
      "min": 0.0,
      "max": 0.0,
      "p50": 0.0,
      "p90": 0.0,
      "p95": 0.0,
      "p99": 0.0
    },
    "se_summary": {
      "mean": 0.0,
      "std": 0.0,
      "min": 0.0,
      "max": 0.0,
      "p50": 0.0,
      "p90": 0.0,
      "p95": 0.0,
      "p99": 0.0
    }
  },
  "val": {
    "mse": 1.688295841217041,
    "rmse": 1.2993443889966358,
    "mae": 0.8697941303253174,
    "w2_global": 0.07401741296052933,
    "ae_summary": {
      "mean": 0.8697941303253174,
      "std": 0.9652740359306335,
      "min": 4.70280647277832e-05,
      "max": 33.84599685668945,
      "p50": 0.5898243188858032,
      "p90": 1.958027720451355,
      "p95": 2.514988422393799,
      "p99": 3.7914183139801025
    },
    "se_summary": {
      "mean": 1.688295841217041,
      "std": 12.956605911254883,
      "min": 2.2116388720405666e-09,
      "max": 1145.551513671875,
      "p50": 0.34789273142814636,
      "p90": 3.8338725566864014,
      "p95": 6.32516622543335,
      "p99": 14.37485408782959
    }
  },
  "test": {
    "mse": 2.136340856552124,
    "rmse": 1.4616226792685327,
    "mae": 0.8565558195114136,
    "w2_global": 0.19906002283096313,
    "ae_summary": {
      "mean": 0.8565558195114136,
      "std": 1.1843366622924805,
      "min": 0.00018893182277679443,
      "max": 127.78791046142578,
      "p50": 0.5788633823394775,
      "p90": 1.9125323295593262,
      "p95": 2.4712491035461426,
      "p99": 3.8741588592529297
    },
    "se_summary": {
      "mean": 2.136340856552124,
      "std": 100.85537719726562,
      "min": 3.5695233435717455e-08,
      "max": 16329.75,
      "p50": 0.3350827693939209,
      "p90": 3.657780170440674,
      "p95": 6.107071876525879,
      "p99": 15.009108543395996
    }
  }
}