{
  "train": {
    "mse": 0.0,
    "rmse": 0.0,
    "mae": 0.0,
    "w2_global": 0.7762902975082397,
    "ae_summary": {
      "mean": 0.0,
      "std": 0.0,
      "min": 0.0,
      "max": 0.0,
      "p50": 0.0,
      "p90": 0.0,
      "p95": 0.0,
      "p99": 0.0
    },
    "se_summary": {
      "mean": 0.0,
      "std": 0.0,
      "min": 0.0,
      "max": 0.0,
      "p50": 0.0,
      "p90": 0.0,
      "p95": 0.0,
      "p99": 0.0
    }
  },
  "val": {
    "mse": 1.0972260236740112,
    "rmse": 1.0474855720600695,
    "mae": 0.7398402094841003,
    "w2_global": 0.6761435866355896,
    "ae_summary": {
      "mean": 0.7398402094841003,
      "std": 0.7415270805358887,
      "min": 1.8887221813201904e-06,
      "max": 49.00630569458008,
      "p50": 0.5676811337471008,
      "p90": 1.5586191415786743,
      "p95": 1.958191990852356,
      "p99": 3.001079559326172
    },
    "se_summary": {
      "mean": 1.0972260236740112,
      "std": 9.628247261047363,
      "min": 3.5672714782108983e-12,
      "max": 2401.617919921875,
      "p50": 0.32226186990737915,
      "p90": 2.429293632507324,
      "p95": 3.8345158100128174,
      "p99": 9.006479263305664
    }
  },
  "test": {
    "mse": 1.0921438932418823,
    "rmse": 1.0450568851703157,
    "mae": 0.7272264957427979,
    "w2_global": 0.7296342253684998,
    "ae_summary": {
      "mean": 0.7272264957427979,
      "std": 0.7505234479904175,
      "min": 5.513429641723633e-07,
      "max": 39.03424072265625,
      "p50": 0.5573221445083618,
      "p90": 1.5232179164886475,
      "p95": 1.9217594861984253,
      "p99": 3.0210018157958984
    },
    "se_summary": {
      "mean": 1.0921438932418823,
      "std": 9.11561393737793,
      "min": 3.0397906414236786e-13,
      "max": 1523.6719970703125,
      "p50": 0.3106079399585724,
      "p90": 2.320192813873291,
      "p95": 3.693159341812134,
      "p99": 9.12645149230957
    }
  }
}