{
  "train": {
    "mse": 0.0,
    "rmse": 0.0,
    "mae": 0.0,
    "w2_global": 2.3840749263763428,
    "ae_summary": {
      "mean": 0.0,
      "std": 0.0,
      "min": 0.0,
      "max": 0.0,
      "p50": 0.0,
      "p90": 0.0,
      "p95": 0.0,
      "p99": 0.0
    },
    "se_summary": {
      "mean": 0.0,
      "std": 0.0,
      "min": 0.0,
      "max": 0.0,
      "p50": 0.0,
      "p90": 0.0,
      "p95": 0.0,
      "p99": 0.0
    }
  },
  "val": {
    "mse": 7.02425479888916,
    "rmse": 2.6503310734489682,
    "mae": 2.4455223083496094,
    "w2_global": 2.2861487865448,
    "ae_summary": {
      "mean": 2.4455223083496094,
      "std": 1.021604299545288,
      "min": 1.2636184692382812e-05,
      "max": 8.434688568115234,
      "p50": 2.4188079833984375,
      "p90": 3.6128201484680176,
      "p95": 4.0062432289123535,
      "p99": 5.556416034698486
    },
    "se_summary": {
      "mean": 7.02425479888916,
      "std": 5.899040222167969,
      "min": 1.5967316358000971e-10,
      "max": 71.14397430419922,
      "p50": 5.850632667541504,
      "p90": 13.052470207214355,
      "p95": 16.049985885620117,
      "p99": 30.8737735748291
    }
  },
  "test": {
    "mse": 7.533536911010742,
    "rmse": 2.7447289321553674,
    "mae": 2.5726101398468018,
    "w2_global": 2.3978264331817627,
    "ae_summary": {
      "mean": 2.5726101398468018,
      "std": 0.9566684365272522,
      "min": 0.006473064422607422,
      "max": 8.81748104095459,
      "p50": 2.5526137351989746,
      "p90": 3.714042901992798,
      "p95": 4.073507785797119,
      "p99": 4.983829498291016
    },
    "se_summary": {
      "mean": 7.533536911010742,
      "std": 5.2838544845581055,
      "min": 4.190056279185228e-05,
      "max": 77.74797058105469,
      "p50": 6.515836715698242,
      "p90": 13.794116020202637,
      "p95": 16.593467712402344,
      "p99": 24.83855628967285
    }
  }
}