{
  "train": {
    "mse": 3033.116455078125,
    "rmse": 55.07373652729697,
    "mae": 40.14023208618164,
    "w2_global": 0.1928679645061493,
    "ae_summary": {
      "mean": 40.14023208618164,
      "std": 37.70779800415039,
      "min": 6.747245788574219e-05,
      "max": 407.4495849609375,
      "p50": 30.419082641601562,
      "p90": 84.23899841308594,
      "p95": 110.77045440673828,
      "p99": 189.50511169433594
    },
    "se_summary": {
      "mean": 3033.116455078125,
      "std": 6882.24267578125,
      "min": 4.552532573143253e-09,
      "max": 166015.171875,
      "p50": 925.3206176757812,
      "p90": 7096.208984375,
      "p95": 12270.09375,
      "p99": 35912.1875
    }
  },
  "val": {
    "mse": 0.6540789008140564,
    "rmse": 0.8087514456333642,
    "mae": 0.2855898439884186,
    "w2_global": 0.2162867784500122,
    "ae_summary": {
      "mean": 0.2855898439884186,
      "std": 0.7566487789154053,
      "min": 3.5762786865234375e-07,
      "max": 21.020559310913086,
      "p50": 0.10533595085144043,
      "p90": 0.621493935585022,
      "p95": 0.9574077725410461,
      "p99": 2.863105297088623
    },
    "se_summary": {
      "mean": 0.6540789008140564,
      "std": 8.556356430053711,
      "min": 1.2789769243681803e-13,
      "max": 441.8639221191406,
      "p50": 0.011095662601292133,
      "p90": 0.3862546980381012,
      "p95": 0.9166296720504761,
      "p99": 8.197371482849121
    }
  },
  "test": {
    "mse": 1.312077522277832,
    "rmse": 1.145459524504394,
    "mae": 0.32769903540611267,
    "w2_global": 0.34450462460517883,
    "ae_summary": {
      "mean": 0.32769903540611267,
      "std": 1.0975841283798218,
      "min": 1.6391277313232422e-07,
      "max": 37.187374114990234,
      "p50": 0.11888913810253143,
      "p90": 0.686097264289856,
      "p95": 1.000964879989624,
      "p99": 3.1592347621917725
    },
    "se_summary": {
      "mean": 1.312077522277832,
      "std": 23.743764877319336,
      "min": 2.6867397195928788e-14,
      "max": 1382.9007568359375,
      "p50": 0.01413462683558464,
      "p90": 0.4707294702529907,
      "p95": 1.001930832862854,
      "p99": 9.9807767868042
    }
  }
}