{
  "train": {
    "mse": 0.0,
    "rmse": 0.0,
    "mae": 0.0,
    "w2_global": 0.1871630847454071,
    "ae_summary": {
      "mean": 0.0,
      "std": 0.0,
      "min": 0.0,
      "max": 0.0,
      "p50": 0.0,
      "p90": 0.0,
      "p95": 0.0,
      "p99": 0.0
    },
    "se_summary": {
      "mean": 0.0,
      "std": 0.0,
      "min": 0.0,
      "max": 0.0,
      "p50": 0.0,
      "p90": 0.0,
      "p95": 0.0,
      "p99": 0.0
    }
  },
  "val": {
    "mse": 1.7023353576660156,
    "rmse": 1.304735742465123,
    "mae": 0.9504329562187195,
    "w2_global": 0.19490203261375427,
    "ae_summary": {
      "mean": 0.9504329562187195,
      "std": 0.893875002861023,
      "min": 1.4126300811767578e-05,
      "max": 36.06379699707031,
      "p50": 0.7438745498657227,
      "p90": 1.989314317703247,
      "p95": 2.4973137378692627,
      "p99": 3.86348295211792
    },
    "se_summary": {
      "mean": 1.7023353576660156,
      "std": 9.174038887023926,
      "min": 1.9955237462454534e-10,
      "max": 1300.597412109375,
      "p50": 0.5533493757247925,
      "p90": 3.957371473312378,
      "p95": 6.236576080322266,
      "p99": 14.92650032043457
    }
  },
  "test": {
    "mse": 1.8546148538589478,
    "rmse": 1.3618424482512461,
    "mae": 0.998024046421051,
    "w2_global": 0.15256048738956451,
    "ae_summary": {
      "mean": 0.998024046421051,
      "std": 0.9265867471694946,
      "min": 9.655952453613281e-06,
      "max": 38.01737976074219,
      "p50": 0.7744550704956055,
      "p90": 2.1104087829589844,
      "p95": 2.6729485988616943,
      "p99": 4.069118976593018
    },
    "se_summary": {
      "mean": 1.8546148538589478,
      "std": 8.463662147521973,
      "min": 9.323741778644035e-11,
      "max": 1445.3211669921875,
      "p50": 0.5997806191444397,
      "p90": 4.453825950622559,
      "p95": 7.144654273986816,
      "p99": 16.557729721069336
    }
  }
}