{
  "best_alpha": 0.99,
  "best_gamma": 0.1,
  "alpha_grid": [
    0.01,
    0.25,
    0.5,
    0.75,
    0.99
  ],
  "gamma_grid": [
    0.1,
    1.0,
    5.0,
    10.0
  ],
  "results": {
    "(0.01, 0.1)": {
      "val_loss": 0.6264086365699768,
      "val_eval": 1.0634257197380066,
      "epochs": 30,
      "mse": 1.0353302955627441,
      "w2_global": 0.8690786957740784,
      "cvar": 1.8797738552093506
    },
    "(0.01, 1.0)": {
      "val_loss": 0.6359447836875916,
      "val_eval": 1.083045482635498,
      "epochs": 30,
      "mse": 1.0410821437835693,
      "w2_global": 0.8585194945335388,
      "cvar": 1.9850280284881592
    },
    "(0.01, 5.0)": {
      "val_loss": 0.6235253214836121,
      "val_eval": 1.0542369484901428,
      "epochs": 30,
      "mse": 1.0327796936035156,
      "w2_global": 0.8701812624931335,
      "cvar": 1.8054991960525513
    },
    "(0.01, 10.0)": {
      "val_loss": 0.6211221814155579,
      "val_eval": 1.0502037405967712,
      "epochs": 30,
      "mse": 1.0314937829971313,
      "w2_global": 0.8713129758834839,
      "cvar": 1.7580924034118652
    },
    "(0.25, 0.1)": {
      "val_loss": 0.6195124983787537,
      "val_eval": 1.0546254515647888,
      "epochs": 30,
      "mse": 1.023600697517395,
      "w2_global": 0.8671711683273315,
      "cvar": 1.879807710647583
    },
    "(0.25, 1.0)": {
      "val_loss": 0.6254324615001678,
      "val_eval": 1.0639475584030151,
      "epochs": 30,
      "mse": 1.0272189378738403,
      "w2_global": 0.8638393878936768,
      "cvar": 1.9310868978500366
    },
    "(0.25, 5.0)": {
      "val_loss": 0.621114045381546,
      "val_eval": 1.0567240715026855,
      "epochs": 30,
      "mse": 1.0256291627883911,
      "w2_global": 0.8664690852165222,
      "cvar": 1.8920503854751587
    },
    "(0.25, 10.0)": {
      "val_loss": 0.6227018237113953,
      "val_eval": 1.0575035214424133,
      "epochs": 30,
      "mse": 1.0316526889801025,
      "w2_global": 0.8705413937568665,
      "cvar": 1.860996127128601
    },
    "(0.5, 0.1)": {
      "val_loss": 0.5922116339206696,
      "val_eval": 1.0064795017242432,
      "epochs": 30,
      "mse": 0.9760667085647583,
      "w2_global": 0.8448101878166199,
      "cvar": 1.7450976371765137
    },
    "(0.5, 1.0)": {
      "val_loss": 0.5861217677593231,
      "val_eval": 1.0081843733787537,
      "epochs": 30,
      "mse": 0.9626631736755371,
      "w2_global": 0.8111621737480164,
      "cvar": 1.8391464948654175
    },
    "(0.5, 5.0)": {
      "val_loss": 0.5470948219299316,
      "val_eval": 0.9471651017665863,
      "epochs": 30,
      "mse": 0.8800056576728821,
      "w2_global": 0.7836659550666809,
      "cvar": 1.7105661630630493
    },
    "(0.5, 10.0)": {
      "val_loss": 0.5555678904056549,
      "val_eval": 0.9493324458599091,
      "epochs": 30,
      "mse": 0.9002512097358704,
      "w2_global": 0.798438310623169,
      "cvar": 1.648842692375183
    },
    "(0.75, 0.1)": {
      "val_loss": 0.4979958087205887,
      "val_eval": 0.8447224497795105,
      "epochs": 30,
      "mse": 0.7842499017715454,
      "w2_global": 0.6779413819313049,
      "cvar": 1.6153446435928345
    },
    "(0.75, 1.0)": {
      "val_loss": 0.4865805506706238,
      "val_eval": 0.8173243999481201,
      "epochs": 30,
      "mse": 0.7533513307571411,
      "w2_global": 0.5857921838760376,
      "cvar": 1.7380450963974
    },
    "(0.75, 5.0)": {
      "val_loss": 0.48271794617176056,
      "val_eval": 0.831598311662674,
      "epochs": 30,
      "mse": 0.7403611540794373,
      "w2_global": 0.6638977527618408,
      "cvar": 1.526388168334961
    },
    "(0.75, 10.0)": {
      "val_loss": 0.4954172372817993,
      "val_eval": 0.8693685233592987,
      "epochs": 30,
      "mse": 0.7780929803848267,
      "w2_global": 0.681578516960144,
      "cvar": 1.569096565246582
    },
    "(0.99, 0.1)": {
      "val_loss": 0.46774905920028687,
      "val_eval": 0.7870445847511292,
      "epochs": 30,
      "mse": 0.7131372690200806,
      "w2_global": 0.5653006434440613,
      "cvar": 1.7686396837234497
    },
    "(0.99, 1.0)": {
      "val_loss": 0.4726058542728424,
      "val_eval": 0.7835738062858582,
      "epochs": 30,
      "mse": 0.7043710350990295,
      "w2_global": 0.5518588423728943,
      "cvar": 1.8680391311645508
    },
    "(0.99, 5.0)": {
      "val_loss": 0.4816882610321045,
      "val_eval": 0.810513973236084,
      "epochs": 30,
      "mse": 0.742514967918396,
      "w2_global": 0.5735449194908142,
      "cvar": 1.8056397438049316
    },
    "(0.99, 10.0)": {
      "val_loss": 0.4747076779603958,
      "val_eval": 0.8059686720371246,
      "epochs": 30,
      "mse": 0.736882209777832,
      "w2_global": 0.5738104581832886,
      "cvar": 1.7381230592727661
    }
  }
}