{
  "train": {
    "mse": 0.43861180543899536,
    "rmse": 0.6622777404072973,
    "mae": 0.4822152256965637,
    "w2_global": 0.523177981376648,
    "ae_summary": {
      "mean": 0.4822152256965637,
      "std": 0.453960657119751,
      "min": 5.4836273193359375e-06,
      "max": 3.3194892406463623,
      "p50": 0.34514319896698,
      "p90": 1.1095527410507202,
      "p95": 1.3504443168640137,
      "p99": 2.2792346477508545
    },
    "se_summary": {
      "mean": 0.43861180543899536,
      "std": 0.9593411684036255,
      "min": 3.007016857736744e-11,
      "max": 11.01900863647461,
      "p50": 0.11912383139133453,
      "p90": 1.2311071157455444,
      "p95": 1.823699951171875,
      "p99": 5.194911003112793
    }
  },
  "val": {
    "mse": 0.7131372690200806,
    "rmse": 0.8444745520263358,
    "mae": 0.6339812278747559,
    "w2_global": 0.5653006434440613,
    "ae_summary": {
      "mean": 0.6339812278747559,
      "std": 0.5578575134277344,
      "min": 1.4901161193847656e-06,
      "max": 3.4319801330566406,
      "p50": 0.5016109943389893,
      "p90": 1.329902172088623,
      "p95": 1.5590455532073975,
      "p99": 2.9282708168029785
    },
    "se_summary": {
      "mean": 0.7131372690200806,
      "std": 1.3469229936599731,
      "min": 2.220446049250313e-12,
      "max": 11.778487205505371,
      "p50": 0.251613587141037,
      "p90": 1.7686396837234497,
      "p95": 2.4306232929229736,
      "p99": 8.574769973754883
    }
  },
  "test": {
    "mse": 0.6962260603904724,
    "rmse": 0.8344016181614657,
    "mae": 0.622589111328125,
    "w2_global": 0.5543704628944397,
    "ae_summary": {
      "mean": 0.622589111328125,
      "std": 0.5555257797241211,
      "min": 2.980232238769531e-07,
      "max": 3.3377864360809326,
      "p50": 0.48215407133102417,
      "p90": 1.3200575113296509,
      "p95": 1.5467867851257324,
      "p99": 2.918370485305786
    },
    "se_summary": {
      "mean": 0.6962260603904724,
      "std": 1.3312036991119385,
      "min": 8.881784197001252e-14,
      "max": 11.14081859588623,
      "p50": 0.23247255384922028,
      "p90": 1.7425518035888672,
      "p95": 2.3925492763519287,
      "p99": 8.516885757446289
    }
  }
}