{
  "train": {
    "mse": 0.006992122624069452,
    "rmse": 0.08361891307634567,
    "mae": 0.056886374950408936,
    "w2_global": 0.016820307821035385,
    "ae_summary": {
      "mean": 0.056886374950408936,
      "std": 0.06128672882914543,
      "min": 0.0,
      "max": 1.2317110300064087,
      "p50": 0.03952722251415253,
      "p90": 0.12370693683624268,
      "p95": 0.16172723472118378,
      "p99": 0.2863825261592865
    },
    "se_summary": {
      "mean": 0.006992122624069452,
      "std": 0.024616193026304245,
      "min": 0.0,
      "max": 1.5171120166778564,
      "p50": 0.001562401419505477,
      "p90": 0.015303405933082104,
      "p95": 0.02615569904446602,
      "p99": 0.08201495558023453
    }
  },
  "val": {
    "mse": 0.033305179327726364,
    "rmse": 0.18249706662773066,
    "mae": 0.10228394716978073,
    "w2_global": 0.016934819519519806,
    "ae_summary": {
      "mean": 0.10228394716978073,
      "std": 0.15113958716392517,
      "min": 7.152557373046875e-07,
      "max": 1.940473198890686,
      "p50": 0.060410141944885254,
      "p90": 0.20449668169021606,
      "p95": 0.3201361894607544,
      "p99": 0.8909185528755188
    },
    "se_summary": {
      "mean": 0.033305179327726364,
      "std": 0.14163082838058472,
      "min": 5.115907697472721e-13,
      "max": 3.7654361724853516,
      "p50": 0.003649385180324316,
      "p90": 0.04181889444589615,
      "p95": 0.10248717665672302,
      "p99": 0.793736457824707
    }
  },
  "test": {
    "mse": 0.03323456272482872,
    "rmse": 0.1823034907093902,
    "mae": 0.10226242244243622,
    "w2_global": 0.016833322122693062,
    "ae_summary": {
      "mean": 0.10226242244243622,
      "std": 0.15092036128044128,
      "min": 1.996755599975586e-06,
      "max": 2.1740713119506836,
      "p50": 0.05906474590301514,
      "p90": 0.20792727172374725,
      "p95": 0.32621458172798157,
      "p99": 0.8602231740951538
    },
    "se_summary": {
      "mean": 0.03323456272482872,
      "std": 0.13929739594459534,
      "min": 3.987032926033862e-12,
      "max": 4.726585865020752,
      "p50": 0.003488644026219845,
      "p90": 0.04323374852538109,
      "p95": 0.10641595721244812,
      "p99": 0.739983856678009
    }
  }
}