{
  "best_alpha": 0.99,
  "best_gamma": 10.0,
  "alpha_grid": [
    0.01,
    0.25,
    0.5,
    0.75,
    0.99
  ],
  "gamma_grid": [
    0.1,
    1.0,
    5.0,
    10.0
  ],
  "results": {
    "(0.01, 0.1)": {
      "val_loss": 0.6313920617103577,
      "val_eval": 0.8014942705631256,
      "epochs": 30,
      "mse": 0.6824651956558228,
      "w2_global": 0.27637359499931335,
      "cvar": 1.7615368366241455
    },
    "(0.01, 1.0)": {
      "val_loss": 0.6212100684642792,
      "val_eval": 0.7893241941928864,
      "epochs": 30,
      "mse": 0.6806110143661499,
      "w2_global": 0.27134469151496887,
      "cvar": 1.7881667613983154
    },
    "(0.01, 5.0)": {
      "val_loss": 0.6081151366233826,
      "val_eval": 0.7622851133346558,
      "epochs": 30,
      "mse": 0.652396023273468,
      "w2_global": 0.2654929757118225,
      "cvar": 1.7186888456344604
    },
    "(0.01, 10.0)": {
      "val_loss": 0.5982115566730499,
      "val_eval": 0.7516036629676819,
      "epochs": 30,
      "mse": 0.6441715955734253,
      "w2_global": 0.2666481137275696,
      "cvar": 1.6782654523849487
    },
    "(0.25, 0.1)": {
      "val_loss": 0.6082714796066284,
      "val_eval": 0.7705288529396057,
      "epochs": 30,
      "mse": 0.6635818481445312,
      "w2_global": 0.2732405364513397,
      "cvar": 1.6938914060592651
    },
    "(0.25, 1.0)": {
      "val_loss": 0.5888093709945679,
      "val_eval": 0.7453170418739319,
      "epochs": 30,
      "mse": 0.6495394706726074,
      "w2_global": 0.26641297340393066,
      "cvar": 1.683968186378479
    },
    "(0.25, 5.0)": {
      "val_loss": 0.5931702256202698,
      "val_eval": 0.7377740740776062,
      "epochs": 30,
      "mse": 0.6344980597496033,
      "w2_global": 0.2557998597621918,
      "cvar": 1.6528092622756958
    },
    "(0.25, 10.0)": {
      "val_loss": 0.5723025053739548,
      "val_eval": 0.7409916818141937,
      "epochs": 30,
      "mse": 0.6365694999694824,
      "w2_global": 0.2651924192905426,
      "cvar": 1.6716772317886353
    },
    "(0.5, 0.1)": {
      "val_loss": 0.5810598433017731,
      "val_eval": 0.7296573519706726,
      "epochs": 30,
      "mse": 0.6304301023483276,
      "w2_global": 0.26793619990348816,
      "cvar": 1.6607050895690918
    },
    "(0.5, 1.0)": {
      "val_loss": 0.570232018828392,
      "val_eval": 0.7167452871799469,
      "epochs": 30,
      "mse": 0.6153772473335266,
      "w2_global": 0.27503228187561035,
      "cvar": 1.606863021850586
    },
    "(0.5, 5.0)": {
      "val_loss": 0.5515280663967133,
      "val_eval": 0.7000123560428619,
      "epochs": 30,
      "mse": 0.6063980460166931,
      "w2_global": 0.2631755769252777,
      "cvar": 1.5917375087738037
    },
    "(0.5, 10.0)": {
      "val_loss": 0.5573779940605164,
      "val_eval": 0.7158299386501312,
      "epochs": 30,
      "mse": 0.6186083555221558,
      "w2_global": 0.27284863591194153,
      "cvar": 1.5838384628295898
    },
    "(0.75, 0.1)": {
      "val_loss": 0.49400536715984344,
      "val_eval": 0.6296816468238831,
      "epochs": 30,
      "mse": 0.5500472187995911,
      "w2_global": 0.26459312438964844,
      "cvar": 1.4000271558761597
    },
    "(0.75, 1.0)": {
      "val_loss": 0.49551962316036224,
      "val_eval": 0.624305933713913,
      "epochs": 30,
      "mse": 0.5420106649398804,
      "w2_global": 0.25269073247909546,
      "cvar": 1.3831299543380737
    },
    "(0.75, 5.0)": {
      "val_loss": 0.49979566037654877,
      "val_eval": 0.6467497646808624,
      "epochs": 30,
      "mse": 0.5542382597923279,
      "w2_global": 0.2668398916721344,
      "cvar": 1.4495314359664917
    },
    "(0.75, 10.0)": {
      "val_loss": 0.47830744087696075,
      "val_eval": 0.6146847307682037,
      "epochs": 30,
      "mse": 0.5248345732688904,
      "w2_global": 0.254293829202652,
      "cvar": 1.3349058628082275
    },
    "(0.99, 0.1)": {
      "val_loss": 0.25087738782167435,
      "val_eval": 0.28560368716716766,
      "epochs": 30,
      "mse": 0.26916369795799255,
      "w2_global": 0.0988442599773407,
      "cvar": 0.6977528929710388
    },
    "(0.99, 1.0)": {
      "val_loss": 0.2698143944144249,
      "val_eval": 0.313950777053833,
      "epochs": 30,
      "mse": 0.28271088004112244,
      "w2_global": 0.10186213254928589,
      "cvar": 0.7166173458099365
    },
    "(0.99, 5.0)": {
      "val_loss": 0.28105802088975906,
      "val_eval": 0.3169126808643341,
      "epochs": 30,
      "mse": 0.27802687883377075,
      "w2_global": 0.08300988376140594,
      "cvar": 0.7172712683677673
    },
    "(0.99, 10.0)": {
      "val_loss": 0.24906571954488754,
      "val_eval": 0.27884484827518463,
      "epochs": 30,
      "mse": 0.2649289071559906,
      "w2_global": 0.09590620547533035,
      "cvar": 0.6607629656791687
    }
  }
}