{
  "train": {
    "mse": 0.23587308824062347,
    "rmse": 0.48566767263286476,
    "mae": 0.36076661944389343,
    "w2_global": 0.09569848328828812,
    "ae_summary": {
      "mean": 0.36076661944389343,
      "std": 0.32514697313308716,
      "min": 3.155320882797241e-06,
      "max": 5.1093549728393555,
      "p50": 0.28343528509140015,
      "p90": 0.7542622089385986,
      "p95": 0.9468756914138794,
      "p99": 1.4954991340637207
    },
    "se_summary": {
      "mean": 0.23587308824062347,
      "std": 0.5717979073524475,
      "min": 9.956049873416362e-12,
      "max": 26.10550880432129,
      "p50": 0.08033555746078491,
      "p90": 0.5689114928245544,
      "p95": 0.8965736627578735,
      "p99": 2.2365174293518066
    }
  },
  "val": {
    "mse": 0.2649289071559906,
    "rmse": 0.5147124509432336,
    "mae": 0.38442447781562805,
    "w2_global": 0.09590620547533035,
    "ae_summary": {
      "mean": 0.38442447781562805,
      "std": 0.34226706624031067,
      "min": 0.00010745227336883545,
      "max": 3.4716968536376953,
      "p50": 0.29904818534851074,
      "p90": 0.8128727674484253,
      "p95": 1.0334337949752808,
      "p99": 1.6266645193099976
    },
    "se_summary": {
      "mean": 0.2649289071559906,
      "std": 0.5677476525306702,
      "min": 1.1545990830086339e-08,
      "max": 12.052679061889648,
      "p50": 0.08942987024784088,
      "p90": 0.6607629656791687,
      "p95": 1.0679856538772583,
      "p99": 2.6460399627685547
    }
  },
  "test": {
    "mse": 0.262905091047287,
    "rmse": 0.5127427142800637,
    "mae": 0.38705840706825256,
    "w2_global": 0.08143674582242966,
    "ae_summary": {
      "mean": 0.38705840706825256,
      "std": 0.3362899124622345,
      "min": 0.00015968084335327148,
      "max": 3.1629791259765625,
      "p50": 0.30625230073928833,
      "p90": 0.805877149105072,
      "p95": 1.041046142578125,
      "p99": 1.5674793720245361
    },
    "se_summary": {
      "mean": 0.262905091047287,
      "std": 0.514133095741272,
      "min": 2.5497971734012026e-08,
      "max": 10.004436492919922,
      "p50": 0.09379047155380249,
      "p90": 0.6494379639625549,
      "p95": 1.0837771892547607,
      "p99": 2.4569921493530273
    }
  }
}