{
  "best_alpha": 0.99,
  "best_gamma": 10.0,
  "alpha_grid": [
    0.99
  ],
  "gamma_grid": [
    10.0
  ],
  "results": {
    "(0.99, 10.0)": {
      "val_loss": 0.33229131079637086,
      "val_eval": 0.4720579431607173,
      "epoch": 28,
      "mse": 0.4720579431607173
    }
  },
  "standalone_mode": true
}