{
  "train": {
    "mse": 0.30686330795288086,
    "rmse": 0.5539524419594889,
    "mae": 0.3061337471008301,
    "w2_global": 0.08097407966852188,
    "ae_summary": {
      "mean": 0.3061337471008301,
      "std": 0.46167677640914917,
      "min": 2.682209014892578e-07,
      "max": 36.18300247192383,
      "p50": 0.1863255500793457,
      "p90": 0.6907926201820374,
      "p95": 0.9633756279945374,
      "p99": 1.786339521408081
    },
    "se_summary": {
      "mean": 0.30686330795288086,
      "std": 5.841781139373779,
      "min": 7.194245199571014e-14,
      "max": 1309.209716796875,
      "p50": 0.03471720963716507,
      "p90": 0.4771944582462311,
      "p95": 0.9280925989151001,
      "p99": 3.1910088062286377
    }
  },
  "val": {
    "mse": 0.47013401985168457,
    "rmse": 0.685663197095837,
    "mae": 0.3378751873970032,
    "w2_global": 0.05590209364891052,
    "ae_summary": {
      "mean": 0.3378751873970032,
      "std": 0.5966358184814453,
      "min": 5.0067901611328125e-06,
      "max": 33.332759857177734,
      "p50": 0.19596201181411743,
      "p90": 0.7619379162788391,
      "p95": 1.0782133340835571,
      "p99": 2.0292539596557617
    },
    "se_summary": {
      "mean": 0.47013401985168457,
      "std": 10.598719596862793,
      "min": 2.5067947717616335e-11,
      "max": 1111.0728759765625,
      "p50": 0.03840111196041107,
      "p90": 0.5805493593215942,
      "p95": 1.1625438928604126,
      "p99": 4.1178717613220215
    }
  },
  "test": {
    "mse": 1.035971999168396,
    "rmse": 1.0178270968923926,
    "mae": 0.34385883808135986,
    "w2_global": 0.19389255344867706,
    "ae_summary": {
      "mean": 0.34385883808135986,
      "std": 0.9579839110374451,
      "min": 3.904104232788086e-06,
      "max": 128.0419921875,
      "p50": 0.20403917133808136,
      "p90": 0.7597265839576721,
      "p95": 1.0793788433074951,
      "p99": 2.071747303009033
    },
    "se_summary": {
      "mean": 1.035971999168396,
      "std": 101.20091247558594,
      "min": 1.524202986047385e-11,
      "max": 16394.751953125,
      "p50": 0.04163198173046112,
      "p90": 0.5771844983100891,
      "p95": 1.1650586128234863,
      "p99": 4.292137145996094
    }
  }
}