{
  "test": {
    "mse": 0.030498968437314034,
    "rmse": 0.17463953858537887,
    "mae": 0.07745210826396942,
    "w2_global": 0.021642424166202545,
    "ae_summary": {
      "mean": 0.07745210826396942,
      "std": 0.15652520954608917,
      "min": 1.1920928955078125e-07,
      "max": 2.1913528442382812,
      "p50": 0.02031119167804718,
      "p90": 0.21093741059303284,
      "p95": 0.3617769479751587,
      "p99": 0.801589846611023
    },
    "se_summary": {
      "mean": 0.030498968437314034,
      "std": 0.14967699348926544,
      "min": 1.4210854715202004e-14,
      "max": 4.802027225494385,
      "p50": 0.0004125445266254246,
      "p90": 0.044494595378637314,
      "p95": 0.13088256120681763,
      "p99": 0.6425462961196899
    }
  }
}