{
  "train": {
    "mse": 0.0,
    "rmse": 0.0,
    "mae": 0.0,
    "w2_global": 0.020598342642188072,
    "ae_summary": {
      "mean": 0.0,
      "std": 0.0,
      "min": 0.0,
      "max": 0.0,
      "p50": 0.0,
      "p90": 0.0,
      "p95": 0.0,
      "p99": 0.0
    },
    "se_summary": {
      "mean": 0.0,
      "std": 0.0,
      "min": 0.0,
      "max": 0.0,
      "p50": 0.0,
      "p90": 0.0,
      "p95": 0.0,
      "p99": 0.0
    }
  },
  "val": {
    "mse": 0.18465326726436615,
    "rmse": 0.429713005696088,
    "mae": 0.2891021966934204,
    "w2_global": 0.018047140911221504,
    "ae_summary": {
      "mean": 0.2891021966934204,
      "std": 0.31792011857032776,
      "min": 0.0012621283531188965,
      "max": 2.3734536170959473,
      "p50": 0.19280752539634705,
      "p90": 0.643641471862793,
      "p95": 0.8645064830780029,
      "p99": 1.8103463649749756
    },
    "se_summary": {
      "mean": 0.18465326726436615,
      "std": 0.5203253626823425,
      "min": 1.592968033037323e-06,
      "max": 5.63328218460083,
      "p50": 0.03717474266886711,
      "p90": 0.4142751693725586,
      "p95": 0.7475813627243042,
      "p99": 3.277724504470825
    }
  },
  "test": {
    "mse": 0.32595354318618774,
    "rmse": 0.5709234127150399,
    "mae": 0.36574023962020874,
    "w2_global": 0.026096466928720474,
    "ae_summary": {
      "mean": 0.36574023962020874,
      "std": 0.43839210271835327,
      "min": 2.047419548034668e-05,
      "max": 2.8222734928131104,
      "p50": 0.21631252765655518,
      "p90": 0.7834348082542419,
      "p95": 1.2618948221206665,
      "p99": 2.1080150604248047
    },
    "se_summary": {
      "mean": 0.32595354318618774,
      "std": 0.8915699124336243,
      "min": 4.191926805674484e-10,
      "max": 7.9652276039123535,
      "p50": 0.046791110187768936,
      "p90": 0.6137715578079224,
      "p95": 1.592960238456726,
      "p99": 4.4439377784729
    }
  }
}