{
  "best_alpha": 0.75,
  "best_gamma": 0.1,
  "alpha_grid": [
    0.01,
    0.25,
    0.5,
    0.75,
    0.99
  ],
  "gamma_grid": [
    0.1,
    1.0,
    5.0,
    10.0
  ],
  "results": {
    "(0.01, 0.1)": {
      "val_loss": 15.04240894317627,
      "val_eval": 14.502556800842285,
      "epochs": 30,
      "mse": 14.502556800842285,
      "w2_global": 2.563303232192993,
      "cvar": 31.815954208374023
    },
    "(0.01, 1.0)": {
      "val_loss": 9.506651878356934,
      "val_eval": 8.578736305236816,
      "epochs": 30,
      "mse": 8.578736305236816,
      "w2_global": 1.623923420906067,
      "cvar": 24.388294219970703
    },
    "(0.01, 5.0)": {
      "val_loss": 37.068016052246094,
      "val_eval": 37.091407775878906,
      "epochs": 30,
      "mse": 37.091407775878906,
      "w2_global": 4.815115928649902,
      "cvar": 90.80293273925781
    },
    "(0.01, 10.0)": {
      "val_loss": 362.19873046875,
      "val_eval": 356.5199279785156,
      "epochs": 30,
      "mse": 356.51995849609375,
      "w2_global": 16.8801326751709,
      "cvar": 801.14013671875
    },
    "(0.25, 0.1)": {
      "val_loss": 1.0970139503479004,
      "val_eval": 1.0920032262802124,
      "epochs": 30,
      "mse": 1.0920031070709229,
      "w2_global": 0.6124297380447388,
      "cvar": 2.7182350158691406
    },
    "(0.25, 1.0)": {
      "val_loss": 1.3567774295806885,
      "val_eval": 1.324681282043457,
      "epochs": 30,
      "mse": 1.324681282043457,
      "w2_global": 0.39482083916664124,
      "cvar": 3.4648244380950928
    },
    "(0.25, 5.0)": {
      "val_loss": 1.1365971565246582,
      "val_eval": 1.146988868713379,
      "epochs": 30,
      "mse": 1.146988868713379,
      "w2_global": 0.5146529078483582,
      "cvar": 2.981095790863037
    },
    "(0.25, 10.0)": {
      "val_loss": 1.3057811260223389,
      "val_eval": 1.2367116212844849,
      "epochs": 30,
      "mse": 1.2367117404937744,
      "w2_global": 0.5236714482307434,
      "cvar": 3.116804599761963
    },
    "(0.5, 0.1)": {
      "val_loss": 1.0138853788375854,
      "val_eval": 0.9902399778366089,
      "epochs": 30,
      "mse": 0.9902399182319641,
      "w2_global": 0.6049776077270508,
      "cvar": 2.5577542781829834
    },
    "(0.5, 1.0)": {
      "val_loss": 1.1098425388336182,
      "val_eval": 1.1331686973571777,
      "epochs": 30,
      "mse": 1.1331688165664673,
      "w2_global": 0.5573174357414246,
      "cvar": 2.820612668991089
    },
    "(0.5, 5.0)": {
      "val_loss": 0.9911071062088013,
      "val_eval": 0.9700552821159363,
      "epochs": 30,
      "mse": 0.9700552225112915,
      "w2_global": 0.5578278303146362,
      "cvar": 2.3962349891662598
    },
    "(0.5, 10.0)": {
      "val_loss": 0.8512154817581177,
      "val_eval": 0.8312063217163086,
      "epochs": 30,
      "mse": 0.8312063217163086,
      "w2_global": 0.5082821846008301,
      "cvar": 2.2354493141174316
    },
    "(0.75, 0.1)": {
      "val_loss": 0.30899637937545776,
      "val_eval": 0.3235764503479004,
      "epochs": 30,
      "mse": 0.3235764503479004,
      "w2_global": 0.16052404046058655,
      "cvar": 0.8835545778274536
    },
    "(0.75, 1.0)": {
      "val_loss": 0.3303163945674896,
      "val_eval": 0.3298446834087372,
      "epochs": 30,
      "mse": 0.3298446834087372,
      "w2_global": 0.16331321001052856,
      "cvar": 0.8951876759529114
    },
    "(0.75, 5.0)": {
      "val_loss": 0.36214151978492737,
      "val_eval": 0.391414612531662,
      "epochs": 30,
      "mse": 0.391414612531662,
      "w2_global": 0.14964577555656433,
      "cvar": 1.0754799842834473
    },
    "(0.75, 10.0)": {
      "val_loss": 0.39548158645629883,
      "val_eval": 0.4187048673629761,
      "epochs": 30,
      "mse": 0.4187048673629761,
      "w2_global": 0.21594226360321045,
      "cvar": 1.2198107242584229
    },
    "(0.99, 0.1)": {
      "val_loss": 0.3541715741157532,
      "val_eval": 0.3542400896549225,
      "epochs": 30,
      "mse": 0.3542400896549225,
      "w2_global": 0.12424564361572266,
      "cvar": 0.972697377204895
    },
    "(0.99, 1.0)": {
      "val_loss": 0.3554280400276184,
      "val_eval": 0.3661114275455475,
      "epochs": 30,
      "mse": 0.3661114275455475,
      "w2_global": 0.1765604019165039,
      "cvar": 1.0058021545410156
    },
    "(0.99, 5.0)": {
      "val_loss": 0.3247053325176239,
      "val_eval": 0.33555200695991516,
      "epochs": 30,
      "mse": 0.33555200695991516,
      "w2_global": 0.14158286154270172,
      "cvar": 0.9483142495155334
    },
    "(0.99, 10.0)": {
      "val_loss": 0.4080081582069397,
      "val_eval": 0.41307199001312256,
      "epochs": 30,
      "mse": 0.41307199001312256,
      "w2_global": 0.2003163993358612,
      "cvar": 1.0973842144012451
    }
  }
}