{
  "train": {
    "mse": 0.34159061312675476,
    "rmse": 0.5844575374881864,
    "mae": 0.43485310673713684,
    "w2_global": 0.15749460458755493,
    "ae_summary": {
      "mean": 0.43485310673713684,
      "std": 0.39050406217575073,
      "min": 3.802776336669922e-05,
      "max": 3.4377918243408203,
      "p50": 0.3295970559120178,
      "p90": 0.9487297534942627,
      "p95": 1.2442964315414429,
      "p99": 1.7750645875930786
    },
    "se_summary": {
      "mean": 0.34159061312675476,
      "std": 0.6643356084823608,
      "min": 1.446110786673671e-09,
      "max": 11.818412780761719,
      "p50": 0.10863421857357025,
      "p90": 0.9000881314277649,
      "p95": 1.5482735633850098,
      "p99": 3.1508543491363525
    }
  },
  "val": {
    "mse": 0.3235764503479004,
    "rmse": 0.5688378067146209,
    "mae": 0.42951029539108276,
    "w2_global": 0.16052404046058655,
    "ae_summary": {
      "mean": 0.42951029539108276,
      "std": 0.3729575574398041,
      "min": 5.289912223815918e-05,
      "max": 2.508357048034668,
      "p50": 0.32962721586227417,
      "p90": 0.9399758577346802,
      "p95": 1.1949392557144165,
      "p99": 1.6899712085723877
    },
    "se_summary": {
      "mean": 0.3235764503479004,
      "std": 0.5683057904243469,
      "min": 2.798317133567707e-09,
      "max": 6.2918548583984375,
      "p50": 0.10865410417318344,
      "p90": 0.8835545778274536,
      "p95": 1.4278796911239624,
      "p99": 2.856003522872925
    }
  },
  "test": {
    "mse": 0.3372933566570282,
    "rmse": 0.5807696244269566,
    "mae": 0.4324357509613037,
    "w2_global": 0.16219446063041687,
    "ae_summary": {
      "mean": 0.4324357509613037,
      "std": 0.38767603039741516,
      "min": 3.17692756652832e-05,
      "max": 3.0572171211242676,
      "p50": 0.3266102373600006,
      "p90": 0.9485619068145752,
      "p95": 1.2227809429168701,
      "p99": 1.7793240547180176
    },
    "se_summary": {
      "mean": 0.3372933566570282,
      "std": 0.6359545588493347,
      "min": 1.0092868762967555e-09,
      "max": 9.346576690673828,
      "p50": 0.10667424649000168,
      "p90": 0.89976966381073,
      "p95": 1.4951931238174438,
      "p99": 3.165994167327881
    }
  }
}