{
  "train": {
    "mse": 0.0,
    "rmse": 0.0,
    "mae": 0.0,
    "w2_global": 0.07049670815467834,
    "ae_summary": {
      "mean": 0.0,
      "std": 0.0,
      "min": 0.0,
      "max": 0.0,
      "p50": 0.0,
      "p90": 0.0,
      "p95": 0.0,
      "p99": 0.0
    },
    "se_summary": {
      "mean": 0.0,
      "std": 0.0,
      "min": 0.0,
      "max": 0.0,
      "p50": 0.0,
      "p90": 0.0,
      "p95": 0.0,
      "p99": 0.0
    }
  },
  "val": {
    "mse": 0.7172363996505737,
    "rmse": 0.8468981046445752,
    "mae": 0.6935226917266846,
    "w2_global": 0.05351308360695839,
    "ae_summary": {
      "mean": 0.6935226917266846,
      "std": 0.48606857657432556,
      "min": 0.0014023631811141968,
      "max": 2.8956847190856934,
      "p50": 0.6034724116325378,
      "p90": 1.3249914646148682,
      "p95": 1.499383807182312,
      "p99": 2.1158130168914795
    },
    "se_summary": {
      "mean": 0.7172363996505737,
      "std": 0.9594004154205322,
      "min": 1.9666224488901207e-06,
      "max": 8.384989738464355,
      "p50": 0.36417895555496216,
      "p90": 1.7556297779083252,
      "p95": 2.24819016456604,
      "p99": 4.504970073699951
    }
  },
  "test": {
    "mse": 0.8216232061386108,
    "rmse": 0.9064343363634295,
    "mae": 0.7077833414077759,
    "w2_global": 0.05429732799530029,
    "ae_summary": {
      "mean": 0.7077833414077759,
      "std": 0.5662736296653748,
      "min": 0.0015631318092346191,
      "max": 3.732733964920044,
      "p50": 0.5909005403518677,
      "p90": 1.4365164041519165,
      "p95": 1.8693640232086182,
      "p99": 2.5759994983673096
    },
    "se_summary": {
      "mean": 0.8216232061386108,
      "std": 1.3760640621185303,
      "min": 2.443381163175218e-06,
      "max": 13.933302879333496,
      "p50": 0.3491634726524353,
      "p90": 2.063581943511963,
      "p95": 3.4945740699768066,
      "p99": 6.635775566101074
    }
  }
}