{
  "test": {
    "mse": 1.0394669771194458,
    "rmse": 1.0195425332566788,
    "mae": 0.6248573064804077,
    "w2_global": 0.17615945637226105,
    "ae_summary": {
      "mean": 0.6248573064804077,
      "std": 0.8056179881095886,
      "min": 3.725290298461914e-07,
      "max": 20.995996475219727,
      "p50": 0.3451237976551056,
      "p90": 1.5827338695526123,
      "p95": 2.1156461238861084,
      "p99": 3.5601866245269775
    },
    "se_summary": {
      "mean": 1.0394669771194458,
      "std": 3.837495803833008,
      "min": 1.3877787807814457e-13,
      "max": 440.8318786621094,
      "p50": 0.11911043524742126,
      "p90": 2.505046844482422,
      "p95": 4.475958824157715,
      "p99": 12.67492961883545
    }
  }
}