{
  "train": {
    "mse": 0.459071546792984,
    "rmse": 0.6775481878014168,
    "mae": 0.4438962936401367,
    "w2_global": 0.1437324434518814,
    "ae_summary": {
      "mean": 0.4438962936401367,
      "std": 0.5118863582611084,
      "min": 1.996755599975586e-06,
      "max": 34.750728607177734,
      "p50": 0.2984182834625244,
      "p90": 0.995326042175293,
      "p95": 1.328075885772705,
      "p99": 2.225861072540283
    },
    "se_summary": {
      "mean": 0.459071546792984,
      "std": 4.7535080909729,
      "min": 3.987032926033862e-12,
      "max": 1207.6131591796875,
      "p50": 0.08905346691608429,
      "p90": 0.9906739592552185,
      "p95": 1.7637856006622314,
      "p99": 4.954457759857178
    }
  },
  "val": {
    "mse": 0.48296669125556946,
    "rmse": 0.6949580499969544,
    "mae": 0.46616998314857483,
    "w2_global": 0.1316152811050415,
    "ae_summary": {
      "mean": 0.46616998314857483,
      "std": 0.5154145956039429,
      "min": 7.832050323486328e-05,
      "max": 8.102690696716309,
      "p50": 0.3148004114627838,
      "p90": 1.0412335395812988,
      "p95": 1.383385181427002,
      "p99": 2.3545424938201904
    },
    "se_summary": {
      "mean": 0.48296669125556946,
      "std": 1.7458794116973877,
      "min": 6.13410122696223e-09,
      "max": 65.65359497070312,
      "p50": 0.099099300801754,
      "p90": 1.084167242050171,
      "p95": 1.9137544631958008,
      "p99": 5.543872833251953
    }
  },
  "test": {
    "mse": 0.5244733691215515,
    "rmse": 0.7242053362973456,
    "mae": 0.48593613505363464,
    "w2_global": 0.14210912585258484,
    "ae_summary": {
      "mean": 0.48593613505363464,
      "std": 0.5369724631309509,
      "min": 9.581446647644043e-06,
      "max": 20.018016815185547,
      "p50": 0.3312063217163086,
      "p90": 1.0853915214538574,
      "p95": 1.4457241296768188,
      "p99": 2.39652156829834
    },
    "se_summary": {
      "mean": 0.5244733691215515,
      "std": 2.4330313205718994,
      "min": 9.180411986164927e-11,
      "max": 400.72100830078125,
      "p50": 0.109697625041008,
      "p90": 1.1780747175216675,
      "p95": 2.090118408203125,
      "p99": 5.743314743041992
    }
  }
}