{
  "train": {
    "mse": 3721.736328125,
    "rmse": 61.0060351778822,
    "mae": 46.1053581237793,
    "w2_global": 0.25343596935272217,
    "ae_summary": {
      "mean": 46.1053581237793,
      "std": 39.95037078857422,
      "min": 0.0013339519500732422,
      "max": 416.0085144042969,
      "p50": 36.25758361816406,
      "p90": 96.64282989501953,
      "p95": 123.19087219238281,
      "p99": 187.5512237548828
    },
    "se_summary": {
      "mean": 3721.736328125,
      "std": 7225.158203125,
      "min": 1.7794277482607868e-06,
      "max": 173063.078125,
      "p50": 1314.6124267578125,
      "p90": 9339.8359375,
      "p95": 15175.9912109375,
      "p99": 35175.46484375
    }
  },
  "val": {
    "mse": 1.004097580909729,
    "rmse": 1.0020466959726622,
    "mae": 0.5516451597213745,
    "w2_global": 0.3971046507358551,
    "ae_summary": {
      "mean": 0.5516451597213745,
      "std": 0.8365317583084106,
      "min": 3.0547380447387695e-07,
      "max": 91.83576202392578,
      "p50": 0.3373106122016907,
      "p90": 1.3195137977600098,
      "p95": 1.7187907695770264,
      "p99": 2.7343461513519287
    },
    "se_summary": {
      "mean": 1.004097580909729,
      "std": 43.366756439208984,
      "min": 9.331424521974441e-14,
      "max": 8433.8076171875,
      "p50": 0.11377845704555511,
      "p90": 1.7411165237426758,
      "p95": 2.9542417526245117,
      "p99": 7.476651191711426
    }
  },
  "test": {
    "mse": 1.1119495630264282,
    "rmse": 1.0544901910527325,
    "mae": 0.638100802898407,
    "w2_global": 0.2684882879257202,
    "ae_summary": {
      "mean": 0.638100802898407,
      "std": 0.839509904384613,
      "min": 1.1622905731201172e-06,
      "max": 23.062549591064453,
      "p50": 0.3640809953212738,
      "p90": 1.5472127199172974,
      "p95": 2.0900940895080566,
      "p99": 3.7529473304748535
    },
    "se_summary": {
      "mean": 1.1119495630264282,
      "std": 5.826656818389893,
      "min": 1.3509193763638905e-12,
      "max": 531.8811645507812,
      "p50": 0.13255497813224792,
      "p90": 2.393867254257202,
      "p95": 4.368493556976318,
      "p99": 14.084615707397461
    }
  }
}