{
  "train": {
    "mse": 0.0,
    "rmse": 0.0,
    "mae": 0.0,
    "w2_global": 0.09457436203956604,
    "ae_summary": {
      "mean": 0.0,
      "std": 0.0,
      "min": 0.0,
      "max": 0.0,
      "p50": 0.0,
      "p90": 0.0,
      "p95": 0.0,
      "p99": 0.0
    },
    "se_summary": {
      "mean": 0.0,
      "std": 0.0,
      "min": 0.0,
      "max": 0.0,
      "p50": 0.0,
      "p90": 0.0,
      "p95": 0.0,
      "p99": 0.0
    }
  },
  "val": {
    "mse": 0.18260827660560608,
    "rmse": 0.4273268966559513,
    "mae": 0.29098010063171387,
    "w2_global": 0.10852278769016266,
    "ae_summary": {
      "mean": 0.29098010063171387,
      "std": 0.31295183300971985,
      "min": 1.2755393981933594e-05,
      "max": 3.0164804458618164,
      "p50": 0.2068324089050293,
      "p90": 0.6164231300354004,
      "p95": 0.8212153315544128,
      "p99": 1.6253652572631836
    },
    "se_summary": {
      "mean": 0.18260827660560608,
      "std": 0.5601242780685425,
      "min": 1.6270007563434774e-10,
      "max": 9.099154472351074,
      "p50": 0.042779646813869476,
      "p90": 0.3799774944782257,
      "p95": 0.6743948459625244,
      "p99": 2.6419432163238525
    }
  },
  "test": {
    "mse": 0.1726684421300888,
    "rmse": 0.41553392416274365,
    "mae": 0.2857005298137665,
    "w2_global": 0.09937036782503128,
    "ae_summary": {
      "mean": 0.2857005298137665,
      "std": 0.30173438787460327,
      "min": 0.00012084841728210449,
      "max": 4.148310661315918,
      "p50": 0.20402935147285461,
      "p90": 0.6146706342697144,
      "p95": 0.8200344443321228,
      "p99": 1.4782860279083252
    },
    "se_summary": {
      "mean": 0.1726684421300888,
      "std": 0.5561376810073853,
      "min": 1.4604339959589652e-08,
      "max": 17.208480834960938,
      "p50": 0.041627977043390274,
      "p90": 0.3778200149536133,
      "p95": 0.6724565029144287,
      "p99": 2.1853299140930176
    }
  }
}