{
  "train": {
    "mse": 0.0,
    "rmse": 0.0,
    "mae": 0.0,
    "w2_global": 0.07017063349485397,
    "ae_summary": {
      "mean": 0.0,
      "std": 0.0,
      "min": 0.0,
      "max": 0.0,
      "p50": 0.0,
      "p90": 0.0,
      "p95": 0.0,
      "p99": 0.0
    },
    "se_summary": {
      "mean": 0.0,
      "std": 0.0,
      "min": 0.0,
      "max": 0.0,
      "p50": 0.0,
      "p90": 0.0,
      "p95": 0.0,
      "p99": 0.0
    }
  },
  "val": {
    "mse": 0.4020894467830658,
    "rmse": 0.6341052332090201,
    "mae": 0.4736436903476715,
    "w2_global": 0.05456042289733887,
    "ae_summary": {
      "mean": 0.4736436903476715,
      "std": 0.4216054379940033,
      "min": 5.0067901611328125e-05,
      "max": 3.28592848777771,
      "p50": 0.3616371154785156,
      "p90": 1.03020179271698,
      "p95": 1.3097259998321533,
      "p99": 1.977856159210205
    },
    "se_summary": {
      "mean": 0.4020894467830658,
      "std": 0.7810590267181396,
      "min": 2.5067947717616335e-09,
      "max": 10.79732608795166,
      "p50": 0.1307813972234726,
      "p90": 1.061315655708313,
      "p95": 1.7153820991516113,
      "p99": 3.911935567855835
    }
  },
  "test": {
    "mse": 0.42851561307907104,
    "rmse": 0.6546110395334553,
    "mae": 0.4758160412311554,
    "w2_global": 0.07050934433937073,
    "ae_summary": {
      "mean": 0.4758160412311554,
      "std": 0.44957172870635986,
      "min": 2.384185791015625e-05,
      "max": 5.643054485321045,
      "p50": 0.34705162048339844,
      "p90": 1.0554168224334717,
      "p95": 1.3511669635772705,
      "p99": 2.0614218711853027
    },
    "se_summary": {
      "mean": 0.42851561307907104,
      "std": 0.9475998878479004,
      "min": 5.684341886080801e-10,
      "max": 31.844064712524414,
      "p50": 0.12044483423233032,
      "p90": 1.1139047145843506,
      "p95": 1.8256521224975586,
      "p99": 4.2494730949401855
    }
  }
}