{
  "train": {
    "mse": 0.14896993339061737,
    "rmse": 0.3859662334850257,
    "mae": 0.2872171998023987,
    "w2_global": 0.12861543893814087,
    "ae_summary": {
      "mean": 0.2872171998023987,
      "std": 0.25782981514930725,
      "min": 7.845461368560791e-06,
      "max": 1.9774115085601807,
      "p50": 0.21884196996688843,
      "p90": 0.6104453206062317,
      "p95": 0.8040294647216797,
      "p99": 1.23023521900177
    },
    "se_summary": {
      "mean": 0.14896993339061737,
      "std": 0.28876781463623047,
      "min": 6.155126408557976e-11,
      "max": 3.91015625,
      "p50": 0.047891806811094284,
      "p90": 0.37264347076416016,
      "p95": 0.6464633941650391,
      "p99": 1.5134788751602173
    }
  },
  "val": {
    "mse": 0.26808807253837585,
    "rmse": 0.5177722207094311,
    "mae": 0.37026306986808777,
    "w2_global": 0.12062833458185196,
    "ae_summary": {
      "mean": 0.37026306986808777,
      "std": 0.3619299530982971,
      "min": 6.949901580810547e-05,
      "max": 3.4665701389312744,
      "p50": 0.26898324489593506,
      "p90": 0.8042152523994446,
      "p95": 1.0776255130767822,
      "p99": 1.7441473007202148
    },
    "se_summary": {
      "mean": 0.26808807253837585,
      "std": 0.6170205473899841,
      "min": 4.830113198295294e-09,
      "max": 12.017108917236328,
      "p50": 0.07235198467969894,
      "p90": 0.6467621922492981,
      "p95": 1.1612770557403564,
      "p99": 3.04205060005188
    }
  },
  "test": {
    "mse": 0.2827315330505371,
    "rmse": 0.5317250539992799,
    "mae": 0.3788259029388428,
    "w2_global": 0.1179821714758873,
    "ae_summary": {
      "mean": 0.3788259029388428,
      "std": 0.37312522530555725,
      "min": 1.0788440704345703e-05,
      "max": 2.9408841133117676,
      "p50": 0.27365463972091675,
      "p90": 0.8121329545974731,
      "p95": 1.1368926763534546,
      "p99": 1.8592647314071655
    },
    "se_summary": {
      "mean": 0.2827315330505371,
      "std": 0.645283579826355,
      "min": 1.1639045283118321e-10,
      "max": 8.648798942565918,
      "p50": 0.07488685846328735,
      "p90": 0.659559965133667,
      "p95": 1.2925249338150024,
      "p99": 3.4568655490875244
    }
  }
}