{
  "test": {
    "mse": 0.5453006625175476,
    "rmse": 0.7384447592863989,
    "mae": 0.38432982563972473,
    "w2_global": 0.02600332349538803,
    "ae_summary": {
      "mean": 0.38432982563972473,
      "std": 0.630548357963562,
      "min": 5.662441253662109e-07,
      "max": 28.40005874633789,
      "p50": 0.22691679000854492,
      "p90": 0.8818707466125488,
      "p95": 1.220501184463501,
      "p99": 2.294374942779541
    },
    "se_summary": {
      "mean": 0.5453006625175476,
      "std": 9.984309196472168,
      "min": 3.206324095117452e-13,
      "max": 806.5633544921875,
      "p50": 0.051491230726242065,
      "p90": 0.7776960134506226,
      "p95": 1.4896231889724731,
      "p99": 5.264156818389893
    }
  }
}