{
  "train": {
    "mse": 0.0,
    "rmse": 0.0,
    "mae": 0.0,
    "w2_global": 0.023745974525809288,
    "ae_summary": {
      "mean": 0.0,
      "std": 0.0,
      "min": 0.0,
      "max": 0.0,
      "p50": 0.0,
      "p90": 0.0,
      "p95": 0.0,
      "p99": 0.0
    },
    "se_summary": {
      "mean": 0.0,
      "std": 0.0,
      "min": 0.0,
      "max": 0.0,
      "p50": 0.0,
      "p90": 0.0,
      "p95": 0.0,
      "p99": 0.0
    }
  },
  "val": {
    "mse": 0.04690041393041611,
    "rmse": 0.21656503395150406,
    "mae": 0.1222807839512825,
    "w2_global": 0.022674232721328735,
    "ae_summary": {
      "mean": 0.1222807839512825,
      "std": 0.1787395477294922,
      "min": 4.0531158447265625e-06,
      "max": 1.715205192565918,
      "p50": 0.05716541409492493,
      "p90": 0.32199421525001526,
      "p95": 0.5054029822349548,
      "p99": 0.8646537661552429
    },
    "se_summary": {
      "mean": 0.04690041393041611,
      "std": 0.1518031507730484,
      "min": 1.6427748050773516e-11,
      "max": 2.9419288635253906,
      "p50": 0.0032678847201168537,
      "p90": 0.10368028283119202,
      "p95": 0.2554321587085724,
      "p99": 0.7476261854171753
    }
  },
  "test": {
    "mse": 0.047245774418115616,
    "rmse": 0.21736093121376623,
    "mae": 0.12112900614738464,
    "w2_global": 0.022080447524785995,
    "ae_summary": {
      "mean": 0.12112900614738464,
      "std": 0.18048140406608582,
      "min": 8.791685104370117e-07,
      "max": 1.8915269374847412,
      "p50": 0.055423617362976074,
      "p90": 0.31291741132736206,
      "p95": 0.5032725930213928,
      "p99": 0.8763740062713623
    },
    "se_summary": {
      "mean": 0.047245774418115616,
      "std": 0.15795956552028656,
      "min": 7.72937269744034e-13,
      "max": 3.577874183654785,
      "p50": 0.0030717775225639343,
      "p90": 0.09791731089353561,
      "p95": 0.2532832622528076,
      "p99": 0.7680313587188721
    }
  }
}