{
  "train": {
    "mse": 6039.5439453125,
    "rmse": 77.71450279910758,
    "mae": 58.899749755859375,
    "w2_global": 0.0035046038683503866,
    "ae_summary": {
      "mean": 58.899749755859375,
      "std": 50.69874954223633,
      "min": 3.170967102050781e-05,
      "max": 356.17840576171875,
      "p50": 45.792320251464844,
      "p90": 126.68510437011719,
      "p95": 159.75808715820312,
      "p99": 240.28012084960938
    },
    "se_summary": {
      "mean": 6039.5439453125,
      "std": 10772.2294921875,
      "min": 1.005503236228833e-09,
      "max": 126863.0546875,
      "p50": 2096.936767578125,
      "p90": 16049.1142578125,
      "p95": 25522.646484375,
      "p99": 57734.53515625
    }
  },
  "val": {
    "mse": 0.002260447246953845,
    "rmse": 0.04754416101850831,
    "mae": 0.023846793919801712,
    "w2_global": 0.003507080255076289,
    "ae_summary": {
      "mean": 0.023846793919801712,
      "std": 0.04113122820854187,
      "min": 1.1920928955078125e-07,
      "max": 1.9245432615280151,
      "p50": 0.014650940895080566,
      "p90": 0.05262533575296402,
      "p95": 0.07180559635162354,
      "p99": 0.13702911138534546
    },
    "se_summary": {
      "mean": 0.002260447246953845,
      "std": 0.04855953902006149,
      "min": 1.4210854715202004e-14,
      "max": 3.703866720199585,
      "p50": 0.00021465006284415722,
      "p90": 0.0027694259770214558,
      "p95": 0.005156043916940689,
      "p99": 0.018776999786496162
    }
  },
  "test": {
    "mse": 0.002892490476369858,
    "rmse": 0.05378187869877602,
    "mae": 0.023861641064286232,
    "w2_global": 0.003582085482776165,
    "ae_summary": {
      "mean": 0.023861641064286232,
      "std": 0.048198677599430084,
      "min": 1.5497207641601562e-06,
      "max": 1.9317271709442139,
      "p50": 0.014595992863178253,
      "p90": 0.052340224385261536,
      "p95": 0.07216896116733551,
      "p99": 0.1319638043642044
    },
    "se_summary": {
      "mean": 0.002892490476369858,
      "std": 0.06968305259943008,
      "min": 2.4016344468691386e-12,
      "max": 3.731569766998291,
      "p50": 0.0002130430075339973,
      "p90": 0.0027394990902394056,
      "p95": 0.005208359099924564,
      "p99": 0.017414448782801628
    }
  }
}