{
  "train": {
    "mse": 0.0,
    "rmse": 0.0,
    "mae": 0.0,
    "w2_global": 0.19756357371807098,
    "ae_summary": {
      "mean": 0.0,
      "std": 0.0,
      "min": 0.0,
      "max": 0.0,
      "p50": 0.0,
      "p90": 0.0,
      "p95": 0.0,
      "p99": 0.0
    },
    "se_summary": {
      "mean": 0.0,
      "std": 0.0,
      "min": 0.0,
      "max": 0.0,
      "p50": 0.0,
      "p90": 0.0,
      "p95": 0.0,
      "p99": 0.0
    }
  },
  "val": {
    "mse": 0.9886860847473145,
    "rmse": 0.9943269506290747,
    "mae": 0.7776747941970825,
    "w2_global": 0.2135872095823288,
    "ae_summary": {
      "mean": 0.7776747941970825,
      "std": 0.6196030974388123,
      "min": 1.3113021850585938e-05,
      "max": 5.144881248474121,
      "p50": 0.6354767084121704,
      "p90": 1.6190389394760132,
      "p95": 1.9902756214141846,
      "p99": 2.812391519546509
    },
    "se_summary": {
      "mean": 0.9886860847473145,
      "std": 1.5657094717025757,
      "min": 1.7195134205394424e-10,
      "max": 26.469802856445312,
      "p50": 0.4038306474685669,
      "p90": 2.6212871074676514,
      "p95": 3.9611968994140625,
      "p99": 7.909545421600342
    }
  },
  "test": {
    "mse": 1.0343762636184692,
    "rmse": 1.0170429015624018,
    "mae": 0.7961161136627197,
    "w2_global": 0.20971940457820892,
    "ae_summary": {
      "mean": 0.7961161136627197,
      "std": 0.6329102516174316,
      "min": 5.960464477539062e-07,
      "max": 5.321832180023193,
      "p50": 0.6529662609100342,
      "p90": 1.6594876050949097,
      "p95": 2.032505989074707,
      "p99": 2.829746723175049
    },
    "se_summary": {
      "mean": 1.0343762636184692,
      "std": 1.6387417316436768,
      "min": 3.552713678800501e-13,
      "max": 28.321897506713867,
      "p50": 0.426364928483963,
      "p90": 2.753898859024048,
      "p95": 4.1310811042785645,
      "p99": 8.007467269897461
    }
  }
}