{
  "best_alpha": 0.99,
  "best_gamma": 10.0,
  "alpha_grid": [
    0.01,
    0.25,
    0.5,
    0.75,
    0.99
  ],
  "gamma_grid": [
    0.1,
    1.0,
    5.0,
    10.0
  ],
  "results": {
    "(0.01, 0.1)": {
      "val_loss": 0.7835858166217804,
      "val_eval": 0.9776632189750671,
      "epochs": 30,
      "mse": 0.9275186061859131,
      "w2_global": 0.47529876232147217,
      "cvar": 1.591904878616333
    },
    "(0.01, 1.0)": {
      "val_loss": 0.7171416580677032,
      "val_eval": 0.9114577174186707,
      "epochs": 30,
      "mse": 0.8213322758674622,
      "w2_global": 0.4384053349494934,
      "cvar": 1.5715467929840088
    },
    "(0.01, 5.0)": {
      "val_loss": 0.7886126041412354,
      "val_eval": 0.9837016761302948,
      "epochs": 30,
      "mse": 0.9477099180221558,
      "w2_global": 0.48171108961105347,
      "cvar": 1.572869062423706
    },
    "(0.01, 10.0)": {
      "val_loss": 0.8116733431816101,
      "val_eval": 1.0166263282299042,
      "epochs": 30,
      "mse": 0.9742985963821411,
      "w2_global": 0.4907746911048889,
      "cvar": 1.577043890953064
    },
    "(0.25, 0.1)": {
      "val_loss": 0.42782801389694214,
      "val_eval": 0.5209310948848724,
      "epochs": 30,
      "mse": 0.48277294635772705,
      "w2_global": 0.25226378440856934,
      "cvar": 1.1724019050598145
    },
    "(0.25, 1.0)": {
      "val_loss": 0.439318984746933,
      "val_eval": 0.5251359343528748,
      "epochs": 30,
      "mse": 0.5083885192871094,
      "w2_global": 0.2777276039123535,
      "cvar": 1.2632580995559692
    },
    "(0.25, 5.0)": {
      "val_loss": 0.44418416917324066,
      "val_eval": 0.5279399007558823,
      "epochs": 30,
      "mse": 0.48827263712882996,
      "w2_global": 0.26322704553604126,
      "cvar": 1.2853776216506958
    },
    "(0.25, 10.0)": {
      "val_loss": 0.5434445738792419,
      "val_eval": 0.6441919803619385,
      "epochs": 30,
      "mse": 0.6037259101867676,
      "w2_global": 0.2868838608264923,
      "cvar": 1.7987912893295288
    },
    "(0.5, 0.1)": {
      "val_loss": 0.36353999376296997,
      "val_eval": 0.4329681396484375,
      "epochs": 30,
      "mse": 0.43017491698265076,
      "w2_global": 0.250555157661438,
      "cvar": 1.1036311388015747
    },
    "(0.5, 1.0)": {
      "val_loss": 0.3502560704946518,
      "val_eval": 0.4119810611009598,
      "epochs": 30,
      "mse": 0.39833396673202515,
      "w2_global": 0.23936347663402557,
      "cvar": 1.0121477842330933
    },
    "(0.5, 5.0)": {
      "val_loss": 0.34498508274555206,
      "val_eval": 0.4077524244785309,
      "epochs": 30,
      "mse": 0.4149416983127594,
      "w2_global": 0.24734558165073395,
      "cvar": 1.0423989295959473
    },
    "(0.5, 10.0)": {
      "val_loss": 0.3603271096944809,
      "val_eval": 0.41934390366077423,
      "epochs": 30,
      "mse": 0.42895328998565674,
      "w2_global": 0.2679630219936371,
      "cvar": 1.0998294353485107
    },
    "(0.75, 0.1)": {
      "val_loss": 0.3250332623720169,
      "val_eval": 0.37296368181705475,
      "epochs": 30,
      "mse": 0.3511161208152771,
      "w2_global": 0.18884649872779846,
      "cvar": 0.8605232238769531
    },
    "(0.75, 1.0)": {
      "val_loss": 0.3165718764066696,
      "val_eval": 0.3637610226869583,
      "epochs": 30,
      "mse": 0.3531372547149658,
      "w2_global": 0.20764446258544922,
      "cvar": 0.8479859232902527
    },
    "(0.75, 5.0)": {
      "val_loss": 0.37584489583969116,
      "val_eval": 0.42261722683906555,
      "epochs": 30,
      "mse": 0.44262343645095825,
      "w2_global": 0.27003195881843567,
      "cvar": 1.1366369724273682
    },
    "(0.75, 10.0)": {
      "val_loss": 0.3536173850297928,
      "val_eval": 0.397260382771492,
      "epochs": 30,
      "mse": 0.41197293996810913,
      "w2_global": 0.2526722550392151,
      "cvar": 1.0469952821731567
    },
    "(0.99, 0.1)": {
      "val_loss": 0.30965374410152435,
      "val_eval": 0.3605881333351135,
      "epochs": 30,
      "mse": 0.3274209797382355,
      "w2_global": 0.1706322431564331,
      "cvar": 0.7913452386856079
    },
    "(0.99, 1.0)": {
      "val_loss": 0.34092608094215393,
      "val_eval": 0.367846354842186,
      "epochs": 30,
      "mse": 0.33977964520454407,
      "w2_global": 0.1816714107990265,
      "cvar": 0.8538399934768677
    },
    "(0.99, 5.0)": {
      "val_loss": 0.316645547747612,
      "val_eval": 0.35747021436691284,
      "epochs": 30,
      "mse": 0.3284343481063843,
      "w2_global": 0.16693679988384247,
      "cvar": 0.8017836213111877
    },
    "(0.99, 10.0)": {
      "val_loss": 0.2873420864343643,
      "val_eval": 0.33537881076335907,
      "epochs": 30,
      "mse": 0.30187684297561646,
      "w2_global": 0.14619268476963043,
      "cvar": 0.742605447769165
    }
  }
}