{
  "train": {
    "mse": 0.27132269740104675,
    "rmse": 0.5208864534627933,
    "mae": 0.3907322287559509,
    "w2_global": 0.14386127889156342,
    "ae_summary": {
      "mean": 0.3907322287559509,
      "std": 0.34445756673812866,
      "min": 2.086162567138672e-07,
      "max": 3.58280611038208,
      "p50": 0.3069976270198822,
      "p90": 0.8169586658477783,
      "p95": 1.0260521173477173,
      "p99": 1.6866540908813477
    },
    "se_summary": {
      "mean": 0.27132269740104675,
      "std": 0.5550128221511841,
      "min": 4.3520742565306136e-14,
      "max": 12.836499214172363,
      "p50": 0.09424754232168198,
      "p90": 0.6674214601516724,
      "p95": 1.0527830123901367,
      "p99": 2.844802141189575
    }
  },
  "val": {
    "mse": 0.30187684297561646,
    "rmse": 0.5494332015592218,
    "mae": 0.4109133780002594,
    "w2_global": 0.14619268476963043,
    "ae_summary": {
      "mean": 0.4109133780002594,
      "std": 0.3647286891937256,
      "min": 1.1742115020751953e-05,
      "max": 3.1813745498657227,
      "p50": 0.32004058361053467,
      "p90": 0.8617455959320068,
      "p95": 1.0857192277908325,
      "p99": 1.819645643234253
    },
    "se_summary": {
      "mean": 0.30187684297561646,
      "std": 0.6116326451301575,
      "min": 1.3787726516056864e-10,
      "max": 10.12114429473877,
      "p50": 0.10242597758769989,
      "p90": 0.742605447769165,
      "p95": 1.1787863969802856,
      "p99": 3.311110019683838
    }
  },
  "test": {
    "mse": 0.32058215141296387,
    "rmse": 0.5661997451544498,
    "mae": 0.42205798625946045,
    "w2_global": 0.13622872531414032,
    "ae_summary": {
      "mean": 0.42205798625946045,
      "std": 0.377424418926239,
      "min": 6.943941116333008e-06,
      "max": 3.112290859222412,
      "p50": 0.32696545124053955,
      "p90": 0.8858410716056824,
      "p95": 1.1268441677093506,
      "p99": 1.8811918497085571
    },
    "se_summary": {
      "mean": 0.32058215141296387,
      "std": 0.6525389552116394,
      "min": 4.82183182271001e-11,
      "max": 9.686354637145996,
      "p50": 0.10690640658140182,
      "p90": 0.78471440076828,
      "p95": 1.2697776556015015,
      "p99": 3.5388827323913574
    }
  }
}