{
  "train": {
    "mse": 0.0,
    "rmse": 0.0,
    "mae": 0.0,
    "w2_global": 0.20926640927791595,
    "ae_summary": {
      "mean": 0.0,
      "std": 0.0,
      "min": 0.0,
      "max": 0.0,
      "p50": 0.0,
      "p90": 0.0,
      "p95": 0.0,
      "p99": 0.0
    },
    "se_summary": {
      "mean": 0.0,
      "std": 0.0,
      "min": 0.0,
      "max": 0.0,
      "p50": 0.0,
      "p90": 0.0,
      "p95": 0.0,
      "p99": 0.0
    }
  },
  "val": {
    "mse": 0.38189753890037537,
    "rmse": 0.6179785909725153,
    "mae": 0.31447210907936096,
    "w2_global": 0.2143787145614624,
    "ae_summary": {
      "mean": 0.31447210907936096,
      "std": 0.5319819450378418,
      "min": 4.377216100692749e-08,
      "max": 9.8704833984375,
      "p50": 0.08617818355560303,
      "p90": 0.9276639819145203,
      "p95": 1.380643606185913,
      "p99": 2.51111102104187
    },
    "se_summary": {
      "mean": 0.38189753890037537,
      "std": 1.5563099384307861,
      "min": 1.9160020792163834e-15,
      "max": 97.42644500732422,
      "p50": 0.0074266791343688965,
      "p90": 0.8605604767799377,
      "p95": 1.9061768054962158,
      "p99": 6.305678367614746
    }
  },
  "test": {
    "mse": 0.4152909517288208,
    "rmse": 0.6444307191070432,
    "mae": 0.3333583474159241,
    "w2_global": 0.22358301281929016,
    "ae_summary": {
      "mean": 0.3333583474159241,
      "std": 0.5515098571777344,
      "min": 5.364418029785156e-07,
      "max": 9.982906341552734,
      "p50": 0.09414741396903992,
      "p90": 0.9753803014755249,
      "p95": 1.431433081626892,
      "p99": 2.611746072769165
    },
    "se_summary": {
      "mean": 0.4152909517288208,
      "std": 1.6273773908615112,
      "min": 2.877698079828406e-13,
      "max": 99.65841674804688,
      "p50": 0.008863735944032669,
      "p90": 0.9513667821884155,
      "p95": 2.0490007400512695,
      "p99": 6.8212175369262695
    }
  }
}