{
  "train": {
    "mse": 0.0,
    "rmse": 0.0,
    "mae": 0.0,
    "w2_global": 0.5013651847839355,
    "ae_summary": {
      "mean": 0.0,
      "std": 0.0,
      "min": 0.0,
      "max": 0.0,
      "p50": 0.0,
      "p90": 0.0,
      "p95": 0.0,
      "p99": 0.0
    },
    "se_summary": {
      "mean": 0.0,
      "std": 0.0,
      "min": 0.0,
      "max": 0.0,
      "p50": 0.0,
      "p90": 0.0,
      "p95": 0.0,
      "p99": 0.0
    }
  },
  "val": {
    "mse": 0.7263698577880859,
    "rmse": 0.8522733468718156,
    "mae": 0.5377000570297241,
    "w2_global": 0.5136610865592957,
    "ae_summary": {
      "mean": 0.5377000570297241,
      "std": 0.661247730255127,
      "min": 6.435438990592957e-07,
      "max": 48.16844940185547,
      "p50": 0.37569743394851685,
      "p90": 1.1711032390594482,
      "p95": 1.5515451431274414,
      "p99": 2.664659023284912
    },
    "se_summary": {
      "mean": 0.7263698577880859,
      "std": 9.636558532714844,
      "min": 4.141487500164409e-13,
      "max": 2320.199462890625,
      "p50": 0.14114856719970703,
      "p90": 1.3714827299118042,
      "p95": 2.407292366027832,
      "p99": 7.10040807723999
    }
  },
  "test": {
    "mse": 0.7615969777107239,
    "rmse": 0.8726952375891162,
    "mae": 0.5418996214866638,
    "w2_global": 0.5214740633964539,
    "ae_summary": {
      "mean": 0.5418996214866638,
      "std": 0.684062659740448,
      "min": 3.5762786865234375e-07,
      "max": 65.99178314208984,
      "p50": 0.37529051303863525,
      "p90": 1.1843760013580322,
      "p95": 1.5718954801559448,
      "p99": 2.679140567779541
    },
    "se_summary": {
      "mean": 0.7615969777107239,
      "std": 12.496173858642578,
      "min": 1.2789769243681803e-13,
      "max": 4354.91552734375,
      "p50": 0.1408429741859436,
      "p90": 1.4027464389801025,
      "p95": 2.470855474472046,
      "p99": 7.177793979644775
    }
  }
}