{
  "train": {
    "mse": 0.0,
    "rmse": 0.0,
    "mae": 0.0,
    "w2_global": 0.014570067636668682,
    "ae_summary": {
      "mean": 0.0,
      "std": 0.0,
      "min": 0.0,
      "max": 0.0,
      "p50": 0.0,
      "p90": 0.0,
      "p95": 0.0,
      "p99": 0.0
    },
    "se_summary": {
      "mean": 0.0,
      "std": 0.0,
      "min": 0.0,
      "max": 0.0,
      "p50": 0.0,
      "p90": 0.0,
      "p95": 0.0,
      "p99": 0.0
    }
  },
  "val": {
    "mse": 0.2671259343624115,
    "rmse": 0.5168422722285896,
    "mae": 0.3744630813598633,
    "w2_global": 0.013714197091758251,
    "ae_summary": {
      "mean": 0.3744630813598633,
      "std": 0.35623493790626526,
      "min": 0.0008094161748886108,
      "max": 2.3990039825439453,
      "p50": 0.2751501202583313,
      "p90": 0.8001323342323303,
      "p95": 1.1078814268112183,
      "p99": 1.758373737335205
    },
    "se_summary": {
      "mean": 0.2671259343624115,
      "std": 0.5714083313941956,
      "min": 6.551545652655477e-07,
      "max": 5.75521993637085,
      "p50": 0.07570759207010269,
      "p90": 0.6402117609977722,
      "p95": 1.2274019718170166,
      "p99": 3.0920569896698
    }
  },
  "test": {
    "mse": 0.27423790097236633,
    "rmse": 0.5236772870503038,
    "mae": 0.3783090114593506,
    "w2_global": 0.015369534492492676,
    "ae_summary": {
      "mean": 0.3783090114593506,
      "std": 0.36210519075393677,
      "min": 0.0001450181007385254,
      "max": 2.564039945602417,
      "p50": 0.2696584165096283,
      "p90": 0.8890430331230164,
      "p95": 1.1776270866394043,
      "p99": 1.6447876691818237
    },
    "se_summary": {
      "mean": 0.27423790097236633,
      "std": 0.5355773568153381,
      "min": 2.10302495418091e-08,
      "max": 6.574300765991211,
      "p50": 0.07271566241979599,
      "p90": 0.7903975248336792,
      "p95": 1.386805534362793,
      "p99": 2.705326557159424
    }
  }
}