{
  "train": {
    "mse": 0.019318796694278717,
    "rmse": 0.13899207421388715,
    "mae": 0.1067538931965828,
    "w2_global": 0.5429024696350098,
    "ae_summary": {
      "mean": 0.1067538931965828,
      "std": 0.0890078917145729,
      "min": 1.1920928955078125e-07,
      "max": 0.9444754123687744,
      "p50": 0.08552861213684082,
      "p90": 0.22421890497207642,
      "p95": 0.27775102853775024,
      "p99": 0.3998742699623108
    },
    "se_summary": {
      "mean": 0.019318796694278717,
      "std": 0.03437243029475212,
      "min": 1.4210854715202004e-14,
      "max": 0.8920338153839111,
      "p50": 0.0073151434771716595,
      "p90": 0.050274111330509186,
      "p95": 0.07714562863111496,
      "p99": 0.15989944338798523
    }
  },
  "val": {
    "mse": 1.166518211364746,
    "rmse": 1.0800547260971298,
    "mae": 0.8616185784339905,
    "w2_global": 0.5687679648399353,
    "ae_summary": {
      "mean": 0.8616185784339905,
      "std": 0.6512539982795715,
      "min": 1.430511474609375e-06,
      "max": 3.559872627258301,
      "p50": 0.7953071594238281,
      "p90": 1.6927540302276611,
      "p95": 2.066633462905884,
      "p99": 3.0400383472442627
    },
    "se_summary": {
      "mean": 1.166518211364746,
      "std": 1.6844133138656616,
      "min": 2.0463630789890885e-12,
      "max": 12.672693252563477,
      "p50": 0.6325134634971619,
      "p90": 2.8654162883758545,
      "p95": 4.270974159240723,
      "p99": 9.241832733154297
    }
  },
  "test": {
    "mse": 1.1620333194732666,
    "rmse": 1.0779764930058848,
    "mae": 0.8575774431228638,
    "w2_global": 0.5454986095428467,
    "ae_summary": {
      "mean": 0.8575774431228638,
      "std": 0.6531417369842529,
      "min": 6.9141387939453125e-06,
      "max": 3.598799705505371,
      "p50": 0.7780805826187134,
      "p90": 1.7029049396514893,
      "p95": 2.0601999759674072,
      "p99": 3.03110933303833
    },
    "se_summary": {
      "mean": 1.1620333194732666,
      "std": 1.686014175415039,
      "min": 4.780531526193954e-11,
      "max": 12.951359748840332,
      "p50": 0.6054093837738037,
      "p90": 2.8998851776123047,
      "p95": 4.244423866271973,
      "p99": 9.18762493133545
    }
  }
}