{
  "train": {
    "mse": 6255.02099609375,
    "rmse": 79.08869069654492,
    "mae": 62.023956298828125,
    "w2_global": 0.01129939965903759,
    "ae_summary": {
      "mean": 62.023956298828125,
      "std": 49.07188034057617,
      "min": 9.799003601074219e-05,
      "max": 371.4674987792969,
      "p50": 52.98297119140625,
      "p90": 118.41377258300781,
      "p95": 144.7167205810547,
      "p99": 259.4935607910156
    },
    "se_summary": {
      "mean": 6255.02099609375,
      "std": 11256.2978515625,
      "min": 9.60204715738655e-09,
      "max": 137988.109375,
      "p50": 2807.195068359375,
      "p90": 14021.8212890625,
      "p95": 20942.927734375,
      "p99": 67336.90625
    }
  },
  "val": {
    "mse": 0.009430334903299809,
    "rmse": 0.09710991145758402,
    "mae": 0.02854321524500847,
    "w2_global": 0.012290552258491516,
    "ae_summary": {
      "mean": 0.02854321524500847,
      "std": 0.09282036125659943,
      "min": 1.4901161193847656e-07,
      "max": 3.251584529876709,
      "p50": 0.01611727476119995,
      "p90": 0.055078569799661636,
      "p95": 0.07686438411474228,
      "p99": 0.1557006686925888
    },
    "se_summary": {
      "mean": 0.009430334903299809,
      "std": 0.21015919744968414,
      "min": 2.220446049250313e-14,
      "max": 10.57280158996582,
      "p50": 0.0002597665588837117,
      "p90": 0.003033648943528533,
      "p95": 0.005908133462071419,
      "p99": 0.0242427010089159
    }
  },
  "test": {
    "mse": 0.009465854614973068,
    "rmse": 0.09729262364112229,
    "mae": 0.029100339859724045,
    "w2_global": 0.01358659565448761,
    "ae_summary": {
      "mean": 0.029100339859724045,
      "std": 0.09283870458602905,
      "min": 0.0,
      "max": 3.2520101070404053,
      "p50": 0.01600778102874756,
      "p90": 0.05652417242527008,
      "p95": 0.07934824377298355,
      "p99": 0.16496434807777405
    },
    "se_summary": {
      "mean": 0.009465854614973068,
      "std": 0.2064974308013916,
      "min": 0.0,
      "max": 10.575570106506348,
      "p50": 0.0002562490408308804,
      "p90": 0.003194982185959816,
      "p95": 0.006296143401414156,
      "p99": 0.027213236317038536
    }
  }
}