{
  "best_alpha": 0.99,
  "best_gamma": 5.0,
  "alpha_grid": [
    0.99
  ],
  "gamma_grid": [
    5.0
  ],
  "results": {
    "(0.99, 5.0)": {
      "val_loss": 0.017704090103507042,
      "val_eval": 0.11429153382778168,
      "epoch": 30,
      "mse": 0.11429153382778168
    }
  },
  "standalone_mode": true
}