{
  "train": {
    "mse": 0.017852529883384705,
    "rmse": 0.13361335967404123,
    "mae": 0.09874959290027618,
    "w2_global": 0.058255720883607864,
    "ae_summary": {
      "mean": 0.09874959290027618,
      "std": 0.09000581502914429,
      "min": 2.980232238769531e-07,
      "max": 1.4858906269073486,
      "p50": 0.07568418979644775,
      "p90": 0.21039925515651703,
      "p95": 0.2670786678791046,
      "p99": 0.4166772961616516
    },
    "se_summary": {
      "mean": 0.017852529883384705,
      "std": 0.04150984063744545,
      "min": 8.881784197001252e-14,
      "max": 2.2078709602355957,
      "p50": 0.005728096701204777,
      "p90": 0.04426784813404083,
      "p95": 0.07133100926876068,
      "p99": 0.17361998558044434
    }
  },
  "val": {
    "mse": 0.11429153382778168,
    "rmse": 0.33807030900063034,
    "mae": 0.22600911557674408,
    "w2_global": 0.06448282301425934,
    "ae_summary": {
      "mean": 0.22600911557674408,
      "std": 0.2514187693595886,
      "min": 2.4080276489257812e-05,
      "max": 2.0577139854431152,
      "p50": 0.14579927921295166,
      "p90": 0.5419975519180298,
      "p95": 0.7346034049987793,
      "p99": 1.2351680994033813
    },
    "se_summary": {
      "mean": 0.11429153382778168,
      "std": 0.3028729259967804,
      "min": 5.798597157991026e-10,
      "max": 4.23418664932251,
      "p50": 0.0212574303150177,
      "p90": 0.29376134276390076,
      "p95": 0.5396423935890198,
      "p99": 1.5256426334381104
    }
  },
  "test": {
    "mse": 0.10439971089363098,
    "rmse": 0.3231094410468858,
    "mae": 0.21524767577648163,
    "w2_global": 0.061978816986083984,
    "ae_summary": {
      "mean": 0.21524767577648163,
      "std": 0.2409733235836029,
      "min": 5.424022674560547e-06,
      "max": 2.750964879989624,
      "p50": 0.14101773500442505,
      "p90": 0.49576547741889954,
      "p95": 0.7164106965065002,
      "p99": 1.1849145889282227
    },
    "se_summary": {
      "mean": 0.10439971089363098,
      "std": 0.2941236197948456,
      "min": 2.942002197414695e-11,
      "max": 7.567807674407959,
      "p50": 0.01988600194454193,
      "p90": 0.24578340351581573,
      "p95": 0.5132443308830261,
      "p99": 1.4040225744247437
    }
  }
}