{
  "train": {
    "mse": 4682.96240234375,
    "rmse": 68.43217373680125,
    "mae": 51.78662109375,
    "w2_global": 0.46795588731765747,
    "ae_summary": {
      "mean": 51.78662109375,
      "std": 44.73374557495117,
      "min": 0.09071304649114609,
      "max": 290.50872802734375,
      "p50": 39.63820266723633,
      "p90": 116.89178466796875,
      "p95": 143.63162231445312,
      "p99": 196.26437377929688
    },
    "se_summary": {
      "mean": 4682.96240234375,
      "std": 7958.95751953125,
      "min": 0.008228857070207596,
      "max": 84395.3203125,
      "p50": 1571.1875,
      "p90": 13663.7099609375,
      "p95": 20630.05859375,
      "p99": 38519.71875
    }
  },
  "val": {
    "mse": 0.4122161567211151,
    "rmse": 0.642040619214326,
    "mae": 0.47562676668167114,
    "w2_global": 0.3010219931602478,
    "ae_summary": {
      "mean": 0.47562676668167114,
      "std": 0.4312717616558075,
      "min": 0.0002935826778411865,
      "max": 2.9178223609924316,
      "p50": 0.34452131390571594,
      "p90": 1.0839437246322632,
      "p95": 1.434108853340149,
      "p99": 1.8066807985305786
    },
    "se_summary": {
      "mean": 0.4122161567211151,
      "std": 0.7344399094581604,
      "min": 8.619078784022349e-08,
      "max": 8.513687133789062,
      "p50": 0.11869493871927261,
      "p90": 1.1749342679977417,
      "p95": 2.056668996810913,
      "p99": 3.2640955448150635
    }
  },
  "test": {
    "mse": 0.5316343307495117,
    "rmse": 0.7291325879080647,
    "mae": 0.5193707346916199,
    "w2_global": 0.34946659207344055,
    "ae_summary": {
      "mean": 0.5193707346916199,
      "std": 0.511750340461731,
      "min": 3.4868717193603516e-05,
      "max": 3.958815574645996,
      "p50": 0.36302781105041504,
      "p90": 1.2141090631484985,
      "p95": 1.6810767650604248,
      "p99": 2.2969086170196533
    },
    "se_summary": {
      "mean": 0.5316343307495117,
      "std": 1.0956934690475464,
      "min": 1.2158274387275014e-09,
      "max": 15.672221183776855,
      "p50": 0.1317891925573349,
      "p90": 1.4740607738494873,
      "p95": 2.826018810272217,
      "p99": 5.275789260864258
    }
  }
}