{
  "train": {
    "mse": 0.41252797842025757,
    "rmse": 0.6422834097345638,
    "mae": 0.41236990690231323,
    "w2_global": 0.1997314840555191,
    "ae_summary": {
      "mean": 0.41236990690231323,
      "std": 0.49242159724235535,
      "min": 1.2479722499847412e-06,
      "max": 43.24919128417969,
      "p50": 0.27299582958221436,
      "p90": 0.928446888923645,
      "p95": 1.2516347169876099,
      "p99": 2.1196417808532715
    },
    "se_summary": {
      "mean": 0.41252797842025757,
      "std": 5.142744064331055,
      "min": 1.5574347367319774e-12,
      "max": 1870.4925537109375,
      "p50": 0.07452671974897385,
      "p90": 0.8620136380195618,
      "p95": 1.566589593887329,
      "p99": 4.492881774902344
    }
  },
  "val": {
    "mse": 0.8060810565948486,
    "rmse": 0.8978201694074647,
    "mae": 0.4885067641735077,
    "w2_global": 0.36086615920066833,
    "ae_summary": {
      "mean": 0.4885067641735077,
      "std": 0.7532876133918762,
      "min": 2.7388334274291992e-05,
      "max": 91.58438110351562,
      "p50": 0.3204273581504822,
      "p90": 1.0915286540985107,
      "p95": 1.4519152641296387,
      "p99": 2.398721694946289
    },
    "se_summary": {
      "mean": 0.8060810565948486,
      "std": 43.07146453857422,
      "min": 7.501208543203575e-10,
      "max": 8387.69921875,
      "p50": 0.10267369449138641,
      "p90": 1.1914349794387817,
      "p95": 2.108057975769043,
      "p99": 5.753866195678711
    }
  },
  "test": {
    "mse": 0.7283820509910583,
    "rmse": 0.8534530162762671,
    "mae": 0.5455963611602783,
    "w2_global": 0.23166735470294952,
    "ae_summary": {
      "mean": 0.5455963611602783,
      "std": 0.6562824249267578,
      "min": 1.9252300262451172e-05,
      "max": 23.183679580688477,
      "p50": 0.3469443619251251,
      "p90": 1.2507400512695312,
      "p95": 1.6945655345916748,
      "p99": 2.90669846534729
    },
    "se_summary": {
      "mean": 0.7283820509910583,
      "std": 4.0287909507751465,
      "min": 3.7065106539557746e-10,
      "max": 537.4829711914062,
      "p50": 0.12037038803100586,
      "p90": 1.5643506050109863,
      "p95": 2.871551990509033,
      "p99": 8.448895454406738
    }
  }
}