{
  "best_alpha": 0.99,
  "best_gamma": 0.1,
  "alpha_grid": [
    0.01,
    0.25,
    0.5,
    0.75,
    0.99
  ],
  "gamma_grid": [
    0.1,
    1.0,
    5.0,
    10.0
  ],
  "results": {
    "(0.01, 0.1)": {
      "val_loss": 0.7094316780567169,
      "val_eval": 0.8137265741825104,
      "epochs": 30,
      "mse": 0.7727424502372742,
      "w2_global": 0.06511581689119339,
      "cvar": 2.104419708251953
    },
    "(0.01, 1.0)": {
      "val_loss": 0.6874339878559113,
      "val_eval": 0.7735902369022369,
      "epochs": 30,
      "mse": 0.74285489320755,
      "w2_global": 0.062192223966121674,
      "cvar": 2.008114814758301
    },
    "(0.01, 5.0)": {
      "val_loss": 0.7074109017848969,
      "val_eval": 0.798688143491745,
      "epochs": 30,
      "mse": 0.7495556473731995,
      "w2_global": 0.06306722015142441,
      "cvar": 2.1947333812713623
    },
    "(0.01, 10.0)": {
      "val_loss": 0.6748730838298798,
      "val_eval": 0.7686331868171692,
      "epochs": 30,
      "mse": 0.7299843430519104,
      "w2_global": 0.06271951645612717,
      "cvar": 2.03948712348938
    },
    "(0.25, 0.1)": {
      "val_loss": 0.623064249753952,
      "val_eval": 0.7031316757202148,
      "epochs": 30,
      "mse": 0.6632562279701233,
      "w2_global": 0.06183142587542534,
      "cvar": 1.8253867626190186
    },
    "(0.25, 1.0)": {
      "val_loss": 0.5781069099903107,
      "val_eval": 0.6526044011116028,
      "epochs": 30,
      "mse": 0.6367738246917725,
      "w2_global": 0.058196812868118286,
      "cvar": 1.7388042211532593
    },
    "(0.25, 5.0)": {
      "val_loss": 0.5773474872112274,
      "val_eval": 0.663225531578064,
      "epochs": 30,
      "mse": 0.6528827548027039,
      "w2_global": 0.05956362187862396,
      "cvar": 1.818537712097168
    },
    "(0.25, 10.0)": {
      "val_loss": 0.5769530534744263,
      "val_eval": 0.6761182248592377,
      "epochs": 30,
      "mse": 0.6462571620941162,
      "w2_global": 0.05951625108718872,
      "cvar": 1.7550100088119507
    },
    "(0.5, 0.1)": {
      "val_loss": 0.47741131484508514,
      "val_eval": 0.5373394787311554,
      "epochs": 30,
      "mse": 0.528420090675354,
      "w2_global": 0.05589262396097183,
      "cvar": 1.4145880937576294
    },
    "(0.5, 1.0)": {
      "val_loss": 0.43432560563087463,
      "val_eval": 0.5063754916191101,
      "epochs": 30,
      "mse": 0.48609086871147156,
      "w2_global": 0.052907079458236694,
      "cvar": 1.2156364917755127
    },
    "(0.5, 5.0)": {
      "val_loss": 0.4411326199769974,
      "val_eval": 0.49530094861984253,
      "epochs": 30,
      "mse": 0.46523571014404297,
      "w2_global": 0.05094422772526741,
      "cvar": 1.2074289321899414
    },
    "(0.5, 10.0)": {
      "val_loss": 0.4432802051305771,
      "val_eval": 0.5022662132978439,
      "epochs": 30,
      "mse": 0.4927007853984833,
      "w2_global": 0.053386326879262924,
      "cvar": 1.3042891025543213
    },
    "(0.75, 0.1)": {
      "val_loss": 0.25830618292093277,
      "val_eval": 0.2956071197986603,
      "epochs": 30,
      "mse": 0.2820706069469452,
      "w2_global": 0.03395732864737511,
      "cvar": 0.7732160687446594
    },
    "(0.75, 1.0)": {
      "val_loss": 0.2319372221827507,
      "val_eval": 0.24630945175886154,
      "epochs": 30,
      "mse": 0.25777238607406616,
      "w2_global": 0.0314786396920681,
      "cvar": 0.6927832365036011
    },
    "(0.75, 5.0)": {
      "val_loss": 0.20877227187156677,
      "val_eval": 0.23156987875699997,
      "epochs": 30,
      "mse": 0.24144446849822998,
      "w2_global": 0.03171167150139809,
      "cvar": 0.6387763619422913
    },
    "(0.75, 10.0)": {
      "val_loss": 0.26050031185150146,
      "val_eval": 0.3209208548069,
      "epochs": 30,
      "mse": 0.29681092500686646,
      "w2_global": 0.03648258000612259,
      "cvar": 0.7596535682678223
    },
    "(0.99, 0.1)": {
      "val_loss": 0.15267276018857956,
      "val_eval": 0.1738492175936699,
      "epochs": 30,
      "mse": 0.16174650192260742,
      "w2_global": 0.012267078272998333,
      "cvar": 0.42536643147468567
    },
    "(0.99, 1.0)": {
      "val_loss": 0.1784687489271164,
      "val_eval": 0.17527326941490173,
      "epochs": 30,
      "mse": 0.17253246903419495,
      "w2_global": 0.010517670772969723,
      "cvar": 0.45853522419929504
    },
    "(0.99, 5.0)": {
      "val_loss": 0.1806751862168312,
      "val_eval": 0.19611219316720963,
      "epochs": 30,
      "mse": 0.19748133420944214,
      "w2_global": 0.013988787308335304,
      "cvar": 0.5123394131660461
    },
    "(0.99, 10.0)": {
      "val_loss": 0.16520357131958008,
      "val_eval": 0.17312615364789963,
      "epochs": 30,
      "mse": 0.17589618265628815,
      "w2_global": 0.01629560813307762,
      "cvar": 0.4571322798728943
    }
  }
}