{
  "train": {
    "mse": 0.16641585528850555,
    "rmse": 0.40794099486139607,
    "mae": 0.29621362686157227,
    "w2_global": 0.012493808753788471,
    "ae_summary": {
      "mean": 0.29621362686157227,
      "std": 0.28048765659332275,
      "min": 1.5519559383392334e-05,
      "max": 5.918505668640137,
      "p50": 0.2246260643005371,
      "p90": 0.6225263476371765,
      "p95": 0.8124887347221375,
      "p99": 1.3108539581298828
    },
    "se_summary": {
      "mean": 0.16641585528850555,
      "std": 0.4743936359882355,
      "min": 2.4085672345464104e-10,
      "max": 35.028709411621094,
      "p50": 0.05045687034726143,
      "p90": 0.3875390589237213,
      "p95": 0.6601380109786987,
      "p99": 1.718337893486023
    }
  },
  "val": {
    "mse": 0.16174650192260742,
    "rmse": 0.40217720214180147,
    "mae": 0.30295777320861816,
    "w2_global": 0.012267078272998333,
    "ae_summary": {
      "mean": 0.30295777320861816,
      "std": 0.26450538635253906,
      "min": 0.0004548393189907074,
      "max": 2.0873053073883057,
      "p50": 0.23486682772636414,
      "p90": 0.6522011756896973,
      "p95": 0.8217638731002808,
      "p99": 1.1773546934127808
    },
    "se_summary": {
      "mean": 0.16174650192260742,
      "std": 0.30813297629356384,
      "min": 2.0687880919467716e-07,
      "max": 4.3568434715271,
      "p50": 0.0551624521613121,
      "p90": 0.42536643147468567,
      "p95": 0.6752977967262268,
      "p99": 1.3861662149429321
    }
  },
  "test": {
    "mse": 0.18277674913406372,
    "rmse": 0.42752397492311905,
    "mae": 0.3106377124786377,
    "w2_global": 0.012760213576257229,
    "ae_summary": {
      "mean": 0.3106377124786377,
      "std": 0.29373618960380554,
      "min": 0.0001691579818725586,
      "max": 2.8662362098693848,
      "p50": 0.24241423606872559,
      "p90": 0.6388097405433655,
      "p95": 0.8482874631881714,
      "p99": 1.354220986366272
    },
    "se_summary": {
      "mean": 0.18277674913406372,
      "std": 0.4692572355270386,
      "min": 2.8614422831196862e-08,
      "max": 8.215310096740723,
      "p50": 0.058764662593603134,
      "p90": 0.40807801485061646,
      "p95": 0.7195917367935181,
      "p99": 1.8340703248977661
    }
  }
}