{
  "best_alpha": 0.99,
  "best_gamma": 1.0,
  "alpha_grid": [
    0.99
  ],
  "gamma_grid": [
    1.0
  ],
  "results": {
    "(0.99, 1.0)": {
      "val_loss": 0.019537940621376038,
      "val_eval": 0.9822826385498047,
      "epoch": 30,
      "mse": 0.9822826385498047
    }
  },
  "standalone_mode": true
}