{
  "train": {
    "mse": 0.017177673056721687,
    "rmse": 0.13106362217153045,
    "mae": 0.08354763686656952,
    "w2_global": 0.3305235207080841,
    "ae_summary": {
      "mean": 0.08354763686656952,
      "std": 0.10098250210285187,
      "min": 2.115964889526367e-06,
      "max": 2.5247581005096436,
      "p50": 0.05368243157863617,
      "p90": 0.18600137531757355,
      "p95": 0.25918886065483093,
      "p99": 0.495084673166275
    },
    "se_summary": {
      "mean": 0.017177673056721687,
      "std": 0.0834057629108429,
      "min": 4.477307413708331e-12,
      "max": 6.374403476715088,
      "p50": 0.002881803549826145,
      "p90": 0.034596510231494904,
      "p95": 0.06717890501022339,
      "p99": 0.2451116442680359
    }
  },
  "val": {
    "mse": 0.9822826385498047,
    "rmse": 0.9911017296674467,
    "mae": 0.7458494305610657,
    "w2_global": 0.29497286677360535,
    "ae_summary": {
      "mean": 0.7458494305610657,
      "std": 0.6526800394058228,
      "min": 0.000302974134683609,
      "max": 5.131869316101074,
      "p50": 0.5874667167663574,
      "p90": 1.5691275596618652,
      "p95": 2.0045604705810547,
      "p99": 2.948399305343628
    },
    "se_summary": {
      "mean": 0.9822826385498047,
      "std": 1.8988049030303955,
      "min": 9.179332494113623e-08,
      "max": 26.336082458496094,
      "p50": 0.34511715173721313,
      "p90": 2.4621617794036865,
      "p95": 4.018273830413818,
      "p99": 8.693443298339844
    }
  },
  "test": {
    "mse": 1.0001568794250488,
    "rmse": 1.0000784366363715,
    "mae": 0.71031653881073,
    "w2_global": 0.3408137559890747,
    "ae_summary": {
      "mean": 0.71031653881073,
      "std": 0.7039938569068909,
      "min": 0.00030475854873657227,
      "max": 8.40257740020752,
      "p50": 0.5133297443389893,
      "p90": 1.5490201711654663,
      "p95": 1.982908844947815,
      "p99": 3.601729393005371
    },
    "se_summary": {
      "mean": 1.0001568794250488,
      "std": 2.5989131927490234,
      "min": 9.287776947530801e-08,
      "max": 70.60330963134766,
      "p50": 0.2635074257850647,
      "p90": 2.399463653564453,
      "p95": 3.9319405555725098,
      "p99": 12.972846031188965
    }
  }
}