{
  "train": {
    "mse": 0.13304218649864197,
    "rmse": 0.36474948457625267,
    "mae": 0.2716834843158722,
    "w2_global": 0.5907270908355713,
    "ae_summary": {
      "mean": 0.2716834843158722,
      "std": 0.24337270855903625,
      "min": 0.00014209747314453125,
      "max": 2.073380947113037,
      "p50": 0.21069727838039398,
      "p90": 0.6012576818466187,
      "p95": 0.7446376085281372,
      "p99": 1.1278767585754395
    },
    "se_summary": {
      "mean": 0.13304218649864197,
      "std": 0.2712204158306122,
      "min": 2.019169187406078e-08,
      "max": 4.298908710479736,
      "p50": 0.04439334571361542,
      "p90": 0.3615138828754425,
      "p95": 0.5544851422309875,
      "p99": 1.2721061706542969
    }
  },
  "val": {
    "mse": 0.8023179769515991,
    "rmse": 0.895722042238327,
    "mae": 0.6959220170974731,
    "w2_global": 0.38537701964378357,
    "ae_summary": {
      "mean": 0.6959220170974731,
      "std": 0.563924252986908,
      "min": 0.0001137852668762207,
      "max": 3.4945995807647705,
      "p50": 0.5505243539810181,
      "p90": 1.5157763957977295,
      "p95": 1.7597744464874268,
      "p99": 2.32857346534729
    },
    "se_summary": {
      "mean": 0.8023179769515991,
      "std": 1.2047873735427856,
      "min": 1.2947086958092768e-08,
      "max": 12.212225914001465,
      "p50": 0.3030770719051361,
      "p90": 2.2975780963897705,
      "p95": 3.096806526184082,
      "p99": 5.422269821166992
    }
  },
  "test": {
    "mse": 0.9711251258850098,
    "rmse": 0.9854568107659563,
    "mae": 0.7453511357307434,
    "w2_global": 0.46124857664108276,
    "ae_summary": {
      "mean": 0.7453511357307434,
      "std": 0.6446524858474731,
      "min": 7.998943328857422e-05,
      "max": 4.825932025909424,
      "p50": 0.5709975957870483,
      "p90": 1.6610844135284424,
      "p95": 2.0786798000335693,
      "p99": 2.8257946968078613
    },
    "se_summary": {
      "mean": 0.9711251258850098,
      "std": 1.678678035736084,
      "min": 6.398309437827265e-09,
      "max": 23.28961944580078,
      "p50": 0.3260382413864136,
      "p90": 2.7592015266418457,
      "p95": 4.3209099769592285,
      "p99": 7.98514986038208
    }
  }
}