{
  "best_alpha": 0.99,
  "best_gamma": 10.0,
  "alpha_grid": [
    0.01,
    0.25,
    0.5,
    0.75,
    0.99
  ],
  "gamma_grid": [
    0.1,
    1.0,
    5.0,
    10.0
  ],
  "results": {
    "(0.01, 0.1)": {
      "val_loss": 0.6459944844245911,
      "val_eval": 0.6778862476348877,
      "epoch": 30,
      "mse": 0.6778862476348877,
      "w2_global": 0.2711453139781952,
      "cvar": 1.5408529043197632
    },
    "(0.01, 1.0)": {
      "val_loss": 0.6432916522026062,
      "val_eval": 0.6794416308403015,
      "epoch": 30,
      "mse": 0.6794415712356567,
      "w2_global": 0.27291372418403625,
      "cvar": 1.5659297704696655
    },
    "(0.01, 5.0)": {
      "val_loss": 0.6420779228210449,
      "val_eval": 0.6712465882301331,
      "epoch": 30,
      "mse": 0.6712464690208435,
      "w2_global": 0.26499682664871216,
      "cvar": 1.546168327331543
    },
    "(0.01, 10.0)": {
      "val_loss": 0.646882176399231,
      "val_eval": 0.6791301369667053,
      "epoch": 30,
      "mse": 0.6791301369667053,
      "w2_global": 0.27122917771339417,
      "cvar": 1.5523854494094849
    },
    "(0.25, 0.1)": {
      "val_loss": 0.4620054364204407,
      "val_eval": 0.4771764874458313,
      "epoch": 30,
      "mse": 0.4771764874458313,
      "w2_global": 0.14985787868499756,
      "cvar": 1.058775544166565
    },
    "(0.25, 1.0)": {
      "val_loss": 0.4696739912033081,
      "val_eval": 0.49111995100975037,
      "epoch": 30,
      "mse": 0.49111995100975037,
      "w2_global": 0.15509964525699615,
      "cvar": 1.0882749557495117
    },
    "(0.25, 5.0)": {
      "val_loss": 0.4619538187980652,
      "val_eval": 0.48063018918037415,
      "epoch": 30,
      "mse": 0.48063021898269653,
      "w2_global": 0.1483301967382431,
      "cvar": 1.072636365890503
    },
    "(0.25, 10.0)": {
      "val_loss": 0.45872819423675537,
      "val_eval": 0.474893718957901,
      "epoch": 30,
      "mse": 0.4748936891555786,
      "w2_global": 0.14162054657936096,
      "cvar": 1.0395251512527466
    },
    "(0.5, 0.1)": {
      "val_loss": 0.4505448341369629,
      "val_eval": 0.4681340754032135,
      "epoch": 30,
      "mse": 0.4681340754032135,
      "w2_global": 0.13799436390399933,
      "cvar": 1.0380579233169556
    },
    "(0.5, 1.0)": {
      "val_loss": 0.46182316541671753,
      "val_eval": 0.4787226915359497,
      "epoch": 30,
      "mse": 0.4787226915359497,
      "w2_global": 0.13550987839698792,
      "cvar": 1.0661782026290894
    },
    "(0.5, 5.0)": {
      "val_loss": 0.45220649242401123,
      "val_eval": 0.46909090876579285,
      "epoch": 30,
      "mse": 0.46909090876579285,
      "w2_global": 0.13773316144943237,
      "cvar": 1.0410559177398682
    },
    "(0.5, 10.0)": {
      "val_loss": 0.4516372084617615,
      "val_eval": 0.4731319844722748,
      "epoch": 30,
      "mse": 0.4731319844722748,
      "w2_global": 0.13547448813915253,
      "cvar": 1.0440338850021362
    },
    "(0.75, 0.1)": {
      "val_loss": 0.4508519172668457,
      "val_eval": 0.4712424576282501,
      "epoch": 30,
      "mse": 0.4712424576282501,
      "w2_global": 0.13406766951084137,
      "cvar": 1.0465734004974365
    },
    "(0.75, 1.0)": {
      "val_loss": 0.45567208528518677,
      "val_eval": 0.47060829401016235,
      "epoch": 30,
      "mse": 0.47060826420783997,
      "w2_global": 0.13063083589076996,
      "cvar": 1.0485020875930786
    },
    "(0.75, 5.0)": {
      "val_loss": 0.4464164674282074,
      "val_eval": 0.4695814251899719,
      "epoch": 30,
      "mse": 0.4695814251899719,
      "w2_global": 0.13129912316799164,
      "cvar": 1.0367614030838013
    },
    "(0.75, 10.0)": {
      "val_loss": 0.45789244771003723,
      "val_eval": 0.4795127511024475,
      "epoch": 30,
      "mse": 0.4795127511024475,
      "w2_global": 0.1316618174314499,
      "cvar": 1.066394567489624
    },
    "(0.99, 0.1)": {
      "val_loss": 0.45945966243743896,
      "val_eval": 0.4736270010471344,
      "epoch": 30,
      "mse": 0.473626971244812,
      "w2_global": 0.1290091872215271,
      "cvar": 1.0497902631759644
    },
    "(0.99, 1.0)": {
      "val_loss": 0.46223369240760803,
      "val_eval": 0.4788089990615845,
      "epoch": 30,
      "mse": 0.4788089990615845,
      "w2_global": 0.1327199935913086,
      "cvar": 1.0636038780212402
    },
    "(0.99, 5.0)": {
      "val_loss": 0.45334592461586,
      "val_eval": 0.47241029143333435,
      "epoch": 30,
      "mse": 0.47241029143333435,
      "w2_global": 0.13086436688899994,
      "cvar": 1.040070652961731
    },
    "(0.99, 10.0)": {
      "val_loss": 0.4460350573062897,
      "val_eval": 0.46713367104530334,
      "epoch": 30,
      "mse": 0.46713364124298096,
      "w2_global": 0.1297019124031067,
      "cvar": 1.0379289388656616
    }
  }
}