{
  "train": {
    "mse": 0.44826236367225647,
    "rmse": 0.669523982895502,
    "mae": 0.4387028217315674,
    "w2_global": 0.13961176574230194,
    "ae_summary": {
      "mean": 0.4387028217315674,
      "std": 0.505768895149231,
      "min": 7.62939453125e-06,
      "max": 35.076412200927734,
      "p50": 0.2981529235839844,
      "p90": 0.9783291816711426,
      "p95": 1.3040436506271362,
      "p99": 2.1885080337524414
    },
    "se_summary": {
      "mean": 0.44826236367225647,
      "std": 4.914524078369141,
      "min": 5.820766091346741e-11,
      "max": 1230.354736328125,
      "p50": 0.08889516443014145,
      "p90": 0.9571280479431152,
      "p95": 1.700529932975769,
      "p99": 4.789566993713379
    }
  },
  "val": {
    "mse": 0.46713364124298096,
    "rmse": 0.6834717559950674,
    "mae": 0.45752793550491333,
    "w2_global": 0.1297019124031067,
    "ae_summary": {
      "mean": 0.45752793550491333,
      "std": 0.5077419281005859,
      "min": 1.6242265701293945e-05,
      "max": 8.253570556640625,
      "p50": 0.312055379152298,
      "p90": 1.0187879800796509,
      "p95": 1.3623826503753662,
      "p99": 2.2740583419799805
    },
    "se_summary": {
      "mean": 0.46713364124298096,
      "std": 1.7536410093307495,
      "min": 2.638111951114297e-10,
      "max": 68.12142944335938,
      "p50": 0.09737855941057205,
      "p90": 1.0379289388656616,
      "p95": 1.8560864925384521,
      "p99": 5.171341896057129
    }
  },
  "test": {
    "mse": 0.508267343044281,
    "rmse": 0.7129287082480835,
    "mae": 0.47986137866973877,
    "w2_global": 0.13762550055980682,
    "ae_summary": {
      "mean": 0.47986137866973877,
      "std": 0.52725750207901,
      "min": 1.049041748046875e-05,
      "max": 19.794025421142578,
      "p50": 0.32993945479393005,
      "p90": 1.0660879611968994,
      "p95": 1.4142940044403076,
      "p99": 2.3489990234375
    },
    "se_summary": {
      "mean": 0.508267343044281,
      "std": 2.4157919883728027,
      "min": 1.1004885891452432e-10,
      "max": 391.8034362792969,
      "p50": 0.10886004567146301,
      "p90": 1.1365435123443604,
      "p95": 2.000227451324463,
      "p99": 5.517796993255615
    }
  }
}