{
  "train": {
    "mse": 0.0,
    "rmse": 0.0,
    "mae": 0.0,
    "w2_global": 0.0378548726439476,
    "ae_summary": {
      "mean": 0.0,
      "std": 0.0,
      "min": 0.0,
      "max": 0.0,
      "p50": 0.0,
      "p90": 0.0,
      "p95": 0.0,
      "p99": 0.0
    },
    "se_summary": {
      "mean": 0.0,
      "std": 0.0,
      "min": 0.0,
      "max": 0.0,
      "p50": 0.0,
      "p90": 0.0,
      "p95": 0.0,
      "p99": 0.0
    }
  },
  "val": {
    "mse": 0.423287570476532,
    "rmse": 0.6506055413816669,
    "mae": 0.4430350959300995,
    "w2_global": 0.02187766321003437,
    "ae_summary": {
      "mean": 0.4430350959300995,
      "std": 0.4764530062675476,
      "min": 0.00038057565689086914,
      "max": 3.9081149101257324,
      "p50": 0.2937859892845154,
      "p90": 0.9421988129615784,
      "p95": 1.3488569259643555,
      "p99": 2.3976547718048096
    },
    "se_summary": {
      "mean": 0.423287570476532,
      "std": 1.1253598928451538,
      "min": 1.4483782706520287e-07,
      "max": 15.273362159729004,
      "p50": 0.08631020784378052,
      "p90": 0.8877418041229248,
      "p95": 1.8198579549789429,
      "p99": 5.7622761726379395
    }
  },
  "test": {
    "mse": 0.3818184435367584,
    "rmse": 0.6179145924290496,
    "mae": 0.45727628469467163,
    "w2_global": 0.019104113802313805,
    "ae_summary": {
      "mean": 0.45727628469467163,
      "std": 0.41559216380119324,
      "min": 0.0005705058574676514,
      "max": 4.061316013336182,
      "p50": 0.35750922560691833,
      "p90": 0.998806357383728,
      "p95": 1.2694873809814453,
      "p99": 1.8979545831680298
    },
    "se_summary": {
      "mean": 0.3818184435367584,
      "std": 0.8598948121070862,
      "min": 3.2547694672757643e-07,
      "max": 16.494287490844727,
      "p50": 0.12781305611133575,
      "p90": 0.9976143836975098,
      "p95": 1.6115996837615967,
      "p99": 3.602910280227661
    }
  }
}