{
  "train": {
    "mse": 2129.841552734375,
    "rmse": 46.15020642136257,
    "mae": 33.81361770629883,
    "w2_global": 0.03379882127046585,
    "ae_summary": {
      "mean": 33.81361770629883,
      "std": 31.408288955688477,
      "min": 1.33514404296875e-05,
      "max": 513.8946533203125,
      "p50": 25.678382873535156,
      "p90": 72.0918197631836,
      "p95": 93.17797088623047,
      "p99": 147.58786010742188
    },
    "se_summary": {
      "mean": 2129.841552734375,
      "std": 5019.03759765625,
      "min": 1.7826096154749393e-10,
      "max": 264087.71875,
      "p50": 659.3793334960938,
      "p90": 5197.23046875,
      "p95": 8682.134765625,
      "p99": 21782.17578125
    }
  },
  "val": {
    "mse": 0.13868661224842072,
    "rmse": 0.37240651477709236,
    "mae": 0.1394032984972,
    "w2_global": 0.04016294330358505,
    "ae_summary": {
      "mean": 0.1394032984972,
      "std": 0.34533074498176575,
      "min": 3.725290298461914e-08,
      "max": 12.285377502441406,
      "p50": 0.02257242053747177,
      "p90": 0.3858534097671509,
      "p95": 0.695946216583252,
      "p99": 1.6513707637786865
    },
    "se_summary": {
      "mean": 0.13868661224842072,
      "std": 1.1244232654571533,
      "min": 1.3877787807814457e-15,
      "max": 150.9304962158203,
      "p50": 0.0005095141241326928,
      "p90": 0.14888285100460052,
      "p95": 0.4843411445617676,
      "p99": 2.7270255088806152
    }
  },
  "test": {
    "mse": 0.13286739587783813,
    "rmse": 0.36450980216976075,
    "mae": 0.14302776753902435,
    "w2_global": 0.036506786942481995,
    "ae_summary": {
      "mean": 0.14302776753902435,
      "std": 0.33527666330337524,
      "min": 8.987262845039368e-08,
      "max": 9.869091987609863,
      "p50": 0.02371685951948166,
      "p90": 0.40562906861305237,
      "p95": 0.7080498337745667,
      "p99": 1.6303696632385254
    },
    "se_summary": {
      "mean": 0.13286739587783813,
      "std": 0.9228591918945312,
      "min": 8.077089344582511e-15,
      "max": 97.39897918701172,
      "p50": 0.0005624894401989877,
      "p90": 0.16453492641448975,
      "p95": 0.501334547996521,
      "p99": 2.6581051349639893
    }
  }
}