{
  "train": {
    "mse": 0.1300622820854187,
    "rmse": 0.3606414869166035,
    "mae": 0.2694191634654999,
    "w2_global": 0.16753444075584412,
    "ae_summary": {
      "mean": 0.2694191634654999,
      "std": 0.23974069952964783,
      "min": 5.662441253662109e-06,
      "max": 2.00787353515625,
      "p50": 0.20731878280639648,
      "p90": 0.5818734169006348,
      "p95": 0.7516913414001465,
      "p99": 1.1041216850280762
    },
    "se_summary": {
      "mean": 0.1300622820854187,
      "std": 0.24926577508449554,
      "min": 3.206324095117452e-11,
      "max": 4.031556129455566,
      "p50": 0.04298107698559761,
      "p90": 0.33857667446136475,
      "p95": 0.565039873123169,
      "p99": 1.219085931777954
    }
  },
  "val": {
    "mse": 0.297225683927536,
    "rmse": 0.5451840826065413,
    "mae": 0.39360642433166504,
    "w2_global": 0.1794867217540741,
    "ae_summary": {
      "mean": 0.39360642433166504,
      "std": 0.37722620368003845,
      "min": 3.629922866821289e-05,
      "max": 3.016400098800659,
      "p50": 0.2889575958251953,
      "p90": 0.862067699432373,
      "p95": 1.1456592082977295,
      "p99": 1.8506523370742798
    },
    "se_summary": {
      "mean": 0.297225683927536,
      "std": 0.6479114890098572,
      "min": 1.3176340019072086e-09,
      "max": 9.09867000579834,
      "p50": 0.08349648863077164,
      "p90": 0.7431607246398926,
      "p95": 1.312535047531128,
      "p99": 3.424914836883545
    }
  },
  "test": {
    "mse": 0.28338098526000977,
    "rmse": 0.5323354067315171,
    "mae": 0.38414502143859863,
    "w2_global": 0.18138976395130157,
    "ae_summary": {
      "mean": 0.38414502143859863,
      "std": 0.36852899193763733,
      "min": 6.9141387939453125e-06,
      "max": 3.6484646797180176,
      "p50": 0.2811357080936432,
      "p90": 0.8463273644447327,
      "p95": 1.1424708366394043,
      "p99": 1.7401126623153687
    },
    "se_summary": {
      "mean": 0.28338098526000977,
      "std": 0.6172680258750916,
      "min": 4.780531526193954e-11,
      "max": 13.311294555664062,
      "p50": 0.07903728634119034,
      "p90": 0.7162699699401855,
      "p95": 1.3052395582199097,
      "p99": 3.027992010116577
    }
  }
}