{
  "best_alpha": 0.75,
  "best_gamma": 10.0,
  "alpha_grid": [
    0.01,
    0.25,
    0.5,
    0.75,
    0.99
  ],
  "gamma_grid": [
    0.1,
    1.0,
    5.0,
    10.0
  ],
  "results": {
    "(0.01, 0.1)": {
      "val_loss": 0.7055808305740356,
      "val_eval": 1.2684375047683716,
      "epochs": 30,
      "mse": 1.2684375047683716,
      "w2_global": 0.48915284872055054,
      "cvar": 2.4081971645355225
    },
    "(0.01, 1.0)": {
      "val_loss": 0.7111980319023132,
      "val_eval": 1.275914192199707,
      "epochs": 30,
      "mse": 1.275914192199707,
      "w2_global": 0.4892527759075165,
      "cvar": 2.4068500995635986
    },
    "(0.01, 5.0)": {
      "val_loss": 0.7025803923606873,
      "val_eval": 1.2687726020812988,
      "epochs": 30,
      "mse": 1.2687727212905884,
      "w2_global": 0.48933809995651245,
      "cvar": 2.4346981048583984
    },
    "(0.01, 10.0)": {
      "val_loss": 0.7083576321601868,
      "val_eval": 1.2703418731689453,
      "epochs": 30,
      "mse": 1.2703418731689453,
      "w2_global": 0.4890691936016083,
      "cvar": 2.4112255573272705
    },
    "(0.25, 0.1)": {
      "val_loss": 0.5872206687927246,
      "val_eval": 1.062635898590088,
      "epochs": 30,
      "mse": 1.062635898590088,
      "w2_global": 0.4000481963157654,
      "cvar": 1.8371460437774658
    },
    "(0.25, 1.0)": {
      "val_loss": 0.5776169300079346,
      "val_eval": 1.050721526145935,
      "epochs": 30,
      "mse": 1.050721526145935,
      "w2_global": 0.3918010890483856,
      "cvar": 1.7853859663009644
    },
    "(0.25, 5.0)": {
      "val_loss": 0.5777495503425598,
      "val_eval": 1.0417014360427856,
      "epochs": 30,
      "mse": 1.0417014360427856,
      "w2_global": 0.3847944736480713,
      "cvar": 1.7366809844970703
    },
    "(0.25, 10.0)": {
      "val_loss": 0.5825623869895935,
      "val_eval": 1.0638025999069214,
      "epochs": 30,
      "mse": 1.0638025999069214,
      "w2_global": 0.39973896741867065,
      "cvar": 1.842634916305542
    },
    "(0.5, 0.1)": {
      "val_loss": 0.5248222351074219,
      "val_eval": 0.9474157691001892,
      "epochs": 30,
      "mse": 0.947415828704834,
      "w2_global": 0.35095080733299255,
      "cvar": 1.5232106447219849
    },
    "(0.5, 1.0)": {
      "val_loss": 0.5171187520027161,
      "val_eval": 0.9537621736526489,
      "epochs": 30,
      "mse": 0.9537622928619385,
      "w2_global": 0.35948285460472107,
      "cvar": 1.4985437393188477
    },
    "(0.5, 5.0)": {
      "val_loss": 0.5264552235603333,
      "val_eval": 0.9597392082214355,
      "epochs": 30,
      "mse": 0.959739089012146,
      "w2_global": 0.3571518659591675,
      "cvar": 1.515125036239624
    },
    "(0.5, 10.0)": {
      "val_loss": 0.5503234267234802,
      "val_eval": 0.9784491062164307,
      "epochs": 30,
      "mse": 0.9784491062164307,
      "w2_global": 0.3548080325126648,
      "cvar": 1.5797295570373535
    },
    "(0.75, 0.1)": {
      "val_loss": 0.5243932604789734,
      "val_eval": 0.9393976926803589,
      "epochs": 30,
      "mse": 0.9393975734710693,
      "w2_global": 0.34043699502944946,
      "cvar": 1.4860341548919678
    },
    "(0.75, 1.0)": {
      "val_loss": 0.5151410102844238,
      "val_eval": 0.93388831615448,
      "epochs": 30,
      "mse": 0.93388831615448,
      "w2_global": 0.34997937083244324,
      "cvar": 1.4246044158935547
    },
    "(0.75, 5.0)": {
      "val_loss": 0.5210691094398499,
      "val_eval": 0.9375978112220764,
      "epochs": 30,
      "mse": 0.9375978708267212,
      "w2_global": 0.34120696783065796,
      "cvar": 1.4494612216949463
    },
    "(0.75, 10.0)": {
      "val_loss": 0.5079866051673889,
      "val_eval": 0.9256237745285034,
      "epochs": 30,
      "mse": 0.9256237745285034,
      "w2_global": 0.34201037883758545,
      "cvar": 1.4455876350402832
    },
    "(0.99, 0.1)": {
      "val_loss": 0.5150564312934875,
      "val_eval": 0.9330738186836243,
      "epochs": 30,
      "mse": 0.9330739378929138,
      "w2_global": 0.3438044786453247,
      "cvar": 1.45918607711792
    },
    "(0.99, 1.0)": {
      "val_loss": 0.5191053152084351,
      "val_eval": 0.9328107833862305,
      "epochs": 30,
      "mse": 0.9328107237815857,
      "w2_global": 0.33801934123039246,
      "cvar": 1.4715238809585571
    },
    "(0.99, 5.0)": {
      "val_loss": 0.5099254250526428,
      "val_eval": 0.9213024377822876,
      "epochs": 30,
      "mse": 0.9213024377822876,
      "w2_global": 0.3409249782562256,
      "cvar": 1.434098482131958
    },
    "(0.99, 10.0)": {
      "val_loss": 0.512068510055542,
      "val_eval": 0.9164397716522217,
      "epochs": 30,
      "mse": 0.9164398908615112,
      "w2_global": 0.3393101990222931,
      "cvar": 1.4097509384155273
    }
  }
}