{
  "train": {
    "mse": 0.5418100953102112,
    "rmse": 0.7360775063199603,
    "mae": 0.5054723620414734,
    "w2_global": 0.14914841949939728,
    "ae_summary": {
      "mean": 0.5054723620414734,
      "std": 0.5350773334503174,
      "min": 3.635883331298828e-06,
      "max": 44.24154281616211,
      "p50": 0.3694753646850586,
      "p90": 1.0854464769363403,
      "p95": 1.4092694520950317,
      "p99": 2.3100056648254395
    },
    "se_summary": {
      "mean": 0.5418100953102112,
      "std": 5.423088550567627,
      "min": 1.3219647598816664e-11,
      "max": 1957.3140869140625,
      "p50": 0.13651204109191895,
      "p90": 1.1781941652297974,
      "p95": 1.9860405921936035,
      "p99": 5.33612585067749
    }
  },
  "val": {
    "mse": 0.9256237745285034,
    "rmse": 0.9620934333673126,
    "mae": 0.5665488839149475,
    "w2_global": 0.34201037883758545,
    "ae_summary": {
      "mean": 0.5665488839149475,
      "std": 0.7775899171829224,
      "min": 4.106760025024414e-05,
      "max": 91.83757781982422,
      "p50": 0.4145640730857849,
      "p90": 1.2023259401321411,
      "p95": 1.5425734519958496,
      "p99": 2.501776695251465
    },
    "se_summary": {
      "mean": 0.9256237745285034,
      "std": 43.33523941040039,
      "min": 1.6865477903138526e-09,
      "max": 8434.140625,
      "p50": 0.1718633770942688,
      "p90": 1.4455876350402832,
      "p95": 2.379532814025879,
      "p99": 6.25888729095459
    }
  },
  "test": {
    "mse": 0.8542224168777466,
    "rmse": 0.9242415360054679,
    "mae": 0.6248947978019714,
    "w2_global": 0.16779403388500214,
    "ae_summary": {
      "mean": 0.6248947978019714,
      "std": 0.6809764504432678,
      "min": 1.800060272216797e-05,
      "max": 23.16364097595215,
      "p50": 0.44516921043395996,
      "p90": 1.349364161491394,
      "p95": 1.790359616279602,
      "p99": 3.0548019409179688
    },
    "se_summary": {
      "mean": 0.8542224168777466,
      "std": 4.260220050811768,
      "min": 3.240216983613209e-10,
      "max": 536.5542602539062,
      "p50": 0.19817562401294708,
      "p90": 1.8207836151123047,
      "p95": 3.205387592315674,
      "p99": 9.33182144165039
    }
  }
}