{
  "train": {
    "mse": 0.0,
    "rmse": 0.0,
    "mae": 0.0,
    "w2_global": 0.11298146843910217,
    "ae_summary": {
      "mean": 0.0,
      "std": 0.0,
      "min": 0.0,
      "max": 0.0,
      "p50": 0.0,
      "p90": 0.0,
      "p95": 0.0,
      "p99": 0.0
    },
    "se_summary": {
      "mean": 0.0,
      "std": 0.0,
      "min": 0.0,
      "max": 0.0,
      "p50": 0.0,
      "p90": 0.0,
      "p95": 0.0,
      "p99": 0.0
    }
  },
  "val": {
    "mse": 0.6718140840530396,
    "rmse": 0.8196426563161775,
    "mae": 0.5905092358589172,
    "w2_global": 0.060417547821998596,
    "ae_summary": {
      "mean": 0.5905092358589172,
      "std": 0.5684302449226379,
      "min": 0.0008445978164672852,
      "max": 5.0738115310668945,
      "p50": 0.41782712936401367,
      "p90": 1.3205602169036865,
      "p95": 1.676094889640808,
      "p99": 2.6497201919555664
    },
    "se_summary": {
      "mean": 0.6718140840530396,
      "std": 1.474541425704956,
      "min": 7.133454573704512e-07,
      "max": 25.743562698364258,
      "p50": 0.17457951605319977,
      "p90": 1.7438794374465942,
      "p95": 2.8092942237854004,
      "p99": 7.021042346954346
    }
  },
  "test": {
    "mse": 0.49447816610336304,
    "rmse": 0.7031914149812717,
    "mae": 0.5160925984382629,
    "w2_global": 0.053370680660009384,
    "ae_summary": {
      "mean": 0.5160925984382629,
      "std": 0.4776260256767273,
      "min": 0.00011587142944335938,
      "max": 6.356248378753662,
      "p50": 0.39138782024383545,
      "p90": 1.116131067276001,
      "p95": 1.4348084926605225,
      "p99": 2.264991521835327
    },
    "se_summary": {
      "mean": 0.49447816610336304,
      "std": 1.1458218097686768,
      "min": 1.342618816124741e-08,
      "max": 40.401893615722656,
      "p50": 0.1531844288110733,
      "p90": 1.2457492351531982,
      "p95": 2.0586752891540527,
      "p99": 5.130220413208008
    }
  }
}