{
  "train": {
    "mse": 0.23780882358551025,
    "rmse": 0.4876564606211121,
    "mae": 0.21870805323123932,
    "w2_global": 0.1777951866388321,
    "ae_summary": {
      "mean": 0.21870805323123932,
      "std": 0.4358619451522827,
      "min": 9.387731552124023e-07,
      "max": 34.69334030151367,
      "p50": 0.12878262996673584,
      "p90": 0.47022563219070435,
      "p95": 0.6412582993507385,
      "p99": 1.3479676246643066
    },
    "se_summary": {
      "mean": 0.23780882358551025,
      "std": 6.792910099029541,
      "min": 8.812950369474493e-13,
      "max": 1203.6278076171875,
      "p50": 0.016584966331720352,
      "p90": 0.22111216187477112,
      "p95": 0.4112122356891632,
      "p99": 1.8170166015625
    }
  },
  "val": {
    "mse": 0.30565840005874634,
    "rmse": 0.5528638169194529,
    "mae": 0.2809007167816162,
    "w2_global": 0.19353848695755005,
    "ae_summary": {
      "mean": 0.2809007167816162,
      "std": 0.4761860966682434,
      "min": 1.2665987014770508e-06,
      "max": 10.019172668457031,
      "p50": 0.1594301164150238,
      "p90": 0.595227062702179,
      "p95": 0.8244668245315552,
      "p99": 2.0558488368988037
    },
    "se_summary": {
      "mean": 0.30565840005874634,
      "std": 2.385998487472534,
      "min": 1.6042722705833512e-12,
      "max": 100.38381958007812,
      "p50": 0.025417964905500412,
      "p90": 0.3542952835559845,
      "p95": 0.6797457337379456,
      "p99": 4.226538181304932
    }
  },
  "test": {
    "mse": 0.6678731441497803,
    "rmse": 0.8172350605240699,
    "mae": 0.29535534977912903,
    "w2_global": 0.3404509723186493,
    "ae_summary": {
      "mean": 0.29535534977912903,
      "std": 0.7619962692260742,
      "min": 6.705522537231445e-07,
      "max": 26.290191650390625,
      "p50": 0.1563265174627304,
      "p90": 0.5962023138999939,
      "p95": 0.8184890151023865,
      "p99": 2.1274993419647217
    },
    "se_summary": {
      "mean": 0.6678731441497803,
      "std": 12.007576942443848,
      "min": 4.496403249731884e-13,
      "max": 691.1741943359375,
      "p50": 0.024437978863716125,
      "p90": 0.35545721650123596,
      "p95": 0.6699244976043701,
      "p99": 4.526253700256348
    }
  }
}