{
  "train": {
    "mse": 0.0,
    "rmse": 0.0,
    "mae": 0.0,
    "w2_global": 0.27109724283218384,
    "ae_summary": {
      "mean": 0.0,
      "std": 0.0,
      "min": 0.0,
      "max": 0.0,
      "p50": 0.0,
      "p90": 0.0,
      "p95": 0.0,
      "p99": 0.0
    },
    "se_summary": {
      "mean": 0.0,
      "std": 0.0,
      "min": 0.0,
      "max": 0.0,
      "p50": 0.0,
      "p90": 0.0,
      "p95": 0.0,
      "p99": 0.0
    }
  },
  "val": {
    "mse": 0.09318318217992783,
    "rmse": 0.30525920490613845,
    "mae": 0.20201662182807922,
    "w2_global": 0.1660880595445633,
    "ae_summary": {
      "mean": 0.20201662182807922,
      "std": 0.228850319981575,
      "min": 1.2218952178955078e-05,
      "max": 2.219104290008545,
      "p50": 0.13015955686569214,
      "p90": 0.4751196503639221,
      "p95": 0.6229832172393799,
      "p99": 1.1120191812515259
    },
    "se_summary": {
      "mean": 0.09318318217992783,
      "std": 0.2771763205528259,
      "min": 1.4930279235159105e-10,
      "max": 4.924423694610596,
      "p50": 0.016941512003540993,
      "p90": 0.22573867440223694,
      "p95": 0.3881080746650696,
      "p99": 1.2365868091583252
    }
  },
  "test": {
    "mse": 0.15820428729057312,
    "rmse": 0.3977490255054978,
    "mae": 0.23290248215198517,
    "w2_global": 0.2483484447002411,
    "ae_summary": {
      "mean": 0.23290248215198517,
      "std": 0.3224294185638428,
      "min": 5.662441253662109e-07,
      "max": 3.478728771209717,
      "p50": 0.12012135982513428,
      "p90": 0.5957439541816711,
      "p95": 0.8744491934776306,
      "p99": 1.479683756828308
    },
    "se_summary": {
      "mean": 0.15820428729057312,
      "std": 0.5905546545982361,
      "min": 3.206324095117452e-13,
      "max": 12.101553916931152,
      "p50": 0.014429140836000443,
      "p90": 0.35491088032722473,
      "p95": 0.764661431312561,
      "p99": 2.1894640922546387
    }
  }
}