{
  "train": {
    "mse": 0.0,
    "rmse": 0.0,
    "mae": 0.0,
    "w2_global": 0.7311083078384399,
    "ae_summary": {
      "mean": 0.0,
      "std": 0.0,
      "min": 0.0,
      "max": 0.0,
      "p50": 0.0,
      "p90": 0.0,
      "p95": 0.0,
      "p99": 0.0
    },
    "se_summary": {
      "mean": 0.0,
      "std": 0.0,
      "min": 0.0,
      "max": 0.0,
      "p50": 0.0,
      "p90": 0.0,
      "p95": 0.0,
      "p99": 0.0
    }
  },
  "val": {
    "mse": 0.9360538125038147,
    "rmse": 0.9674987403112288,
    "mae": 0.6565399169921875,
    "w2_global": 0.7163524627685547,
    "ae_summary": {
      "mean": 0.6565399169921875,
      "std": 0.7106398344039917,
      "min": 3.688037395477295e-07,
      "max": 39.22923278808594,
      "p50": 0.46344757080078125,
      "p90": 1.4788944721221924,
      "p95": 1.9230153560638428,
      "p99": 3.061446189880371
    },
    "se_summary": {
      "mean": 0.9360538125038147,
      "std": 6.683598041534424,
      "min": 1.360161983043895e-13,
      "max": 1538.9327392578125,
      "p50": 0.2147836536169052,
      "p90": 2.187128782272339,
      "p95": 3.6979880332946777,
      "p99": 9.372458457946777
    }
  },
  "test": {
    "mse": 1.005247950553894,
    "rmse": 1.0026205416576572,
    "mae": 0.6859257221221924,
    "w2_global": 0.7461377382278442,
    "ae_summary": {
      "mean": 0.6859257221221924,
      "std": 0.7312687039375305,
      "min": 6.319023668766022e-07,
      "max": 30.62712860107422,
      "p50": 0.4807050824165344,
      "p90": 1.530714988708496,
      "p95": 1.9911812543869019,
      "p99": 3.316467761993408
    },
    "se_summary": {
      "mean": 1.005247950553894,
      "std": 4.1290693283081055,
      "min": 3.9930060126425193e-13,
      "max": 938.02099609375,
      "p50": 0.2310773730278015,
      "p90": 2.343088150024414,
      "p95": 3.9648029804229736,
      "p99": 10.998958587646484
    }
  }
}