{
  "train": {
    "mse": 0.005565526895225048,
    "rmse": 0.07460245904274904,
    "mae": 0.049672145396471024,
    "w2_global": 0.009185483679175377,
    "ae_summary": {
      "mean": 0.049672145396471024,
      "std": 0.05566152185201645,
      "min": 0.0,
      "max": 1.5908513069152832,
      "p50": 0.03325021266937256,
      "p90": 0.11299264430999756,
      "p95": 0.15596085786819458,
      "p99": 0.23666824400424957
    },
    "se_summary": {
      "mean": 0.005565526895225048,
      "std": 0.025497565045952797,
      "min": 0.0,
      "max": 2.5308079719543457,
      "p50": 0.0011055766372010112,
      "p90": 0.012767337262630463,
      "p95": 0.02432378940284252,
      "p99": 0.0560118593275547
    }
  },
  "val": {
    "mse": 0.011571072041988373,
    "rmse": 0.10756891763882526,
    "mae": 0.0669279471039772,
    "w2_global": 0.00852225162088871,
    "ae_summary": {
      "mean": 0.0669279471039772,
      "std": 0.08421236276626587,
      "min": 1.1920928955078125e-06,
      "max": 1.7362284660339355,
      "p50": 0.04480266571044922,
      "p90": 0.14559300243854523,
      "p95": 0.1945382058620453,
      "p99": 0.3814532160758972
    },
    "se_summary": {
      "mean": 0.011571072041988373,
      "std": 0.06666285544633865,
      "min": 1.4210854715202004e-12,
      "max": 3.01448917388916,
      "p50": 0.00200727884657681,
      "p90": 0.021197320893406868,
      "p95": 0.03784511610865593,
      "p99": 0.1455065757036209
    }
  },
  "test": {
    "mse": 0.012731922790408134,
    "rmse": 0.11283582228356442,
    "mae": 0.0690145269036293,
    "w2_global": 0.008933726698160172,
    "ae_summary": {
      "mean": 0.0690145269036293,
      "std": 0.08926878869533539,
      "min": 5.155801773071289e-06,
      "max": 1.952148675918579,
      "p50": 0.043044209480285645,
      "p90": 0.15931236743927002,
      "p95": 0.21625454723834991,
      "p99": 0.40043723583221436
    },
    "se_summary": {
      "mean": 0.012731922790408134,
      "std": 0.07242347300052643,
      "min": 2.6582291923205048e-11,
      "max": 3.810884475708008,
      "p50": 0.001852803980000317,
      "p90": 0.02538042888045311,
      "p95": 0.04676602780818939,
      "p99": 0.1603500247001648
    }
  }
}