{
  "best_alpha": 0.99,
  "best_gamma": 0.1,
  "alpha_grid": [
    0.01,
    0.25,
    0.5,
    0.75,
    0.99
  ],
  "gamma_grid": [
    0.1,
    1.0,
    5.0,
    10.0
  ],
  "results": {
    "(0.01, 0.1)": {
      "val_loss": 1275.7935791015625,
      "val_eval": 1237.055419921875,
      "epochs": 30,
      "mse": 1237.0552978515625,
      "w2_global": 32.42230224609375,
      "cvar": 2662.418212890625
    },
    "(0.01, 1.0)": {
      "val_loss": 49.441226959228516,
      "val_eval": 45.672489166259766,
      "epochs": 30,
      "mse": 45.672489166259766,
      "w2_global": 5.345601558685303,
      "cvar": 124.09295654296875
    },
    "(0.01, 5.0)": {
      "val_loss": 34.19062423706055,
      "val_eval": 34.92914962768555,
      "epochs": 30,
      "mse": 34.92915344238281,
      "w2_global": 4.552206993103027,
      "cvar": 75.40369415283203
    },
    "(0.01, 10.0)": {
      "val_loss": 335.37060546875,
      "val_eval": 326.48785400390625,
      "epochs": 30,
      "mse": 326.48785400390625,
      "w2_global": 16.1182861328125,
      "cvar": 770.4822998046875
    },
    "(0.25, 0.1)": {
      "val_loss": 0.8595344424247742,
      "val_eval": 1.32098388671875,
      "epochs": 30,
      "mse": 1.32098388671875,
      "w2_global": 0.5729817748069763,
      "cvar": 3.121145486831665
    },
    "(0.25, 1.0)": {
      "val_loss": 1.29343581199646,
      "val_eval": 1.695605993270874,
      "epochs": 30,
      "mse": 1.695605993270874,
      "w2_global": 0.4210558533668518,
      "cvar": 4.078964710235596
    },
    "(0.25, 5.0)": {
      "val_loss": 0.9135404229164124,
      "val_eval": 1.389575719833374,
      "epochs": 30,
      "mse": 1.3895756006240845,
      "w2_global": 0.4877833127975464,
      "cvar": 3.696113109588623
    },
    "(0.25, 10.0)": {
      "val_loss": 0.8525219559669495,
      "val_eval": 1.3722890615463257,
      "epochs": 30,
      "mse": 1.3722890615463257,
      "w2_global": 0.5470335483551025,
      "cvar": 3.6100471019744873
    },
    "(0.5, 0.1)": {
      "val_loss": 0.7313474416732788,
      "val_eval": 1.2203407287597656,
      "epochs": 30,
      "mse": 1.2203407287597656,
      "w2_global": 0.5654680132865906,
      "cvar": 3.2500722408294678
    },
    "(0.5, 1.0)": {
      "val_loss": 0.8834866881370544,
      "val_eval": 1.3609925508499146,
      "epochs": 30,
      "mse": 1.3609925508499146,
      "w2_global": 0.4807533919811249,
      "cvar": 3.4914793968200684
    },
    "(0.5, 5.0)": {
      "val_loss": 0.7280701994895935,
      "val_eval": 1.1468127965927124,
      "epochs": 30,
      "mse": 1.1468127965927124,
      "w2_global": 0.5885706543922424,
      "cvar": 2.9598958492279053
    },
    "(0.5, 10.0)": {
      "val_loss": 0.662674069404602,
      "val_eval": 1.0937869548797607,
      "epochs": 30,
      "mse": 1.0937869548797607,
      "w2_global": 0.6146564483642578,
      "cvar": 2.981987237930298
    },
    "(0.75, 0.1)": {
      "val_loss": 0.4889563024044037,
      "val_eval": 0.7677720189094543,
      "epochs": 30,
      "mse": 0.7677720189094543,
      "w2_global": 0.4683603048324585,
      "cvar": 2.103950023651123
    },
    "(0.75, 1.0)": {
      "val_loss": 0.4497769773006439,
      "val_eval": 0.7348251938819885,
      "epochs": 30,
      "mse": 0.7348251938819885,
      "w2_global": 0.466370552778244,
      "cvar": 1.9448298215866089
    },
    "(0.75, 5.0)": {
      "val_loss": 0.5722116827964783,
      "val_eval": 0.9599851369857788,
      "epochs": 30,
      "mse": 0.9599851369857788,
      "w2_global": 0.546295702457428,
      "cvar": 2.5976812839508057
    },
    "(0.75, 10.0)": {
      "val_loss": 0.4476173520088196,
      "val_eval": 0.6743947863578796,
      "epochs": 30,
      "mse": 0.6743947863578796,
      "w2_global": 0.4069335162639618,
      "cvar": 1.7292571067810059
    },
    "(0.99, 0.1)": {
      "val_loss": 0.26438161730766296,
      "val_eval": 0.3796180784702301,
      "epochs": 30,
      "mse": 0.3796180784702301,
      "w2_global": 0.24471886456012726,
      "cvar": 1.026049017906189
    },
    "(0.99, 1.0)": {
      "val_loss": 0.28544890880584717,
      "val_eval": 0.4371621906757355,
      "epochs": 30,
      "mse": 0.43716222047805786,
      "w2_global": 0.31005674600601196,
      "cvar": 1.1917595863342285
    },
    "(0.99, 5.0)": {
      "val_loss": 0.26495078206062317,
      "val_eval": 0.4188390076160431,
      "epochs": 30,
      "mse": 0.4188390076160431,
      "w2_global": 0.2679134011268616,
      "cvar": 1.1717005968093872
    },
    "(0.99, 10.0)": {
      "val_loss": 0.29933881759643555,
      "val_eval": 0.4539836049079895,
      "epochs": 30,
      "mse": 0.4539836049079895,
      "w2_global": 0.3260989487171173,
      "cvar": 1.1845457553863525
    }
  }
}