{
  "train": {
    "mse": 0.2827102243900299,
    "rmse": 0.5317050163295715,
    "mae": 0.4070907235145569,
    "w2_global": 0.22997717559337616,
    "ae_summary": {
      "mean": 0.4070907235145569,
      "std": 0.34203413128852844,
      "min": 5.066394805908203e-05,
      "max": 3.0558512210845947,
      "p50": 0.3268927335739136,
      "p90": 0.8621585369110107,
      "p95": 1.0793453454971313,
      "p99": 1.5444962978363037
    },
    "se_summary": {
      "mean": 0.2827102243900299,
      "std": 0.5040274262428284,
      "min": 2.566835632933362e-09,
      "max": 9.338226318359375,
      "p50": 0.10685885697603226,
      "p90": 0.7433173656463623,
      "p95": 1.1649863719940186,
      "p99": 2.3854689598083496
    }
  },
  "val": {
    "mse": 0.3796180784702301,
    "rmse": 0.616131543154731,
    "mae": 0.46253347396850586,
    "w2_global": 0.24471886456012726,
    "ae_summary": {
      "mean": 0.46253347396850586,
      "std": 0.4070391356945038,
      "min": 6.556510925292969e-07,
      "max": 3.4354496002197266,
      "p50": 0.3519549071788788,
      "p90": 1.012940764427185,
      "p95": 1.2754294872283936,
      "p99": 1.8758965730667114
    },
    "se_summary": {
      "mean": 0.3796180784702301,
      "std": 0.6991601586341858,
      "min": 4.298783551348606e-13,
      "max": 11.802313804626465,
      "p50": 0.12387225776910782,
      "p90": 1.026049017906189,
      "p95": 1.6267204284667969,
      "p99": 3.518988609313965
    }
  },
  "test": {
    "mse": 0.3834092915058136,
    "rmse": 0.6192005260865123,
    "mae": 0.45619669556617737,
    "w2_global": 0.24771305918693542,
    "ae_summary": {
      "mean": 0.45619669556617737,
      "std": 0.41868117451667786,
      "min": 4.9620866775512695e-05,
      "max": 3.774991035461426,
      "p50": 0.33927053213119507,
      "p90": 1.0019346475601196,
      "p95": 1.2786794900894165,
      "p99": 1.9804128408432007
    },
    "se_summary": {
      "mean": 0.3834092915058136,
      "std": 0.7837585806846619,
      "min": 2.4622304195531797e-09,
      "max": 14.250556945800781,
      "p50": 0.11510448157787323,
      "p90": 1.0038729906082153,
      "p95": 1.6350213289260864,
      "p99": 3.9220354557037354
    }
  }
}