{
  "train": {
    "mse": 0.0,
    "rmse": 0.0,
    "mae": 0.0,
    "w2_global": 0.09849950671195984,
    "ae_summary": {
      "mean": 0.0,
      "std": 0.0,
      "min": 0.0,
      "max": 0.0,
      "p50": 0.0,
      "p90": 0.0,
      "p95": 0.0,
      "p99": 0.0
    },
    "se_summary": {
      "mean": 0.0,
      "std": 0.0,
      "min": 0.0,
      "max": 0.0,
      "p50": 0.0,
      "p90": 0.0,
      "p95": 0.0,
      "p99": 0.0
    }
  },
  "val": {
    "mse": 1.0711063146591187,
    "rmse": 1.0349426624983236,
    "mae": 0.6918464303016663,
    "w2_global": 0.06924814730882645,
    "ae_summary": {
      "mean": 0.6918464303016663,
      "std": 0.769710898399353,
      "min": 0.0,
      "max": 9.955313682556152,
      "p50": 0.5379574298858643,
      "p90": 1.4826810359954834,
      "p95": 1.7154061794281006,
      "p99": 3.3310132026672363
    },
    "se_summary": {
      "mean": 1.0711063146591187,
      "std": 3.943392753601074,
      "min": 0.0,
      "max": 99.10826873779297,
      "p50": 0.289398193359375,
      "p90": 2.1983442306518555,
      "p95": 2.9426186084747314,
      "p99": 11.096207618713379
    }
  },
  "test": {
    "mse": 1.28963303565979,
    "rmse": 1.1356201106266963,
    "mae": 0.74574214220047,
    "w2_global": 0.08640110492706299,
    "ae_summary": {
      "mean": 0.74574214220047,
      "std": 0.8564470410346985,
      "min": 0.0,
      "max": 20.69805335998535,
      "p50": 0.5846610069274902,
      "p90": 1.5066313743591309,
      "p95": 1.7627928256988525,
      "p99": 3.634645700454712
    },
    "se_summary": {
      "mean": 1.28963303565979,
      "std": 8.519773483276367,
      "min": 0.0,
      "max": 428.409423828125,
      "p50": 0.3418286442756653,
      "p90": 2.2699379920959473,
      "p95": 3.1074411869049072,
      "p99": 13.210694313049316
    }
  }
}