{
  "train": {
    "mse": 0.0,
    "rmse": 0.0,
    "mae": 0.0,
    "w2_global": 2.100029706954956,
    "ae_summary": {
      "mean": 0.0,
      "std": 0.0,
      "min": 0.0,
      "max": 0.0,
      "p50": 0.0,
      "p90": 0.0,
      "p95": 0.0,
      "p99": 0.0
    },
    "se_summary": {
      "mean": 0.0,
      "std": 0.0,
      "min": 0.0,
      "max": 0.0,
      "p50": 0.0,
      "p90": 0.0,
      "p95": 0.0,
      "p99": 0.0
    }
  },
  "val": {
    "mse": 6.11051607131958,
    "rmse": 2.471945806711705,
    "mae": 2.2655999660491943,
    "w2_global": 2.0795910358428955,
    "ae_summary": {
      "mean": 2.2655999660491943,
      "std": 0.9887223839759827,
      "min": 0.0002950429916381836,
      "max": 13.011505126953125,
      "p50": 2.244036912918091,
      "p90": 3.4116950035095215,
      "p95": 3.795172929763794,
      "p99": 4.889590740203857
    },
    "se_summary": {
      "mean": 6.11051607131958,
      "std": 5.938994407653809,
      "min": 8.705036691480927e-08,
      "max": 169.2992706298828,
      "p50": 5.035701751708984,
      "p90": 11.639662742614746,
      "p95": 14.403338432312012,
      "p99": 23.908096313476562
    }
  },
  "test": {
    "mse": 6.233172416687012,
    "rmse": 2.496632214942163,
    "mae": 2.3001174926757812,
    "w2_global": 2.115936040878296,
    "ae_summary": {
      "mean": 2.3001174926757812,
      "std": 0.9708923697471619,
      "min": 4.1961669921875e-05,
      "max": 23.402090072631836,
      "p50": 2.2868621349334717,
      "p90": 3.4039649963378906,
      "p95": 3.779724597930908,
      "p99": 4.881824016571045
    },
    "se_summary": {
      "mean": 6.233172416687012,
      "std": 5.979140281677246,
      "min": 1.760781742632389e-09,
      "max": 547.6578369140625,
      "p50": 5.229738235473633,
      "p90": 11.586977005004883,
      "p95": 14.286316871643066,
      "p99": 23.832204818725586
    }
  }
}