{
  "train": {
    "mse": 0.0,
    "rmse": 0.0,
    "mae": 0.0,
    "w2_global": 0.40239110589027405,
    "ae_summary": {
      "mean": 0.0,
      "std": 0.0,
      "min": 0.0,
      "max": 0.0,
      "p50": 0.0,
      "p90": 0.0,
      "p95": 0.0,
      "p99": 0.0
    },
    "se_summary": {
      "mean": 0.0,
      "std": 0.0,
      "min": 0.0,
      "max": 0.0,
      "p50": 0.0,
      "p90": 0.0,
      "p95": 0.0,
      "p99": 0.0
    }
  },
  "val": {
    "mse": 1.5625224113464355,
    "rmse": 1.2500089645064292,
    "mae": 0.9256799221038818,
    "w2_global": 0.4702044129371643,
    "ae_summary": {
      "mean": 0.9256799221038818,
      "std": 0.8400231599807739,
      "min": 0.0010172128677368164,
      "max": 6.175815105438232,
      "p50": 0.7138897180557251,
      "p90": 1.8901729583740234,
      "p95": 2.3792331218719482,
      "p99": 4.379900932312012
    },
    "se_summary": {
      "mean": 1.5625224113464355,
      "std": 3.438426971435547,
      "min": 1.0347220040785032e-06,
      "max": 38.14069366455078,
      "p50": 0.5096385478973389,
      "p90": 3.572753667831421,
      "p95": 5.660818099975586,
      "p99": 19.183975219726562
    }
  },
  "test": {
    "mse": 1.7333341836929321,
    "rmse": 1.3165615001559676,
    "mae": 0.9910970330238342,
    "w2_global": 0.5139133334159851,
    "ae_summary": {
      "mean": 0.9910970330238342,
      "std": 0.8666374683380127,
      "min": 0.0011293292045593262,
      "max": 5.82516622543335,
      "p50": 0.76617431640625,
      "p90": 2.2391045093536377,
      "p95": 2.863701105117798,
      "p99": 3.8130788803100586
    },
    "se_summary": {
      "mean": 1.7333341836929321,
      "std": 3.075930118560791,
      "min": 1.2753844202961773e-06,
      "max": 33.932559967041016,
      "p50": 0.587023138999939,
      "p90": 5.013589859008789,
      "p95": 8.200857162475586,
      "p99": 14.539571762084961
    }
  }
}