{
  "train": {
    "mse": 0.0007257305551320314,
    "rmse": 0.026939386688119526,
    "mae": 0.01719707064330578,
    "w2_global": 0.39377519488334656,
    "ae_summary": {
      "mean": 0.01719707064330578,
      "std": 0.02073623053729534,
      "min": 0.0,
      "max": 0.43207550048828125,
      "p50": 0.012583404779434204,
      "p90": 0.034947991371154785,
      "p95": 0.04487767070531845,
      "p99": 0.08095979690551758
    },
    "se_summary": {
      "mean": 0.0007257305551320314,
      "std": 0.004297381732612848,
      "min": 0.0,
      "max": 0.18668924272060394,
      "p50": 0.00015834206715226173,
      "p90": 0.0012213621521368623,
      "p95": 0.00201400532387197,
      "p99": 0.006554488558322191
    }
  },
  "val": {
    "mse": 1.2713757753372192,
    "rmse": 1.1275530033382994,
    "mae": 0.9434781074523926,
    "w2_global": 0.3820948898792267,
    "ae_summary": {
      "mean": 0.9434781074523926,
      "std": 0.617434024810791,
      "min": 6.556510925292969e-07,
      "max": 3.902606248855591,
      "p50": 0.9070488214492798,
      "p90": 1.6232681274414062,
      "p95": 2.1264240741729736,
      "p99": 3.023437261581421
    },
    "se_summary": {
      "mean": 1.2713757753372192,
      "std": 1.6964396238327026,
      "min": 4.298783551348606e-13,
      "max": 15.230335235595703,
      "p50": 0.8227375745773315,
      "p90": 2.6349992752075195,
      "p95": 4.521679401397705,
      "p99": 9.141173362731934
    }
  },
  "test": {
    "mse": 1.2389395236968994,
    "rmse": 1.1130766027982528,
    "mae": 0.9364178776741028,
    "w2_global": 0.38308173418045044,
    "ae_summary": {
      "mean": 0.9364178776741028,
      "std": 0.6017151474952698,
      "min": 8.344650268554688e-07,
      "max": 3.852416515350342,
      "p50": 0.9094755053520203,
      "p90": 1.6023637056350708,
      "p95": 2.005735158920288,
      "p99": 2.931630849838257
    },
    "se_summary": {
      "mean": 1.2389395236968994,
      "std": 1.584398865699768,
      "min": 6.963318810448982e-13,
      "max": 14.841113090515137,
      "p50": 0.8271456956863403,
      "p90": 2.5675692558288574,
      "p95": 4.022973537445068,
      "p99": 8.594459533691406
    }
  }
}