{
  "train": {
    "mse": 0.6262174248695374,
    "rmse": 0.7913390075495693,
    "mae": 0.5784748792648315,
    "w2_global": 0.522268533706665,
    "ae_summary": {
      "mean": 0.5784748792648315,
      "std": 0.5399854183197021,
      "min": 0.0004089921712875366,
      "max": 4.426537990570068,
      "p50": 0.43831443786621094,
      "p90": 1.2082161903381348,
      "p95": 1.546984076499939,
      "p99": 2.6734564304351807
    },
    "se_summary": {
      "mean": 0.6262174248695374,
      "std": 1.5035854578018188,
      "min": 1.672745923997354e-07,
      "max": 19.59423828125,
      "p50": 0.1921195536851883,
      "p90": 1.4597877264022827,
      "p95": 2.393159866333008,
      "p99": 7.147881031036377
    }
  },
  "val": {
    "mse": 0.623898446559906,
    "rmse": 0.789872424230588,
    "mae": 0.5914706587791443,
    "w2_global": 0.5279704928398132,
    "ae_summary": {
      "mean": 0.5914706587791443,
      "std": 0.5235082507133484,
      "min": 0.00013715028762817383,
      "max": 5.364456653594971,
      "p50": 0.4609997272491455,
      "p90": 1.2468256950378418,
      "p95": 1.6016433238983154,
      "p99": 2.423736333847046
    },
    "se_summary": {
      "mean": 0.623898446559906,
      "std": 1.2356432676315308,
      "min": 1.881020139649081e-08,
      "max": 28.777395248413086,
      "p50": 0.2125207483768463,
      "p90": 1.5545746088027954,
      "p95": 2.5652620792388916,
      "p99": 5.874517440795898
    }
  },
  "test": {
    "mse": 0.7303558588027954,
    "rmse": 0.854608599771144,
    "mae": 0.6434893012046814,
    "w2_global": 0.5622528791427612,
    "ae_summary": {
      "mean": 0.6434893012046814,
      "std": 0.5623854398727417,
      "min": 0.00010710954666137695,
      "max": 4.681648254394531,
      "p50": 0.5060297250747681,
      "p90": 1.407675862312317,
      "p95": 1.7225431203842163,
      "p99": 2.3870091438293457
    },
    "se_summary": {
      "mean": 0.7303558588027954,
      "std": 1.4369512796401978,
      "min": 1.1472454986005687e-08,
      "max": 21.917829513549805,
      "p50": 0.25606608390808105,
      "p90": 1.9815528392791748,
      "p95": 2.967165470123291,
      "p99": 5.697821617126465
    }
  }
}