{
  "best_alpha": 0.99,
  "best_gamma": 1.0,
  "alpha_grid": [
    0.01,
    0.25,
    0.5,
    0.75,
    0.99
  ],
  "gamma_grid": [
    0.1,
    1.0,
    5.0,
    10.0
  ],
  "results": {
    "(0.01, 0.1)": {
      "val_loss": 0.749077320098877,
      "val_eval": 1.078201413154602,
      "epochs": 30,
      "mse": 1.078201413154602,
      "w2_global": 0.09010595828294754,
      "cvar": 1.4364867210388184
    },
    "(0.01, 1.0)": {
      "val_loss": 0.7034497857093811,
      "val_eval": 1.0385141372680664,
      "epochs": 30,
      "mse": 1.0385141372680664,
      "w2_global": 0.087938591837883,
      "cvar": 1.285370945930481
    },
    "(0.01, 5.0)": {
      "val_loss": 0.7172746062278748,
      "val_eval": 1.0424435138702393,
      "epochs": 30,
      "mse": 1.0424433946609497,
      "w2_global": 0.0871986374258995,
      "cvar": 1.299739956855774
    },
    "(0.01, 10.0)": {
      "val_loss": 0.7233463525772095,
      "val_eval": 1.0521751642227173,
      "epochs": 30,
      "mse": 1.0521751642227173,
      "w2_global": 0.08991274237632751,
      "cvar": 1.4323991537094116
    },
    "(0.25, 0.1)": {
      "val_loss": 0.42456120252609253,
      "val_eval": 0.7498523592948914,
      "epochs": 30,
      "mse": 0.7498522996902466,
      "w2_global": 0.07480159401893616,
      "cvar": 0.5252482295036316
    },
    "(0.25, 1.0)": {
      "val_loss": 0.43224358558654785,
      "val_eval": 0.75376296043396,
      "epochs": 30,
      "mse": 0.75376296043396,
      "w2_global": 0.0722355768084526,
      "cvar": 0.5822439193725586
    },
    "(0.25, 5.0)": {
      "val_loss": 0.5067873001098633,
      "val_eval": 0.800220787525177,
      "epochs": 30,
      "mse": 0.800220787525177,
      "w2_global": 0.07703115791082382,
      "cvar": 0.7164093852043152
    },
    "(0.25, 10.0)": {
      "val_loss": 0.48486828804016113,
      "val_eval": 0.8031934499740601,
      "epochs": 30,
      "mse": 0.8031933307647705,
      "w2_global": 0.07378850132226944,
      "cvar": 0.6379435658454895
    },
    "(0.5, 0.1)": {
      "val_loss": 0.3462037742137909,
      "val_eval": 0.6489139795303345,
      "epochs": 30,
      "mse": 0.6489139795303345,
      "w2_global": 0.07018528133630753,
      "cvar": 0.43967297673225403
    },
    "(0.5, 1.0)": {
      "val_loss": 0.32083287835121155,
      "val_eval": 0.5919191837310791,
      "epochs": 30,
      "mse": 0.5919191837310791,
      "w2_global": 0.06969244033098221,
      "cvar": 0.38721325993537903
    },
    "(0.5, 5.0)": {
      "val_loss": 0.34227851033210754,
      "val_eval": 0.6208287477493286,
      "epochs": 30,
      "mse": 0.6208287477493286,
      "w2_global": 0.07008315622806549,
      "cvar": 0.4757365584373474
    },
    "(0.5, 10.0)": {
      "val_loss": 0.41465920209884644,
      "val_eval": 0.7146761417388916,
      "epochs": 30,
      "mse": 0.7146760821342468,
      "w2_global": 0.0736122578382492,
      "cvar": 0.6025026440620422
    },
    "(0.75, 0.1)": {
      "val_loss": 0.27984923124313354,
      "val_eval": 0.6076826453208923,
      "epochs": 30,
      "mse": 0.6076826453208923,
      "w2_global": 0.06681524962186813,
      "cvar": 0.2986004948616028
    },
    "(0.75, 1.0)": {
      "val_loss": 0.3358609676361084,
      "val_eval": 0.6086759567260742,
      "epochs": 30,
      "mse": 0.6086759567260742,
      "w2_global": 0.0679464042186737,
      "cvar": 0.519798219203949
    },
    "(0.75, 5.0)": {
      "val_loss": 0.28473392128944397,
      "val_eval": 0.5520612001419067,
      "epochs": 30,
      "mse": 0.5520612001419067,
      "w2_global": 0.06717178970575333,
      "cvar": 0.335114449262619
    },
    "(0.75, 10.0)": {
      "val_loss": 0.2946370840072632,
      "val_eval": 0.5772966146469116,
      "epochs": 30,
      "mse": 0.5772965550422668,
      "w2_global": 0.06770788133144379,
      "cvar": 0.3701200783252716
    },
    "(0.99, 0.1)": {
      "val_loss": 0.2918410003185272,
      "val_eval": 0.6062362790107727,
      "epochs": 30,
      "mse": 0.6062362790107727,
      "w2_global": 0.06736074388027191,
      "cvar": 0.3389822244644165
    },
    "(0.99, 1.0)": {
      "val_loss": 0.24595606327056885,
      "val_eval": 0.5265594720840454,
      "epochs": 30,
      "mse": 0.5265594720840454,
      "w2_global": 0.06635428965091705,
      "cvar": 0.3229060769081116
    },
    "(0.99, 5.0)": {
      "val_loss": 0.26975440979003906,
      "val_eval": 0.5165216326713562,
      "epochs": 30,
      "mse": 0.5165216326713562,
      "w2_global": 0.06624343991279602,
      "cvar": 0.3146403431892395
    },
    "(0.99, 10.0)": {
      "val_loss": 0.26157480478286743,
      "val_eval": 0.5318738222122192,
      "epochs": 30,
      "mse": 0.5318737626075745,
      "w2_global": 0.06588076800107956,
      "cvar": 0.33181560039520264
    }
  }
}