{
  "train": {
    "mse": 0.29615530371665955,
    "rmse": 0.5442015285872133,
    "mae": 0.2702953815460205,
    "w2_global": 0.02975471131503582,
    "ae_summary": {
      "mean": 0.2702953815460205,
      "std": 0.47233009338378906,
      "min": 1.6689300537109375e-06,
      "max": 33.76254653930664,
      "p50": 0.18185056746006012,
      "p90": 0.557181715965271,
      "p95": 0.725857675075531,
      "p99": 1.3798199892044067
    },
    "se_summary": {
      "mean": 0.29615530371665955,
      "std": 7.343674182891846,
      "min": 2.7853275241795927e-12,
      "max": 1139.9095458984375,
      "p50": 0.03306962922215462,
      "p90": 0.310451477766037,
      "p95": 0.5268693566322327,
      "p99": 1.9039034843444824
    }
  },
  "val": {
    "mse": 0.5265594720840454,
    "rmse": 0.7256441773238764,
    "mae": 0.2842935621738434,
    "w2_global": 0.06635428965091705,
    "ae_summary": {
      "mean": 0.2842935621738434,
      "std": 0.6676350831985474,
      "min": 0.00012218952178955078,
      "max": 21.511367797851562,
      "p50": 0.1831427812576294,
      "p90": 0.5682482123374939,
      "p95": 0.7325193881988525,
      "p99": 1.1884546279907227
    },
    "se_summary": {
      "mean": 0.5265594720840454,
      "std": 10.60991382598877,
      "min": 1.4930279235159105e-08,
      "max": 462.73895263671875,
      "p50": 0.03354128450155258,
      "p90": 0.3229060769081116,
      "p95": 0.5365846753120422,
      "p99": 1.4124335050582886
    }
  },
  "test": {
    "mse": 0.7950170636177063,
    "rmse": 0.8916372937566633,
    "mae": 0.29767537117004395,
    "w2_global": 0.06843657791614532,
    "ae_summary": {
      "mean": 0.29767537117004395,
      "std": 0.840479850769043,
      "min": 9.462237358093262e-05,
      "max": 33.46662902832031,
      "p50": 0.18070343136787415,
      "p90": 0.5699247121810913,
      "p95": 0.7485619783401489,
      "p99": 1.4595310688018799
    },
    "se_summary": {
      "mean": 0.7950170636177063,
      "std": 18.98674964904785,
      "min": 8.953393582089575e-09,
      "max": 1120.0152587890625,
      "p50": 0.03265373036265373,
      "p90": 0.32481417059898376,
      "p95": 0.5603450536727905,
      "p99": 2.1303279399871826
    }
  }
}