{
  "train": {
    "mse": 0.0,
    "rmse": 0.0,
    "mae": 0.0,
    "w2_global": 0.04807700961828232,
    "ae_summary": {
      "mean": 0.0,
      "std": 0.0,
      "min": 0.0,
      "max": 0.0,
      "p50": 0.0,
      "p90": 0.0,
      "p95": 0.0,
      "p99": 0.0
    },
    "se_summary": {
      "mean": 0.0,
      "std": 0.0,
      "min": 0.0,
      "max": 0.0,
      "p50": 0.0,
      "p90": 0.0,
      "p95": 0.0,
      "p99": 0.0
    }
  },
  "val": {
    "mse": 0.5642563700675964,
    "rmse": 0.7511700007771852,
    "mae": 0.5914292931556702,
    "w2_global": 0.04383508488535881,
    "ae_summary": {
      "mean": 0.5914292931556702,
      "std": 0.4631066918373108,
      "min": 0.00160139799118042,
      "max": 2.6823790073394775,
      "p50": 0.4736202359199524,
      "p90": 1.2996479272842407,
      "p95": 1.4640225172042847,
      "p99": 1.8916288614273071
    },
    "se_summary": {
      "mean": 0.5642563700675964,
      "std": 0.8401064276695251,
      "min": 2.564475607869099e-06,
      "max": 7.195157051086426,
      "p50": 0.22431613504886627,
      "p90": 1.689086675643921,
      "p95": 2.1433634757995605,
      "p99": 3.5800161361694336
    }
  },
  "test": {
    "mse": 0.6038535833358765,
    "rmse": 0.7770801653213627,
    "mae": 0.5642303824424744,
    "w2_global": 0.049012113362550735,
    "ae_summary": {
      "mean": 0.5642303824424744,
      "std": 0.5343196988105774,
      "min": 0.0005191564559936523,
      "max": 5.2710700035095215,
      "p50": 0.42478930950164795,
      "p90": 1.1745065450668335,
      "p95": 1.6930146217346191,
      "p99": 2.441927194595337
    },
    "se_summary": {
      "mean": 0.6038535833358765,
      "std": 1.4099749326705933,
      "min": 2.6952341158903437e-07,
      "max": 27.7841796875,
      "p50": 0.18044595420360565,
      "p90": 1.3794655799865723,
      "p95": 2.8668148517608643,
      "p99": 5.9633708000183105
    }
  }
}