{
  "train": {
    "mse": 2725.982177734375,
    "rmse": 52.21093925351636,
    "mae": 38.455047607421875,
    "w2_global": 0.23575454950332642,
    "ae_summary": {
      "mean": 38.455047607421875,
      "std": 35.31560134887695,
      "min": 0.00022608041763305664,
      "max": 339.9678955078125,
      "p50": 29.5275821685791,
      "p90": 80.81806945800781,
      "p95": 104.85186767578125,
      "p99": 175.03671264648438
    },
    "se_summary": {
      "mean": 2725.982177734375,
      "std": 5916.09521484375,
      "min": 5.111235523713731e-08,
      "max": 115578.171875,
      "p50": 871.8781127929688,
      "p90": 6531.56005859375,
      "p95": 10993.9130859375,
      "p99": 30637.853515625
    }
  },
  "val": {
    "mse": 0.9353906512260437,
    "rmse": 0.9671559601357186,
    "mae": 0.37142476439476013,
    "w2_global": 0.30160650610923767,
    "ae_summary": {
      "mean": 0.37142476439476013,
      "std": 0.8929917812347412,
      "min": 3.2782554626464844e-07,
      "max": 12.977503776550293,
      "p50": 0.13884171843528748,
      "p90": 0.7545341849327087,
      "p95": 1.3140933513641357,
      "p99": 4.801677227020264
    },
    "se_summary": {
      "mean": 0.9353906512260437,
      "std": 6.7226691246032715,
      "min": 1.0746958878371515e-13,
      "max": 168.4156036376953,
      "p50": 0.019277028739452362,
      "p90": 0.5693218111991882,
      "p95": 1.726841688156128,
      "p99": 23.056150436401367
    }
  },
  "test": {
    "mse": 1.338918685913086,
    "rmse": 1.1571165394691607,
    "mae": 0.3686448335647583,
    "w2_global": 0.40526795387268066,
    "ae_summary": {
      "mean": 0.3686448335647583,
      "std": 1.0968226194381714,
      "min": 3.5762786865234375e-07,
      "max": 31.37144660949707,
      "p50": 0.14952406287193298,
      "p90": 0.7256928086280823,
      "p95": 1.1693741083145142,
      "p99": 3.7456092834472656
    },
    "se_summary": {
      "mean": 1.338918685913086,
      "std": 19.850011825561523,
      "min": 1.2789769243681803e-13,
      "max": 984.1676635742188,
      "p50": 0.02235744521021843,
      "p90": 0.5266300439834595,
      "p95": 1.3674359321594238,
      "p99": 14.02958869934082
    }
  }
}