{
  "train": {
    "mse": 0.0,
    "rmse": 0.0,
    "mae": 0.0,
    "w2_global": 0.3009790778160095,
    "ae_summary": {
      "mean": 0.0,
      "std": 0.0,
      "min": 0.0,
      "max": 0.0,
      "p50": 0.0,
      "p90": 0.0,
      "p95": 0.0,
      "p99": 0.0
    },
    "se_summary": {
      "mean": 0.0,
      "std": 0.0,
      "min": 0.0,
      "max": 0.0,
      "p50": 0.0,
      "p90": 0.0,
      "p95": 0.0,
      "p99": 0.0
    }
  },
  "val": {
    "mse": 1.5513991117477417,
    "rmse": 1.2455517298561878,
    "mae": 0.956363320350647,
    "w2_global": 0.37935131788253784,
    "ae_summary": {
      "mean": 0.956363320350647,
      "std": 0.7979776859283447,
      "min": 1.8596649169921875e-05,
      "max": 5.624675750732422,
      "p50": 0.7521729469299316,
      "p90": 2.074756383895874,
      "p95": 2.604017734527588,
      "p99": 3.540830612182617
    },
    "se_summary": {
      "mean": 1.5513991117477417,
      "std": 2.522400140762329,
      "min": 3.4583536034915596e-10,
      "max": 31.636978149414062,
      "p50": 0.5657641291618347,
      "p90": 4.304614067077637,
      "p95": 6.780908584594727,
      "p99": 12.537480354309082
    }
  },
  "test": {
    "mse": 0.6376924514770508,
    "rmse": 0.7985564798291044,
    "mae": 0.5684999823570251,
    "w2_global": 0.40809866786003113,
    "ae_summary": {
      "mean": 0.5684999823570251,
      "std": 0.5608031153678894,
      "min": 3.62396240234375e-05,
      "max": 4.9791178703308105,
      "p50": 0.4066755175590515,
      "p90": 1.2586336135864258,
      "p95": 1.7545872926712036,
      "p99": 2.7406504154205322
    },
    "se_summary": {
      "mean": 0.6376924514770508,
      "std": 1.4115893840789795,
      "min": 1.3133103493601084e-09,
      "max": 24.791614532470703,
      "p50": 0.16538497805595398,
      "p90": 1.5841587781906128,
      "p95": 3.0785765647888184,
      "p99": 7.511164665222168
    }
  }
}