{
  "train": {
    "mse": 0.0,
    "rmse": 0.0,
    "mae": 0.0,
    "w2_global": 0.14171530306339264,
    "ae_summary": {
      "mean": 0.0,
      "std": 0.0,
      "min": 0.0,
      "max": 0.0,
      "p50": 0.0,
      "p90": 0.0,
      "p95": 0.0,
      "p99": 0.0
    },
    "se_summary": {
      "mean": 0.0,
      "std": 0.0,
      "min": 0.0,
      "max": 0.0,
      "p50": 0.0,
      "p90": 0.0,
      "p95": 0.0,
      "p99": 0.0
    }
  },
  "val": {
    "mse": 0.47486838698387146,
    "rmse": 0.689106948872141,
    "mae": 0.40957072377204895,
    "w2_global": 0.27797579765319824,
    "ae_summary": {
      "mean": 0.40957072377204895,
      "std": 0.5541843771934509,
      "min": 6.884336471557617e-06,
      "max": 3.654048442840576,
      "p50": 0.18501421809196472,
      "p90": 1.2597124576568604,
      "p95": 1.7361034154891968,
      "p99": 2.4070611000061035
    },
    "se_summary": {
      "mean": 0.47486838698387146,
      "std": 1.2292369604110718,
      "min": 4.739408865361838e-11,
      "max": 13.352069854736328,
      "p50": 0.03423026204109192,
      "p90": 1.5868754386901855,
      "p95": 3.014055013656616,
      "p99": 5.793942928314209
    }
  },
  "test": {
    "mse": 0.21380357444286346,
    "rmse": 0.46238898607434786,
    "mae": 0.2826831042766571,
    "w2_global": 0.16041094064712524,
    "ae_summary": {
      "mean": 0.2826831042766571,
      "std": 0.36591506004333496,
      "min": 7.703900337219238e-06,
      "max": 3.6234819889068604,
      "p50": 0.14806872606277466,
      "p90": 0.7632331252098083,
      "p95": 1.0615739822387695,
      "p99": 1.6829204559326172
    },
    "se_summary": {
      "mean": 0.21380357444286346,
      "std": 0.679884672164917,
      "min": 5.935008040580669e-11,
      "max": 13.129621505737305,
      "p50": 0.021924348548054695,
      "p90": 0.5825247764587402,
      "p95": 1.126939296722412,
      "p99": 2.832221508026123
    }
  }
}