{
  "best_alpha": 0.99,
  "best_gamma": 0.1,
  "alpha_grid": [
    0.99
  ],
  "gamma_grid": [
    0.1
  ],
  "results": {
    "(0.99, 0.1)": {
      "val_loss": 0.39431480031747085,
      "val_eval": 0.8121612438788781,
      "epoch": 28,
      "mse": 0.8121612438788781
    }
  },
  "standalone_mode": true
}