{
  "train": {
    "mse": 0.34111034870147705,
    "rmse": 0.5840465295689009,
    "mae": 0.3913302719593048,
    "w2_global": 0.5623655319213867,
    "ae_summary": {
      "mean": 0.3913302719593048,
      "std": 0.43355613946914673,
      "min": 6.079673767089844e-06,
      "max": 29.341867446899414,
      "p50": 0.2856036424636841,
      "p90": 0.8475782871246338,
      "p95": 1.1007076501846313,
      "p99": 1.851778268814087
    },
    "se_summary": {
      "mean": 0.34111034870147705,
      "std": 3.553521156311035,
      "min": 3.696243311424041e-11,
      "max": 860.9451904296875,
      "p50": 0.08156944066286087,
      "p90": 0.7183889746665955,
      "p95": 1.211557388305664,
      "p99": 3.4290831089019775
    }
  },
  "val": {
    "mse": 0.7937426567077637,
    "rmse": 0.8909223628957597,
    "mae": 0.5837421417236328,
    "w2_global": 0.5711283683776855,
    "ae_summary": {
      "mean": 0.5837421417236328,
      "std": 0.6730436682701111,
      "min": 2.211611717939377e-05,
      "max": 48.754058837890625,
      "p50": 0.42257821559906006,
      "p90": 1.251392126083374,
      "p95": 1.6379613876342773,
      "p99": 2.7023630142211914
    },
    "se_summary": {
      "mean": 0.7937426567077637,
      "std": 9.512903213500977,
      "min": 4.891226312864205e-10,
      "max": 2376.958251953125,
      "p50": 0.17857232689857483,
      "p90": 1.565982460975647,
      "p95": 2.682917356491089,
      "p99": 7.3027663230896
    }
  },
  "test": {
    "mse": 0.8204852938652039,
    "rmse": 0.9058064328901644,
    "mae": 0.5837344527244568,
    "w2_global": 0.5769360661506653,
    "ae_summary": {
      "mean": 0.5837344527244568,
      "std": 0.692632257938385,
      "min": 4.649162292480469e-06,
      "max": 38.43254089355469,
      "p50": 0.4196585416793823,
      "p90": 1.2457301616668701,
      "p95": 1.631137728691101,
      "p99": 2.746553659439087
    },
    "se_summary": {
      "mean": 0.8204852938652039,
      "std": 8.956680297851562,
      "min": 2.1614710021822248e-11,
      "max": 1477.0601806640625,
      "p50": 0.1761132925748825,
      "p90": 1.5518437623977661,
      "p95": 2.6606101989746094,
      "p99": 7.543557643890381
    }
  }
}