{
  "test": {
    "mse": 0.3525068759918213,
    "rmse": 0.5937228949533792,
    "mae": 0.34214770793914795,
    "w2_global": 0.04786943644285202,
    "ae_summary": {
      "mean": 0.34214770793914795,
      "std": 0.4852234721183777,
      "min": 4.2438507080078125e-05,
      "max": 5.040868759155273,
      "p50": 0.1679018884897232,
      "p90": 0.8377771377563477,
      "p95": 1.2241162061691284,
      "p99": 2.4313507080078125
    },
    "se_summary": {
      "mean": 0.3525068759918213,
      "std": 1.2938023805618286,
      "min": 1.8010268831858411e-09,
      "max": 25.410358428955078,
      "p50": 0.02819104492664337,
      "p90": 0.7018709778785706,
      "p95": 1.4984605312347412,
      "p99": 5.911502361297607
    }
  }
}