{
  "train": {
    "mse": 0.0,
    "rmse": 0.0,
    "mae": 0.0,
    "w2_global": 2.1868467330932617,
    "ae_summary": {
      "mean": 0.0,
      "std": 0.0,
      "min": 0.0,
      "max": 0.0,
      "p50": 0.0,
      "p90": 0.0,
      "p95": 0.0,
      "p99": 0.0
    },
    "se_summary": {
      "mean": 0.0,
      "std": 0.0,
      "min": 0.0,
      "max": 0.0,
      "p50": 0.0,
      "p90": 0.0,
      "p95": 0.0,
      "p99": 0.0
    }
  },
  "val": {
    "mse": 5.545353412628174,
    "rmse": 2.3548574081307287,
    "mae": 2.139021396636963,
    "w2_global": 2.0972723960876465,
    "ae_summary": {
      "mean": 2.139021396636963,
      "std": 0.9848557114601135,
      "min": 0.00022745132446289062,
      "max": 3.827303886413574,
      "p50": 2.2377686500549316,
      "p90": 3.3318264484405518,
      "p95": 3.4513626098632812,
      "p99": 3.596522808074951
    },
    "se_summary": {
      "mean": 5.545353412628174,
      "std": 3.886411428451538,
      "min": 5.173410499992315e-08,
      "max": 14.648255348205566,
      "p50": 5.007607936859131,
      "p90": 11.101066589355469,
      "p95": 11.911904335021973,
      "p99": 12.934975624084473
    }
  },
  "test": {
    "mse": 5.831619739532471,
    "rmse": 2.414874684022438,
    "mae": 2.2554526329040527,
    "w2_global": 2.156564235687256,
    "ae_summary": {
      "mean": 2.2554526329040527,
      "std": 0.862874448299408,
      "min": 1.239776611328125e-05,
      "max": 3.9120240211486816,
      "p50": 2.4053475856781006,
      "p90": 3.2791762351989746,
      "p95": 3.4289307594299316,
      "p99": 3.6130239963531494
    },
    "se_summary": {
      "mean": 5.831619739532471,
      "std": 3.4966251850128174,
      "min": 1.5370460459962487e-10,
      "max": 15.303932189941406,
      "p50": 5.785696983337402,
      "p90": 10.752997398376465,
      "p95": 11.75756549835205,
      "p99": 13.05394172668457
    }
  }
}