{
  "train": {
    "mse": 0.0,
    "rmse": 0.0,
    "mae": 0.0,
    "w2_global": 0.517885148525238,
    "ae_summary": {
      "mean": 0.0,
      "std": 0.0,
      "min": 0.0,
      "max": 0.0,
      "p50": 0.0,
      "p90": 0.0,
      "p95": 0.0,
      "p99": 0.0
    },
    "se_summary": {
      "mean": 0.0,
      "std": 0.0,
      "min": 0.0,
      "max": 0.0,
      "p50": 0.0,
      "p90": 0.0,
      "p95": 0.0,
      "p99": 0.0
    }
  },
  "val": {
    "mse": 6.773886680603027,
    "rmse": 2.602669145435706,
    "mae": 1.9826953411102295,
    "w2_global": 1.6024439334869385,
    "ae_summary": {
      "mean": 1.9826953411102295,
      "std": 1.6860623359680176,
      "min": 0.0003040432929992676,
      "max": 17.323139190673828,
      "p50": 1.556638479232788,
      "p90": 4.266629695892334,
      "p95": 5.278695583343506,
      "p99": 7.509902000427246
    },
    "se_summary": {
      "mean": 6.773886680603027,
      "std": 12.547377586364746,
      "min": 9.24423204651248e-08,
      "max": 300.0911560058594,
      "p50": 2.423123359680176,
      "p90": 18.20414924621582,
      "p95": 27.8646297454834,
      "p99": 56.39873123168945
    }
  },
  "test": {
    "mse": 5.504250526428223,
    "rmse": 2.3461139201727232,
    "mae": 1.8243119716644287,
    "w2_global": 1.2169461250305176,
    "ae_summary": {
      "mean": 1.8243119716644287,
      "std": 1.4751733541488647,
      "min": 8.666515350341797e-05,
      "max": 9.268587112426758,
      "p50": 1.4691442251205444,
      "p90": 3.859661340713501,
      "p95": 4.779715538024902,
      "p99": 6.493215084075928
    },
    "se_summary": {
      "mean": 5.504250526428223,
      "std": 8.691146850585938,
      "min": 7.510848831771e-09,
      "max": 85.90670776367188,
      "p50": 2.1583847999572754,
      "p90": 14.89698600769043,
      "p95": 22.845699310302734,
      "p99": 42.16185760498047
    }
  }
}