{
  "train": {
    "mse": 0.027511756867170334,
    "rmse": 0.16586668401813046,
    "mae": 0.1245339959859848,
    "w2_global": 0.005443775560706854,
    "ae_summary": {
      "mean": 0.1245339959859848,
      "std": 0.10955838859081268,
      "min": 1.6093254089355469e-06,
      "max": 1.3654818534851074,
      "p50": 0.0969197154045105,
      "p90": 0.26368585228919983,
      "p95": 0.3337690234184265,
      "p99": 0.5106773376464844
    },
    "se_summary": {
      "mean": 0.027511756867170334,
      "std": 0.0559057742357254,
      "min": 2.589928271845565e-12,
      "max": 1.864540696144104,
      "p50": 0.00939343124628067,
      "p90": 0.06953023374080658,
      "p95": 0.11140176653862,
      "p99": 0.2607913315296173
    }
  },
  "val": {
    "mse": 0.03429742157459259,
    "rmse": 0.18519563054940738,
    "mae": 0.13674819469451904,
    "w2_global": 0.006822976749390364,
    "ae_summary": {
      "mean": 0.13674819469451904,
      "std": 0.12488938122987747,
      "min": 7.702410221099854e-05,
      "max": 1.0750267505645752,
      "p50": 0.10590982437133789,
      "p90": 0.29396960139274597,
      "p95": 0.38089102506637573,
      "p99": 0.5786850452423096
    },
    "se_summary": {
      "mean": 0.03429742157459259,
      "std": 0.0735257938504219,
      "min": 5.9327120993657445e-09,
      "max": 1.1556825637817383,
      "p50": 0.011216890998184681,
      "p90": 0.08641824126243591,
      "p95": 0.14507807791233063,
      "p99": 0.334877610206604
    }
  },
  "test": {
    "mse": 0.033080339431762695,
    "rmse": 0.1818800138326438,
    "mae": 0.13541565835475922,
    "w2_global": 0.00573938712477684,
    "ae_summary": {
      "mean": 0.13541565835475922,
      "std": 0.12142051011323929,
      "min": 5.501508712768555e-05,
      "max": 0.8999561071395874,
      "p50": 0.10383845865726471,
      "p90": 0.2879980802536011,
      "p95": 0.37616637349128723,
      "p99": 0.5840969085693359
    },
    "se_summary": {
      "mean": 0.033080339431762695,
      "std": 0.06595949083566666,
      "min": 3.026659811666832e-09,
      "max": 0.8099209666252136,
      "p50": 0.010782425291836262,
      "p90": 0.082942895591259,
      "p95": 0.14150114357471466,
      "p99": 0.34116920828819275
    }
  }
}