{
  "train": {
    "mse": 0.0,
    "rmse": 0.0,
    "mae": 0.0,
    "w2_global": 1.6055114269256592,
    "ae_summary": {
      "mean": 0.0,
      "std": 0.0,
      "min": 0.0,
      "max": 0.0,
      "p50": 0.0,
      "p90": 0.0,
      "p95": 0.0,
      "p99": 0.0
    },
    "se_summary": {
      "mean": 0.0,
      "std": 0.0,
      "min": 0.0,
      "max": 0.0,
      "p50": 0.0,
      "p90": 0.0,
      "p95": 0.0,
      "p99": 0.0
    }
  },
  "val": {
    "mse": 2.9608876705169678,
    "rmse": 1.7207230080745035,
    "mae": 1.5475984811782837,
    "w2_global": 1.4257076978683472,
    "ae_summary": {
      "mean": 1.5475984811782837,
      "std": 0.7522141933441162,
      "min": 0.0002633333206176758,
      "max": 3.18367338180542,
      "p50": 1.5455697774887085,
      "p90": 2.5665202140808105,
      "p95": 2.751392364501953,
      "p99": 2.992353677749634
    },
    "se_summary": {
      "mean": 2.9608876705169678,
      "std": 2.384664535522461,
      "min": 6.934443774753163e-08,
      "max": 10.13577651977539,
      "p50": 2.3887858390808105,
      "p90": 6.5870256423950195,
      "p95": 7.570159912109375,
      "p99": 8.954179763793945
    }
  },
  "test": {
    "mse": 3.4386684894561768,
    "rmse": 1.8543647131716503,
    "mae": 1.6334319114685059,
    "w2_global": 1.5679800510406494,
    "ae_summary": {
      "mean": 1.6334319114685059,
      "std": 0.8778203725814819,
      "min": 4.5418739318847656e-05,
      "max": 3.2669408321380615,
      "p50": 1.6599806547164917,
      "p90": 2.81453013420105,
      "p95": 2.936022996902466,
      "p99": 3.103686809539795
    },
    "se_summary": {
      "mean": 3.4386684894561768,
      "std": 2.8885128498077393,
      "min": 2.062861881313438e-09,
      "max": 10.67290210723877,
      "p50": 2.755535840988159,
      "p90": 7.921579837799072,
      "p95": 8.620231628417969,
      "p99": 9.632872581481934
    }
  }
}