{
  "train": {
    "mse": 0.0,
    "rmse": 0.0,
    "mae": 0.0,
    "w2_global": 0.23122520744800568,
    "ae_summary": {
      "mean": 0.0,
      "std": 0.0,
      "min": 0.0,
      "max": 0.0,
      "p50": 0.0,
      "p90": 0.0,
      "p95": 0.0,
      "p99": 0.0
    },
    "se_summary": {
      "mean": 0.0,
      "std": 0.0,
      "min": 0.0,
      "max": 0.0,
      "p50": 0.0,
      "p90": 0.0,
      "p95": 0.0,
      "p99": 0.0
    }
  },
  "val": {
    "mse": 6.8092732429504395,
    "rmse": 2.6094584194714505,
    "mae": 2.016451597213745,
    "w2_global": 1.3586982488632202,
    "ae_summary": {
      "mean": 2.016451597213745,
      "std": 1.6562597751617432,
      "min": 0.0005625039339065552,
      "max": 12.260069847106934,
      "p50": 1.6336259841918945,
      "p90": 4.272847652435303,
      "p95": 5.265981674194336,
      "p99": 7.444390296936035
    },
    "se_summary": {
      "mean": 6.8092732429504395,
      "std": 11.306558609008789,
      "min": 3.1641067721466243e-07,
      "max": 150.30931091308594,
      "p50": 2.668733835220337,
      "p90": 18.257225036621094,
      "p95": 27.730562210083008,
      "p99": 55.41901779174805
    }
  },
  "test": {
    "mse": 3.7843613624572754,
    "rmse": 1.945343507573219,
    "mae": 1.4602454900741577,
    "w2_global": 0.843991219997406,
    "ae_summary": {
      "mean": 1.4602454900741577,
      "std": 1.2853187322616577,
      "min": 6.493926048278809e-05,
      "max": 12.997610092163086,
      "p50": 1.125523567199707,
      "p90": 3.13800048828125,
      "p95": 3.921794891357422,
      "p99": 5.873285293579102
    },
    "se_summary": {
      "mean": 3.7843613624572754,
      "std": 7.550906658172607,
      "min": 4.217107552051402e-09,
      "max": 168.9378662109375,
      "p50": 1.26680326461792,
      "p90": 9.847047805786133,
      "p95": 15.380475997924805,
      "p99": 34.495479583740234
    }
  }
}