{
  "train": {
    "mse": 0.0,
    "rmse": 0.0,
    "mae": 0.0,
    "w2_global": 0.2719312310218811,
    "ae_summary": {
      "mean": 0.0,
      "std": 0.0,
      "min": 0.0,
      "max": 0.0,
      "p50": 0.0,
      "p90": 0.0,
      "p95": 0.0,
      "p99": 0.0
    },
    "se_summary": {
      "mean": 0.0,
      "std": 0.0,
      "min": 0.0,
      "max": 0.0,
      "p50": 0.0,
      "p90": 0.0,
      "p95": 0.0,
      "p99": 0.0
    }
  },
  "val": {
    "mse": 0.7098495364189148,
    "rmse": 0.8425256888777426,
    "mae": 0.5673394799232483,
    "w2_global": 0.2586994767189026,
    "ae_summary": {
      "mean": 0.5673394799232483,
      "std": 0.6228768229484558,
      "min": 0.0,
      "max": 3.3045992851257324,
      "p50": 0.36478495597839355,
      "p90": 1.4206008911132812,
      "p95": 1.7767858505249023,
      "p99": 2.739408254623413
    },
    "se_summary": {
      "mean": 0.7098495364189148,
      "std": 1.3961122035980225,
      "min": 0.0,
      "max": 10.920376777648926,
      "p50": 0.13306806981563568,
      "p90": 2.018106698989868,
      "p95": 3.156967878341675,
      "p99": 7.504356861114502
    }
  },
  "test": {
    "mse": 0.7156453132629395,
    "rmse": 0.8459582219370761,
    "mae": 0.5866150856018066,
    "w2_global": 0.2735861837863922,
    "ae_summary": {
      "mean": 0.5866150856018066,
      "std": 0.609531044960022,
      "min": 0.0,
      "max": 3.267162799835205,
      "p50": 0.4378983676433563,
      "p90": 1.4043351411819458,
      "p95": 1.7429555654525757,
      "p99": 2.7370948791503906
    },
    "se_summary": {
      "mean": 0.7156453132629395,
      "std": 1.3694798946380615,
      "min": 0.0,
      "max": 10.674352645874023,
      "p50": 0.19175498187541962,
      "p90": 1.9721571207046509,
      "p95": 3.0378940105438232,
      "p99": 7.491688251495361
    }
  }
}