{
  "best_alpha": 0.99,
  "best_gamma": 10.0,
  "alpha_grid": [
    0.01,
    0.25,
    0.5,
    0.75,
    0.99
  ],
  "gamma_grid": [
    0.1,
    1.0,
    5.0,
    10.0
  ],
  "results": {
    "(0.01, 0.1)": {
      "val_loss": 0.3220120370388031,
      "val_eval": 0.3815205991268158,
      "epochs": 30,
      "mse": 0.3815205991268158,
      "w2_global": 0.05371323600411415,
      "cvar": 1.009162187576294
    },
    "(0.01, 1.0)": {
      "val_loss": 0.3769329786300659,
      "val_eval": 0.4550829529762268,
      "epochs": 30,
      "mse": 0.4550829231739044,
      "w2_global": 0.062167808413505554,
      "cvar": 1.129377007484436
    },
    "(0.01, 5.0)": {
      "val_loss": 0.31922292709350586,
      "val_eval": 0.40098837018013,
      "epochs": 30,
      "mse": 0.4009883999824524,
      "w2_global": 0.05683884397149086,
      "cvar": 1.057458758354187
    },
    "(0.01, 10.0)": {
      "val_loss": 0.3576256334781647,
      "val_eval": 0.43923595547676086,
      "epochs": 30,
      "mse": 0.43923598527908325,
      "w2_global": 0.05904499441385269,
      "cvar": 1.2798727750778198
    },
    "(0.25, 0.1)": {
      "val_loss": 0.18535976111888885,
      "val_eval": 0.22136695683002472,
      "epochs": 30,
      "mse": 0.22136695683002472,
      "w2_global": 0.03072444535791874,
      "cvar": 0.5383443832397461
    },
    "(0.25, 1.0)": {
      "val_loss": 0.24254991114139557,
      "val_eval": 0.2897622585296631,
      "epochs": 30,
      "mse": 0.2897622287273407,
      "w2_global": 0.0454927422106266,
      "cvar": 0.6961870193481445
    },
    "(0.25, 5.0)": {
      "val_loss": 0.15905225276947021,
      "val_eval": 0.18197417259216309,
      "epochs": 30,
      "mse": 0.18197418749332428,
      "w2_global": 0.03309532254934311,
      "cvar": 0.4318867027759552
    },
    "(0.25, 10.0)": {
      "val_loss": 0.22639602422714233,
      "val_eval": 0.261440634727478,
      "epochs": 30,
      "mse": 0.26144060492515564,
      "w2_global": 0.04332227259874344,
      "cvar": 0.5958085060119629
    },
    "(0.5, 0.1)": {
      "val_loss": 0.1483382284641266,
      "val_eval": 0.16647373139858246,
      "epochs": 30,
      "mse": 0.16647371649742126,
      "w2_global": 0.0310710147023201,
      "cvar": 0.3446175158023834
    },
    "(0.5, 1.0)": {
      "val_loss": 0.136710524559021,
      "val_eval": 0.1552773416042328,
      "epochs": 30,
      "mse": 0.1552773267030716,
      "w2_global": 0.020677117630839348,
      "cvar": 0.34365391731262207
    },
    "(0.5, 5.0)": {
      "val_loss": 0.15626804530620575,
      "val_eval": 0.17978502810001373,
      "epochs": 30,
      "mse": 0.17978502810001373,
      "w2_global": 0.028565704822540283,
      "cvar": 0.41186216473579407
    },
    "(0.5, 10.0)": {
      "val_loss": 0.1356947124004364,
      "val_eval": 0.15488332509994507,
      "epochs": 30,
      "mse": 0.15488332509994507,
      "w2_global": 0.0245366133749485,
      "cvar": 0.32802119851112366
    },
    "(0.75, 0.1)": {
      "val_loss": 0.1260790377855301,
      "val_eval": 0.13745340704917908,
      "epochs": 30,
      "mse": 0.13745339214801788,
      "w2_global": 0.020513279363512993,
      "cvar": 0.27224835753440857
    },
    "(0.75, 1.0)": {
      "val_loss": 0.11457907408475876,
      "val_eval": 0.12676428258419037,
      "epochs": 30,
      "mse": 0.12676428258419037,
      "w2_global": 0.010214867070317268,
      "cvar": 0.2660636603832245
    },
    "(0.75, 5.0)": {
      "val_loss": 0.12950332462787628,
      "val_eval": 0.14146198332309723,
      "epochs": 30,
      "mse": 0.14146198332309723,
      "w2_global": 0.011626205407083035,
      "cvar": 0.30923551321029663
    },
    "(0.75, 10.0)": {
      "val_loss": 0.12445557862520218,
      "val_eval": 0.1400778442621231,
      "epochs": 30,
      "mse": 0.1400778442621231,
      "w2_global": 0.012814873829483986,
      "cvar": 0.3201514482498169
    },
    "(0.99, 0.1)": {
      "val_loss": 0.10731644928455353,
      "val_eval": 0.11537660658359528,
      "epochs": 30,
      "mse": 0.11537661403417587,
      "w2_global": 0.011083423160016537,
      "cvar": 0.2642180025577545
    },
    "(0.99, 1.0)": {
      "val_loss": 0.1266375184059143,
      "val_eval": 0.13690409064292908,
      "epochs": 30,
      "mse": 0.13690409064292908,
      "w2_global": 0.011909787543118,
      "cvar": 0.3135850727558136
    },
    "(0.99, 5.0)": {
      "val_loss": 0.11518159508705139,
      "val_eval": 0.11940192431211472,
      "epochs": 30,
      "mse": 0.11940192431211472,
      "w2_global": 0.011871369555592537,
      "cvar": 0.27271929383277893
    },
    "(0.99, 10.0)": {
      "val_loss": 0.1046583503484726,
      "val_eval": 0.11171157658100128,
      "epochs": 30,
      "mse": 0.11171157658100128,
      "w2_global": 0.009983847849071026,
      "cvar": 0.2573234438896179
    }
  }
}