{
  "train": {
    "mse": 0.09711340814828873,
    "rmse": 0.31163024267276873,
    "mae": 0.2113606482744217,
    "w2_global": 0.008435779251158237,
    "ae_summary": {
      "mean": 0.2113606482744217,
      "std": 0.22899800539016724,
      "min": 9.238719940185547e-07,
      "max": 2.688210964202881,
      "p50": 0.14592140913009644,
      "p90": 0.45636850595474243,
      "p95": 0.6325178742408752,
      "p99": 1.149330496788025
    },
    "se_summary": {
      "mean": 0.09711340814828873,
      "std": 0.2859191596508026,
      "min": 8.535394613318203e-13,
      "max": 7.226478099822998,
      "p50": 0.02129305712878704,
      "p90": 0.20827220380306244,
      "p95": 0.40007883310317993,
      "p99": 1.3209606409072876
    }
  },
  "val": {
    "mse": 0.11171157658100128,
    "rmse": 0.3342328179293608,
    "mae": 0.23405122756958008,
    "w2_global": 0.009983847849071026,
    "ae_summary": {
      "mean": 0.23405122756958008,
      "std": 0.23860342800617218,
      "min": 5.140900611877441e-07,
      "max": 2.3064889907836914,
      "p50": 0.16649726033210754,
      "p90": 0.5072705745697021,
      "p95": 0.7049994468688965,
      "p99": 1.1805859804153442
    },
    "se_summary": {
      "mean": 0.11171157658100128,
      "std": 0.2727888524532318,
      "min": 2.642885910120185e-13,
      "max": 5.319891452789307,
      "p50": 0.027721337974071503,
      "p90": 0.2573234438896179,
      "p95": 0.4970242381095886,
      "p99": 1.3937853574752808
    }
  },
  "test": {
    "mse": 0.11581599712371826,
    "rmse": 0.3403174945895645,
    "mae": 0.23240379989147186,
    "w2_global": 0.007598173338919878,
    "ae_summary": {
      "mean": 0.23240379989147186,
      "std": 0.24860501289367676,
      "min": 3.5762786865234375e-06,
      "max": 2.0406200885772705,
      "p50": 0.15455412864685059,
      "p90": 0.5330094695091248,
      "p95": 0.7471692562103271,
      "p99": 1.1933956146240234
    },
    "se_summary": {
      "mean": 0.11581599712371826,
      "std": 0.29673558473587036,
      "min": 1.2789769243681803e-11,
      "max": 4.164130210876465,
      "p50": 0.02388697862625122,
      "p90": 0.28409910202026367,
      "p95": 0.5582619309425354,
      "p99": 1.424193024635315
    }
  }
}