{
  "test": {
    "mse": 1.0356545448303223,
    "rmse": 1.0176711378585532,
    "mae": 0.6802400350570679,
    "w2_global": 0.18278633058071136,
    "ae_summary": {
      "mean": 0.6802400350570679,
      "std": 0.7569200992584229,
      "min": 5.960464477539063e-08,
      "max": 3.538975238800049,
      "p50": 0.43250182271003723,
      "p90": 1.823035717010498,
      "p95": 2.1864264011383057,
      "p99": 3.200643301010132
    },
    "se_summary": {
      "mean": 1.0356545448303223,
      "std": 1.8548628091812134,
      "min": 3.552713678800501e-15,
      "max": 12.524345397949219,
      "p50": 0.18705782294273376,
      "p90": 3.3234593868255615,
      "p95": 4.780460834503174,
      "p99": 10.24411678314209
    }
  }
}