{
  "test": {
    "mse": 0.3913816809654236,
    "rmse": 0.6256050519020955,
    "mae": 0.3979482352733612,
    "w2_global": 0.03362756967544556,
    "ae_summary": {
      "mean": 0.3979482352733612,
      "std": 0.482720285654068,
      "min": 1.7911195755004883e-05,
      "max": 4.557650089263916,
      "p50": 0.2349989414215088,
      "p90": 0.981070339679718,
      "p95": 1.3632844686508179,
      "p99": 2.2707583904266357
    },
    "se_summary": {
      "mean": 0.3913816809654236,
      "std": 1.1429288387298584,
      "min": 3.2081093337410493e-10,
      "max": 20.772174835205078,
      "p50": 0.05522450432181358,
      "p90": 0.9624989628791809,
      "p95": 1.8585445880889893,
      "p99": 5.156515598297119
    }
  }
}