{
  "train": {
    "mse": 0.0,
    "rmse": 0.0,
    "mae": 0.0,
    "w2_global": 0.07434256374835968,
    "ae_summary": {
      "mean": 0.0,
      "std": 0.0,
      "min": 0.0,
      "max": 0.0,
      "p50": 0.0,
      "p90": 0.0,
      "p95": 0.0,
      "p99": 0.0
    },
    "se_summary": {
      "mean": 0.0,
      "std": 0.0,
      "min": 0.0,
      "max": 0.0,
      "p50": 0.0,
      "p90": 0.0,
      "p95": 0.0,
      "p99": 0.0
    }
  },
  "val": {
    "mse": 0.7763504385948181,
    "rmse": 0.8811075068314979,
    "mae": 0.6705536246299744,
    "w2_global": 0.05693696811795235,
    "ae_summary": {
      "mean": 0.6705536246299744,
      "std": 0.5715839266777039,
      "min": 0.000516250729560852,
      "max": 3.4466745853424072,
      "p50": 0.49720486998558044,
      "p90": 1.375291347503662,
      "p95": 1.8598554134368896,
      "p99": 2.3624427318573
    },
    "se_summary": {
      "mean": 0.7763504385948181,
      "std": 1.3317363262176514,
      "min": 2.665148031155695e-07,
      "max": 11.879565238952637,
      "p50": 0.24721267819404602,
      "p90": 1.891426920890808,
      "p95": 3.4591174125671387,
      "p99": 5.5811991691589355
    }
  },
  "test": {
    "mse": 1.3006374835968018,
    "rmse": 1.140454945886422,
    "mae": 0.8950437307357788,
    "w2_global": 0.07739761471748352,
    "ae_summary": {
      "mean": 0.8950437307357788,
      "std": 0.7067773342132568,
      "min": 0.0018644630908966064,
      "max": 4.664375305175781,
      "p50": 0.6475807428359985,
      "p90": 1.8294934034347534,
      "p95": 2.1924729347229004,
      "p99": 3.0447494983673096
    },
    "se_summary": {
      "mean": 1.3006374835968018,
      "std": 2.168484687805176,
      "min": 3.476222673270968e-06,
      "max": 21.756397247314453,
      "p50": 0.41936081647872925,
      "p90": 3.347048282623291,
      "p95": 4.806939601898193,
      "p99": 9.273320198059082
    }
  }
}