{
  "test": {
    "mse": 0.17532679438591003,
    "rmse": 0.41872042508804136,
    "mae": 0.25883203744888306,
    "w2_global": 0.014522210694849491,
    "ae_summary": {
      "mean": 0.25883203744888306,
      "std": 0.32913944125175476,
      "min": 0.00023701786994934082,
      "max": 3.998915910720825,
      "p50": 0.14908456802368164,
      "p90": 0.6255651116371155,
      "p95": 0.9030816555023193,
      "p99": 1.5771557092666626
    },
    "se_summary": {
      "mean": 0.17532679438591003,
      "std": 0.6069085001945496,
      "min": 5.617746978714422e-08,
      "max": 15.991328239440918,
      "p50": 0.022226208820939064,
      "p90": 0.39133208990097046,
      "p95": 0.8156003952026367,
      "p99": 2.4874651432037354
    }
  }
}