{
  "best_alpha": 0.75,
  "best_gamma": 10.0,
  "alpha_grid": [
    0.75
  ],
  "gamma_grid": [
    10.0
  ],
  "results": {
    "(0.75, 10.0)": {
      "val_loss": 0.08591019706084178,
      "val_eval": 1.1341120233902564,
      "epoch": 27,
      "mse": 1.1341120233902564
    }
  },
  "standalone_mode": true
}