{
  "train": {
    "mse": 0.05306778475642204,
    "rmse": 0.23036446070612115,
    "mae": 0.06673230230808258,
    "w2_global": 0.062388673424720764,
    "ae_summary": {
      "mean": 0.06673230230808258,
      "std": 0.22048716247081757,
      "min": 8.195638656616211e-08,
      "max": 58.24721908569336,
      "p50": 0.047982923686504364,
      "p90": 0.1308411955833435,
      "p95": 0.16566289961338043,
      "p99": 0.293043851852417
    },
    "se_summary": {
      "mean": 0.05306778475642204,
      "std": 6.975288391113281,
      "min": 6.716849298982197e-15,
      "max": 3392.738525390625,
      "p50": 0.0023023609537631273,
      "p90": 0.01711941882967949,
      "p95": 0.02744419500231743,
      "p99": 0.08587470650672913
    }
  },
  "val": {
    "mse": 1.1345287561416626,
    "rmse": 1.0651425989705146,
    "mae": 0.7292656302452087,
    "w2_global": 0.08469042927026749,
    "ae_summary": {
      "mean": 0.7292656302452087,
      "std": 0.7763378024101257,
      "min": 1.4901161193847656e-08,
      "max": 37.41630935668945,
      "p50": 0.562425971031189,
      "p90": 1.5227938890457153,
      "p95": 1.8968539237976074,
      "p99": 2.955294609069824
    },
    "se_summary": {
      "mean": 1.1345287561416626,
      "std": 13.162687301635742,
      "min": 2.220446049250313e-16,
      "max": 1399.980224609375,
      "p50": 0.3163229823112488,
      "p90": 2.318901300430298,
      "p95": 3.598054885864258,
      "p99": 8.733806610107422
    }
  },
  "test": {
    "mse": 1.1294788122177124,
    "rmse": 1.0627694068883016,
    "mae": 0.7361359000205994,
    "w2_global": 0.06535903364419937,
    "ae_summary": {
      "mean": 0.7361359000205994,
      "std": 0.766539454460144,
      "min": 3.680586814880371e-06,
      "max": 27.132617950439453,
      "p50": 0.5572586059570312,
      "p90": 1.5426453351974487,
      "p95": 1.9467170238494873,
      "p99": 3.0233476161956787
    },
    "se_summary": {
      "mean": 1.1294788122177124,
      "std": 9.313858985900879,
      "min": 1.3546719301871235e-11,
      "max": 736.178955078125,
      "p50": 0.310537189245224,
      "p90": 2.3797545433044434,
      "p95": 3.7897074222564697,
      "p99": 9.140631675720215
    }
  }
}