{
  "train": {
    "mse": 0.0,
    "rmse": 0.0,
    "mae": 0.0,
    "w2_global": 0.0172820296138525,
    "ae_summary": {
      "mean": 0.0,
      "std": 0.0,
      "min": 0.0,
      "max": 0.0,
      "p50": 0.0,
      "p90": 0.0,
      "p95": 0.0,
      "p99": 0.0
    },
    "se_summary": {
      "mean": 0.0,
      "std": 0.0,
      "min": 0.0,
      "max": 0.0,
      "p50": 0.0,
      "p90": 0.0,
      "p95": 0.0,
      "p99": 0.0
    }
  },
  "val": {
    "mse": 0.06283628940582275,
    "rmse": 0.25067167651296934,
    "mae": 0.11875107884407043,
    "w2_global": 0.016237767413258553,
    "ae_summary": {
      "mean": 0.11875107884407043,
      "std": 0.220758855342865,
      "min": 2.384185791015625e-07,
      "max": 4.267899513244629,
      "p50": 0.0335908941924572,
      "p90": 0.322592556476593,
      "p95": 0.5038577318191528,
      "p99": 1.0702258348464966
    },
    "se_summary": {
      "mean": 0.06283628940582275,
      "std": 0.3487201929092407,
      "min": 5.684341886080802e-14,
      "max": 18.2149658203125,
      "p50": 0.0011283481726422906,
      "p90": 0.10406596213579178,
      "p95": 0.2538726031780243,
      "p99": 1.145383358001709
    }
  },
  "test": {
    "mse": 0.0725732371211052,
    "rmse": 0.26939420394860986,
    "mae": 0.12455825507640839,
    "w2_global": 0.01725853979587555,
    "ae_summary": {
      "mean": 0.12455825507640839,
      "std": 0.23886917531490326,
      "min": 1.6689300537109375e-06,
      "max": 8.00485610961914,
      "p50": 0.03407016396522522,
      "p90": 0.3351154327392578,
      "p95": 0.5306838750839233,
      "p99": 1.1246509552001953
    },
    "se_summary": {
      "mean": 0.0725732371211052,
      "std": 0.515419602394104,
      "min": 2.7853275241795927e-12,
      "max": 64.07772064208984,
      "p50": 0.0011607761261984706,
      "p90": 0.11230236291885376,
      "p95": 0.281625360250473,
      "p99": 1.2648398876190186
    }
  }
}