{
  "best_alpha": 0.99,
  "best_gamma": 0.1,
  "alpha_grid": [
    0.99
  ],
  "gamma_grid": [
    0.1
  ],
  "results": {
    "(0.99, 0.1)": {
      "val_loss": 0.03495877322096091,
      "val_eval": 11.255237359267015,
      "epoch": 28,
      "mse": 11.255237359267015
    }
  },
  "standalone_mode": true
}