{
  "train": {
    "mse": 0.025100450962781906,
    "rmse": 0.15843121839707572,
    "mae": 0.09884853661060333,
    "w2_global": 2.108647346496582,
    "ae_summary": {
      "mean": 0.09884853661060333,
      "std": 0.12381201237440109,
      "min": 4.76837158203125e-07,
      "max": 18.575889587402344,
      "p50": 0.0713040828704834,
      "p90": 0.21341976523399353,
      "p95": 0.2800789475440979,
      "p99": 0.46239757537841797
    },
    "se_summary": {
      "mean": 0.025100450962781906,
      "std": 1.1679065227508545,
      "min": 2.2737367544323206e-13,
      "max": 345.06365966796875,
      "p50": 0.0050842720083892345,
      "p90": 0.04554799199104309,
      "p95": 0.07844420522451401,
      "p99": 0.2138115018606186
    }
  },
  "val": {
    "mse": 11.201181411743164,
    "rmse": 3.3468166086212676,
    "mae": 2.4313318729400635,
    "w2_global": 2.105748176574707,
    "ae_summary": {
      "mean": 2.4313318729400635,
      "std": 2.2999579906463623,
      "min": 3.795325756072998e-05,
      "max": 45.15876770019531,
      "p50": 1.820725440979004,
      "p90": 5.240739345550537,
      "p95": 6.952996253967285,
      "p99": 10.822982788085938
    },
    "se_summary": {
      "mean": 11.201181411743164,
      "std": 25.54932403564453,
      "min": 1.4404497594711074e-09,
      "max": 2039.3143310546875,
      "p50": 3.3150410652160645,
      "p90": 27.465347290039062,
      "p95": 48.344154357910156,
      "p99": 117.13694763183594
    }
  },
  "test": {
    "mse": 11.103269577026367,
    "rmse": 3.3321568956197676,
    "mae": 2.4176557064056396,
    "w2_global": 2.0782113075256348,
    "ae_summary": {
      "mean": 2.4176557064056396,
      "std": 2.293078660964966,
      "min": 8.940696716308594e-07,
      "max": 39.05717086791992,
      "p50": 1.8090829849243164,
      "p90": 5.17147159576416,
      "p95": 6.85664176940918,
      "p99": 10.715360641479492
    },
    "se_summary": {
      "mean": 11.103269577026367,
      "std": 25.45302391052246,
      "min": 7.993605777301127e-13,
      "max": 1525.462646484375,
      "p50": 3.2727808952331543,
      "p90": 26.74411964416504,
      "p95": 47.0135383605957,
      "p99": 114.81895446777344
    }
  }
}