{
  "train": {
    "mse": 10354.767578125,
    "rmse": 101.7583784173323,
    "mae": 82.40535736083984,
    "w2_global": 0.1739705204963684,
    "ae_summary": {
      "mean": 82.40535736083984,
      "std": 59.700294494628906,
      "min": 0.0023094192147254944,
      "max": 398.77093505859375,
      "p50": 73.40242004394531,
      "p90": 151.50559997558594,
      "p95": 180.96331787109375,
      "p99": 291.9527587890625
    },
    "se_summary": {
      "mean": 10354.767578125,
      "std": 15450.453125,
      "min": 5.333416993380524e-06,
      "max": 159018.265625,
      "p50": 5387.9150390625,
      "p90": 22953.947265625,
      "p95": 32747.720703125,
      "p99": 85236.40625
    }
  },
  "val": {
    "mse": 0.22092975676059723,
    "rmse": 0.4700316550622918,
    "mae": 0.23753607273101807,
    "w2_global": 0.17395895719528198,
    "ae_summary": {
      "mean": 0.23753607273101807,
      "std": 0.4055938422679901,
      "min": 1.1920928955078125e-07,
      "max": 3.3406264781951904,
      "p50": 0.09954862296581268,
      "p90": 0.6996992826461792,
      "p95": 1.078824758529663,
      "p99": 2.0181267261505127
    },
    "se_summary": {
      "mean": 0.22092975676059723,
      "std": 0.8869999647140503,
      "min": 1.4210854715202004e-14,
      "max": 11.159785270690918,
      "p50": 0.00990992784500122,
      "p90": 0.48957911133766174,
      "p95": 1.163862943649292,
      "p99": 4.072835922241211
    }
  },
  "test": {
    "mse": 0.23421625792980194,
    "rmse": 0.4839589424009044,
    "mae": 0.24539978802204132,
    "w2_global": 0.17755264043807983,
    "ae_summary": {
      "mean": 0.24539978802204132,
      "std": 0.4171273410320282,
      "min": 5.364418029785156e-07,
      "max": 3.3748929500579834,
      "p50": 0.10290372371673584,
      "p90": 0.7359050512313843,
      "p95": 1.0947600603103638,
      "p99": 2.1197915077209473
    },
    "se_summary": {
      "mean": 0.23421625792980194,
      "std": 0.9261080026626587,
      "min": 2.877698079828406e-13,
      "max": 11.389902114868164,
      "p50": 0.010589176788926125,
      "p90": 0.5415562391281128,
      "p95": 1.1984994411468506,
      "p99": 4.493515491485596
    }
  }
}