{
  "train": {
    "mse": 0.0,
    "rmse": 0.0,
    "mae": 0.0,
    "w2_global": 0.43452563881874084,
    "ae_summary": {
      "mean": 0.0,
      "std": 0.0,
      "min": 0.0,
      "max": 0.0,
      "p50": 0.0,
      "p90": 0.0,
      "p95": 0.0,
      "p99": 0.0
    },
    "se_summary": {
      "mean": 0.0,
      "std": 0.0,
      "min": 0.0,
      "max": 0.0,
      "p50": 0.0,
      "p90": 0.0,
      "p95": 0.0,
      "p99": 0.0
    }
  },
  "val": {
    "mse": 0.5257911682128906,
    "rmse": 0.7251145897117852,
    "mae": 0.5303153991699219,
    "w2_global": 0.45820051431655884,
    "ae_summary": {
      "mean": 0.5303153991699219,
      "std": 0.49452680349349976,
      "min": 4.208087921142578e-05,
      "max": 5.983194351196289,
      "p50": 0.4037654399871826,
      "p90": 1.1167089939117432,
      "p95": 1.4447517395019531,
      "p99": 2.304499387741089
    },
    "se_summary": {
      "mean": 0.5257911682128906,
      "std": 1.2851389646530151,
      "min": 1.7708003952066065e-09,
      "max": 35.798614501953125,
      "p50": 0.16302652657032013,
      "p90": 1.2470389604568481,
      "p95": 2.0873074531555176,
      "p99": 5.310717582702637
    }
  },
  "test": {
    "mse": 0.4804532527923584,
    "rmse": 0.6931473528712048,
    "mae": 0.5152562856674194,
    "w2_global": 0.4383864998817444,
    "ae_summary": {
      "mean": 0.5152562856674194,
      "std": 0.4636423587799072,
      "min": 8.270144462585449e-05,
      "max": 4.8003644943237305,
      "p50": 0.3972759246826172,
      "p90": 1.111330270767212,
      "p95": 1.4045424461364746,
      "p99": 2.132411241531372
    },
    "se_summary": {
      "mean": 0.4804532527923584,
      "std": 1.0142802000045776,
      "min": 6.839528943203277e-09,
      "max": 23.043498992919922,
      "p50": 0.15782815217971802,
      "p90": 1.2350550889968872,
      "p95": 1.9727396965026855,
      "p99": 4.547184467315674
    }
  }
}