{
  "train": {
    "mse": 0.0,
    "rmse": 0.0,
    "mae": 0.0,
    "w2_global": 0.5800965428352356,
    "ae_summary": {
      "mean": 0.0,
      "std": 0.0,
      "min": 0.0,
      "max": 0.0,
      "p50": 0.0,
      "p90": 0.0,
      "p95": 0.0,
      "p99": 0.0
    },
    "se_summary": {
      "mean": 0.0,
      "std": 0.0,
      "min": 0.0,
      "max": 0.0,
      "p50": 0.0,
      "p90": 0.0,
      "p95": 0.0,
      "p99": 0.0
    }
  },
  "val": {
    "mse": 0.6691961288452148,
    "rmse": 0.8180440873481177,
    "mae": 0.6046013832092285,
    "w2_global": 0.5979268550872803,
    "ae_summary": {
      "mean": 0.6046013832092285,
      "std": 0.5510474443435669,
      "min": 3.8683414459228516e-05,
      "max": 5.244561672210693,
      "p50": 0.4483669698238373,
      "p90": 1.2918061017990112,
      "p95": 1.629219889640808,
      "p99": 2.605785608291626
    },
    "se_summary": {
      "mean": 0.6691961288452148,
      "std": 1.3439289331436157,
      "min": 1.4964065542244498e-09,
      "max": 27.50542640686035,
      "p50": 0.20103293657302856,
      "p90": 1.6687631607055664,
      "p95": 2.654357671737671,
      "p99": 6.79013204574585
    }
  },
  "test": {
    "mse": 0.6860766410827637,
    "rmse": 0.8282974351540415,
    "mae": 0.6195507049560547,
    "w2_global": 0.5859300494194031,
    "ae_summary": {
      "mean": 0.6195507049560547,
      "std": 0.5497577786445618,
      "min": 4.313141107559204e-05,
      "max": 4.517864227294922,
      "p50": 0.47179192304611206,
      "p90": 1.3458364009857178,
      "p95": 1.700230598449707,
      "p99": 2.410970687866211
    },
    "se_summary": {
      "mean": 0.6860766410827637,
      "std": 1.4252499341964722,
      "min": 1.8603185658605526e-09,
      "max": 20.411096572875977,
      "p50": 0.22258761525154114,
      "p90": 1.8112759590148926,
      "p95": 2.8907864093780518,
      "p99": 5.812809467315674
    }
  }
}