{
  "best_alpha": 0.99,
  "best_gamma": 10.0,
  "alpha_grid": [
    0.01,
    0.25,
    0.5,
    0.75,
    0.99
  ],
  "gamma_grid": [
    0.1,
    1.0,
    5.0,
    10.0
  ],
  "results": {
    "(0.01, 0.1)": {
      "val_loss": 1.0970211029052734,
      "val_eval": 1.085118293762207,
      "epoch": 29,
      "mse": 1.0851184129714966,
      "w2_global": 0.03674391657114029,
      "cvar": 2.8352489471435547
    },
    "(0.01, 1.0)": {
      "val_loss": 1.094850778579712,
      "val_eval": 1.0838980674743652,
      "epoch": 30,
      "mse": 1.0838980674743652,
      "w2_global": 0.03801114112138748,
      "cvar": 2.7452681064605713
    },
    "(0.01, 5.0)": {
      "val_loss": 1.1039639711380005,
      "val_eval": 1.105239748954773,
      "epoch": 30,
      "mse": 1.1052396297454834,
      "w2_global": 0.038683921098709106,
      "cvar": 2.791797399520874
    },
    "(0.01, 10.0)": {
      "val_loss": 1.113822102546692,
      "val_eval": 1.1200295686721802,
      "epoch": 26,
      "mse": 1.1200294494628906,
      "w2_global": 0.04202473163604736,
      "cvar": 2.7772836685180664
    },
    "(0.25, 0.1)": {
      "val_loss": 0.5254878401756287,
      "val_eval": 0.5042240619659424,
      "epoch": 30,
      "mse": 0.5042240619659424,
      "w2_global": 0.026767825707793236,
      "cvar": 1.158094048500061
    },
    "(0.25, 1.0)": {
      "val_loss": 0.5235409140586853,
      "val_eval": 0.4985470175743103,
      "epoch": 30,
      "mse": 0.4985470175743103,
      "w2_global": 0.029062336310744286,
      "cvar": 1.1254380941390991
    },
    "(0.25, 5.0)": {
      "val_loss": 0.5221339464187622,
      "val_eval": 0.49551934003829956,
      "epoch": 30,
      "mse": 0.4955193102359772,
      "w2_global": 0.027556786313652992,
      "cvar": 1.1416553258895874
    },
    "(0.25, 10.0)": {
      "val_loss": 0.5208530426025391,
      "val_eval": 0.4995172619819641,
      "epoch": 30,
      "mse": 0.4995172321796417,
      "w2_global": 0.026643460616469383,
      "cvar": 1.1312967538833618
    },
    "(0.5, 0.1)": {
      "val_loss": 0.4542207419872284,
      "val_eval": 0.4313843548297882,
      "epoch": 30,
      "mse": 0.4313843548297882,
      "w2_global": 0.025586402043700218,
      "cvar": 0.9732490181922913
    },
    "(0.5, 1.0)": {
      "val_loss": 0.47353965044021606,
      "val_eval": 0.435904860496521,
      "epoch": 30,
      "mse": 0.4359048306941986,
      "w2_global": 0.02683151699602604,
      "cvar": 0.9921837449073792
    },
    "(0.5, 5.0)": {
      "val_loss": 0.46835219860076904,
      "val_eval": 0.4362073242664337,
      "epoch": 30,
      "mse": 0.4362073242664337,
      "w2_global": 0.02790675312280655,
      "cvar": 0.9902279376983643
    },
    "(0.5, 10.0)": {
      "val_loss": 0.4685094952583313,
      "val_eval": 0.44070199131965637,
      "epoch": 30,
      "mse": 0.44070199131965637,
      "w2_global": 0.025798989459872246,
      "cvar": 0.9839684367179871
    },
    "(0.75, 0.1)": {
      "val_loss": 0.4575267732143402,
      "val_eval": 0.42711615562438965,
      "epoch": 30,
      "mse": 0.4271162152290344,
      "w2_global": 0.02634494937956333,
      "cvar": 0.9573459625244141
    },
    "(0.75, 1.0)": {
      "val_loss": 0.4567505717277527,
      "val_eval": 0.4205874502658844,
      "epoch": 30,
      "mse": 0.4205874502658844,
      "w2_global": 0.025355134159326553,
      "cvar": 0.9581677317619324
    },
    "(0.75, 5.0)": {
      "val_loss": 0.4464482069015503,
      "val_eval": 0.4154415726661682,
      "epoch": 30,
      "mse": 0.4154415726661682,
      "w2_global": 0.02540596015751362,
      "cvar": 0.9249824285507202
    },
    "(0.75, 10.0)": {
      "val_loss": 0.46454763412475586,
      "val_eval": 0.44793999195098877,
      "epoch": 30,
      "mse": 0.44793999195098877,
      "w2_global": 0.029952717944979668,
      "cvar": 0.9872903227806091
    },
    "(0.99, 0.1)": {
      "val_loss": 0.45074373483657837,
      "val_eval": 0.4241718351840973,
      "epoch": 30,
      "mse": 0.4241718351840973,
      "w2_global": 0.02717772126197815,
      "cvar": 0.956302285194397
    },
    "(0.99, 1.0)": {
      "val_loss": 0.46067067980766296,
      "val_eval": 0.43108293414115906,
      "epoch": 30,
      "mse": 0.43108290433883667,
      "w2_global": 0.030707314610481262,
      "cvar": 0.9421555399894714
    },
    "(0.99, 5.0)": {
      "val_loss": 0.45473727583885193,
      "val_eval": 0.42927637696266174,
      "epoch": 30,
      "mse": 0.42927634716033936,
      "w2_global": 0.026595501229166985,
      "cvar": 0.9708112478256226
    },
    "(0.99, 10.0)": {
      "val_loss": 0.44830992817878723,
      "val_eval": 0.4132891297340393,
      "epoch": 30,
      "mse": 0.4132890999317169,
      "w2_global": 0.02732856757938862,
      "cvar": 0.9267200231552124
    }
  }
}