{
  "train": {
    "mse": 0.37036556005477905,
    "rmse": 0.6085766673598151,
    "mae": 0.38884618878364563,
    "w2_global": 0.020486963912844658,
    "ae_summary": {
      "mean": 0.38884618878364563,
      "std": 0.4681497812271118,
      "min": 1.9073486328125e-06,
      "max": 60.321327209472656,
      "p50": 0.25797608494758606,
      "p90": 0.8748910427093506,
      "p95": 1.172281265258789,
      "p99": 1.9812883138656616
    },
    "se_summary": {
      "mean": 0.37036556005477905,
      "std": 6.677706241607666,
      "min": 3.637978807091713e-12,
      "max": 3638.66259765625,
      "p50": 0.06655166298151016,
      "p90": 0.7654343247413635,
      "p95": 1.3742434978485107,
      "p99": 3.925503730773926
    }
  },
  "val": {
    "mse": 0.4132890999317169,
    "rmse": 0.6428756488868721,
    "mae": 0.42838236689567566,
    "w2_global": 0.02732856757938862,
    "ae_summary": {
      "mean": 0.42838236689567566,
      "std": 0.479351282119751,
      "min": 7.987022399902344e-05,
      "max": 7.748147010803223,
      "p50": 0.2856099605560303,
      "p90": 0.9626629948616028,
      "p95": 1.2808722257614136,
      "p99": 2.1708805561065674
    },
    "se_summary": {
      "mean": 0.4132890999317169,
      "std": 1.5543344020843506,
      "min": 6.3792526816541795e-09,
      "max": 60.033782958984375,
      "p50": 0.08157304674386978,
      "p90": 0.9267200231552124,
      "p95": 1.640633463859558,
      "p99": 4.712722301483154
    }
  },
  "test": {
    "mse": 0.34533271193504333,
    "rmse": 0.587650161180139,
    "mae": 0.3869527280330658,
    "w2_global": 0.019657909870147705,
    "ae_summary": {
      "mean": 0.3869527280330658,
      "std": 0.44226717948913574,
      "min": 8.832663297653198e-06,
      "max": 8.057760238647461,
      "p50": 0.25932812690734863,
      "p90": 0.8625150918960571,
      "p95": 1.171785831451416,
      "p99": 2.001854181289673
    },
    "se_summary": {
      "mean": 0.34533271193504333,
      "std": 1.4608867168426514,
      "min": 7.801594092970987e-11,
      "max": 64.92749786376953,
      "p50": 0.06725108623504639,
      "p90": 0.7439322471618652,
      "p95": 1.3730820417404175,
      "p99": 4.007420063018799
    }
  }
}