{
  "train": {
    "mse": 0.0,
    "rmse": 0.0,
    "mae": 0.0,
    "w2_global": 0.6004061102867126,
    "ae_summary": {
      "mean": 0.0,
      "std": 0.0,
      "min": 0.0,
      "max": 0.0,
      "p50": 0.0,
      "p90": 0.0,
      "p95": 0.0,
      "p99": 0.0
    },
    "se_summary": {
      "mean": 0.0,
      "std": 0.0,
      "min": 0.0,
      "max": 0.0,
      "p50": 0.0,
      "p90": 0.0,
      "p95": 0.0,
      "p99": 0.0
    }
  },
  "val": {
    "mse": 2.8234450817108154,
    "rmse": 1.6803110074360685,
    "mae": 1.3183802366256714,
    "w2_global": 0.5893803834915161,
    "ae_summary": {
      "mean": 1.3183802366256714,
      "std": 1.0417863130569458,
      "min": 6.99758529663086e-05,
      "max": 33.60197067260742,
      "p50": 1.1009330749511719,
      "p90": 2.6150455474853516,
      "p95": 3.232985019683838,
      "p99": 4.679157733917236
    },
    "se_summary": {
      "mean": 2.8234450817108154,
      "std": 8.172828674316406,
      "min": 4.896619998362439e-09,
      "max": 1129.0924072265625,
      "p50": 1.2120535373687744,
      "p90": 6.838462829589844,
      "p95": 10.452192306518555,
      "p99": 21.894514083862305
    }
  },
  "test": {
    "mse": 2.867281675338745,
    "rmse": 1.6933049563911236,
    "mae": 1.3212791681289673,
    "w2_global": 0.6030097007751465,
    "ae_summary": {
      "mean": 1.3212791681289673,
      "std": 1.059010624885559,
      "min": 2.518296241760254e-06,
      "max": 37.50114440917969,
      "p50": 1.0961236953735352,
      "p90": 2.629645824432373,
      "p95": 3.2495875358581543,
      "p99": 4.633893966674805
    },
    "se_summary": {
      "mean": 2.867281675338745,
      "std": 10.509740829467773,
      "min": 6.341815961263819e-12,
      "max": 1406.3358154296875,
      "p50": 1.2014871835708618,
      "p90": 6.915036678314209,
      "p95": 10.559819221496582,
      "p99": 21.472972869873047
    }
  }
}