{
  "train": {
    "mse": 0.025191010907292366,
    "rmse": 0.15871676315781003,
    "mae": 0.07889502495527267,
    "w2_global": 0.01443878747522831,
    "ae_summary": {
      "mean": 0.07889502495527267,
      "std": 0.13771921396255493,
      "min": 0.0,
      "max": 8.200945854187012,
      "p50": 0.03542491793632507,
      "p90": 0.18934950232505798,
      "p95": 0.29589277505874634,
      "p99": 0.6637046337127686
    },
    "se_summary": {
      "mean": 0.025191010907292366,
      "std": 0.19482477009296417,
      "min": 0.0,
      "max": 67.2555160522461,
      "p50": 0.0012549248058348894,
      "p90": 0.03585322946310043,
      "p95": 0.0875525251030922,
      "p99": 0.44050389528274536
    }
  },
  "val": {
    "mse": 0.047159794718027115,
    "rmse": 0.21716306020598236,
    "mae": 0.12941256165504456,
    "w2_global": 0.01409931294620037,
    "ae_summary": {
      "mean": 0.12941256165504456,
      "std": 0.17439089715480804,
      "min": 5.438923835754395e-07,
      "max": 3.4280943870544434,
      "p50": 0.07061393558979034,
      "p90": 0.31621086597442627,
      "p95": 0.4452424943447113,
      "p99": 0.8158633708953857
    },
    "se_summary": {
      "mean": 0.047159794718027115,
      "std": 0.203257754445076,
      "min": 2.9581892491137296e-13,
      "max": 11.7518310546875,
      "p50": 0.004986328072845936,
      "p90": 0.09998930990695953,
      "p95": 0.19824087619781494,
      "p99": 0.6656330823898315
    }
  },
  "test": {
    "mse": 0.05289480835199356,
    "rmse": 0.22998871353175912,
    "mae": 0.13459038734436035,
    "w2_global": 0.01472196914255619,
    "ae_summary": {
      "mean": 0.13459038734436035,
      "std": 0.1864946186542511,
      "min": 2.3096799850463867e-07,
      "max": 5.350831031799316,
      "p50": 0.07252681255340576,
      "p90": 0.33141350746154785,
      "p95": 0.4641827642917633,
      "p99": 0.8645280003547668
    },
    "se_summary": {
      "mean": 0.05289480835199356,
      "std": 0.26807254552841187,
      "min": 5.334621633323877e-14,
      "max": 28.631393432617188,
      "p50": 0.005260138306766748,
      "p90": 0.10983491688966751,
      "p95": 0.21546563506126404,
      "p99": 0.7474086284637451
    }
  }
}