{
  "train": {
    "mse": 0.0,
    "rmse": 0.0,
    "mae": 0.0,
    "w2_global": 0.07137925177812576,
    "ae_summary": {
      "mean": 0.0,
      "std": 0.0,
      "min": 0.0,
      "max": 0.0,
      "p50": 0.0,
      "p90": 0.0,
      "p95": 0.0,
      "p99": 0.0
    },
    "se_summary": {
      "mean": 0.0,
      "std": 0.0,
      "min": 0.0,
      "max": 0.0,
      "p50": 0.0,
      "p90": 0.0,
      "p95": 0.0,
      "p99": 0.0
    }
  },
  "val": {
    "mse": 1.020150065422058,
    "rmse": 1.0100247845583088,
    "mae": 0.6445174813270569,
    "w2_global": 0.0714397057890892,
    "ae_summary": {
      "mean": 0.6445174813270569,
      "std": 0.7776549458503723,
      "min": 5.139154382050037e-07,
      "max": 8.156624794006348,
      "p50": 0.34885716438293457,
      "p90": 1.8017003536224365,
      "p95": 2.2793195247650146,
      "p99": 3.310512065887451
    },
    "se_summary": {
      "mean": 1.020150065422058,
      "std": 2.4260687828063965,
      "min": 2.6410907423730923e-13,
      "max": 66.53052520751953,
      "p50": 0.12170130759477615,
      "p90": 3.246124267578125,
      "p95": 5.195297718048096,
      "p99": 10.959491729736328
    }
  },
  "test": {
    "mse": 0.9563565850257874,
    "rmse": 0.9779348572506184,
    "mae": 0.6083704233169556,
    "w2_global": 0.06955613940954208,
    "ae_summary": {
      "mean": 0.6083704233169556,
      "std": 0.7656643986701965,
      "min": 2.691522240638733e-07,
      "max": 9.795269966125488,
      "p50": 0.3061642646789551,
      "p90": 1.759828805923462,
      "p95": 2.2095563411712646,
      "p99": 3.2851176261901855
    },
    "se_summary": {
      "mean": 0.9563565850257874,
      "std": 2.3748438358306885,
      "min": 7.244291971852945e-14,
      "max": 95.94731140136719,
      "p50": 0.09373655915260315,
      "p90": 3.0969974994659424,
      "p95": 4.882139205932617,
      "p99": 10.791997909545898
    }
  }
}