{
  "best_alpha": 0.99,
  "best_gamma": 0.1,
  "alpha_grid": [
    0.99
  ],
  "gamma_grid": [
    0.1
  ],
  "results": {
    "(0.99, 0.1)": {
      "val_loss": 0.49614448845386505,
      "val_eval": 0.5130339711904526,
      "epoch": 30,
      "mse": 0.5130339711904526
    }
  },
  "standalone_mode": true
}