{
  "train": {
    "mse": 0.4346482455730438,
    "rmse": 0.6592785796406886,
    "mae": 0.48623010516166687,
    "w2_global": 0.4085163474082947,
    "ae_summary": {
      "mean": 0.48623010516166687,
      "std": 0.4452286958694458,
      "min": 5.960464477539062e-07,
      "max": 3.186267375946045,
      "p50": 0.37456679344177246,
      "p90": 1.044064998626709,
      "p95": 1.3377271890640259,
      "p99": 2.290733814239502
    },
    "se_summary": {
      "mean": 0.4346482455730438,
      "std": 0.8987576365470886,
      "min": 3.552713678800501e-13,
      "max": 10.152299880981445,
      "p50": 0.14030030369758606,
      "p90": 1.090071678161621,
      "p95": 1.7895140647888184,
      "p99": 5.247460842132568
    }
  },
  "val": {
    "mse": 0.43637076020240784,
    "rmse": 0.6605836511770541,
    "mae": 0.48968589305877686,
    "w2_global": 0.4052211344242096,
    "ae_summary": {
      "mean": 0.48968589305877686,
      "std": 0.4433716833591461,
      "min": 8.344650268554688e-07,
      "max": 3.182865619659424,
      "p50": 0.38125079870224,
      "p90": 1.0430158376693726,
      "p95": 1.3369792699813843,
      "p99": 2.2838804721832275
    },
    "se_summary": {
      "mean": 0.43637076020240784,
      "std": 0.8922386765480042,
      "min": 6.963318810448982e-13,
      "max": 10.130633354187012,
      "p50": 0.14535215497016907,
      "p90": 1.0878819227218628,
      "p95": 1.7875136137008667,
      "p99": 5.216109752655029
    }
  },
  "test": {
    "mse": 0.44897910952568054,
    "rmse": 0.6700590343586754,
    "mae": 0.4975782036781311,
    "w2_global": 0.41450706124305725,
    "ae_summary": {
      "mean": 0.4975782036781311,
      "std": 0.4487706422805786,
      "min": 2.86102294921875e-06,
      "max": 3.181936264038086,
      "p50": 0.38930273056030273,
      "p90": 1.059425950050354,
      "p95": 1.3462778329849243,
      "p99": 2.3108737468719482
    },
    "se_summary": {
      "mean": 0.44897910952568054,
      "std": 0.9133747816085815,
      "min": 8.185452315956354e-12,
      "max": 10.12471866607666,
      "p50": 0.1515566110610962,
      "p90": 1.1223833560943604,
      "p95": 1.8124639987945557,
      "p99": 5.340137004852295
    }
  }
}