{
  "train": {
    "mse": 0.3461746275424957,
    "rmse": 0.5883660659338672,
    "mae": 0.39258190989494324,
    "w2_global": 0.5941743850708008,
    "ae_summary": {
      "mean": 0.39258190989494324,
      "std": 0.43823978304862976,
      "min": 3.91155481338501e-07,
      "max": 34.166236877441406,
      "p50": 0.28660356998443604,
      "p90": 0.8500441312789917,
      "p95": 1.10896635055542,
      "p99": 1.845071792602539
    },
    "se_summary": {
      "mean": 0.3461746275424957,
      "std": 4.417169570922852,
      "min": 1.5300261058115439e-13,
      "max": 1167.331787109375,
      "p50": 0.08214160799980164,
      "p90": 0.7225750088691711,
      "p95": 1.2298064231872559,
      "p99": 3.404289960861206
    }
  },
  "val": {
    "mse": 0.8052753806114197,
    "rmse": 0.8973713727389679,
    "mae": 0.5929319858551025,
    "w2_global": 0.5980724692344666,
    "ae_summary": {
      "mean": 0.5929319858551025,
      "std": 0.6735777854919434,
      "min": 1.1360272765159607e-05,
      "max": 48.73116683959961,
      "p50": 0.4326235055923462,
      "p90": 1.265345573425293,
      "p95": 1.657272458076477,
      "p99": 2.7036099433898926
    },
    "se_summary": {
      "mean": 0.8052753806114197,
      "std": 9.520623207092285,
      "min": 1.2905579382938015e-10,
      "max": 2374.7265625,
      "p50": 0.1871630996465683,
      "p90": 1.6010993719100952,
      "p95": 2.746551752090454,
      "p99": 7.309507369995117
    }
  },
  "test": {
    "mse": 0.8338307738304138,
    "rmse": 0.9131433479089763,
    "mae": 0.5930413007736206,
    "w2_global": 0.6058725714683533,
    "ae_summary": {
      "mean": 0.5930413007736206,
      "std": 0.6943579316139221,
      "min": 3.5017728805541992e-06,
      "max": 38.40984344482422,
      "p50": 0.4300365447998047,
      "p90": 1.262507677078247,
      "p95": 1.6496845483779907,
      "p99": 2.7578718662261963
    },
    "se_summary": {
      "mean": 0.8338307738304138,
      "std": 8.981876373291016,
      "min": 1.2262413306984854e-11,
      "max": 1475.3160400390625,
      "p50": 0.1849314272403717,
      "p90": 1.5939255952835083,
      "p95": 2.721459150314331,
      "p99": 7.605857849121094
    }
  }
}