{
  "train": {
    "mse": 0.0,
    "rmse": 0.0,
    "mae": 0.0,
    "w2_global": 0.35539597272872925,
    "ae_summary": {
      "mean": 0.0,
      "std": 0.0,
      "min": 0.0,
      "max": 0.0,
      "p50": 0.0,
      "p90": 0.0,
      "p95": 0.0,
      "p99": 0.0
    },
    "se_summary": {
      "mean": 0.0,
      "std": 0.0,
      "min": 0.0,
      "max": 0.0,
      "p50": 0.0,
      "p90": 0.0,
      "p95": 0.0,
      "p99": 0.0
    }
  },
  "val": {
    "mse": 1.0202584266662598,
    "rmse": 1.010078425997833,
    "mae": 0.7959301471710205,
    "w2_global": 0.3301573693752289,
    "ae_summary": {
      "mean": 0.7959301471710205,
      "std": 0.6218951940536499,
      "min": 0.00013265013694763184,
      "max": 4.712664604187012,
      "p50": 0.6559896469116211,
      "p90": 1.6666368246078491,
      "p95": 1.975773572921753,
      "p99": 2.6712234020233154
    },
    "se_summary": {
      "mean": 1.0202584266662598,
      "std": 1.5707286596298218,
      "min": 1.759605794404706e-08,
      "max": 22.20920753479004,
      "p50": 0.43032240867614746,
      "p90": 2.7776782512664795,
      "p95": 3.903682231903076,
      "p99": 7.135434150695801
    }
  },
  "test": {
    "mse": 1.104799509048462,
    "rmse": 1.0510944339346784,
    "mae": 0.8324766755104065,
    "w2_global": 0.35497400164604187,
    "ae_summary": {
      "mean": 0.8324766755104065,
      "std": 0.6417024731636047,
      "min": 6.401538848876953e-05,
      "max": 5.166524410247803,
      "p50": 0.6839933395385742,
      "p90": 1.7044376134872437,
      "p95": 2.000359296798706,
      "p99": 2.797914743423462
    },
    "se_summary": {
      "mean": 1.104799509048462,
      "std": 1.7040473222732544,
      "min": 4.097969963368087e-09,
      "max": 26.692974090576172,
      "p50": 0.46784690022468567,
      "p90": 2.9051074981689453,
      "p95": 4.001436710357666,
      "p99": 7.828326225280762
    }
  }
}