{
  "train": {
    "mse": 0.0,
    "rmse": 0.0,
    "mae": 0.0,
    "w2_global": 0.5170322060585022,
    "ae_summary": {
      "mean": 0.0,
      "std": 0.0,
      "min": 0.0,
      "max": 0.0,
      "p50": 0.0,
      "p90": 0.0,
      "p95": 0.0,
      "p99": 0.0
    },
    "se_summary": {
      "mean": 0.0,
      "std": 0.0,
      "min": 0.0,
      "max": 0.0,
      "p50": 0.0,
      "p90": 0.0,
      "p95": 0.0,
      "p99": 0.0
    }
  },
  "val": {
    "mse": 0.503171980381012,
    "rmse": 0.7093461639996455,
    "mae": 0.37337833642959595,
    "w2_global": 0.4010438919067383,
    "ae_summary": {
      "mean": 0.37337833642959595,
      "std": 0.6031256914138794,
      "min": 1.30385160446167e-08,
      "max": 15.580668449401855,
      "p50": 0.20105750858783722,
      "p90": 0.8504014611244202,
      "p95": 1.1788585186004639,
      "p99": 2.7273237705230713
    },
    "se_summary": {
      "mean": 0.503171980381012,
      "std": 4.028346538543701,
      "min": 1.700029006457271e-16,
      "max": 242.75723266601562,
      "p50": 0.04042412340641022,
      "p90": 0.7231826782226562,
      "p95": 1.389708161354065,
      "p99": 7.438296794891357
    }
  },
  "test": {
    "mse": 0.7011160850524902,
    "rmse": 0.8373267492756279,
    "mae": 0.3746275305747986,
    "w2_global": 0.5231888890266418,
    "ae_summary": {
      "mean": 0.3746275305747986,
      "std": 0.7488459348678589,
      "min": 2.0712614059448242e-06,
      "max": 29.97423553466797,
      "p50": 0.19053751230239868,
      "p90": 0.8084409236907959,
      "p95": 1.1160008907318115,
      "p99": 3.056406021118164
    },
    "se_summary": {
      "mean": 0.7011160850524902,
      "std": 9.942954063415527,
      "min": 4.29012381175653e-12,
      "max": 898.4547729492188,
      "p50": 0.0363045409321785,
      "p90": 0.6535767912864685,
      "p95": 1.2454581260681152,
      "p99": 9.341619491577148
    }
  }
}