{
  "train": {
    "mse": 0.0,
    "rmse": 0.0,
    "mae": 0.0,
    "w2_global": 0.286004900932312,
    "ae_summary": {
      "mean": 0.0,
      "std": 0.0,
      "min": 0.0,
      "max": 0.0,
      "p50": 0.0,
      "p90": 0.0,
      "p95": 0.0,
      "p99": 0.0
    },
    "se_summary": {
      "mean": 0.0,
      "std": 0.0,
      "min": 0.0,
      "max": 0.0,
      "p50": 0.0,
      "p90": 0.0,
      "p95": 0.0,
      "p99": 0.0
    }
  },
  "val": {
    "mse": 0.8537235856056213,
    "rmse": 0.9239716367971591,
    "mae": 0.6361196041107178,
    "w2_global": 0.28680920600891113,
    "ae_summary": {
      "mean": 0.6361196041107178,
      "std": 0.6701309084892273,
      "min": 9.365379810333252e-06,
      "max": 10.84350299835205,
      "p50": 0.43692147731781006,
      "p90": 1.4422886371612549,
      "p95": 1.8832327127456665,
      "p99": 3.055605888366699
    },
    "se_summary": {
      "mean": 0.8537235856056213,
      "std": 2.6386311054229736,
      "min": 8.77103389917977e-11,
      "max": 117.58155822753906,
      "p50": 0.19090037047863007,
      "p90": 2.0801966190338135,
      "p95": 3.546565532684326,
      "p99": 9.336727142333984
    }
  },
  "test": {
    "mse": 0.9626166224479675,
    "rmse": 0.981130278020186,
    "mae": 0.6680106520652771,
    "w2_global": 0.3051817715167999,
    "ae_summary": {
      "mean": 0.6680106520652771,
      "std": 0.7185947895050049,
      "min": 2.980232238769531e-07,
      "max": 21.55893325805664,
      "p50": 0.45406216382980347,
      "p90": 1.5182706117630005,
      "p95": 1.9838480949401855,
      "p99": 3.2238526344299316
    },
    "se_summary": {
      "mean": 0.9626166224479675,
      "std": 3.482896566390991,
      "min": 8.881784197001252e-14,
      "max": 464.78759765625,
      "p50": 0.20617245137691498,
      "p90": 2.305145740509033,
      "p95": 3.9356532096862793,
      "p99": 10.39322566986084
    }
  }
}