{
  "train": {
    "mse": 0.0,
    "rmse": 0.0,
    "mae": 0.0,
    "w2_global": 0.5013692378997803,
    "ae_summary": {
      "mean": 0.0,
      "std": 0.0,
      "min": 0.0,
      "max": 0.0,
      "p50": 0.0,
      "p90": 0.0,
      "p95": 0.0,
      "p99": 0.0
    },
    "se_summary": {
      "mean": 0.0,
      "std": 0.0,
      "min": 0.0,
      "max": 0.0,
      "p50": 0.0,
      "p90": 0.0,
      "p95": 0.0,
      "p99": 0.0
    }
  },
  "val": {
    "mse": 1.1646568775177002,
    "rmse": 1.0791926971202594,
    "mae": 0.9159026741981506,
    "w2_global": 0.44242063164711,
    "ae_summary": {
      "mean": 0.9159026741981506,
      "std": 0.5707706809043884,
      "min": 0.0,
      "max": 3.287371873855591,
      "p50": 0.9213440418243408,
      "p90": 1.4824249744415283,
      "p95": 1.850980281829834,
      "p99": 2.9199533462524414
    },
    "se_summary": {
      "mean": 1.1646568775177002,
      "std": 1.501983404159546,
      "min": 0.0,
      "max": 10.806814193725586,
      "p50": 0.8488748669624329,
      "p90": 2.1975839138031006,
      "p95": 3.4261279106140137,
      "p99": 8.526126861572266
    }
  },
  "test": {
    "mse": 1.125810980796814,
    "rmse": 1.0610424029212093,
    "mae": 0.9018520712852478,
    "w2_global": 0.45690369606018066,
    "ae_summary": {
      "mean": 0.9018520712852478,
      "std": 0.5589934587478638,
      "min": 0.0,
      "max": 3.2487106323242188,
      "p50": 0.9279756546020508,
      "p90": 1.4013339281082153,
      "p95": 1.7941557168960571,
      "p99": 2.8858981132507324
    },
    "se_summary": {
      "mean": 1.125810980796814,
      "std": 1.44937002658844,
      "min": 0.0,
      "max": 10.554121017456055,
      "p50": 0.8611388206481934,
      "p90": 1.963736891746521,
      "p95": 3.2189948558807373,
      "p99": 8.328409194946289
    }
  }
}