{
  "train": {
    "mse": 0.0,
    "rmse": 0.0,
    "mae": 0.0,
    "w2_global": 0.2265138477087021,
    "ae_summary": {
      "mean": 0.0,
      "std": 0.0,
      "min": 0.0,
      "max": 0.0,
      "p50": 0.0,
      "p90": 0.0,
      "p95": 0.0,
      "p99": 0.0
    },
    "se_summary": {
      "mean": 0.0,
      "std": 0.0,
      "min": 0.0,
      "max": 0.0,
      "p50": 0.0,
      "p90": 0.0,
      "p95": 0.0,
      "p99": 0.0
    }
  },
  "val": {
    "mse": 0.967680037021637,
    "rmse": 0.9837072923495266,
    "mae": 0.6962599158287048,
    "w2_global": 0.23945124447345734,
    "ae_summary": {
      "mean": 0.6962599158287048,
      "std": 0.6949116587638855,
      "min": 3.337860107421875e-06,
      "max": 10.733304977416992,
      "p50": 0.5056450366973877,
      "p90": 1.5336713790893555,
      "p95": 2.0007996559143066,
      "p99": 3.14858341217041
    },
    "se_summary": {
      "mean": 0.967680037021637,
      "std": 2.678251028060913,
      "min": 1.1141310096718371e-11,
      "max": 115.2038345336914,
      "p50": 0.25567689538002014,
      "p90": 2.3521478176116943,
      "p95": 4.003198623657227,
      "p99": 9.91358470916748
    }
  },
  "test": {
    "mse": 0.8940149545669556,
    "rmse": 0.9455236404061802,
    "mae": 0.6528623104095459,
    "w2_global": 0.2499002367258072,
    "ae_summary": {
      "mean": 0.6528623104095459,
      "std": 0.6839485764503479,
      "min": 5.286186933517456e-06,
      "max": 20.88702392578125,
      "p50": 0.4678369164466858,
      "p90": 1.4316902160644531,
      "p95": 1.9026470184326172,
      "p99": 3.071545124053955
    },
    "se_summary": {
      "mean": 0.8940149545669556,
      "std": 3.2217328548431396,
      "min": 2.7943772296090685e-11,
      "max": 436.26776123046875,
      "p50": 0.21887138485908508,
      "p90": 2.049736976623535,
      "p95": 3.620065689086914,
      "p99": 9.434389114379883
    }
  }
}