{
  "best_alpha": 0.99,
  "best_gamma": 10.0,
  "alpha_grid": [
    0.01,
    0.25,
    0.5,
    0.75,
    0.99
  ],
  "gamma_grid": [
    0.1,
    1.0,
    5.0,
    10.0
  ],
  "results": {
    "(0.01, 0.1)": {
      "val_loss": 0.722906494140625,
      "val_eval": 1.1881039261817932,
      "epoch": 29,
      "mse": 1.1648699045181274,
      "w2_global": 0.46272677183151245,
      "cvar": 3.388519287109375
    },
    "(0.01, 1.0)": {
      "val_loss": 0.7102860242128373,
      "val_eval": 1.179590755701065,
      "epoch": 26,
      "mse": 1.1564974784851074,
      "w2_global": 0.4624173045158386,
      "cvar": 3.3656771183013916
    },
    "(0.01, 5.0)": {
      "val_loss": 0.7207637578248978,
      "val_eval": 1.1844109177589417,
      "epoch": 21,
      "mse": 1.1601893901824951,
      "w2_global": 0.460647851228714,
      "cvar": 3.3426218032836914
    },
    "(0.01, 10.0)": {
      "val_loss": 0.7089411824941635,
      "val_eval": 1.1775721192359925,
      "epoch": 30,
      "mse": 1.1552350521087646,
      "w2_global": 0.46206700801849365,
      "cvar": 3.3767032623291016
    },
    "(0.25, 0.1)": {
      "val_loss": 0.21500711515545845,
      "val_eval": 0.5285417467355729,
      "epoch": 30,
      "mse": 0.5226969122886658,
      "w2_global": 0.29128286242485046,
      "cvar": 1.284328579902649
    },
    "(0.25, 1.0)": {
      "val_loss": 0.2340988926589489,
      "val_eval": 0.5670806258916855,
      "epoch": 30,
      "mse": 0.5617460012435913,
      "w2_global": 0.31152909994125366,
      "cvar": 1.4402579069137573
    },
    "(0.25, 5.0)": {
      "val_loss": 0.2158190205693245,
      "val_eval": 0.5424921870231628,
      "epoch": 30,
      "mse": 0.5384666919708252,
      "w2_global": 0.3030773103237152,
      "cvar": 1.4386194944381714
    },
    "(0.25, 10.0)": {
      "val_loss": 0.218874691426754,
      "val_eval": 0.5084015816450119,
      "epoch": 29,
      "mse": 0.504344642162323,
      "w2_global": 0.2924899756908417,
      "cvar": 1.273187518119812
    },
    "(0.5, 0.1)": {
      "val_loss": 0.16952612549066542,
      "val_eval": 0.37898712903261184,
      "epoch": 28,
      "mse": 0.37790152430534363,
      "w2_global": 0.2413458526134491,
      "cvar": 0.9521557092666626
    },
    "(0.5, 1.0)": {
      "val_loss": 0.16507107987999917,
      "val_eval": 0.3726104602217674,
      "epoch": 30,
      "mse": 0.37141355872154236,
      "w2_global": 0.23725785315036774,
      "cvar": 0.906099796295166
    },
    "(0.5, 5.0)": {
      "val_loss": 0.16749512553215026,
      "val_eval": 0.36439486145973204,
      "epoch": 28,
      "mse": 0.3624923825263977,
      "w2_global": 0.23390714824199677,
      "cvar": 0.8970027565956116
    },
    "(0.5, 10.0)": {
      "val_loss": 0.1756889469921589,
      "val_eval": 0.39078636318445203,
      "epoch": 30,
      "mse": 0.38813525438308716,
      "w2_global": 0.2493993192911148,
      "cvar": 0.9416921138763428
    },
    "(0.75, 0.1)": {
      "val_loss": 0.1449471078813076,
      "val_eval": 0.31130409240722656,
      "epoch": 27,
      "mse": 0.3111364543437958,
      "w2_global": 0.20977364480495453,
      "cvar": 0.7772049307823181
    },
    "(0.75, 1.0)": {
      "val_loss": 0.14420295283198356,
      "val_eval": 0.3162488996982574,
      "epoch": 30,
      "mse": 0.31639403104782104,
      "w2_global": 0.20467928051948547,
      "cvar": 0.7488378286361694
    },
    "(0.75, 5.0)": {
      "val_loss": 0.15553116649389268,
      "val_eval": 0.3024635538458824,
      "epoch": 22,
      "mse": 0.3011316955089569,
      "w2_global": 0.19841992855072021,
      "cvar": 0.7145029902458191
    },
    "(0.75, 10.0)": {
      "val_loss": 0.1513804793357849,
      "val_eval": 0.3135916545987129,
      "epoch": 25,
      "mse": 0.31299859285354614,
      "w2_global": 0.20548100769519806,
      "cvar": 0.775341808795929
    },
    "(0.99, 0.1)": {
      "val_loss": 0.11255379319190979,
      "val_eval": 0.19335843548178672,
      "epoch": 20,
      "mse": 0.19035311043262482,
      "w2_global": 0.13625863194465637,
      "cvar": 0.3776545524597168
    },
    "(0.99, 1.0)": {
      "val_loss": 0.11291820369660854,
      "val_eval": 0.19157030209898948,
      "epoch": 22,
      "mse": 0.18989373743534088,
      "w2_global": 0.13702373206615448,
      "cvar": 0.37966763973236084
    },
    "(0.99, 5.0)": {
      "val_loss": 0.10724974945187568,
      "val_eval": 0.18508362844586373,
      "epoch": 22,
      "mse": 0.18271270394325256,
      "w2_global": 0.13537178933620453,
      "cvar": 0.36343300342559814
    },
    "(0.99, 10.0)": {
      "val_loss": 0.10973268039524556,
      "val_eval": 0.180435136705637,
      "epoch": 21,
      "mse": 0.1774834394454956,
      "w2_global": 0.1245858296751976,
      "cvar": 0.3523012697696686
    }
  }
}