{
  "train": {
    "mse": 0.09899292886257172,
    "rmse": 0.3146314174753877,
    "mae": 0.16639010608196259,
    "w2_global": 0.1243293359875679,
    "ae_summary": {
      "mean": 0.16639010608196259,
      "std": 0.2670341730117798,
      "min": 5.21540641784668e-08,
      "max": 8.262290000915527,
      "p50": 0.07834017276763916,
      "p90": 0.41063374280929565,
      "p95": 0.6458817720413208,
      "p99": 1.307302713394165
    },
    "se_summary": {
      "mean": 0.09899292886257172,
      "std": 0.5263950228691101,
      "min": 2.7200464103316335e-15,
      "max": 68.26543426513672,
      "p50": 0.006137182004749775,
      "p90": 0.1686200648546219,
      "p95": 0.41716325283050537,
      "p99": 1.7090405225753784
    }
  },
  "val": {
    "mse": 0.1774834394454956,
    "rmse": 0.42128783443804263,
    "mae": 0.24205859005451202,
    "w2_global": 0.1245858296751976,
    "ae_summary": {
      "mean": 0.24205859005451202,
      "std": 0.34480583667755127,
      "min": 2.2873282432556152e-06,
      "max": 10.120388984680176,
      "p50": 0.12642496824264526,
      "p90": 0.5935497283935547,
      "p95": 0.8808469772338867,
      "p99": 1.675605058670044
    },
    "se_summary": {
      "mean": 0.1774834394454956,
      "std": 0.8075011372566223,
      "min": 5.231870492394819e-12,
      "max": 102.42227172851562,
      "p50": 0.015983272343873978,
      "p90": 0.3523012697696686,
      "p95": 0.7758914232254028,
      "p99": 2.807652235031128
    }
  },
  "test": {
    "mse": 0.19363141059875488,
    "rmse": 0.44003569241455276,
    "mae": 0.25356826186180115,
    "w2_global": 0.13083232939243317,
    "ae_summary": {
      "mean": 0.25356826186180115,
      "std": 0.35963112115859985,
      "min": 1.0132789611816406e-06,
      "max": 10.192948341369629,
      "p50": 0.13297557830810547,
      "p90": 0.6204483509063721,
      "p95": 0.9257068634033203,
      "p99": 1.751789927482605
    },
    "se_summary": {
      "mean": 0.19363141059875488,
      "std": 0.8397768139839172,
      "min": 1.0267342531733448e-12,
      "max": 103.89619445800781,
      "p50": 0.017682503908872604,
      "p90": 0.38495615124702454,
      "p95": 0.8569331765174866,
      "p99": 3.068768262863159
    }
  }
}