{
  "train": {
    "mse": 1797.7626953125,
    "rmse": 42.400031784333606,
    "mae": 33.80126190185547,
    "w2_global": 0.005338603165000677,
    "ae_summary": {
      "mean": 33.80126190185547,
      "std": 25.59760284423828,
      "min": 0.0010651350021362305,
      "max": 203.5360107421875,
      "p50": 28.481067657470703,
      "p90": 70.09793090820312,
      "p95": 83.34349060058594,
      "p99": 107.79290008544922
    },
    "se_summary": {
      "mean": 1797.7626953125,
      "std": 2548.04296875,
      "min": 1.134512558564893e-06,
      "max": 41426.90625,
      "p50": 811.1712036132812,
      "p90": 4913.7197265625,
      "p95": 6946.1376953125,
      "p99": 11619.30859375
    }
  },
  "val": {
    "mse": 0.03820217773318291,
    "rmse": 0.19545377390365964,
    "mae": 0.1263495832681656,
    "w2_global": 0.005655426066368818,
    "ae_summary": {
      "mean": 0.1263495832681656,
      "std": 0.14912396669387817,
      "min": 3.612041473388672e-05,
      "max": 1.8523244857788086,
      "p50": 0.08464518189430237,
      "p90": 0.27478477358818054,
      "p95": 0.35743698477745056,
      "p99": 0.7277039289474487
    },
    "se_summary": {
      "mean": 0.03820217773318291,
      "std": 0.15904174745082855,
      "min": 1.3046843605479808e-09,
      "max": 3.4311060905456543,
      "p50": 0.0071648117154836655,
      "p90": 0.0755072608590126,
      "p95": 0.12776264548301697,
      "p99": 0.5295557379722595
    }
  },
  "test": {
    "mse": 0.04634615033864975,
    "rmse": 0.21528156060993647,
    "mae": 0.13467802107334137,
    "w2_global": 0.006596180144697428,
    "ae_summary": {
      "mean": 0.13467802107334137,
      "std": 0.16795232892036438,
      "min": 0.00010055303573608398,
      "max": 1.9571900367736816,
      "p50": 0.0883830338716507,
      "p90": 0.280775249004364,
      "p95": 0.3893792927265167,
      "p99": 0.8788197636604309
    },
    "se_summary": {
      "mean": 0.04634615033864975,
      "std": 0.19647976756095886,
      "min": 1.0110912995742183e-08,
      "max": 3.8305928707122803,
      "p50": 0.0078115607611835,
      "p90": 0.07883524149656296,
      "p95": 0.15161632001399994,
      "p99": 0.7743126153945923
    }
  }
}