{
  "train": {
    "mse": 0.0,
    "rmse": 0.0,
    "mae": 0.0,
    "w2_global": 0.003486626548692584,
    "ae_summary": {
      "mean": 0.0,
      "std": 0.0,
      "min": 0.0,
      "max": 0.0,
      "p50": 0.0,
      "p90": 0.0,
      "p95": 0.0,
      "p99": 0.0
    },
    "se_summary": {
      "mean": 0.0,
      "std": 0.0,
      "min": 0.0,
      "max": 0.0,
      "p50": 0.0,
      "p90": 0.0,
      "p95": 0.0,
      "p99": 0.0
    }
  },
  "val": {
    "mse": 0.09845870733261108,
    "rmse": 0.3137813049444009,
    "mae": 0.23742154240608215,
    "w2_global": 0.01012994535267353,
    "ae_summary": {
      "mean": 0.23742154240608215,
      "std": 0.2051577866077423,
      "min": 0.00045949220657348633,
      "max": 1.7686638832092285,
      "p50": 0.19065114855766296,
      "p90": 0.49421605467796326,
      "p95": 0.6072764992713928,
      "p99": 0.9841554164886475
    },
    "se_summary": {
      "mean": 0.09845870733261108,
      "std": 0.20235691964626312,
      "min": 2.1113308434905775e-07,
      "max": 3.128171920776367,
      "p50": 0.03634785860776901,
      "p90": 0.24425049126148224,
      "p95": 0.36878758668899536,
      "p99": 0.9685665965080261
    }
  },
  "test": {
    "mse": 0.06379850208759308,
    "rmse": 0.2525836536428933,
    "mae": 0.1939537227153778,
    "w2_global": 0.007815846242010593,
    "ae_summary": {
      "mean": 0.1939537227153778,
      "std": 0.161803737282753,
      "min": 8.827447891235352e-05,
      "max": 1.4732296466827393,
      "p50": 0.15585371851921082,
      "p90": 0.4062879681587219,
      "p95": 0.5050749778747559,
      "p99": 0.7084987759590149
    },
    "se_summary": {
      "mean": 0.06379850208759308,
      "std": 0.11926018446683884,
      "min": 7.792383627247546e-09,
      "max": 2.170405626296997,
      "p50": 0.024290380999445915,
      "p90": 0.16506990790367126,
      "p95": 0.25510072708129883,
      "p99": 0.5019705295562744
    }
  }
}