{
  "train": {
    "mse": 0.015565212815999985,
    "rmse": 0.12476062205680118,
    "mae": 0.09617523849010468,
    "w2_global": 0.16479375958442688,
    "ae_summary": {
      "mean": 0.09617523849010468,
      "std": 0.07947035878896713,
      "min": 8.940696716308594e-06,
      "max": 0.6443133354187012,
      "p50": 0.07747131586074829,
      "p90": 0.2019175887107849,
      "p95": 0.25187399983406067,
      "p99": 0.3684859871864319
    },
    "se_summary": {
      "mean": 0.015565212815999985,
      "std": 0.027462944388389587,
      "min": 7.993605777301127e-11,
      "max": 0.41513967514038086,
      "p50": 0.006001804955303669,
      "p90": 0.04077071696519852,
      "p95": 0.06344051659107208,
      "p99": 0.13578194379806519
    }
  },
  "val": {
    "mse": 0.3116259276866913,
    "rmse": 0.5582346528895276,
    "mae": 0.3992871046066284,
    "w2_global": 0.1468512862920761,
    "ae_summary": {
      "mean": 0.3992871046066284,
      "std": 0.3901226818561554,
      "min": 4.3392181396484375e-05,
      "max": 2.9892303943634033,
      "p50": 0.2874484062194824,
      "p90": 0.8861453533172607,
      "p95": 1.205324411392212,
      "p99": 1.8764629364013672
    },
    "se_summary": {
      "mean": 0.3116259276866913,
      "std": 0.6819369196891785,
      "min": 1.8828814063454047e-09,
      "max": 8.935498237609863,
      "p50": 0.0826265886425972,
      "p90": 0.7852535843849182,
      "p95": 1.4528069496154785,
      "p99": 3.521113157272339
    }
  },
  "test": {
    "mse": 0.3330169916152954,
    "rmse": 0.5770762441959428,
    "mae": 0.4147331118583679,
    "w2_global": 0.16030451655387878,
    "ae_summary": {
      "mean": 0.4147331118583679,
      "std": 0.4012647867202759,
      "min": 3.68952751159668e-05,
      "max": 3.2577600479125977,
      "p50": 0.30054670572280884,
      "p90": 0.9122471809387207,
      "p95": 1.2549655437469482,
      "p99": 1.9248573780059814
    },
    "se_summary": {
      "mean": 0.3330169916152954,
      "std": 0.7070239186286926,
      "min": 1.3612613258828787e-09,
      "max": 10.613000869750977,
      "p50": 0.09032832086086273,
      "p90": 0.8321949243545532,
      "p95": 1.5749386548995972,
      "p99": 3.7050766944885254
    }
  }
}