{
  "best_alpha": 0.99,
  "best_gamma": 10.0,
  "alpha_grid": [
    0.01,
    0.25,
    0.5,
    0.75,
    0.99
  ],
  "gamma_grid": [
    0.1,
    1.0,
    5.0,
    10.0
  ],
  "results": {
    "(0.01, 0.1)": {
      "val_loss": 0.9005988836288452,
      "val_eval": 1.2599307298660278,
      "epochs": 30,
      "mse": 1.2599307298660278,
      "w2_global": 0.4374259412288666,
      "cvar": 2.9499590396881104
    },
    "(0.01, 1.0)": {
      "val_loss": 0.9975653290748596,
      "val_eval": 1.3125483989715576,
      "epochs": 30,
      "mse": 1.3125483989715576,
      "w2_global": 0.4377126395702362,
      "cvar": 2.951143741607666
    },
    "(0.01, 5.0)": {
      "val_loss": 0.9385145902633667,
      "val_eval": 1.2416880130767822,
      "epochs": 30,
      "mse": 1.2416880130767822,
      "w2_global": 0.4486612379550934,
      "cvar": 2.8655264377593994
    },
    "(0.01, 10.0)": {
      "val_loss": 0.9338873624801636,
      "val_eval": 1.250272512435913,
      "epochs": 30,
      "mse": 1.250272512435913,
      "w2_global": 0.44862207770347595,
      "cvar": 2.8890562057495117
    },
    "(0.25, 0.1)": {
      "val_loss": 0.9726911783218384,
      "val_eval": 1.2548168897628784,
      "epochs": 30,
      "mse": 1.2548168897628784,
      "w2_global": 0.44217783212661743,
      "cvar": 3.193568706512451
    },
    "(0.25, 1.0)": {
      "val_loss": 0.9797323942184448,
      "val_eval": 1.3099477291107178,
      "epochs": 30,
      "mse": 1.3099477291107178,
      "w2_global": 0.4485177993774414,
      "cvar": 3.042450428009033
    },
    "(0.25, 5.0)": {
      "val_loss": 0.9601829051971436,
      "val_eval": 1.2797783613204956,
      "epochs": 30,
      "mse": 1.2797784805297852,
      "w2_global": 0.43767672777175903,
      "cvar": 3.2168283462524414
    },
    "(0.25, 10.0)": {
      "val_loss": 0.9461105465888977,
      "val_eval": 1.2620980739593506,
      "epochs": 30,
      "mse": 1.2620980739593506,
      "w2_global": 0.4340214431285858,
      "cvar": 3.260697364807129
    },
    "(0.5, 0.1)": {
      "val_loss": 0.92703777551651,
      "val_eval": 1.2331485748291016,
      "epochs": 30,
      "mse": 1.2331485748291016,
      "w2_global": 0.4355529844760895,
      "cvar": 3.2036585807800293
    },
    "(0.5, 1.0)": {
      "val_loss": 0.9197506904602051,
      "val_eval": 1.2176209688186646,
      "epochs": 30,
      "mse": 1.2176209688186646,
      "w2_global": 0.4459121823310852,
      "cvar": 2.9262075424194336
    },
    "(0.5, 5.0)": {
      "val_loss": 0.8764030933380127,
      "val_eval": 1.1399563550949097,
      "epochs": 30,
      "mse": 1.1399563550949097,
      "w2_global": 0.43208780884742737,
      "cvar": 2.7509238719940186
    },
    "(0.5, 10.0)": {
      "val_loss": 0.9381718039512634,
      "val_eval": 1.2580814361572266,
      "epochs": 30,
      "mse": 1.2580814361572266,
      "w2_global": 0.4355259835720062,
      "cvar": 2.9584317207336426
    },
    "(0.75, 0.1)": {
      "val_loss": 0.8923066258430481,
      "val_eval": 1.1767404079437256,
      "epochs": 30,
      "mse": 1.176740288734436,
      "w2_global": 0.43550097942352295,
      "cvar": 2.778475284576416
    },
    "(0.75, 1.0)": {
      "val_loss": 0.8451259732246399,
      "val_eval": 1.114234209060669,
      "epochs": 30,
      "mse": 1.114234209060669,
      "w2_global": 0.43152937293052673,
      "cvar": 2.7213828563690186
    },
    "(0.75, 5.0)": {
      "val_loss": 0.8776870965957642,
      "val_eval": 1.1995841264724731,
      "epochs": 30,
      "mse": 1.1995841264724731,
      "w2_global": 0.44351980090141296,
      "cvar": 2.7586498260498047
    },
    "(0.75, 10.0)": {
      "val_loss": 0.7883695363998413,
      "val_eval": 1.0109412670135498,
      "epochs": 30,
      "mse": 1.0109412670135498,
      "w2_global": 0.40194281935691833,
      "cvar": 2.4420456886291504
    },
    "(0.99, 0.1)": {
      "val_loss": 0.5108472108840942,
      "val_eval": 0.6554635763168335,
      "epochs": 30,
      "mse": 0.6554635167121887,
      "w2_global": 0.2328789234161377,
      "cvar": 1.6096866130828857
    },
    "(0.99, 1.0)": {
      "val_loss": 0.5444871187210083,
      "val_eval": 0.6415926814079285,
      "epochs": 30,
      "mse": 0.6415926814079285,
      "w2_global": 0.24228276312351227,
      "cvar": 1.6139472723007202
    },
    "(0.99, 5.0)": {
      "val_loss": 0.5240311026573181,
      "val_eval": 0.6659592986106873,
      "epochs": 30,
      "mse": 0.6659592986106873,
      "w2_global": 0.2504512667655945,
      "cvar": 1.9173321723937988
    },
    "(0.99, 10.0)": {
      "val_loss": 0.4759286046028137,
      "val_eval": 0.5976809859275818,
      "epochs": 30,
      "mse": 0.5976809859275818,
      "w2_global": 0.2420874834060669,
      "cvar": 1.6036982536315918
    }
  }
}