{
  "train": {
    "mse": 0.41051656007766724,
    "rmse": 0.6407156624257497,
    "mae": 0.46202054619789124,
    "w2_global": 0.22723031044006348,
    "ae_summary": {
      "mean": 0.46202054619789124,
      "std": 0.4439072012901306,
      "min": 4.7087669372558594e-05,
      "max": 7.0964035987854,
      "p50": 0.3364933133125305,
      "p90": 1.0335954427719116,
      "p95": 1.310438632965088,
      "p99": 2.0322632789611816
    },
    "se_summary": {
      "mean": 0.41051656007766724,
      "std": 1.0313594341278076,
      "min": 2.2172486069393926e-09,
      "max": 50.358943939208984,
      "p50": 0.1132277399301529,
      "p90": 1.0683196783065796,
      "p95": 1.7172496318817139,
      "p99": 4.130094051361084
    }
  },
  "val": {
    "mse": 0.5976809859275818,
    "rmse": 0.7730983028875318,
    "mae": 0.561240553855896,
    "w2_global": 0.2420874834060669,
    "ae_summary": {
      "mean": 0.561240553855896,
      "std": 0.5316860675811768,
      "min": 4.315376281738281e-05,
      "max": 3.935992479324341,
      "p50": 0.4061291217803955,
      "p90": 1.2663720846176147,
      "p95": 1.6127465963363647,
      "p99": 2.49191951751709
    },
    "se_summary": {
      "mean": 0.5976809859275818,
      "std": 1.2170804738998413,
      "min": 1.8622472452989314e-09,
      "max": 15.492036819458008,
      "p50": 0.16494086384773254,
      "p90": 1.6036982536315918,
      "p95": 2.600956678390503,
      "p99": 6.216196537017822
    }
  },
  "test": {
    "mse": 0.6300401091575623,
    "rmse": 0.7937506593115764,
    "mae": 0.5311495065689087,
    "w2_global": 0.2609383165836334,
    "ae_summary": {
      "mean": 0.5311495065689087,
      "std": 0.5898477435112,
      "min": 0.00010943412780761719,
      "max": 10.61928939819336,
      "p50": 0.383958101272583,
      "p90": 1.1059203147888184,
      "p95": 1.5542165040969849,
      "p99": 2.9576258659362793
    },
    "se_summary": {
      "mean": 0.6300401091575623,
      "std": 2.595111608505249,
      "min": 1.1975828329013893e-08,
      "max": 112.7693099975586,
      "p50": 0.14742381870746613,
      "p90": 1.2230596542358398,
      "p95": 2.4156579971313477,
      "p99": 8.747820854187012
    }
  }
}