{
  "train": {
    "mse": 0.0,
    "rmse": 0.0,
    "mae": 0.0,
    "w2_global": 0.04185894876718521,
    "ae_summary": {
      "mean": 0.0,
      "std": 0.0,
      "min": 0.0,
      "max": 0.0,
      "p50": 0.0,
      "p90": 0.0,
      "p95": 0.0,
      "p99": 0.0
    },
    "se_summary": {
      "mean": 0.0,
      "std": 0.0,
      "min": 0.0,
      "max": 0.0,
      "p50": 0.0,
      "p90": 0.0,
      "p95": 0.0,
      "p99": 0.0
    }
  },
  "val": {
    "mse": 0.5160670876502991,
    "rmse": 0.7183780951910346,
    "mae": 0.30197873711586,
    "w2_global": 0.07179946452379227,
    "ae_summary": {
      "mean": 0.30197873711586,
      "std": 0.6518251299858093,
      "min": 1.170579344034195e-05,
      "max": 37.25381088256836,
      "p50": 0.14449214935302734,
      "p90": 0.6982430815696716,
      "p95": 1.0368732213974,
      "p99": 2.219367504119873
    },
    "se_summary": {
      "mean": 0.5160670876502991,
      "std": 13.167901992797852,
      "min": 1.3702559920059088e-10,
      "max": 1387.846435546875,
      "p50": 0.020877981558442116,
      "p90": 0.48754405975341797,
      "p95": 1.075106143951416,
      "p99": 4.9256134033203125
    }
  },
  "test": {
    "mse": 0.4686436057090759,
    "rmse": 0.6845754930678397,
    "mae": 0.29650405049324036,
    "w2_global": 0.044133260846138,
    "ae_summary": {
      "mean": 0.29650405049324036,
      "std": 0.6170324087142944,
      "min": 3.337860107421875e-06,
      "max": 25.808677673339844,
      "p50": 0.14199599623680115,
      "p90": 0.6877905130386353,
      "p95": 1.037797212600708,
      "p99": 2.1917591094970703
    },
    "se_summary": {
      "mean": 0.4686436057090759,
      "std": 9.126269340515137,
      "min": 1.1141310096718371e-11,
      "max": 666.0878295898438,
      "p50": 0.020162861794233322,
      "p90": 0.47305577993392944,
      "p95": 1.0770232677459717,
      "p99": 4.803808212280273
    }
  }
}