{
  "train": {
    "mse": 0.0,
    "rmse": 0.0,
    "mae": 0.0,
    "w2_global": 0.22890371084213257,
    "ae_summary": {
      "mean": 0.0,
      "std": 0.0,
      "min": 0.0,
      "max": 0.0,
      "p50": 0.0,
      "p90": 0.0,
      "p95": 0.0,
      "p99": 0.0
    },
    "se_summary": {
      "mean": 0.0,
      "std": 0.0,
      "min": 0.0,
      "max": 0.0,
      "p50": 0.0,
      "p90": 0.0,
      "p95": 0.0,
      "p99": 0.0
    }
  },
  "val": {
    "mse": 0.6353000998497009,
    "rmse": 0.7970571496760448,
    "mae": 0.4310702383518219,
    "w2_global": 0.23354046046733856,
    "ae_summary": {
      "mean": 0.4310702383518219,
      "std": 0.6704316735267639,
      "min": 5.856156349182129e-06,
      "max": 35.7658805847168,
      "p50": 0.2542746067047119,
      "p90": 0.9775789380073547,
      "p95": 1.3919492959976196,
      "p99": 2.630626916885376
    },
    "se_summary": {
      "mean": 0.6353000998497009,
      "std": 8.834693908691406,
      "min": 3.429456718606616e-11,
      "max": 1279.1982421875,
      "p50": 0.06465557217597961,
      "p90": 0.9556605815887451,
      "p95": 1.9375228881835938,
      "p99": 6.9201979637146
    }
  },
  "test": {
    "mse": 0.5892103314399719,
    "rmse": 0.7676003722250088,
    "mae": 0.4288722574710846,
    "w2_global": 0.2213401198387146,
    "ae_summary": {
      "mean": 0.4288722574710846,
      "std": 0.6366151571273804,
      "min": 2.6635825634002686e-06,
      "max": 35.83496856689453,
      "p50": 0.2519037127494812,
      "p90": 0.9785640239715576,
      "p95": 1.3899160623550415,
      "p99": 2.658055305480957
    },
    "se_summary": {
      "mean": 0.5892103314399719,
      "std": 7.852329254150391,
      "min": 7.094672072049946e-12,
      "max": 1284.14501953125,
      "p50": 0.0634554922580719,
      "p90": 0.9575875997543335,
      "p95": 1.9318665266036987,
      "p99": 7.065257549285889
    }
  }
}