{
  "train": {
    "mse": 0.0,
    "rmse": 0.0,
    "mae": 0.0,
    "w2_global": 0.18198515474796295,
    "ae_summary": {
      "mean": 0.0,
      "std": 0.0,
      "min": 0.0,
      "max": 0.0,
      "p50": 0.0,
      "p90": 0.0,
      "p95": 0.0,
      "p99": 0.0
    },
    "se_summary": {
      "mean": 0.0,
      "std": 0.0,
      "min": 0.0,
      "max": 0.0,
      "p50": 0.0,
      "p90": 0.0,
      "p95": 0.0,
      "p99": 0.0
    }
  },
  "val": {
    "mse": 0.5486842393875122,
    "rmse": 0.7407322319080709,
    "mae": 0.5207365155220032,
    "w2_global": 0.18952417373657227,
    "ae_summary": {
      "mean": 0.5207365155220032,
      "std": 0.5267994999885559,
      "min": 0.00017192959785461426,
      "max": 3.8987159729003906,
      "p50": 0.36753326654434204,
      "p90": 1.1548513174057007,
      "p95": 1.5049198865890503,
      "p99": 2.732257127761841
    },
    "se_summary": {
      "mean": 0.5486842393875122,
      "std": 1.336275339126587,
      "min": 2.955978573027096e-08,
      "max": 15.199986457824707,
      "p50": 0.13508069515228271,
      "p90": 1.3336814641952515,
      "p95": 2.264785051345825,
      "p99": 7.465244770050049
    }
  },
  "test": {
    "mse": 0.4781136214733124,
    "rmse": 0.6914576064180019,
    "mae": 0.4974152743816376,
    "w2_global": 0.1832742691040039,
    "ae_summary": {
      "mean": 0.4974152743816376,
      "std": 0.48030370473861694,
      "min": 8.684396743774414e-05,
      "max": 4.140296459197998,
      "p50": 0.3672904968261719,
      "p90": 1.1186821460723877,
      "p95": 1.424621820449829,
      "p99": 2.1505939960479736
    },
    "se_summary": {
      "mean": 0.4781136214733124,
      "std": 1.0805236101150513,
      "min": 7.541874680327965e-09,
      "max": 17.14205551147461,
      "p50": 0.13490231335163116,
      "p90": 1.251449704170227,
      "p95": 2.029547929763794,
      "p99": 4.625054836273193
    }
  }
}