{
  "train": {
    "mse": 0.0,
    "rmse": 0.0,
    "mae": 0.0,
    "w2_global": 0.0548882856965065,
    "ae_summary": {
      "mean": 0.0,
      "std": 0.0,
      "min": 0.0,
      "max": 0.0,
      "p50": 0.0,
      "p90": 0.0,
      "p95": 0.0,
      "p99": 0.0
    },
    "se_summary": {
      "mean": 0.0,
      "std": 0.0,
      "min": 0.0,
      "max": 0.0,
      "p50": 0.0,
      "p90": 0.0,
      "p95": 0.0,
      "p99": 0.0
    }
  },
  "val": {
    "mse": 0.4600350260734558,
    "rmse": 0.6782588193849424,
    "mae": 0.4188399314880371,
    "w2_global": 0.03637617081403732,
    "ae_summary": {
      "mean": 0.4188399314880371,
      "std": 0.5334867835044861,
      "min": 2.2649765014648438e-06,
      "max": 7.624357223510742,
      "p50": 0.24457864463329315,
      "p90": 1.0040819644927979,
      "p95": 1.376996636390686,
      "p99": 2.340653896331787
    },
    "se_summary": {
      "mean": 0.4600350260734558,
      "std": 1.9346227645874023,
      "min": 5.130118552187923e-12,
      "max": 58.130821228027344,
      "p50": 0.05981871485710144,
      "p90": 1.0081806182861328,
      "p95": 1.8961198329925537,
      "p99": 5.4786787033081055
    }
  },
  "test": {
    "mse": 0.5471296310424805,
    "rmse": 0.7396821148591336,
    "mae": 0.4411191940307617,
    "w2_global": 0.0500815249979496,
    "ae_summary": {
      "mean": 0.4411191940307617,
      "std": 0.5937537550926208,
      "min": 4.247063770890236e-06,
      "max": 22.565725326538086,
      "p50": 0.24913829565048218,
      "p90": 1.063724398612976,
      "p95": 1.4766745567321777,
      "p99": 2.5697286128997803
    },
    "se_summary": {
      "mean": 0.5471296310424805,
      "std": 4.577329158782959,
      "min": 1.803755061979828e-11,
      "max": 509.2119445800781,
      "p50": 0.06206989288330078,
      "p90": 1.13150954246521,
      "p95": 2.180567979812622,
      "p99": 6.603530406951904
    }
  }
}