{
  "test": {
    "mse": 1.26649808883667,
    "rmse": 1.125387972583975,
    "mae": 0.6610397696495056,
    "w2_global": 0.10384082794189453,
    "ae_summary": {
      "mean": 0.6610397696495056,
      "std": 0.9107823371887207,
      "min": 9.175855666399002e-07,
      "max": 32.72612380981445,
      "p50": 0.33755844831466675,
      "p90": 1.7172534465789795,
      "p95": 2.3227968215942383,
      "p99": 4.002559185028076
    },
    "se_summary": {
      "mean": 1.26649808883667,
      "std": 6.69485330581665,
      "min": 8.419632721058667e-13,
      "max": 1070.9991455078125,
      "p50": 0.11394570767879486,
      "p90": 2.9489593505859375,
      "p95": 5.395385265350342,
      "p99": 16.020483016967773
    }
  }
}