{
  "best_alpha": 0.99,
  "best_gamma": 5.0,
  "alpha_grid": [
    0.01,
    0.25,
    0.5,
    0.75,
    0.99
  ],
  "gamma_grid": [
    0.1,
    1.0,
    5.0,
    10.0
  ],
  "results": {
    "(0.01, 0.1)": {
      "val_loss": 0.983661025762558,
      "val_eval": 0.9967128038406372,
      "epochs": 30,
      "mse": 0.966627836227417,
      "w2_global": 0.8321373462677002,
      "cvar": 1.7280584573745728
    },
    "(0.01, 1.0)": {
      "val_loss": 0.9861204326152802,
      "val_eval": 1.0053408443927765,
      "epochs": 30,
      "mse": 0.9600213766098022,
      "w2_global": 0.818497359752655,
      "cvar": 1.8215851783752441
    },
    "(0.01, 5.0)": {
      "val_loss": 0.9812534153461456,
      "val_eval": 0.99691241979599,
      "epochs": 30,
      "mse": 0.9746412038803101,
      "w2_global": 0.8396829962730408,
      "cvar": 1.691815733909607
    },
    "(0.01, 10.0)": {
      "val_loss": 0.9769162833690643,
      "val_eval": 0.9906962215900421,
      "epochs": 30,
      "mse": 0.9739463925361633,
      "w2_global": 0.8418574929237366,
      "cvar": 1.6346789598464966
    },
    "(0.25, 0.1)": {
      "val_loss": 0.9441345632076263,
      "val_eval": 0.963301032781601,
      "epochs": 30,
      "mse": 0.9222477674484253,
      "w2_global": 0.813633143901825,
      "cvar": 1.7579392194747925
    },
    "(0.25, 1.0)": {
      "val_loss": 0.9211105704307556,
      "val_eval": 0.9346925914287567,
      "epochs": 30,
      "mse": 0.872920572757721,
      "w2_global": 0.7765272259712219,
      "cvar": 1.7106273174285889
    },
    "(0.25, 5.0)": {
      "val_loss": 0.9375274181365967,
      "val_eval": 0.952304482460022,
      "epochs": 30,
      "mse": 0.9191486239433289,
      "w2_global": 0.8146482706069946,
      "cvar": 1.6334476470947266
    },
    "(0.25, 10.0)": {
      "val_loss": 0.948928952217102,
      "val_eval": 0.9650601446628571,
      "epochs": 30,
      "mse": 0.9176128506660461,
      "w2_global": 0.8074676990509033,
      "cvar": 1.7292487621307373
    },
    "(0.5, 0.1)": {
      "val_loss": 0.7425394058227539,
      "val_eval": 0.7544911801815033,
      "epochs": 30,
      "mse": 0.646280825138092,
      "w2_global": 0.6096047759056091,
      "cvar": 1.4617221355438232
    },
    "(0.5, 1.0)": {
      "val_loss": 0.8916128873825073,
      "val_eval": 0.8977870047092438,
      "epochs": 30,
      "mse": 0.7363682985305786,
      "w2_global": 0.608487606048584,
      "cvar": 1.571173071861267
    },
    "(0.5, 5.0)": {
      "val_loss": 0.7804051339626312,
      "val_eval": 0.7918674349784851,
      "epochs": 30,
      "mse": 0.6967490315437317,
      "w2_global": 0.6486817598342896,
      "cvar": 1.4870566129684448
    },
    "(0.5, 10.0)": {
      "val_loss": 0.7046061456203461,
      "val_eval": 0.7150022387504578,
      "epochs": 30,
      "mse": 0.6114404797554016,
      "w2_global": 0.5712031126022339,
      "cvar": 1.4779237508773804
    },
    "(0.75, 0.1)": {
      "val_loss": 0.704290360212326,
      "val_eval": 0.7006202340126038,
      "epochs": 30,
      "mse": 0.6015339493751526,
      "w2_global": 0.4701549708843231,
      "cvar": 1.781312108039856
    },
    "(0.75, 1.0)": {
      "val_loss": 0.7005609571933746,
      "val_eval": 0.7017708420753479,
      "epochs": 30,
      "mse": 0.607399582862854,
      "w2_global": 0.4856126010417938,
      "cvar": 1.7954819202423096
    },
    "(0.75, 5.0)": {
      "val_loss": 0.7184187769889832,
      "val_eval": 0.7258513271808624,
      "epochs": 30,
      "mse": 0.6346249580383301,
      "w2_global": 0.5463534593582153,
      "cvar": 1.5083078145980835
    },
    "(0.75, 10.0)": {
      "val_loss": 0.9163379073143005,
      "val_eval": 0.9313395023345947,
      "epochs": 30,
      "mse": 0.7956061959266663,
      "w2_global": 0.4479459822177887,
      "cvar": 2.251404047012329
    },
    "(0.99, 0.1)": {
      "val_loss": 0.6840249598026276,
      "val_eval": 0.6826834678649902,
      "epochs": 30,
      "mse": 0.5838853716850281,
      "w2_global": 0.4988487660884857,
      "cvar": 1.7751107215881348
    },
    "(0.99, 1.0)": {
      "val_loss": 0.7162951529026031,
      "val_eval": 0.7159417271614075,
      "epochs": 30,
      "mse": 0.6176853179931641,
      "w2_global": 0.4801986813545227,
      "cvar": 1.9041661024093628
    },
    "(0.99, 5.0)": {
      "val_loss": 0.679768294095993,
      "val_eval": 0.678116500377655,
      "epochs": 30,
      "mse": 0.582338809967041,
      "w2_global": 0.4840284585952759,
      "cvar": 1.7862401008605957
    },
    "(0.99, 10.0)": {
      "val_loss": 0.6928774416446686,
      "val_eval": 0.6886774301528931,
      "epochs": 30,
      "mse": 0.5885891914367676,
      "w2_global": 0.5228527784347534,
      "cvar": 1.8166489601135254
    }
  }
}