{
  "train": {
    "mse": 0.5964541435241699,
    "rmse": 0.7723044370739883,
    "mae": 0.5883293747901917,
    "w2_global": 0.47330182790756226,
    "ae_summary": {
      "mean": 0.5883293747901917,
      "std": 0.5003225803375244,
      "min": 1.8715858459472656e-05,
      "max": 3.338721513748169,
      "p50": 0.4769841134548187,
      "p90": 1.351864218711853,
      "p95": 1.6058136224746704,
      "p99": 2.4104115962982178
    },
    "se_summary": {
      "mean": 0.5964541435241699,
      "std": 1.049993634223938,
      "min": 3.502833578750142e-10,
      "max": 11.147061347961426,
      "p50": 0.22751384973526,
      "p90": 1.827536940574646,
      "p95": 2.57863712310791,
      "p99": 5.810084342956543
    }
  },
  "val": {
    "mse": 0.582338809967041,
    "rmse": 0.7631112697156562,
    "mae": 0.5821276307106018,
    "w2_global": 0.4840284585952759,
    "ae_summary": {
      "mean": 0.5821276307106018,
      "std": 0.4934229850769043,
      "min": 1.3262033462524414e-05,
      "max": 2.921861410140991,
      "p50": 0.47734779119491577,
      "p90": 1.3365029096603394,
      "p95": 1.5941106081008911,
      "p99": 2.34332537651062
    },
    "se_summary": {
      "mean": 0.582338809967041,
      "std": 1.0163666009902954,
      "min": 1.758815315611173e-10,
      "max": 8.537274360656738,
      "p50": 0.22786091268062592,
      "p90": 1.7862401008605957,
      "p95": 2.5411884784698486,
      "p99": 5.49117374420166
    }
  },
  "test": {
    "mse": 0.6102024912834167,
    "rmse": 0.7811545885952516,
    "mae": 0.596534252166748,
    "w2_global": 0.47348177433013916,
    "ae_summary": {
      "mean": 0.596534252166748,
      "std": 0.5043306350708008,
      "min": 3.039836883544922e-06,
      "max": 3.3623902797698975,
      "p50": 0.4841081202030182,
      "p90": 1.3724455833435059,
      "p95": 1.6151480674743652,
      "p99": 2.414044141769409
    },
    "se_summary": {
      "mean": 0.6102024912834167,
      "std": 1.0583921670913696,
      "min": 9.240608278560103e-12,
      "max": 11.305668830871582,
      "p50": 0.23436066508293152,
      "p90": 1.8836069107055664,
      "p95": 2.608703136444092,
      "p99": 5.827609062194824
    }
  }
}