{
  "train": {
    "mse": 0.0,
    "rmse": 0.0,
    "mae": 0.0,
    "w2_global": 0.16784395277500153,
    "ae_summary": {
      "mean": 0.0,
      "std": 0.0,
      "min": 0.0,
      "max": 0.0,
      "p50": 0.0,
      "p90": 0.0,
      "p95": 0.0,
      "p99": 0.0
    },
    "se_summary": {
      "mean": 0.0,
      "std": 0.0,
      "min": 0.0,
      "max": 0.0,
      "p50": 0.0,
      "p90": 0.0,
      "p95": 0.0,
      "p99": 0.0
    }
  },
  "val": {
    "mse": 0.461961954832077,
    "rmse": 0.6796778316467862,
    "mae": 0.4680606424808502,
    "w2_global": 0.20880413055419922,
    "ae_summary": {
      "mean": 0.4680606424808502,
      "std": 0.492829829454422,
      "min": 0.00036716461181640625,
      "max": 3.871459484100342,
      "p50": 0.3054092526435852,
      "p90": 1.1200968027114868,
      "p95": 1.5506904125213623,
      "p99": 2.2061092853546143
    },
    "se_summary": {
      "mean": 0.461961954832077,
      "std": 1.0904614925384521,
      "min": 1.348098521702923e-07,
      "max": 14.988198280334473,
      "p50": 0.0932748094201088,
      "p90": 1.2546193599700928,
      "p95": 2.4046452045440674,
      "p99": 4.8669610023498535
    }
  },
  "test": {
    "mse": 0.5253471732139587,
    "rmse": 0.7248083699944136,
    "mae": 0.45546337962150574,
    "w2_global": 0.23198813199996948,
    "ae_summary": {
      "mean": 0.45546337962150574,
      "std": 0.5638265013694763,
      "min": 0.0001147836446762085,
      "max": 10.325547218322754,
      "p50": 0.29635560512542725,
      "p90": 0.9578143954277039,
      "p95": 1.4039198160171509,
      "p99": 2.900596857070923
    },
    "se_summary": {
      "mean": 0.5253471732139587,
      "std": 2.489426851272583,
      "min": 1.3175284863109482e-08,
      "max": 106.61692810058594,
      "p50": 0.08782664686441422,
      "p90": 0.9174084663391113,
      "p95": 1.971018671989441,
      "p99": 8.413530349731445
    }
  }
}