{
  "train": {
    "mse": 0.0,
    "rmse": 0.0,
    "mae": 0.0,
    "w2_global": 0.1750742793083191,
    "ae_summary": {
      "mean": 0.0,
      "std": 0.0,
      "min": 0.0,
      "max": 0.0,
      "p50": 0.0,
      "p90": 0.0,
      "p95": 0.0,
      "p99": 0.0
    },
    "se_summary": {
      "mean": 0.0,
      "std": 0.0,
      "min": 0.0,
      "max": 0.0,
      "p50": 0.0,
      "p90": 0.0,
      "p95": 0.0,
      "p99": 0.0
    }
  },
  "val": {
    "mse": 1.782562255859375,
    "rmse": 1.33512630708086,
    "mae": 0.9600988030433655,
    "w2_global": 0.21674220263957977,
    "ae_summary": {
      "mean": 0.9600988030433655,
      "std": 0.9277783632278442,
      "min": 3.516674041748047e-06,
      "max": 11.953010559082031,
      "p50": 0.6660290956497192,
      "p90": 2.2291550636291504,
      "p95": 2.8003273010253906,
      "p99": 4.129785537719727
    },
    "se_summary": {
      "mean": 1.782562255859375,
      "std": 3.7079498767852783,
      "min": 1.2366996315904544e-11,
      "max": 142.8744659423828,
      "p50": 0.44359469413757324,
      "p90": 4.969131946563721,
      "p95": 7.841832637786865,
      "p99": 17.055126190185547
    }
  },
  "test": {
    "mse": 1.8251982927322388,
    "rmse": 1.3509989980500499,
    "mae": 0.9773995280265808,
    "w2_global": 0.15906479954719543,
    "ae_summary": {
      "mean": 0.9773995280265808,
      "std": 0.9326781630516052,
      "min": 2.3543834686279297e-06,
      "max": 11.813984870910645,
      "p50": 0.689502477645874,
      "p90": 2.251410484313965,
      "p95": 2.838718891143799,
      "p99": 4.162808895111084
    },
    "se_summary": {
      "mean": 1.8251982927322388,
      "std": 3.732332944869995,
      "min": 5.5431215173484816e-12,
      "max": 139.5702362060547,
      "p50": 0.4754136800765991,
      "p90": 5.068849563598633,
      "p95": 8.058324813842773,
      "p99": 17.328977584838867
    }
  }
}