{
  "train": {
    "mse": 0.0,
    "rmse": 0.0,
    "mae": 0.0,
    "w2_global": 0.01949930749833584,
    "ae_summary": {
      "mean": 0.0,
      "std": 0.0,
      "min": 0.0,
      "max": 0.0,
      "p50": 0.0,
      "p90": 0.0,
      "p95": 0.0,
      "p99": 0.0
    },
    "se_summary": {
      "mean": 0.0,
      "std": 0.0,
      "min": 0.0,
      "max": 0.0,
      "p50": 0.0,
      "p90": 0.0,
      "p95": 0.0,
      "p99": 0.0
    }
  },
  "val": {
    "mse": 0.3374575078487396,
    "rmse": 0.5809109293590022,
    "mae": 0.4070816934108734,
    "w2_global": 0.020672183483839035,
    "ae_summary": {
      "mean": 0.4070816934108734,
      "std": 0.4144176244735718,
      "min": 0.0001405477523803711,
      "max": 3.1041929721832275,
      "p50": 0.2916145920753479,
      "p90": 0.8639839291572571,
      "p95": 1.193061351776123,
      "p99": 1.9369970560073853
    },
    "se_summary": {
      "mean": 0.3374575078487396,
      "std": 0.8775824904441833,
      "min": 1.975367069917411e-08,
      "max": 9.636013984680176,
      "p50": 0.08503907173871994,
      "p90": 0.746548056602478,
      "p95": 1.4234416484832764,
      "p99": 3.7624754905700684
    }
  },
  "test": {
    "mse": 0.29002803564071655,
    "rmse": 0.5385425105232794,
    "mae": 0.4180945158004761,
    "w2_global": 0.01765533722937107,
    "ae_summary": {
      "mean": 0.4180945158004761,
      "std": 0.33944815397262573,
      "min": 0.001313820481300354,
      "max": 2.067737579345703,
      "p50": 0.33256447315216064,
      "p90": 0.8711791634559631,
      "p95": 1.0411784648895264,
      "p99": 1.5180953741073608
    },
    "se_summary": {
      "mean": 0.29002803564071655,
      "std": 0.49109894037246704,
      "min": 1.7261243101529544e-06,
      "max": 4.275538921356201,
      "p50": 0.11059944331645966,
      "p90": 0.7589532136917114,
      "p95": 1.0842652320861816,
      "p99": 2.3046140670776367
    }
  }
}