{
  "best_alpha": 0.99,
  "best_gamma": 10.0,
  "alpha_grid": [
    0.01,
    0.25,
    0.5,
    0.75,
    0.99
  ],
  "gamma_grid": [
    0.1,
    1.0,
    5.0,
    10.0
  ],
  "results": {
    "(0.01, 0.1)": {
      "val_loss": 0.8263677358627319,
      "val_eval": 0.8425303101539612,
      "epoch": 30,
      "mse": 0.8425303101539612,
      "w2_global": 0.3688086271286011,
      "cvar": 2.2797839641571045
    },
    "(0.01, 1.0)": {
      "val_loss": 0.8390988707542419,
      "val_eval": 0.8536379337310791,
      "epoch": 30,
      "mse": 0.8536378145217896,
      "w2_global": 0.3624204993247986,
      "cvar": 2.3712611198425293
    },
    "(0.01, 5.0)": {
      "val_loss": 0.8224499225616455,
      "val_eval": 0.810282289981842,
      "epoch": 30,
      "mse": 0.810282289981842,
      "w2_global": 0.33207064867019653,
      "cvar": 2.270983934402466
    },
    "(0.01, 10.0)": {
      "val_loss": 0.8229476809501648,
      "val_eval": 0.808704137802124,
      "epoch": 29,
      "mse": 0.808704137802124,
      "w2_global": 0.35053667426109314,
      "cvar": 2.2480132579803467
    },
    "(0.25, 0.1)": {
      "val_loss": 0.7791772484779358,
      "val_eval": 0.7765406966209412,
      "epoch": 30,
      "mse": 0.7765406966209412,
      "w2_global": 0.3585692346096039,
      "cvar": 2.1294524669647217
    },
    "(0.25, 1.0)": {
      "val_loss": 0.7195436954498291,
      "val_eval": 0.7019376754760742,
      "epoch": 30,
      "mse": 0.701937735080719,
      "w2_global": 0.3453809916973114,
      "cvar": 1.971855878829956
    },
    "(0.25, 5.0)": {
      "val_loss": 0.7403969764709473,
      "val_eval": 0.7380377054214478,
      "epoch": 29,
      "mse": 0.738037645816803,
      "w2_global": 0.34751448035240173,
      "cvar": 2.0428268909454346
    },
    "(0.25, 10.0)": {
      "val_loss": 0.780465304851532,
      "val_eval": 0.7990217804908752,
      "epoch": 29,
      "mse": 0.7990217804908752,
      "w2_global": 0.36025771498680115,
      "cvar": 2.1798672676086426
    },
    "(0.5, 0.1)": {
      "val_loss": 0.5608934164047241,
      "val_eval": 0.5775750875473022,
      "epoch": 30,
      "mse": 0.5775750875473022,
      "w2_global": 0.29629650712013245,
      "cvar": 1.4696711301803589
    },
    "(0.5, 1.0)": {
      "val_loss": 0.5142652988433838,
      "val_eval": 0.5583871603012085,
      "epoch": 24,
      "mse": 0.5583871006965637,
      "w2_global": 0.25584036111831665,
      "cvar": 1.4963665008544922
    },
    "(0.5, 5.0)": {
      "val_loss": 0.5666195750236511,
      "val_eval": 0.5752115249633789,
      "epoch": 30,
      "mse": 0.5752115249633789,
      "w2_global": 0.28233686089515686,
      "cvar": 1.5458241701126099
    },
    "(0.5, 10.0)": {
      "val_loss": 0.5945311188697815,
      "val_eval": 0.5535792708396912,
      "epoch": 25,
      "mse": 0.5535792708396912,
      "w2_global": 0.273533433675766,
      "cvar": 1.451297640800476
    },
    "(0.75, 0.1)": {
      "val_loss": 0.4166414737701416,
      "val_eval": 0.4360613524913788,
      "epoch": 29,
      "mse": 0.436061292886734,
      "w2_global": 0.22609682381153107,
      "cvar": 1.0922878980636597
    },
    "(0.75, 1.0)": {
      "val_loss": 0.4551798403263092,
      "val_eval": 0.49013811349868774,
      "epoch": 30,
      "mse": 0.49013811349868774,
      "w2_global": 0.25309640169143677,
      "cvar": 1.2567942142486572
    },
    "(0.75, 5.0)": {
      "val_loss": 0.423234760761261,
      "val_eval": 0.4663504660129547,
      "epoch": 29,
      "mse": 0.4663505256175995,
      "w2_global": 0.2596377432346344,
      "cvar": 1.1917109489440918
    },
    "(0.75, 10.0)": {
      "val_loss": 0.4207078814506531,
      "val_eval": 0.48256269097328186,
      "epoch": 26,
      "mse": 0.48256269097328186,
      "w2_global": 0.24499472975730896,
      "cvar": 1.2671277523040771
    },
    "(0.99, 0.1)": {
      "val_loss": 0.3069935142993927,
      "val_eval": 0.3305976986885071,
      "epoch": 30,
      "mse": 0.3305976986885071,
      "w2_global": 0.14503097534179688,
      "cvar": 0.8601048588752747
    },
    "(0.99, 1.0)": {
      "val_loss": 0.31398332118988037,
      "val_eval": 0.3276965618133545,
      "epoch": 29,
      "mse": 0.3276965618133545,
      "w2_global": 0.09639756381511688,
      "cvar": 0.8686145544052124
    },
    "(0.99, 5.0)": {
      "val_loss": 0.35761913657188416,
      "val_eval": 0.3595820963382721,
      "epoch": 30,
      "mse": 0.3595820963382721,
      "w2_global": 0.10641292482614517,
      "cvar": 0.9210759997367859
    },
    "(0.99, 10.0)": {
      "val_loss": 0.3076481223106384,
      "val_eval": 0.3204125165939331,
      "epoch": 30,
      "mse": 0.3204125165939331,
      "w2_global": 0.11556407064199448,
      "cvar": 0.8205358386039734
    }
  }
}