{
  "train": {
    "mse": 0.35528796911239624,
    "rmse": 0.5960603737142709,
    "mae": 0.41813212633132935,
    "w2_global": 0.11811121553182602,
    "ae_summary": {
      "mean": 0.41813212633132935,
      "std": 0.4247981905937195,
      "min": 5.099177360534668e-05,
      "max": 6.130679130554199,
      "p50": 0.2978218197822571,
      "p90": 0.9151644706726074,
      "p95": 1.2140297889709473,
      "p99": 2.0666074752807617
    },
    "se_summary": {
      "mean": 0.35528796911239624,
      "std": 0.9764459729194641,
      "min": 2.6001609754189303e-09,
      "max": 37.585227966308594,
      "p50": 0.08869783580303192,
      "p90": 0.8375261425971985,
      "p95": 1.4738683700561523,
      "p99": 4.270867347717285
    }
  },
  "val": {
    "mse": 0.3204125165939331,
    "rmse": 0.5660499241179466,
    "mae": 0.4193603992462158,
    "w2_global": 0.11556407064199448,
    "ae_summary": {
      "mean": 0.4193603992462158,
      "std": 0.3801965117454529,
      "min": 0.00011754035949707031,
      "max": 4.328612327575684,
      "p50": 0.3156507611274719,
      "p90": 0.9058336019515991,
      "p95": 1.150232195854187,
      "p99": 1.7016111612319946
    },
    "se_summary": {
      "mean": 0.3204125165939331,
      "std": 0.7104814648628235,
      "min": 1.3815736110700527e-08,
      "max": 18.73688507080078,
      "p50": 0.09963539987802505,
      "p90": 0.8205358386039734,
      "p95": 1.3230379819869995,
      "p99": 2.8955085277557373
    }
  },
  "test": {
    "mse": 0.407866507768631,
    "rmse": 0.6386442732606556,
    "mae": 0.4650678336620331,
    "w2_global": 0.12587159872055054,
    "ae_summary": {
      "mean": 0.4650678336620331,
      "std": 0.43769675493240356,
      "min": 0.0001302659511566162,
      "max": 3.8156535625457764,
      "p50": 0.34730541706085205,
      "p90": 1.0139660835266113,
      "p95": 1.2956737279891968,
      "p99": 2.1390364170074463
    },
    "se_summary": {
      "mean": 0.407866507768631,
      "std": 0.9178420901298523,
      "min": 1.69692171425595e-08,
      "max": 14.559211730957031,
      "p50": 0.12062105536460876,
      "p90": 1.0281273126602173,
      "p95": 1.6787705421447754,
      "p99": 4.575503349304199
    }
  }
}