{
  "train": {
    "mse": 0.0,
    "rmse": 0.0,
    "mae": 0.0,
    "w2_global": 0.61153644323349,
    "ae_summary": {
      "mean": 0.0,
      "std": 0.0,
      "min": 0.0,
      "max": 0.0,
      "p50": 0.0,
      "p90": 0.0,
      "p95": 0.0,
      "p99": 0.0
    },
    "se_summary": {
      "mean": 0.0,
      "std": 0.0,
      "min": 0.0,
      "max": 0.0,
      "p50": 0.0,
      "p90": 0.0,
      "p95": 0.0,
      "p99": 0.0
    }
  },
  "val": {
    "mse": 1.0588934421539307,
    "rmse": 1.0290254817806654,
    "mae": 0.7967956066131592,
    "w2_global": 0.501375138759613,
    "ae_summary": {
      "mean": 0.7967956066131592,
      "std": 0.6511605381965637,
      "min": 0.0,
      "max": 7.479979991912842,
      "p50": 0.6575742959976196,
      "p90": 1.6581413745880127,
      "p95": 1.981087565422058,
      "p99": 2.789069652557373
    },
    "se_summary": {
      "mean": 1.0588934421539307,
      "std": 2.04752254486084,
      "min": 0.0,
      "max": 55.95009994506836,
      "p50": 0.43240395188331604,
      "p90": 2.7494328022003174,
      "p95": 3.924708366394043,
      "p99": 7.778939247131348
    }
  },
  "test": {
    "mse": 1.0060323476791382,
    "rmse": 1.003011638855272,
    "mae": 0.7747399210929871,
    "w2_global": 0.5642197132110596,
    "ae_summary": {
      "mean": 0.7747399210929871,
      "std": 0.6370325088500977,
      "min": 0.0,
      "max": 5.522313117980957,
      "p50": 0.6246683597564697,
      "p90": 1.618619441986084,
      "p95": 1.9558587074279785,
      "p99": 2.8549420833587646
    },
    "se_summary": {
      "mean": 1.0060323476791382,
      "std": 1.7774044275283813,
      "min": 0.0,
      "max": 30.495943069458008,
      "p50": 0.3902105689048767,
      "p90": 2.6199285984039307,
      "p95": 3.825383424758911,
      "p99": 8.15069580078125
    }
  }
}