{
  "train": {
    "mse": 0.3746556043624878,
    "rmse": 0.6120911732434048,
    "mae": 0.39423424005508423,
    "w2_global": 0.0497765988111496,
    "ae_summary": {
      "mean": 0.39423424005508423,
      "std": 0.46822530031204224,
      "min": 5.960464477539063e-08,
      "max": 35.42253112792969,
      "p50": 0.2595142424106598,
      "p90": 0.8924381732940674,
      "p95": 1.198757529258728,
      "p99": 2.038201332092285
    },
    "se_summary": {
      "mean": 0.3746556043624878,
      "std": 4.1557297706604,
      "min": 3.552713678800501e-15,
      "max": 1254.7557373046875,
      "p50": 0.06734763830900192,
      "p90": 0.796445906162262,
      "p95": 1.4370195865631104,
      "p99": 4.154263973236084
    }
  },
  "val": {
    "mse": 0.458469033241272,
    "rmse": 0.6771034139932186,
    "mae": 0.447994202375412,
    "w2_global": 0.02808140031993389,
    "ae_summary": {
      "mean": 0.447994202375412,
      "std": 0.5077107548713684,
      "min": 2.9027462005615234e-05,
      "max": 7.066673755645752,
      "p50": 0.2999129891395569,
      "p90": 1.0261038541793823,
      "p95": 1.3389583826065063,
      "p99": 2.2465648651123047
    },
    "se_summary": {
      "mean": 0.458469033241272,
      "std": 1.7780578136444092,
      "min": 8.42593550487436e-10,
      "max": 49.9378776550293,
      "p50": 0.08994779735803604,
      "p90": 1.052889108657837,
      "p95": 1.7928096055984497,
      "p99": 5.047054290771484
    }
  },
  "test": {
    "mse": 0.5336073040962219,
    "rmse": 0.7304842942159824,
    "mae": 0.4739953577518463,
    "w2_global": 0.04486880078911781,
    "ae_summary": {
      "mean": 0.4739953577518463,
      "std": 0.5558198690414429,
      "min": 4.663318395614624e-05,
      "max": 21.972482681274414,
      "p50": 0.3072960078716278,
      "p90": 1.088486671447754,
      "p95": 1.4529169797897339,
      "p99": 2.4201009273529053
    },
    "se_summary": {
      "mean": 0.5336073040962219,
      "std": 4.2317891120910645,
      "min": 2.174653790376624e-09,
      "max": 482.7900085449219,
      "p50": 0.0944308340549469,
      "p90": 1.1848032474517822,
      "p95": 2.1109683513641357,
      "p99": 5.856894493103027
    }
  }
}