{
  "test": {
    "mse": 0.7278380393981934,
    "rmse": 0.8531342446521493,
    "mae": 0.6021794080734253,
    "w2_global": 0.13511240482330322,
    "ae_summary": {
      "mean": 0.6021794080734253,
      "std": 0.6043326258659363,
      "min": 1.5944242477416992e-06,
      "max": 5.065412998199463,
      "p50": 0.4063921570777893,
      "p90": 1.4284203052520752,
      "p95": 1.8172433376312256,
      "p99": 2.688555955886841
    },
    "se_summary": {
      "mean": 0.7278380393981934,
      "std": 1.4857958555221558,
      "min": 2.5421886817866834e-12,
      "max": 25.658409118652344,
      "p50": 0.1651545763015747,
      "p90": 2.0403847694396973,
      "p95": 3.3023734092712402,
      "p99": 7.228334426879883
    }
  }
}