{
  "train": {
    "mse": 0.0,
    "rmse": 0.0,
    "mae": 0.0,
    "w2_global": 2.553518056869507,
    "ae_summary": {
      "mean": 0.0,
      "std": 0.0,
      "min": 0.0,
      "max": 0.0,
      "p50": 0.0,
      "p90": 0.0,
      "p95": 0.0,
      "p99": 0.0
    },
    "se_summary": {
      "mean": 0.0,
      "std": 0.0,
      "min": 0.0,
      "max": 0.0,
      "p50": 0.0,
      "p90": 0.0,
      "p95": 0.0,
      "p99": 0.0
    }
  },
  "val": {
    "mse": 9.217992782592773,
    "rmse": 3.0361147512228146,
    "mae": 2.8574466705322266,
    "w2_global": 2.6995370388031006,
    "ae_summary": {
      "mean": 2.8574466705322266,
      "std": 1.0261534452438354,
      "min": 0.007573366165161133,
      "max": 7.612654685974121,
      "p50": 2.6964662075042725,
      "p90": 4.3729963302612305,
      "p95": 4.798258304595947,
      "p99": 4.962329387664795
    },
    "se_summary": {
      "mean": 9.217992782592773,
      "std": 6.295048713684082,
      "min": 5.7355875469511375e-05,
      "max": 57.952510833740234,
      "p50": 7.27092981338501,
      "p90": 19.123096466064453,
      "p95": 23.023279190063477,
      "p99": 24.624740600585938
    }
  },
  "test": {
    "mse": 7.651890754699707,
    "rmse": 2.7662051179729437,
    "mae": 2.569112539291382,
    "w2_global": 2.4111502170562744,
    "ae_summary": {
      "mean": 2.569112539291382,
      "std": 1.025451898574829,
      "min": 0.014559745788574219,
      "max": 6.998287677764893,
      "p50": 2.5812888145446777,
      "p90": 3.8210315704345703,
      "p95": 4.246772289276123,
      "p99": 5.156794548034668
    },
    "se_summary": {
      "mean": 7.651890754699707,
      "std": 5.671128273010254,
      "min": 0.0002119862037943676,
      "max": 48.97603225708008,
      "p50": 6.663051605224609,
      "p90": 14.600282669067383,
      "p95": 18.03507423400879,
      "p99": 26.59253692626953
    }
  }
}