{
  "test": {
    "mse": 0.2642139196395874,
    "rmse": 0.5140174312604461,
    "mae": 0.2284669131040573,
    "w2_global": 0.04186861217021942,
    "ae_summary": {
      "mean": 0.2284669131040573,
      "std": 0.4604528248310089,
      "min": 2.9802322387695312e-08,
      "max": 11.069129943847656,
      "p50": 0.045031070709228516,
      "p90": 0.651783287525177,
      "p95": 1.054316520690918,
      "p99": 2.236506223678589
    },
    "se_summary": {
      "mean": 0.2642139196395874,
      "std": 1.4719810485839844,
      "min": 8.881784197001252e-16,
      "max": 122.525634765625,
      "p50": 0.002027797279879451,
      "p90": 0.4248214662075043,
      "p95": 1.1115834712982178,
      "p99": 5.001959800720215
    }
  }
}