{
  "best_alpha": 0.99,
  "best_gamma": 0.1,
  "alpha_grid": [
    0.99
  ],
  "gamma_grid": [
    0.1
  ],
  "results": {
    "(0.99, 0.1)": {
      "val_loss": 0.36345353722572327,
      "val_eval": 1.2377222180366516,
      "epoch": 30,
      "mse": 1.2377222180366516
    }
  },
  "standalone_mode": true
}