{
  "train": {
    "mse": 0.31092411279678345,
    "rmse": 0.5576056965246889,
    "mae": 0.44239792227745056,
    "w2_global": 0.41074487566947937,
    "ae_summary": {
      "mean": 0.44239792227745056,
      "std": 0.339423269033432,
      "min": 7.033348083496094e-06,
      "max": 2.700202226638794,
      "p50": 0.37097877264022827,
      "p90": 0.9160134792327881,
      "p95": 1.0960893630981445,
      "p99": 1.466163992881775
    },
    "se_summary": {
      "mean": 0.31092411279678345,
      "std": 0.45375919342041016,
      "min": 4.9467985263618175e-11,
      "max": 7.2910919189453125,
      "p50": 0.13762524724006653,
      "p90": 0.8390807509422302,
      "p95": 1.2014119625091553,
      "p99": 2.14963698387146
    }
  },
  "val": {
    "mse": 1.2705942392349243,
    "rmse": 1.1272063871514055,
    "mae": 0.9158686399459839,
    "w2_global": 0.41851118206977844,
    "ae_summary": {
      "mean": 0.9158686399459839,
      "std": 0.6570988297462463,
      "min": 9.506940841674805e-06,
      "max": 4.749948501586914,
      "p50": 0.8124596476554871,
      "p90": 1.785836935043335,
      "p95": 2.135529041290283,
      "p99": 2.9598047733306885
    },
    "se_summary": {
      "mean": 1.2705942392349243,
      "std": 1.7509729862213135,
      "min": 9.038192416710444e-11,
      "max": 22.56201171875,
      "p50": 0.6600906848907471,
      "p90": 3.189213514328003,
      "p95": 4.560483932495117,
      "p99": 8.760444641113281
    }
  },
  "test": {
    "mse": 1.2342886924743652,
    "rmse": 1.1109854600643365,
    "mae": 0.8948695659637451,
    "w2_global": 0.40481260418891907,
    "ae_summary": {
      "mean": 0.8948695659637451,
      "std": 0.6584051251411438,
      "min": 2.294778823852539e-06,
      "max": 4.584293365478516,
      "p50": 0.7777408361434937,
      "p90": 1.7754521369934082,
      "p95": 2.1434714794158936,
      "p99": 2.960151433944702
    },
    "se_summary": {
      "mean": 1.2342886924743652,
      "std": 1.7449876070022583,
      "min": 5.2660098504020425e-12,
      "max": 21.015745162963867,
      "p50": 0.6048808097839355,
      "p90": 3.1522302627563477,
      "p95": 4.594470500946045,
      "p99": 8.762495994567871
    }
  }
}