{
  "best_alpha": 0.99,
  "best_gamma": 0.1,
  "alpha_grid": [
    0.01,
    0.25,
    0.5,
    0.75,
    0.99
  ],
  "gamma_grid": [
    0.1,
    1.0,
    5.0,
    10.0
  ],
  "results": {
    "(0.01, 0.1)": {
      "val_loss": 0.6001540720462799,
      "val_eval": 0.7735426127910614,
      "epoch": 28,
      "mse": 0.6572175025939941,
      "w2_global": 0.2652283012866974,
      "cvar": 1.6994043588638306
    },
    "(0.01, 1.0)": {
      "val_loss": 0.5879102051258087,
      "val_eval": 0.7622833251953125,
      "epoch": 30,
      "mse": 0.6561362743377686,
      "w2_global": 0.2588876485824585,
      "cvar": 1.6891099214553833
    },
    "(0.01, 5.0)": {
      "val_loss": 0.5906638205051422,
      "val_eval": 0.7762581408023834,
      "epoch": 28,
      "mse": 0.664219856262207,
      "w2_global": 0.2666090130805969,
      "cvar": 1.7405979633331299
    },
    "(0.01, 10.0)": {
      "val_loss": 0.5917116701602936,
      "val_eval": 0.7694845497608185,
      "epoch": 24,
      "mse": 0.6556221842765808,
      "w2_global": 0.2711470425128937,
      "cvar": 1.7111430168151855
    },
    "(0.25, 0.1)": {
      "val_loss": 0.5500971376895905,
      "val_eval": 0.7257223427295685,
      "epoch": 28,
      "mse": 0.6230711936950684,
      "w2_global": 0.2625468969345093,
      "cvar": 1.5926951169967651
    },
    "(0.25, 1.0)": {
      "val_loss": 0.5775883495807648,
      "val_eval": 0.7405460774898529,
      "epoch": 22,
      "mse": 0.6334964036941528,
      "w2_global": 0.2612462639808655,
      "cvar": 1.6109999418258667
    },
    "(0.25, 5.0)": {
      "val_loss": 0.5524448603391647,
      "val_eval": 0.7058690786361694,
      "epoch": 14,
      "mse": 0.6180347204208374,
      "w2_global": 0.2745128571987152,
      "cvar": 1.584547519683838
    },
    "(0.25, 10.0)": {
      "val_loss": 0.5361230671405792,
      "val_eval": 0.710308849811554,
      "epoch": 26,
      "mse": 0.6146829128265381,
      "w2_global": 0.26074597239494324,
      "cvar": 1.5897190570831299
    },
    "(0.5, 0.1)": {
      "val_loss": 0.4646136462688446,
      "val_eval": 0.6284493803977966,
      "epoch": 30,
      "mse": 0.545563280582428,
      "w2_global": 0.257931649684906,
      "cvar": 1.3952113389968872
    },
    "(0.5, 1.0)": {
      "val_loss": 0.46992963552474976,
      "val_eval": 0.6353298723697662,
      "epoch": 29,
      "mse": 0.5470263957977295,
      "w2_global": 0.26094475388526917,
      "cvar": 1.385957956314087
    },
    "(0.5, 5.0)": {
      "val_loss": 0.44723978638648987,
      "val_eval": 0.6140784621238708,
      "epoch": 21,
      "mse": 0.5241312980651855,
      "w2_global": 0.2531266510486603,
      "cvar": 1.3672020435333252
    },
    "(0.5, 10.0)": {
      "val_loss": 0.4789661467075348,
      "val_eval": 0.6427024602890015,
      "epoch": 30,
      "mse": 0.5537267923355103,
      "w2_global": 0.26228034496307373,
      "cvar": 1.4212075471878052
    },
    "(0.75, 0.1)": {
      "val_loss": 0.32308927178382874,
      "val_eval": 0.4582284092903137,
      "epoch": 30,
      "mse": 0.410747230052948,
      "w2_global": 0.22946318984031677,
      "cvar": 1.0364692211151123
    },
    "(0.75, 1.0)": {
      "val_loss": 0.32931430637836456,
      "val_eval": 0.4483547806739807,
      "epoch": 28,
      "mse": 0.40415334701538086,
      "w2_global": 0.21999263763427734,
      "cvar": 1.0302410125732422
    },
    "(0.75, 5.0)": {
      "val_loss": 0.3454330116510391,
      "val_eval": 0.47466666996479034,
      "epoch": 27,
      "mse": 0.4193185865879059,
      "w2_global": 0.22882968187332153,
      "cvar": 1.064252257347107
    },
    "(0.75, 10.0)": {
      "val_loss": 0.3396040201187134,
      "val_eval": 0.4611484557390213,
      "epoch": 27,
      "mse": 0.4077807366847992,
      "w2_global": 0.2273108959197998,
      "cvar": 1.0508860349655151
    },
    "(0.99, 0.1)": {
      "val_loss": 0.16933687776327133,
      "val_eval": 0.2006376013159752,
      "epoch": 30,
      "mse": 0.17120546102523804,
      "w2_global": 0.09688553959131241,
      "cvar": 0.4156092405319214
    },
    "(0.99, 1.0)": {
      "val_loss": 0.1672268584370613,
      "val_eval": 0.20671354979276657,
      "epoch": 30,
      "mse": 0.18384136259555817,
      "w2_global": 0.10859397053718567,
      "cvar": 0.42820507287979126
    },
    "(0.99, 5.0)": {
      "val_loss": 0.16521861404180527,
      "val_eval": 0.2019079402089119,
      "epoch": 30,
      "mse": 0.18014313280582428,
      "w2_global": 0.10947740823030472,
      "cvar": 0.4300200939178467
    },
    "(0.99, 10.0)": {
      "val_loss": 0.1754452958703041,
      "val_eval": 0.21690769493579865,
      "epoch": 30,
      "mse": 0.18759705126285553,
      "w2_global": 0.1000613421201706,
      "cvar": 0.4533495604991913
    }
  }
}