{
  "train": {
    "mse": 0.13443514704704285,
    "rmse": 0.3666539881782862,
    "mae": 0.26057252287864685,
    "w2_global": 0.10136602818965912,
    "ae_summary": {
      "mean": 0.26057252287864685,
      "std": 0.2579478323459625,
      "min": 1.150369644165039e-05,
      "max": 4.402140140533447,
      "p50": 0.19329430162906647,
      "p90": 0.5515344142913818,
      "p95": 0.716578483581543,
      "p99": 1.2063086032867432
    },
    "se_summary": {
      "mean": 0.13443514704704285,
      "std": 0.402042031288147,
      "min": 1.3233503182163986e-10,
      "max": 19.37883758544922,
      "p50": 0.03736268728971481,
      "p90": 0.3041902184486389,
      "p95": 0.51348477602005,
      "p99": 1.45518159866333
    }
  },
  "val": {
    "mse": 0.17120546102523804,
    "rmse": 0.4137698164743751,
    "mae": 0.29406845569610596,
    "w2_global": 0.09688553959131241,
    "ae_summary": {
      "mean": 0.29406845569610596,
      "std": 0.2910827696323395,
      "min": 3.463029861450195e-05,
      "max": 3.5015125274658203,
      "p50": 0.21226197481155396,
      "p90": 0.6446774005889893,
      "p95": 0.8490116596221924,
      "p99": 1.376039981842041
    },
    "se_summary": {
      "mean": 0.17120546102523804,
      "std": 0.4508296251296997,
      "min": 1.1992575821295759e-09,
      "max": 12.260589599609375,
      "p50": 0.045055169612169266,
      "p90": 0.4156092405319214,
      "p95": 0.7208207845687866,
      "p99": 1.8934861421585083
    }
  },
  "test": {
    "mse": 0.1707097887992859,
    "rmse": 0.4131704113308283,
    "mae": 0.2960425019264221,
    "w2_global": 0.09002591669559479,
    "ae_summary": {
      "mean": 0.2960425019264221,
      "std": 0.2882162928581238,
      "min": 2.35140323638916e-05,
      "max": 3.0252556800842285,
      "p50": 0.21627414226531982,
      "p90": 0.6477817893028259,
      "p95": 0.8376176953315735,
      "p99": 1.361359715461731
    },
    "se_summary": {
      "mean": 0.1707097887992859,
      "std": 0.41780057549476624,
      "min": 5.529097180101417e-10,
      "max": 9.152172088623047,
      "p50": 0.04677450284361839,
      "p90": 0.4196212589740753,
      "p95": 0.7016034126281738,
      "p99": 1.8533127307891846
    }
  }
}