{
  "train": {
    "mse": 0.0,
    "rmse": 0.0,
    "mae": 0.0,
    "w2_global": 0.198065847158432,
    "ae_summary": {
      "mean": 0.0,
      "std": 0.0,
      "min": 0.0,
      "max": 0.0,
      "p50": 0.0,
      "p90": 0.0,
      "p95": 0.0,
      "p99": 0.0
    },
    "se_summary": {
      "mean": 0.0,
      "std": 0.0,
      "min": 0.0,
      "max": 0.0,
      "p50": 0.0,
      "p90": 0.0,
      "p95": 0.0,
      "p99": 0.0
    }
  },
  "val": {
    "mse": 1.1526237726211548,
    "rmse": 1.0736031727883235,
    "mae": 0.7539981007575989,
    "w2_global": 0.1520681083202362,
    "ae_summary": {
      "mean": 0.7539981007575989,
      "std": 0.7642713189125061,
      "min": 8.189678192138672e-05,
      "max": 6.178918838500977,
      "p50": 0.5639463067054749,
      "p90": 1.570427656173706,
      "p95": 2.1677372455596924,
      "p99": 3.9998059272766113
    },
    "se_summary": {
      "mean": 1.1526237726211548,
      "std": 2.9558753967285156,
      "min": 6.7070828890791745e-09,
      "max": 38.179039001464844,
      "p50": 0.31803542375564575,
      "p90": 2.4662437438964844,
      "p95": 4.699088096618652,
      "p99": 15.998612403869629
    }
  },
  "test": {
    "mse": 0.665020227432251,
    "rmse": 0.8154877236551455,
    "mae": 0.5688159465789795,
    "w2_global": 0.13119973242282867,
    "ae_summary": {
      "mean": 0.5688159465789795,
      "std": 0.5843531489372253,
      "min": 6.161630153656006e-05,
      "max": 9.13460636138916,
      "p50": 0.40310144424438477,
      "p90": 1.2495267391204834,
      "p95": 1.6684776544570923,
      "p99": 2.698307752609253
    },
    "se_summary": {
      "mean": 0.665020227432251,
      "std": 2.1123530864715576,
      "min": 3.7965683929996885e-09,
      "max": 83.44103240966797,
      "p50": 0.16249077022075653,
      "p90": 1.5613198280334473,
      "p95": 2.783818006515503,
      "p99": 7.281111717224121
    }
  }
}