{
  "train": {
    "mse": 0.0,
    "rmse": 0.0,
    "mae": 0.0,
    "w2_global": 0.03696955740451813,
    "ae_summary": {
      "mean": 0.0,
      "std": 0.0,
      "min": 0.0,
      "max": 0.0,
      "p50": 0.0,
      "p90": 0.0,
      "p95": 0.0,
      "p99": 0.0
    },
    "se_summary": {
      "mean": 0.0,
      "std": 0.0,
      "min": 0.0,
      "max": 0.0,
      "p50": 0.0,
      "p90": 0.0,
      "p95": 0.0,
      "p99": 0.0
    }
  },
  "val": {
    "mse": 0.8290321230888367,
    "rmse": 0.9105120115016807,
    "mae": 0.3676165044307709,
    "w2_global": 0.07280930131673813,
    "ae_summary": {
      "mean": 0.3676165044307709,
      "std": 0.8330007195472717,
      "min": 0.0,
      "max": 23.935646057128906,
      "p50": 0.20949022471904755,
      "p90": 0.7830420732498169,
      "p95": 1.0594456195831299,
      "p99": 2.3869380950927734
    },
    "se_summary": {
      "mean": 0.8290321230888367,
      "std": 13.139029502868652,
      "min": 0.0,
      "max": 572.9151611328125,
      "p50": 0.04388616979122162,
      "p90": 0.6131548881530762,
      "p95": 1.1224253177642822,
      "p99": 5.699301719665527
    }
  },
  "test": {
    "mse": 1.251942753791809,
    "rmse": 1.118902477337417,
    "mae": 0.38561317324638367,
    "w2_global": 0.07569518685340881,
    "ae_summary": {
      "mean": 0.38561317324638367,
      "std": 1.0503548383712769,
      "min": 0.0,
      "max": 36.822689056396484,
      "p50": 0.21916243433952332,
      "p90": 0.7690099477767944,
      "p95": 1.0547784566879272,
      "p99": 2.6427927017211914
    },
    "se_summary": {
      "mean": 1.251942753791809,
      "std": 24.491769790649414,
      "min": 0.0,
      "max": 1355.910400390625,
      "p50": 0.04803217202425003,
      "p90": 0.5913763046264648,
      "p95": 1.1125614643096924,
      "p99": 6.984610080718994
    }
  }
}