{
  "train": {
    "mse": 0.0,
    "rmse": 0.0,
    "mae": 0.0,
    "w2_global": 0.22584867477416992,
    "ae_summary": {
      "mean": 0.0,
      "std": 0.0,
      "min": 0.0,
      "max": 0.0,
      "p50": 0.0,
      "p90": 0.0,
      "p95": 0.0,
      "p99": 0.0
    },
    "se_summary": {
      "mean": 0.0,
      "std": 0.0,
      "min": 0.0,
      "max": 0.0,
      "p50": 0.0,
      "p90": 0.0,
      "p95": 0.0,
      "p99": 0.0
    }
  },
  "val": {
    "mse": 1.203949213027954,
    "rmse": 1.0972461952670212,
    "mae": 0.7024148106575012,
    "w2_global": 0.24947576224803925,
    "ae_summary": {
      "mean": 0.7024148106575012,
      "std": 0.842948853969574,
      "min": 2.5004148483276367e-05,
      "max": 20.85610008239746,
      "p50": 0.5028095245361328,
      "p90": 1.4827860593795776,
      "p95": 1.8881628513336182,
      "p99": 3.347764492034912
    },
    "se_summary": {
      "mean": 1.203949213027954,
      "std": 8.317317962646484,
      "min": 6.252074413737319e-10,
      "max": 434.9768981933594,
      "p50": 0.25281742215156555,
      "p90": 2.1986544132232666,
      "p95": 3.5651588439941406,
      "p99": 11.207660675048828
    }
  },
  "test": {
    "mse": 1.8198555707931519,
    "rmse": 1.3490202262357491,
    "mae": 0.7303888201713562,
    "w2_global": 0.3674529790878296,
    "ae_summary": {
      "mean": 0.7303888201713562,
      "std": 1.134190320968628,
      "min": 1.990795135498047e-05,
      "max": 38.41730499267578,
      "p50": 0.5252590179443359,
      "p90": 1.4690179824829102,
      "p95": 1.8446193933486938,
      "p99": 3.3191399574279785
    },
    "se_summary": {
      "mean": 1.8198555707931519,
      "std": 24.02940559387207,
      "min": 3.963265271522687e-10,
      "max": 1475.8892822265625,
      "p50": 0.2758970856666565,
      "p90": 2.1580135822296143,
      "p95": 3.402620553970337,
      "p99": 11.016697883605957
    }
  }
}