{
  "train": {
    "mse": 0.0,
    "rmse": 0.0,
    "mae": 0.0,
    "w2_global": 0.08191704750061035,
    "ae_summary": {
      "mean": 0.0,
      "std": 0.0,
      "min": 0.0,
      "max": 0.0,
      "p50": 0.0,
      "p90": 0.0,
      "p95": 0.0,
      "p99": 0.0
    },
    "se_summary": {
      "mean": 0.0,
      "std": 0.0,
      "min": 0.0,
      "max": 0.0,
      "p50": 0.0,
      "p90": 0.0,
      "p95": 0.0,
      "p99": 0.0
    }
  },
  "val": {
    "mse": 1.0292797088623047,
    "rmse": 1.0145342324743432,
    "mae": 0.646353542804718,
    "w2_global": 0.06318012624979019,
    "ae_summary": {
      "mean": 0.646353542804718,
      "std": 0.7819890379905701,
      "min": 1.1444091796875e-05,
      "max": 10.300878524780273,
      "p50": 0.4300381541252136,
      "p90": 1.5105750560760498,
      "p95": 1.856573462486267,
      "p99": 3.63173770904541
    },
    "se_summary": {
      "mean": 1.0292797088623047,
      "std": 3.893465995788574,
      "min": 1.3096723705530167e-10,
      "max": 106.10810089111328,
      "p50": 0.18493281304836273,
      "p90": 2.281837224960327,
      "p95": 3.4468748569488525,
      "p99": 13.189523696899414
    }
  },
  "test": {
    "mse": 1.1571567058563232,
    "rmse": 1.0757121854177925,
    "mae": 0.6321298480033875,
    "w2_global": 0.06891841441392899,
    "ae_summary": {
      "mean": 0.6321298480033875,
      "std": 0.870384156703949,
      "min": 8.887052536010742e-05,
      "max": 20.651653289794922,
      "p50": 0.40532612800598145,
      "p90": 1.4700615406036377,
      "p95": 1.9188932180404663,
      "p99": 3.5894036293029785
    },
    "se_summary": {
      "mean": 1.1571567058563232,
      "std": 8.5052490234375,
      "min": 7.897970277781496e-09,
      "max": 426.49078369140625,
      "p50": 0.16428926587104797,
      "p90": 2.161081314086914,
      "p95": 3.6821510791778564,
      "p99": 12.883822441101074
    }
  }
}