{
  "train": {
    "mse": 0.0,
    "rmse": 0.0,
    "mae": 0.0,
    "w2_global": 0.390033096075058,
    "ae_summary": {
      "mean": 0.0,
      "std": 0.0,
      "min": 0.0,
      "max": 0.0,
      "p50": 0.0,
      "p90": 0.0,
      "p95": 0.0,
      "p99": 0.0
    },
    "se_summary": {
      "mean": 0.0,
      "std": 0.0,
      "min": 0.0,
      "max": 0.0,
      "p50": 0.0,
      "p90": 0.0,
      "p95": 0.0,
      "p99": 0.0
    }
  },
  "val": {
    "mse": 1.1189862489700317,
    "rmse": 1.05782146365539,
    "mae": 0.6673332452774048,
    "w2_global": 0.3936566412448883,
    "ae_summary": {
      "mean": 0.6673332452774048,
      "std": 0.8207635283470154,
      "min": 4.78699803352356e-07,
      "max": 10.562559127807617,
      "p50": 0.3456422686576843,
      "p90": 1.8419562578201294,
      "p95": 2.3066935539245605,
      "p99": 3.57295823097229
    },
    "se_summary": {
      "mean": 1.1189862489700317,
      "std": 2.884711265563965,
      "min": 2.2915350172958426e-13,
      "max": 111.56765747070312,
      "p50": 0.1194685846567154,
      "p90": 3.3928029537200928,
      "p95": 5.320835590362549,
      "p99": 12.766031265258789
    }
  },
  "test": {
    "mse": 1.0224987268447876,
    "rmse": 1.011186791272902,
    "mae": 0.6347983479499817,
    "w2_global": 0.3697144389152527,
    "ae_summary": {
      "mean": 0.6347983479499817,
      "std": 0.7871021628379822,
      "min": 4.6938657760620117e-07,
      "max": 11.752481460571289,
      "p50": 0.32147446274757385,
      "p90": 1.7784494161605835,
      "p95": 2.265744924545288,
      "p99": 3.388033866882324
    },
    "se_summary": {
      "mean": 1.0224987268447876,
      "std": 2.6041059494018555,
      "min": 2.2032375923686232e-13,
      "max": 138.12081909179688,
      "p50": 0.1033458337187767,
      "p90": 3.1628823280334473,
      "p95": 5.133600234985352,
      "p99": 11.478774070739746
    }
  }
}