{
  "train": {
    "mse": 0.3051327168941498,
    "rmse": 0.552388194021333,
    "mae": 0.4097058176994324,
    "w2_global": 0.50758296251297,
    "ae_summary": {
      "mean": 0.4097058176994324,
      "std": 0.37050482630729675,
      "min": 6.967782974243164e-05,
      "max": 3.6086621284484863,
      "p50": 0.31504499912261963,
      "p90": 0.8628129959106445,
      "p95": 1.0909682512283325,
      "p99": 1.7556408643722534
    },
    "se_summary": {
      "mean": 0.3051327168941498,
      "std": 0.6833153367042542,
      "min": 4.854999957615291e-09,
      "max": 13.022442817687988,
      "p50": 0.099253349006176,
      "p90": 0.7444462776184082,
      "p95": 1.1902117729187012,
      "p99": 3.082274913787842
    }
  },
  "val": {
    "mse": 0.6240845918655396,
    "rmse": 0.789990247955973,
    "mae": 0.5919108986854553,
    "w2_global": 0.5157153606414795,
    "ae_summary": {
      "mean": 0.5919108986854553,
      "std": 0.5231882929801941,
      "min": 0.00019109249114990234,
      "max": 7.635774612426758,
      "p50": 0.47073882818222046,
      "p90": 1.2269052267074585,
      "p95": 1.5256762504577637,
      "p99": 2.3055129051208496
    },
    "se_summary": {
      "mean": 0.6240845918655396,
      "std": 1.6485308408737183,
      "min": 3.6516340173875506e-08,
      "max": 58.3050537109375,
      "p50": 0.22159504890441895,
      "p90": 1.5052965879440308,
      "p95": 2.327687978744507,
      "p99": 5.315390110015869
    }
  },
  "test": {
    "mse": 0.6381189823150635,
    "rmse": 0.7988234988500673,
    "mae": 0.5979769825935364,
    "w2_global": 0.531340479850769,
    "ae_summary": {
      "mean": 0.5979769825935364,
      "std": 0.529662549495697,
      "min": 2.2470951080322266e-05,
      "max": 5.051566123962402,
      "p50": 0.4731093645095825,
      "p90": 1.2429828643798828,
      "p95": 1.5710638761520386,
      "p99": 2.504854202270508
    },
    "se_summary": {
      "mean": 0.6381189823150635,
      "std": 1.3804543018341064,
      "min": 5.049436424542364e-10,
      "max": 25.518320083618164,
      "p50": 0.22383247315883636,
      "p90": 1.545006513595581,
      "p95": 2.4682421684265137,
      "p99": 6.274296760559082
    }
  }
}