{
  "train": {
    "mse": 0.0,
    "rmse": 0.0,
    "mae": 0.0,
    "w2_global": 0.11620263010263443,
    "ae_summary": {
      "mean": 0.0,
      "std": 0.0,
      "min": 0.0,
      "max": 0.0,
      "p50": 0.0,
      "p90": 0.0,
      "p95": 0.0,
      "p99": 0.0
    },
    "se_summary": {
      "mean": 0.0,
      "std": 0.0,
      "min": 0.0,
      "max": 0.0,
      "p50": 0.0,
      "p90": 0.0,
      "p95": 0.0,
      "p99": 0.0
    }
  },
  "val": {
    "mse": 1.480506420135498,
    "rmse": 1.2167606256513637,
    "mae": 0.8682864904403687,
    "w2_global": 0.19872961938381195,
    "ae_summary": {
      "mean": 0.8682864904403687,
      "std": 0.8523995280265808,
      "min": 1.6838312149047852e-06,
      "max": 10.660429954528809,
      "p50": 0.6022723913192749,
      "p90": 2.0087664127349854,
      "p95": 2.5601117610931396,
      "p99": 3.8523242473602295
    },
    "se_summary": {
      "mean": 1.480506420135498,
      "std": 3.2731995582580566,
      "min": 2.8352875602877248e-12,
      "max": 113.64476776123047,
      "p50": 0.36273205280303955,
      "p90": 4.03514289855957,
      "p95": 6.554171562194824,
      "p99": 14.840402603149414
    }
  },
  "test": {
    "mse": 1.6595567464828491,
    "rmse": 1.2882378454628824,
    "mae": 0.9385568499565125,
    "w2_global": 0.11412102729082108,
    "ae_summary": {
      "mean": 0.9385568499565125,
      "std": 0.882421612739563,
      "min": 1.169741153717041e-06,
      "max": 12.502339363098145,
      "p50": 0.675732433795929,
      "p90": 2.1245248317718506,
      "p95": 2.6923391819000244,
      "p99": 3.9910879135131836
    },
    "se_summary": {
      "mean": 1.6595567464828491,
      "std": 3.4021637439727783,
      "min": 1.3682943666992742e-12,
      "max": 156.30848693847656,
      "p50": 0.45661431550979614,
      "p90": 4.51360559463501,
      "p95": 7.248690605163574,
      "p99": 15.92878246307373
    }
  }
}