{
  "train": {
    "mse": 0.03137416020035744,
    "rmse": 0.17712752524765155,
    "mae": 0.02571197599172592,
    "w2_global": 0.3679526746273041,
    "ae_summary": {
      "mean": 0.02571197599172592,
      "std": 0.17525139451026917,
      "min": 2.7418136596679688e-05,
      "max": 61.305301666259766,
      "p50": 0.024091482162475586,
      "p90": 0.02937835454940796,
      "p95": 0.0313132107257843,
      "p99": 0.03618841990828514
    },
    "se_summary": {
      "mean": 0.03137416020035744,
      "std": 8.200679779052734,
      "min": 7.51754214434186e-10,
      "max": 3758.340087890625,
      "p50": 0.0005803995300084352,
      "p90": 0.0008630877127870917,
      "p95": 0.000980517128482461,
      "p99": 0.0013096017064526677
    }
  },
  "val": {
    "mse": 1.1857049465179443,
    "rmse": 1.0889007973722604,
    "mae": 0.7710012197494507,
    "w2_global": 0.37017562985420227,
    "ae_summary": {
      "mean": 0.7710012197494507,
      "std": 0.76893550157547,
      "min": 3.701448440551758e-05,
      "max": 35.9205436706543,
      "p50": 0.5996524095535278,
      "p90": 1.58713960647583,
      "p95": 2.0009946823120117,
      "p99": 3.175251007080078
    },
    "se_summary": {
      "mean": 1.1857049465179443,
      "std": 8.87916374206543,
      "min": 1.370072055806304e-09,
      "max": 1290.285400390625,
      "p50": 0.3595830202102661,
      "p90": 2.519012212753296,
      "p95": 4.003979682922363,
      "p99": 10.082219123840332
    }
  },
  "test": {
    "mse": 1.147435188293457,
    "rmse": 1.0711840123402967,
    "mae": 0.7675799131393433,
    "w2_global": 0.35480889678001404,
    "ae_summary": {
      "mean": 0.7675799131393433,
      "std": 0.7471655011177063,
      "min": 1.946091651916504e-05,
      "max": 35.83546829223633,
      "p50": 0.594600260257721,
      "p90": 1.5890212059020996,
      "p95": 2.002033233642578,
      "p99": 3.1434216499328613
    },
    "se_summary": {
      "mean": 1.147435188293457,
      "std": 7.923705577850342,
      "min": 3.787272717659107e-10,
      "max": 1284.1807861328125,
      "p50": 0.3535494804382324,
      "p90": 2.5249881744384766,
      "p95": 4.008136749267578,
      "p99": 9.881099700927734
    }
  }
}