{
  "train": {
    "mse": 2920.838623046875,
    "rmse": 54.04478349523546,
    "mae": 36.86478042602539,
    "w2_global": 0.4221353530883789,
    "ae_summary": {
      "mean": 36.86478042602539,
      "std": 39.51995086669922,
      "min": 0.001558784395456314,
      "max": 564.3065795898438,
      "p50": 26.006080627441406,
      "p90": 78.7152099609375,
      "p95": 110.46823120117188,
      "p99": 197.33116149902344
    },
    "se_summary": {
      "mean": 2920.838623046875,
      "std": 8845.6396484375,
      "min": 2.4298087737406604e-06,
      "max": 318441.90625,
      "p50": 676.3162231445312,
      "p90": 6196.08349609375,
      "p95": 12203.2294921875,
      "p99": 38939.58984375
    }
  },
  "val": {
    "mse": 0.7758210897445679,
    "rmse": 0.8808070672653393,
    "mae": 0.5431462526321411,
    "w2_global": 0.41572263836860657,
    "ae_summary": {
      "mean": 0.5431462526321411,
      "std": 0.6934069991111755,
      "min": 4.708766937255859e-06,
      "max": 48.96529769897461,
      "p50": 0.3481183648109436,
      "p90": 1.251331090927124,
      "p95": 1.6978169679641724,
      "p99": 2.8852481842041016
    },
    "se_summary": {
      "mean": 0.7758210897445679,
      "std": 9.50931167602539,
      "min": 2.2172486069393926e-11,
      "max": 2397.600341796875,
      "p50": 0.12118639051914215,
      "p90": 1.5658295154571533,
      "p95": 2.882582426071167,
      "p99": 8.324657440185547
    }
  },
  "test": {
    "mse": 0.8078738451004028,
    "rmse": 0.8988180266886078,
    "mae": 0.5459191799163818,
    "w2_global": 0.42274197936058044,
    "ae_summary": {
      "mean": 0.5459191799163818,
      "std": 0.714035153388977,
      "min": 2.0265579223632812e-06,
      "max": 38.842620849609375,
      "p50": 0.34673380851745605,
      "p90": 1.259884238243103,
      "p95": 1.7034672498703003,
      "p99": 2.9121077060699463
    },
    "se_summary": {
      "mean": 0.8078738451004028,
      "std": 8.980949401855469,
      "min": 4.106937012693379e-12,
      "max": 1508.7491455078125,
      "p50": 0.12022432684898376,
      "p90": 1.5873081684112549,
      "p95": 2.9018008708953857,
      "p99": 8.480371475219727
    }
  }
}