{
  "train": {
    "mse": 0.0,
    "rmse": 0.0,
    "mae": 0.0,
    "w2_global": 0.2474515438079834,
    "ae_summary": {
      "mean": 0.0,
      "std": 0.0,
      "min": 0.0,
      "max": 0.0,
      "p50": 0.0,
      "p90": 0.0,
      "p95": 0.0,
      "p99": 0.0
    },
    "se_summary": {
      "mean": 0.0,
      "std": 0.0,
      "min": 0.0,
      "max": 0.0,
      "p50": 0.0,
      "p90": 0.0,
      "p95": 0.0,
      "p99": 0.0
    }
  },
  "val": {
    "mse": 0.5451949238777161,
    "rmse": 0.7383731603178139,
    "mae": 0.5257684588432312,
    "w2_global": 0.2650037705898285,
    "ae_summary": {
      "mean": 0.5257684588432312,
      "std": 0.5184230804443359,
      "min": 9.059906005859375e-06,
      "max": 4.211123466491699,
      "p50": 0.3653131127357483,
      "p90": 1.2446671724319458,
      "p95": 1.624428629875183,
      "p99": 2.419008731842041
    },
    "se_summary": {
      "mean": 0.5451949238777161,
      "std": 1.1270244121551514,
      "min": 8.208189683500677e-11,
      "max": 17.73356056213379,
      "p50": 0.13345366716384888,
      "p90": 1.5491963624954224,
      "p95": 2.638768434524536,
      "p99": 5.851603984832764
    }
  },
  "test": {
    "mse": 0.3999456763267517,
    "rmse": 0.6324125839408572,
    "mae": 0.4416925013065338,
    "w2_global": 0.22152653336524963,
    "ae_summary": {
      "mean": 0.4416925013065338,
      "std": 0.45260733366012573,
      "min": 1.2934207916259766e-05,
      "max": 4.039878845214844,
      "p50": 0.30935147404670715,
      "p90": 0.9858782291412354,
      "p95": 1.3622653484344482,
      "p99": 2.2153995037078857
    },
    "se_summary": {
      "mean": 0.3999456763267517,
      "std": 0.967268168926239,
      "min": 1.672937344210368e-10,
      "max": 16.320621490478516,
      "p50": 0.09569833427667618,
      "p90": 0.9719558954238892,
      "p95": 1.855767011642456,
      "p99": 4.907998085021973
    }
  }
}