{
  "train": {
    "mse": 0.0,
    "rmse": 0.0,
    "mae": 0.0,
    "w2_global": 0.06280984729528427,
    "ae_summary": {
      "mean": 0.0,
      "std": 0.0,
      "min": 0.0,
      "max": 0.0,
      "p50": 0.0,
      "p90": 0.0,
      "p95": 0.0,
      "p99": 0.0
    },
    "se_summary": {
      "mean": 0.0,
      "std": 0.0,
      "min": 0.0,
      "max": 0.0,
      "p50": 0.0,
      "p90": 0.0,
      "p95": 0.0,
      "p99": 0.0
    }
  },
  "val": {
    "mse": 1.6605658531188965,
    "rmse": 1.288629447560041,
    "mae": 0.9740275740623474,
    "w2_global": 0.05506598949432373,
    "ae_summary": {
      "mean": 0.9740275740623474,
      "std": 0.8437038064002991,
      "min": 9.721703827381134e-05,
      "max": 9.232647895812988,
      "p50": 0.777294397354126,
      "p90": 2.039142370223999,
      "p95": 2.566248893737793,
      "p99": 3.6965672969818115
    },
    "se_summary": {
      "mean": 1.6605658531188965,
      "std": 3.4299511909484863,
      "min": 9.451152749306857e-09,
      "max": 85.24179077148438,
      "p50": 0.6041865944862366,
      "p90": 4.158101558685303,
      "p95": 6.585634231567383,
      "p99": 13.664610862731934
    }
  },
  "test": {
    "mse": 1.641300916671753,
    "rmse": 1.2811326694264544,
    "mae": 0.9585072994232178,
    "w2_global": 0.06473663449287415,
    "ae_summary": {
      "mean": 0.9585072994232178,
      "std": 0.8500380516052246,
      "min": 2.8848648071289062e-05,
      "max": 22.659557342529297,
      "p50": 0.7552922368049622,
      "p90": 1.9881703853607178,
      "p95": 2.5091545581817627,
      "p99": 3.7976205348968506
    },
    "se_summary": {
      "mean": 1.641300916671753,
      "std": 5.304296493530273,
      "min": 8.322444955410901e-10,
      "max": 513.45556640625,
      "p50": 0.5704663991928101,
      "p90": 3.9528214931488037,
      "p95": 6.295856475830078,
      "p99": 14.42192554473877
    }
  }
}