{
  "train": {
    "mse": 0.0,
    "rmse": 0.0,
    "mae": 0.0,
    "w2_global": 0.11734511703252792,
    "ae_summary": {
      "mean": 0.0,
      "std": 0.0,
      "min": 0.0,
      "max": 0.0,
      "p50": 0.0,
      "p90": 0.0,
      "p95": 0.0,
      "p99": 0.0
    },
    "se_summary": {
      "mean": 0.0,
      "std": 0.0,
      "min": 0.0,
      "max": 0.0,
      "p50": 0.0,
      "p90": 0.0,
      "p95": 0.0,
      "p99": 0.0
    }
  },
  "val": {
    "mse": 0.45393845438957214,
    "rmse": 0.6737495487119618,
    "mae": 0.46720221638679504,
    "w2_global": 0.10406462103128433,
    "ae_summary": {
      "mean": 0.46720221638679504,
      "std": 0.48544877767562866,
      "min": 3.039836883544922e-06,
      "max": 5.610730171203613,
      "p50": 0.31314218044281006,
      "p90": 1.096832513809204,
      "p95": 1.4660656452178955,
      "p99": 2.2647762298583984
    },
    "se_summary": {
      "mean": 0.45393845438957214,
      "std": 1.0730957984924316,
      "min": 9.240608278560103e-12,
      "max": 31.48029327392578,
      "p50": 0.09805802255868912,
      "p90": 1.2030415534973145,
      "p95": 2.149348258972168,
      "p99": 5.129211902618408
    }
  },
  "test": {
    "mse": 0.3071427643299103,
    "rmse": 0.554204623158189,
    "mae": 0.399472713470459,
    "w2_global": 0.09177885204553604,
    "ae_summary": {
      "mean": 0.399472713470459,
      "std": 0.38414108753204346,
      "min": 6.4373016357421875e-06,
      "max": 4.749286651611328,
      "p50": 0.29399847984313965,
      "p90": 0.8739859461784363,
      "p95": 1.1340769529342651,
      "p99": 1.8527404069900513
    },
    "se_summary": {
      "mean": 0.3071427643299103,
      "std": 0.7119404673576355,
      "min": 4.143885234952904e-11,
      "max": 22.555723190307617,
      "p50": 0.08643510937690735,
      "p90": 0.7638514041900635,
      "p95": 1.2861305475234985,
      "p99": 3.4326469898223877
    }
  }
}