{
  "best_alpha": 0.99,
  "best_gamma": 10.0,
  "alpha_grid": [
    0.99
  ],
  "gamma_grid": [
    10.0
  ],
  "results": {
    "(0.99, 10.0)": {
      "val_loss": 0.008893066838097114,
      "val_eval": 1.3386060091165395,
      "epoch": 28,
      "mse": 1.3386060091165395
    }
  },
  "standalone_mode": true
}