{
  "train": {
    "mse": 0.008472059853374958,
    "rmse": 0.09204379312791797,
    "mae": 0.043672285974025726,
    "w2_global": 0.09739270061254501,
    "ae_summary": {
      "mean": 0.043672285974025726,
      "std": 0.08102340251207352,
      "min": 5.960464477539063e-08,
      "max": 36.01844024658203,
      "p50": 0.029419556260108948,
      "p90": 0.09196197986602783,
      "p95": 0.1259119212627411,
      "p99": 0.2366582602262497
    },
    "se_summary": {
      "mean": 0.008472059853374958,
      "std": 1.5334594249725342,
      "min": 3.552713678800501e-15,
      "max": 1297.3280029296875,
      "p50": 0.0008655103156343102,
      "p90": 0.008457005955278873,
      "p95": 0.015853814780712128,
      "p99": 0.056007131934165955
    }
  },
  "val": {
    "mse": 1.3371585607528687,
    "rmse": 1.1563557241406592,
    "mae": 0.8193315267562866,
    "w2_global": 0.08045446127653122,
    "ae_summary": {
      "mean": 0.8193315267562866,
      "std": 0.8159989714622498,
      "min": 2.950429916381836e-05,
      "max": 33.50699234008789,
      "p50": 0.6600593328475952,
      "p90": 1.6479036808013916,
      "p95": 2.0542829036712646,
      "p99": 3.142336368560791
    },
    "se_summary": {
      "mean": 1.3371585607528687,
      "std": 11.82113265991211,
      "min": 8.705036691480927e-10,
      "max": 1122.718505859375,
      "p50": 0.43567830324172974,
      "p90": 2.7155866622924805,
      "p95": 4.220077991485596,
      "p99": 9.874277114868164
    }
  },
  "test": {
    "mse": 1.9038349390029907,
    "rmse": 1.3797952525657533,
    "mae": 0.829373300075531,
    "w2_global": 0.20193171501159668,
    "ae_summary": {
      "mean": 0.829373300075531,
      "std": 1.1027125120162964,
      "min": 2.1070241928100586e-05,
      "max": 128.0098419189453,
      "p50": 0.660341739654541,
      "p90": 1.6895031929016113,
      "p95": 2.0758981704711914,
      "p99": 3.219207286834717
    },
    "se_summary": {
      "mean": 1.9038349390029907,
      "std": 101.19984436035156,
      "min": 4.439550949086879e-10,
      "max": 16386.51953125,
      "p50": 0.4360511898994446,
      "p90": 2.8544206619262695,
      "p95": 4.309353351593018,
      "p99": 10.363300323486328
    }
  }
}