{
  "train": {
    "mse": 2824.08203125,
    "rmse": 53.14209283844587,
    "mae": 41.35750961303711,
    "w2_global": 3.3561744689941406,
    "ae_summary": {
      "mean": 41.35750961303711,
      "std": 33.371219635009766,
      "min": 0.002777695655822754,
      "max": 247.40988159179688,
      "p50": 33.667640686035156,
      "p90": 87.03668212890625,
      "p95": 105.69178771972656,
      "p99": 149.38653564453125
    },
    "se_summary": {
      "mean": 2824.08203125,
      "std": 4541.85302734375,
      "min": 7.715592801105231e-06,
      "max": 61211.6484375,
      "p50": 1133.5098876953125,
      "p90": 7575.38427734375,
      "p95": 11170.7548828125,
      "p99": 22316.34765625
    }
  },
  "val": {
    "mse": 48.33454132080078,
    "rmse": 6.95230474884414,
    "mae": 2.477351188659668,
    "w2_global": 4.73139762878418,
    "ae_summary": {
      "mean": 2.477351188659668,
      "std": 6.49594259262085,
      "min": 0.0002032145857810974,
      "max": 41.65612030029297,
      "p50": 0.2840797007083893,
      "p90": 5.815446376800537,
      "p95": 21.114011764526367,
      "p99": 32.14306640625
    },
    "se_summary": {
      "mean": 48.33454132080078,
      "std": 188.28065490722656,
      "min": 4.129616826276106e-08,
      "max": 1735.2322998046875,
      "p50": 0.08070127665996552,
      "p90": 33.82115936279297,
      "p95": 445.801513671875,
      "p99": 1033.179443359375
    }
  },
  "test": {
    "mse": 35.8223991394043,
    "rmse": 5.985181629608603,
    "mae": 2.309398889541626,
    "w2_global": 3.954367160797119,
    "ae_summary": {
      "mean": 2.309398889541626,
      "std": 5.52169132232666,
      "min": 0.00020572543144226074,
      "max": 57.16963577270508,
      "p50": 0.2689436078071594,
      "p90": 6.901726245880127,
      "p95": 12.069019317626953,
      "p99": 27.738880157470703
    },
    "se_summary": {
      "mean": 35.8223991394043,
      "std": 163.2967071533203,
      "min": 4.2322952253925905e-08,
      "max": 3268.3671875,
      "p50": 0.07233066111803055,
      "p90": 47.633827209472656,
      "p95": 145.66864013671875,
      "p99": 769.4518432617188
    }
  }
}