{
  "train": {
    "mse": 0.0,
    "rmse": 0.0,
    "mae": 0.0,
    "w2_global": 0.36650145053863525,
    "ae_summary": {
      "mean": 0.0,
      "std": 0.0,
      "min": 0.0,
      "max": 0.0,
      "p50": 0.0,
      "p90": 0.0,
      "p95": 0.0,
      "p99": 0.0
    },
    "se_summary": {
      "mean": 0.0,
      "std": 0.0,
      "min": 0.0,
      "max": 0.0,
      "p50": 0.0,
      "p90": 0.0,
      "p95": 0.0,
      "p99": 0.0
    }
  },
  "val": {
    "mse": 1.4329383373260498,
    "rmse": 1.1970540243974161,
    "mae": 0.7712578177452087,
    "w2_global": 0.43128839135169983,
    "ae_summary": {
      "mean": 0.7712578177452087,
      "std": 0.9154779314994812,
      "min": 2.4236738681793213e-05,
      "max": 12.85822868347168,
      "p50": 0.580871045589447,
      "p90": 1.674599528312683,
      "p95": 2.0569372177124023,
      "p99": 4.2862420082092285
    },
    "se_summary": {
      "mean": 1.4329383373260498,
      "std": 5.814683437347412,
      "min": 5.874195019295314e-10,
      "max": 165.33404541015625,
      "p50": 0.33741116523742676,
      "p90": 2.804283857345581,
      "p95": 4.230990409851074,
      "p99": 18.37190055847168
    }
  },
  "test": {
    "mse": 1.8333271741867065,
    "rmse": 1.3540041263551255,
    "mae": 0.7328805923461914,
    "w2_global": 0.490157812833786,
    "ae_summary": {
      "mean": 0.7328805923461914,
      "std": 1.1385135650634766,
      "min": 4.3958425521850586e-07,
      "max": 31.357872009277344,
      "p50": 0.5349525809288025,
      "p90": 1.5707308053970337,
      "p95": 1.8759533166885376,
      "p99": 3.3846938610076904
    },
    "se_summary": {
      "mean": 1.8333271741867065,
      "std": 19.794944763183594,
      "min": 1.932343174360085e-13,
      "max": 983.316162109375,
      "p50": 0.2861742675304413,
      "p90": 2.4671950340270996,
      "p95": 3.5192008018493652,
      "p99": 11.456182479858398
    }
  }
}