{
  "train": {
    "mse": 0.0,
    "rmse": 0.0,
    "mae": 0.0,
    "w2_global": 0.5395404100418091,
    "ae_summary": {
      "mean": 0.0,
      "std": 0.0,
      "min": 0.0,
      "max": 0.0,
      "p50": 0.0,
      "p90": 0.0,
      "p95": 0.0,
      "p99": 0.0
    },
    "se_summary": {
      "mean": 0.0,
      "std": 0.0,
      "min": 0.0,
      "max": 0.0,
      "p50": 0.0,
      "p90": 0.0,
      "p95": 0.0,
      "p99": 0.0
    }
  },
  "val": {
    "mse": 0.7447865009307861,
    "rmse": 0.8630101395295342,
    "mae": 0.5691102147102356,
    "w2_global": 0.570941686630249,
    "ae_summary": {
      "mean": 0.5691102147102356,
      "std": 0.6487680673599243,
      "min": 1.4901161193847656e-07,
      "max": 3.395236015319824,
      "p50": 0.3177368640899658,
      "p90": 1.2760931253433228,
      "p95": 1.8109039068222046,
      "p99": 3.2265450954437256
    },
    "se_summary": {
      "mean": 0.7447865009307861,
      "std": 1.5279877185821533,
      "min": 2.220446049250313e-14,
      "max": 11.527627944946289,
      "p50": 0.10095671564340591,
      "p90": 1.6284136772155762,
      "p95": 3.2793729305267334,
      "p99": 10.41059398651123
    }
  },
  "test": {
    "mse": 0.7249423861503601,
    "rmse": 0.8514354856067253,
    "mae": 0.5556016564369202,
    "w2_global": 0.5615614056587219,
    "ae_summary": {
      "mean": 0.5556016564369202,
      "std": 0.6451737284660339,
      "min": 5.960464477539063e-08,
      "max": 3.3560078144073486,
      "p50": 0.29838234186172485,
      "p90": 1.269829273223877,
      "p95": 1.7920001745224,
      "p99": 3.2217845916748047
    },
    "se_summary": {
      "mean": 0.7249423861503601,
      "std": 1.5089478492736816,
      "min": 3.552713678800501e-15,
      "max": 11.262788772583008,
      "p50": 0.08903202414512634,
      "p90": 1.6124663352966309,
      "p95": 3.2112646102905273,
      "p99": 10.37989616394043
    }
  }
}