{
  "train": {
    "mse": 0.0,
    "rmse": 0.0,
    "mae": 0.0,
    "w2_global": 0.2012808471918106,
    "ae_summary": {
      "mean": 0.0,
      "std": 0.0,
      "min": 0.0,
      "max": 0.0,
      "p50": 0.0,
      "p90": 0.0,
      "p95": 0.0,
      "p99": 0.0
    },
    "se_summary": {
      "mean": 0.0,
      "std": 0.0,
      "min": 0.0,
      "max": 0.0,
      "p50": 0.0,
      "p90": 0.0,
      "p95": 0.0,
      "p99": 0.0
    }
  },
  "val": {
    "mse": 0.5207772850990295,
    "rmse": 0.7216490040864947,
    "mae": 0.5201107263565063,
    "w2_global": 0.1912873387336731,
    "ae_summary": {
      "mean": 0.5201107263565063,
      "std": 0.5002619624137878,
      "min": 1.2874603271484375e-05,
      "max": 3.633883476257324,
      "p50": 0.3755166828632355,
      "p90": 1.1840217113494873,
      "p95": 1.5423394441604614,
      "p99": 2.2732770442962646
    },
    "se_summary": {
      "mean": 0.5207772850990295,
      "std": 1.0743286609649658,
      "min": 1.6575540939811617e-10,
      "max": 13.205108642578125,
      "p50": 0.14101290702819824,
      "p90": 1.4019079208374023,
      "p95": 2.3788130283355713,
      "p99": 5.167995452880859
    }
  },
  "test": {
    "mse": 0.5281388163566589,
    "rmse": 0.7267315985676273,
    "mae": 0.5277851223945618,
    "w2_global": 0.20837193727493286,
    "ae_summary": {
      "mean": 0.5277851223945618,
      "std": 0.49958154559135437,
      "min": 3.084540367126465e-05,
      "max": 3.556171417236328,
      "p50": 0.3739560842514038,
      "p90": 1.2537012100219727,
      "p95": 1.5583417415618896,
      "p99": 2.1641016006469727
    },
    "se_summary": {
      "mean": 0.5281388163566589,
      "std": 0.987137496471405,
      "min": 9.514389276432667e-10,
      "max": 12.646354675292969,
      "p50": 0.13984315097332,
      "p90": 1.571766972541809,
      "p95": 2.428429126739502,
      "p99": 4.68333625793457
    }
  }
}