{
  "best_alpha": 0.99,
  "best_gamma": 10.0,
  "alpha_grid": [
    0.99
  ],
  "gamma_grid": [
    10.0
  ],
  "results": {
    "(0.99, 10.0)": {
      "val_loss": 0.01983918443035621,
      "val_eval": 1.1410328654142528,
      "epoch": 30,
      "mse": 1.1410328654142528
    }
  },
  "standalone_mode": true
}