{
  "train": {
    "mse": 0.037158649414777756,
    "rmse": 0.19276578901552463,
    "mae": 0.06503560394048691,
    "w2_global": 0.24818554520606995,
    "ae_summary": {
      "mean": 0.06503560394048691,
      "std": 0.18146353960037231,
      "min": 0.0,
      "max": 52.68923568725586,
      "p50": 0.04913569241762161,
      "p90": 0.13091254234313965,
      "p95": 0.16459962725639343,
      "p99": 0.25575000047683716
    },
    "se_summary": {
      "mean": 0.037158649414777756,
      "std": 5.756293296813965,
      "min": 0.0,
      "max": 2776.155517578125,
      "p50": 0.0024143164046108723,
      "p90": 0.01713809370994568,
      "p95": 0.027093034237623215,
      "p99": 0.06540806591510773
    }
  },
  "val": {
    "mse": 1.1417278051376343,
    "rmse": 1.0685166377448851,
    "mae": 0.7705764174461365,
    "w2_global": 0.24183200299739838,
    "ae_summary": {
      "mean": 0.7705764174461365,
      "std": 0.7402295470237732,
      "min": 2.849474549293518e-05,
      "max": 32.47418212890625,
      "p50": 0.5954892039299011,
      "p90": 1.6203261613845825,
      "p95": 2.012594699859619,
      "p99": 3.0962955951690674
    },
    "se_summary": {
      "mean": 1.1417278051376343,
      "std": 6.884775638580322,
      "min": 8.11950506829362e-10,
      "max": 1054.572509765625,
      "p50": 0.35460740327835083,
      "p90": 2.6254568099975586,
      "p95": 4.050537586212158,
      "p99": 9.587045669555664
    }
  },
  "test": {
    "mse": 1.1676348447799683,
    "rmse": 1.080571536169618,
    "mae": 0.769601583480835,
    "w2_global": 0.2586418390274048,
    "ae_summary": {
      "mean": 0.769601583480835,
      "std": 0.7585170865058899,
      "min": 2.294778823852539e-06,
      "max": 36.214080810546875,
      "p50": 0.5954042673110962,
      "p90": 1.6268031597137451,
      "p95": 2.0227062702178955,
      "p99": 3.0522561073303223
    },
    "se_summary": {
      "mean": 1.1676348447799683,
      "std": 9.468671798706055,
      "min": 5.2660098504020425e-12,
      "max": 1311.4595947265625,
      "p50": 0.354506254196167,
      "p90": 2.6464881896972656,
      "p95": 4.0913405418396,
      "p99": 9.316267967224121
    }
  }
}