{
  "train": {
    "mse": 0.269223690032959,
    "rmse": 0.5188676999322265,
    "mae": 0.3823279142379761,
    "w2_global": 0.06549973785877228,
    "ae_summary": {
      "mean": 0.3823279142379761,
      "std": 0.35078346729278564,
      "min": 4.172325134277344e-07,
      "max": 3.6381278038024902,
      "p50": 0.2789193391799927,
      "p90": 0.8564413189888,
      "p95": 1.0772982835769653,
      "p99": 1.59978449344635
    },
    "se_summary": {
      "mean": 0.269223690032959,
      "std": 0.5127127170562744,
      "min": 1.7408297026122455e-13,
      "max": 13.235974311828613,
      "p50": 0.07779599726200104,
      "p90": 0.7334917783737183,
      "p95": 1.160571575164795,
      "p99": 2.5593106746673584
    }
  },
  "val": {
    "mse": 0.6987211108207703,
    "rmse": 0.8358953946641711,
    "mae": 0.6259773969650269,
    "w2_global": 0.062031038105487823,
    "ae_summary": {
      "mean": 0.6259773969650269,
      "std": 0.5539616346359253,
      "min": 7.939338684082031e-05,
      "max": 3.9534523487091064,
      "p50": 0.4549821615219116,
      "p90": 1.3779181241989136,
      "p95": 1.7503552436828613,
      "p99": 2.6092488765716553
    },
    "se_summary": {
      "mean": 0.6987211108207703,
      "std": 1.3066480159759521,
      "min": 6.30330987405614e-09,
      "max": 15.629785537719727,
      "p50": 0.20700876414775848,
      "p90": 1.8986583948135376,
      "p95": 3.0637435913085938,
      "p99": 6.808182716369629
    }
  },
  "test": {
    "mse": 0.6480954885482788,
    "rmse": 0.8050437805164877,
    "mae": 0.5899022817611694,
    "w2_global": 0.060113657265901566,
    "ae_summary": {
      "mean": 0.5899022817611694,
      "std": 0.5478237271308899,
      "min": 1.0967254638671875e-05,
      "max": 4.110077857971191,
      "p50": 0.41444331407546997,
      "p90": 1.3243118524551392,
      "p95": 1.7155535221099854,
      "p99": 2.5690975189208984
    },
    "se_summary": {
      "mean": 0.6480954885482788,
      "std": 1.283632516860962,
      "min": 1.2028067430946976e-10,
      "max": 16.89274024963379,
      "p50": 0.17176327109336853,
      "p90": 1.7538018226623535,
      "p95": 2.9431238174438477,
      "p99": 6.600262641906738
    }
  }
}