{
  "train": {
    "mse": 2335.348388671875,
    "rmse": 48.32544245707302,
    "mae": 36.20957565307617,
    "w2_global": 0.5726549625396729,
    "ae_summary": {
      "mean": 36.20957565307617,
      "std": 32.00335693359375,
      "min": 0.0011548176407814026,
      "max": 330.5841064453125,
      "p50": 28.136215209960938,
      "p90": 76.75234985351562,
      "p95": 97.76345825195312,
      "p99": 149.05490112304688
    },
    "se_summary": {
      "mean": 2335.348388671875,
      "std": 4737.98828125,
      "min": 1.33360379095393e-06,
      "max": 109285.8515625,
      "p50": 791.6466064453125,
      "p90": 5890.92333984375,
      "p95": 9557.6943359375,
      "p99": 22217.365234375
    }
  },
  "val": {
    "mse": 0.05413459613919258,
    "rmse": 0.23266842531635568,
    "mae": 0.14196228981018066,
    "w2_global": 0.007891141809523106,
    "ae_summary": {
      "mean": 0.14196228981018066,
      "std": 0.1843401938676834,
      "min": 0.00023698806762695312,
      "max": 1.934530258178711,
      "p50": 0.0880579948425293,
      "p90": 0.31047770380973816,
      "p95": 0.4407775402069092,
      "p99": 0.9747530817985535
    },
    "se_summary": {
      "mean": 0.05413459613919258,
      "std": 0.2212674766778946,
      "min": 5.616334419755731e-08,
      "max": 3.7424073219299316,
      "p50": 0.007754210382699966,
      "p90": 0.0963992178440094,
      "p95": 0.1942848414182663,
      "p99": 0.9505516886711121
    }
  },
  "test": {
    "mse": 0.11643694341182709,
    "rmse": 0.34122857941829415,
    "mae": 0.19163180887699127,
    "w2_global": 0.012321008369326591,
    "ae_summary": {
      "mean": 0.19163180887699127,
      "std": 0.2823370397090912,
      "min": 0.0005679130554199219,
      "max": 3.132540225982666,
      "p50": 0.10128417611122131,
      "p90": 0.46117186546325684,
      "p95": 0.7125065326690674,
      "p99": 1.3675436973571777
    },
    "se_summary": {
      "mean": 0.11643694341182709,
      "std": 0.4943481981754303,
      "min": 3.2252523851639125e-07,
      "max": 9.8128080368042,
      "p50": 0.01025848463177681,
      "p90": 0.21268020570278168,
      "p95": 0.5076725482940674,
      "p99": 1.870228886604309
    }
  }
}