{
  "train": {
    "mse": 0.0,
    "rmse": 0.0,
    "mae": 0.0,
    "w2_global": 0.0809757336974144,
    "ae_summary": {
      "mean": 0.0,
      "std": 0.0,
      "min": 0.0,
      "max": 0.0,
      "p50": 0.0,
      "p90": 0.0,
      "p95": 0.0,
      "p99": 0.0
    },
    "se_summary": {
      "mean": 0.0,
      "std": 0.0,
      "min": 0.0,
      "max": 0.0,
      "p50": 0.0,
      "p90": 0.0,
      "p95": 0.0,
      "p99": 0.0
    }
  },
  "val": {
    "mse": 0.6621175408363342,
    "rmse": 0.8137060530906319,
    "mae": 0.3228740990161896,
    "w2_global": 0.055176109075546265,
    "ae_summary": {
      "mean": 0.3228740990161896,
      "std": 0.7469068169593811,
      "min": 5.4836273193359375e-06,
      "max": 33.27555465698242,
      "p50": 0.14342787861824036,
      "p90": 0.7570880055427551,
      "p95": 1.1387213468551636,
      "p99": 2.4472944736480713
    },
    "se_summary": {
      "mean": 0.6621175408363342,
      "std": 12.820550918579102,
      "min": 3.007016857736744e-11,
      "max": 1107.2625732421875,
      "p50": 0.020571555942296982,
      "p90": 0.573182225227356,
      "p95": 1.2966864109039307,
      "p99": 5.989260196685791
    }
  },
  "test": {
    "mse": 1.1104743480682373,
    "rmse": 1.0537904668710176,
    "mae": 0.32489892840385437,
    "w2_global": 0.19393295049667358,
    "ae_summary": {
      "mean": 0.32489892840385437,
      "std": 1.0024545192718506,
      "min": 1.521967351436615e-05,
      "max": 128.01156616210938,
      "p50": 0.1472117155790329,
      "p90": 0.7608087062835693,
      "p95": 1.1673698425292969,
      "p99": 2.4501800537109375
    },
    "se_summary": {
      "mean": 1.1104743480682373,
      "std": 101.21240997314453,
      "min": 2.3163845841445152e-10,
      "max": 16386.9609375,
      "p50": 0.021671289578080177,
      "p90": 0.5788300037384033,
      "p95": 1.3627521991729736,
      "p99": 6.003382682800293
    }
  }
}