{
  "train": {
    "mse": 0.0,
    "rmse": 0.0,
    "mae": 0.0,
    "w2_global": 0.47753313183784485,
    "ae_summary": {
      "mean": 0.0,
      "std": 0.0,
      "min": 0.0,
      "max": 0.0,
      "p50": 0.0,
      "p90": 0.0,
      "p95": 0.0,
      "p99": 0.0
    },
    "se_summary": {
      "mean": 0.0,
      "std": 0.0,
      "min": 0.0,
      "max": 0.0,
      "p50": 0.0,
      "p90": 0.0,
      "p95": 0.0,
      "p99": 0.0
    }
  },
  "val": {
    "mse": 1.231958270072937,
    "rmse": 1.1099361558544423,
    "mae": 0.7329971790313721,
    "w2_global": 0.45762598514556885,
    "ae_summary": {
      "mean": 0.7329971790313721,
      "std": 0.8334707021713257,
      "min": 1.564621925354004e-06,
      "max": 10.653733253479004,
      "p50": 0.4111650884151459,
      "p90": 1.9595052003860474,
      "p95": 2.3927717208862305,
      "p99": 3.5263566970825195
    },
    "se_summary": {
      "mean": 1.231958270072937,
      "std": 2.7978177070617676,
      "min": 2.44804176929847e-12,
      "max": 113.50202941894531,
      "p50": 0.1690567284822464,
      "p90": 3.83966064453125,
      "p95": 5.725356578826904,
      "p99": 12.43519115447998
    }
  },
  "test": {
    "mse": 1.2955524921417236,
    "rmse": 1.138223392898654,
    "mae": 0.7605377435684204,
    "w2_global": 0.4772223234176636,
    "ae_summary": {
      "mean": 0.7605377435684204,
      "std": 0.846838116645813,
      "min": 2.3776665329933167e-06,
      "max": 10.535393714904785,
      "p50": 0.4381871819496155,
      "p90": 1.9756360054016113,
      "p95": 2.416963577270508,
      "p99": 3.583548069000244
    },
    "se_summary": {
      "mean": 1.2955524921417236,
      "std": 2.8722996711730957,
      "min": 5.6532981421164585e-12,
      "max": 110.99452209472656,
      "p50": 0.19200800359249115,
      "p90": 3.903137445449829,
      "p95": 5.84171199798584,
      "p99": 12.841816902160645
    }
  }
}