{
  "best_alpha": 0.75,
  "best_gamma": 10.0,
  "alpha_grid": [
    0.75
  ],
  "gamma_grid": [
    10.0
  ],
  "results": {
    "(0.75, 10.0)": {
      "val_loss": 0.0691976028566177,
      "val_eval": 1.187387846983396,
      "epoch": 27,
      "mse": 1.187387846983396
    }
  },
  "standalone_mode": true
}