{
  "train": {
    "mse": 0.06524047255516052,
    "rmse": 0.25542214578058914,
    "mae": 0.16995088756084442,
    "w2_global": 0.06476758420467377,
    "ae_summary": {
      "mean": 0.16995088756084442,
      "std": 0.1906755566596985,
      "min": 0.00014710426330566406,
      "max": 63.28514862060547,
      "p50": 0.16225840151309967,
      "p90": 0.20007199048995972,
      "p95": 0.22137273848056793,
      "p99": 0.35655221343040466
    },
    "se_summary": {
      "mean": 0.06524047255516052,
      "std": 7.636882781982422,
      "min": 2.1639664282702142e-08,
      "max": 4005.010009765625,
      "p50": 0.026327788829803467,
      "p90": 0.040028803050518036,
      "p95": 0.049005888402462006,
      "p99": 0.1271294802427292
    }
  },
  "val": {
    "mse": 1.1881284713745117,
    "rmse": 1.090013060185295,
    "mae": 0.7382640242576599,
    "w2_global": 0.0866125151515007,
    "ae_summary": {
      "mean": 0.7382640242576599,
      "std": 0.8019318580627441,
      "min": 0.00022262334823608398,
      "max": 37.38773727416992,
      "p50": 0.5487416386604309,
      "p90": 1.5763931274414062,
      "p95": 1.9781123399734497,
      "p99": 3.100071668624878
    },
    "se_summary": {
      "mean": 1.1881284713745117,
      "std": 13.225340843200684,
      "min": 4.956115517984472e-08,
      "max": 1397.8428955078125,
      "p50": 0.3011173903942108,
      "p90": 2.485015392303467,
      "p95": 3.912929058074951,
      "p99": 9.61044692993164
    }
  },
  "test": {
    "mse": 1.193451166152954,
    "rmse": 1.0924519056475457,
    "mae": 0.7473761439323425,
    "w2_global": 0.0662446841597557,
    "ae_summary": {
      "mean": 0.7473761439323425,
      "std": 0.7967936396598816,
      "min": 6.592273712158203e-05,
      "max": 27.348873138427734,
      "p50": 0.5519349575042725,
      "p90": 1.6028791666030884,
      "p95": 2.04575252532959,
      "p99": 3.1973564624786377
    },
    "se_summary": {
      "mean": 1.193451166152954,
      "std": 9.400506973266602,
      "min": 4.3458072696012096e-09,
      "max": 747.9608764648438,
      "p50": 0.30463215708732605,
      "p90": 2.5692214965820312,
      "p95": 4.185103893280029,
      "p99": 10.223091125488281
    }
  }
}