{
  "train": {
    "mse": 0.0,
    "rmse": 0.0,
    "mae": 0.0,
    "w2_global": 0.0834251344203949,
    "ae_summary": {
      "mean": 0.0,
      "std": 0.0,
      "min": 0.0,
      "max": 0.0,
      "p50": 0.0,
      "p90": 0.0,
      "p95": 0.0,
      "p99": 0.0
    },
    "se_summary": {
      "mean": 0.0,
      "std": 0.0,
      "min": 0.0,
      "max": 0.0,
      "p50": 0.0,
      "p90": 0.0,
      "p95": 0.0,
      "p99": 0.0
    }
  },
  "val": {
    "mse": 1.5903400182724,
    "rmse": 1.2610868400996023,
    "mae": 0.9027518033981323,
    "w2_global": 0.25509265065193176,
    "ae_summary": {
      "mean": 0.9027518033981323,
      "std": 0.880556046962738,
      "min": 6.198883056640625e-06,
      "max": 11.425712585449219,
      "p50": 0.6169449090957642,
      "p90": 2.1224629878997803,
      "p95": 2.6460165977478027,
      "p99": 3.9223735332489014
    },
    "se_summary": {
      "mean": 1.5903400182724,
      "std": 3.293102264404297,
      "min": 3.842615114990622e-11,
      "max": 130.54690551757812,
      "p50": 0.3806210160255432,
      "p90": 4.504848957061768,
      "p95": 7.001403331756592,
      "p99": 15.385013580322266
    }
  },
  "test": {
    "mse": 1.9103643894195557,
    "rmse": 1.3821593212866436,
    "mae": 1.0187418460845947,
    "w2_global": 0.1831486076116562,
    "ae_summary": {
      "mean": 1.0187418460845947,
      "std": 0.9340929388999939,
      "min": 3.427267074584961e-06,
      "max": 11.473295211791992,
      "p50": 0.7460728883743286,
      "p90": 2.2883613109588623,
      "p95": 2.85219144821167,
      "p99": 4.165423393249512
    },
    "se_summary": {
      "mean": 1.9103643894195557,
      "std": 3.720258951187134,
      "min": 1.1746159600534156e-11,
      "max": 131.63650512695312,
      "p50": 0.5566247701644897,
      "p90": 5.236597061157227,
      "p95": 8.134995460510254,
      "p99": 17.350753784179688
    }
  }
}