{
  "train": {
    "mse": 0.0,
    "rmse": 0.0,
    "mae": 0.0,
    "w2_global": 0.3139556646347046,
    "ae_summary": {
      "mean": 0.0,
      "std": 0.0,
      "min": 0.0,
      "max": 0.0,
      "p50": 0.0,
      "p90": 0.0,
      "p95": 0.0,
      "p99": 0.0
    },
    "se_summary": {
      "mean": 0.0,
      "std": 0.0,
      "min": 0.0,
      "max": 0.0,
      "p50": 0.0,
      "p90": 0.0,
      "p95": 0.0,
      "p99": 0.0
    }
  },
  "val": {
    "mse": 1.6039390563964844,
    "rmse": 1.2664671556722205,
    "mae": 0.9483739733695984,
    "w2_global": 0.34771546721458435,
    "ae_summary": {
      "mean": 0.9483739733695984,
      "std": 0.8393603563308716,
      "min": 0.001131892204284668,
      "max": 5.455187797546387,
      "p50": 0.7480366230010986,
      "p90": 1.9710063934326172,
      "p95": 2.550616979598999,
      "p99": 4.31015157699585
    },
    "se_summary": {
      "mean": 1.6039390563964844,
      "std": 3.1617722511291504,
      "min": 1.2811799479095498e-06,
      "max": 29.75907325744629,
      "p50": 0.5595588088035583,
      "p90": 3.8848671913146973,
      "p95": 6.505728244781494,
      "p99": 18.577491760253906
    }
  },
  "test": {
    "mse": 1.6876407861709595,
    "rmse": 1.2990922931689493,
    "mae": 0.9556753039360046,
    "w2_global": 0.40946856141090393,
    "ae_summary": {
      "mean": 0.9556753039360046,
      "std": 0.8799575567245483,
      "min": 4.023313522338867e-05,
      "max": 5.95535945892334,
      "p50": 0.6895089745521545,
      "p90": 2.146247625350952,
      "p95": 2.6147677898406982,
      "p99": 4.086448669433594
    },
    "se_summary": {
      "mean": 1.6876407861709595,
      "std": 3.3488852977752686,
      "min": 1.6187051699034782e-09,
      "max": 35.466304779052734,
      "p50": 0.475422739982605,
      "p90": 4.606383323669434,
      "p95": 6.8370137214660645,
      "p99": 16.69910430908203
    }
  }
}