{
  "train": {
    "mse": 0.0,
    "rmse": 0.0,
    "mae": 0.0,
    "w2_global": 0.6120857000350952,
    "ae_summary": {
      "mean": 0.0,
      "std": 0.0,
      "min": 0.0,
      "max": 0.0,
      "p50": 0.0,
      "p90": 0.0,
      "p95": 0.0,
      "p99": 0.0
    },
    "se_summary": {
      "mean": 0.0,
      "std": 0.0,
      "min": 0.0,
      "max": 0.0,
      "p50": 0.0,
      "p90": 0.0,
      "p95": 0.0,
      "p99": 0.0
    }
  },
  "val": {
    "mse": 0.9340870380401611,
    "rmse": 0.9664817836049271,
    "mae": 0.6070252656936646,
    "w2_global": 0.40698763728141785,
    "ae_summary": {
      "mean": 0.6070252656936646,
      "std": 0.752068817615509,
      "min": 1.5767291188240051e-06,
      "max": 10.224332809448242,
      "p50": 0.33128979802131653,
      "p90": 1.5675143003463745,
      "p95": 2.1525137424468994,
      "p99": 3.4792110919952393
    },
    "se_summary": {
      "mean": 0.9340870380401611,
      "std": 2.5761923789978027,
      "min": 2.4860747141475237e-12,
      "max": 104.53697967529297,
      "p50": 0.10975293070077896,
      "p90": 2.4571011066436768,
      "p95": 4.6333160400390625,
      "p99": 12.104910850524902
    }
  },
  "test": {
    "mse": 0.8392885327339172,
    "rmse": 0.9161269195553187,
    "mae": 0.5559216737747192,
    "w2_global": 0.5058769583702087,
    "ae_summary": {
      "mean": 0.5559216737747192,
      "std": 0.7281755805015564,
      "min": 4.796311259269714e-07,
      "max": 10.41581916809082,
      "p50": 0.27465322613716125,
      "p90": 1.4762508869171143,
      "p95": 2.0540285110473633,
      "p99": 3.360957384109497
    },
    "se_summary": {
      "mean": 0.8392885327339172,
      "std": 2.4989330768585205,
      "min": 2.3004601695797433e-13,
      "max": 108.48928833007812,
      "p50": 0.07543439418077469,
      "p90": 2.179316759109497,
      "p95": 4.219033718109131,
      "p99": 11.296034812927246
    }
  }
}