{
  "train": {
    "mse": 0.0,
    "rmse": 0.0,
    "mae": 0.0,
    "w2_global": 0.09305445104837418,
    "ae_summary": {
      "mean": 0.0,
      "std": 0.0,
      "min": 0.0,
      "max": 0.0,
      "p50": 0.0,
      "p90": 0.0,
      "p95": 0.0,
      "p99": 0.0
    },
    "se_summary": {
      "mean": 0.0,
      "std": 0.0,
      "min": 0.0,
      "max": 0.0,
      "p50": 0.0,
      "p90": 0.0,
      "p95": 0.0,
      "p99": 0.0
    }
  },
  "val": {
    "mse": 1.2940093278884888,
    "rmse": 1.1375453080596345,
    "mae": 0.7755385041236877,
    "w2_global": 0.08931579440832138,
    "ae_summary": {
      "mean": 0.7755385041236877,
      "std": 0.832195520401001,
      "min": 1.1175870895385742e-05,
      "max": 7.882917881011963,
      "p50": 0.4807628393173218,
      "p90": 1.9755363464355469,
      "p95": 2.3910763263702393,
      "p99": 3.451721429824829
    },
    "se_summary": {
      "mean": 1.2940093278884888,
      "std": 2.736011266708374,
      "min": 1.249000902703301e-10,
      "max": 62.14039611816406,
      "p50": 0.2311328947544098,
      "p90": 3.9027435779571533,
      "p95": 5.717246055603027,
      "p99": 11.914384841918945
    }
  },
  "test": {
    "mse": 1.3752011060714722,
    "rmse": 1.1726896887375928,
    "mae": 0.7983345985412598,
    "w2_global": 0.0930236205458641,
    "ae_summary": {
      "mean": 0.7983345985412598,
      "std": 0.8589895367622375,
      "min": 8.400529623031616e-07,
      "max": 10.407012939453125,
      "p50": 0.5043947100639343,
      "p90": 2.005906820297241,
      "p95": 2.422027349472046,
      "p99": 3.5586965084075928
    },
    "se_summary": {
      "mean": 1.3752011060714722,
      "std": 2.9078798294067383,
      "min": 7.056889794743171e-13,
      "max": 108.30591583251953,
      "p50": 0.25441402196884155,
      "p90": 4.023662567138672,
      "p95": 5.866216659545898,
      "p99": 12.664320945739746
    }
  }
}