{
  "best_alpha": 0.99,
  "best_gamma": 5.0,
  "alpha_grid": [
    0.99
  ],
  "gamma_grid": [
    5.0
  ],
  "results": {
    "(0.99, 5.0)": {
      "val_loss": 0.0442317623215226,
      "val_eval": 1.4527316368543184,
      "epoch": 30,
      "mse": 1.4527316368543184
    }
  },
  "standalone_mode": true
}