{
  "train": {
    "mse": 0.007857787422835827,
    "rmse": 0.0886441618090883,
    "mae": 0.0519852451980114,
    "w2_global": 0.3232327699661255,
    "ae_summary": {
      "mean": 0.0519852451980114,
      "std": 0.07180056720972061,
      "min": 1.3709068298339844e-06,
      "max": 3.467808723449707,
      "p50": 0.035378456115722656,
      "p90": 0.1094171479344368,
      "p95": 0.14810983836650848,
      "p99": 0.27804067730903625
    },
    "se_summary": {
      "mean": 0.007857787422835827,
      "std": 0.09700995683670044,
      "min": 1.879385536085465e-12,
      "max": 12.025697708129883,
      "p50": 0.0012516351416707039,
      "p90": 0.011972112581133842,
      "p95": 0.02193652279675007,
      "p99": 0.07730662077665329
    }
  },
  "val": {
    "mse": 1.4308298826217651,
    "rmse": 1.196173015337566,
    "mae": 0.8636519312858582,
    "w2_global": 0.34198445081710815,
    "ae_summary": {
      "mean": 0.8636519312858582,
      "std": 0.8276082277297974,
      "min": 3.5446137189865112e-06,
      "max": 47.229068756103516,
      "p50": 0.6954411864280701,
      "p90": 1.798258900642395,
      "p95": 2.2582292556762695,
      "p99": 3.299142599105835
    },
    "se_summary": {
      "mean": 1.4308298826217651,
      "std": 10.47795581817627,
      "min": 1.2564286416827386e-11,
      "max": 2230.5849609375,
      "p50": 0.4836384654045105,
      "p90": 3.2337350845336914,
      "p95": 5.099599361419678,
      "p99": 10.8843412399292
    }
  },
  "test": {
    "mse": 1.4438947439193726,
    "rmse": 1.201621714151077,
    "mae": 0.8702651858329773,
    "w2_global": 0.3595937490463257,
    "ae_summary": {
      "mean": 0.8702651858329773,
      "std": 0.8285729885101318,
      "min": 1.7583370208740234e-06,
      "max": 66.07701110839844,
      "p50": 0.6995927095413208,
      "p90": 1.813124179840088,
      "p95": 2.283867359161377,
      "p99": 3.3471293449401855
    },
    "se_summary": {
      "mean": 1.4438947439193726,
      "std": 12.645766258239746,
      "min": 3.091749078976136e-12,
      "max": 4366.17138671875,
      "p50": 0.48942995071411133,
      "p90": 3.287419319152832,
      "p95": 5.216050148010254,
      "p99": 11.203274726867676
    }
  }
}