{
  "train": {
    "mse": 0.0068793995305895805,
    "rmse": 0.08294214568354004,
    "mae": 0.058262474834918976,
    "w2_global": 0.45799195766448975,
    "ae_summary": {
      "mean": 0.058262474834918976,
      "std": 0.05903290584683418,
      "min": 6.81951642036438e-05,
      "max": 1.0231568813323975,
      "p50": 0.04993893951177597,
      "p90": 0.10383602976799011,
      "p95": 0.12392273545265198,
      "p99": 0.22012078762054443
    },
    "se_summary": {
      "mean": 0.0068793995305895805,
      "std": 0.039665818214416504,
      "min": 4.650580365250789e-09,
      "max": 1.0468499660491943,
      "p50": 0.0024938976857811213,
      "p90": 0.01078192237764597,
      "p95": 0.015356853604316711,
      "p99": 0.04845872521400452
    }
  },
  "val": {
    "mse": 1.405552625656128,
    "rmse": 1.1855600472587324,
    "mae": 0.9050843119621277,
    "w2_global": 0.38442540168762207,
    "ae_summary": {
      "mean": 0.9050843119621277,
      "std": 0.7657513618469238,
      "min": 0.0003508031368255615,
      "max": 5.147427082061768,
      "p50": 0.687734842300415,
      "p90": 2.005155563354492,
      "p95": 2.366121292114258,
      "p99": 3.290769100189209
    },
    "se_summary": {
      "mean": 1.405552625656128,
      "std": 2.2617886066436768,
      "min": 1.2306284702390258e-07,
      "max": 26.49600601196289,
      "p50": 0.47297921776771545,
      "p90": 4.020648956298828,
      "p95": 5.598530292510986,
      "p99": 10.829224586486816
    }
  },
  "test": {
    "mse": 1.1779370307922363,
    "rmse": 1.0853280751884364,
    "mae": 0.8317908048629761,
    "w2_global": 0.5133785605430603,
    "ae_summary": {
      "mean": 0.8317908048629761,
      "std": 0.6971809267997742,
      "min": 2.378225326538086e-05,
      "max": 5.051153659820557,
      "p50": 0.6445637941360474,
      "p90": 1.8173763751983643,
      "p95": 2.2454419136047363,
      "p99": 2.8864500522613525
    },
    "se_summary": {
      "mean": 1.1779370307922363,
      "std": 2.022826910018921,
      "min": 5.655955703787185e-10,
      "max": 25.51415252685547,
      "p50": 0.41546252369880676,
      "p90": 3.302856922149658,
      "p95": 5.042008876800537,
      "p99": 8.331604957580566
    }
  }
}