{
  "test": {
    "mse": 0.007226933259516954,
    "rmse": 0.08501137135417211,
    "mae": 0.01404784619808197,
    "w2_global": 0.003949854522943497,
    "ae_summary": {
      "mean": 0.01404784619808197,
      "std": 0.08384265750646591,
      "min": 0.0,
      "max": 2.406708240509033,
      "p50": 0.002040266990661621,
      "p90": 0.014220462180674076,
      "p95": 0.032793693244457245,
      "p99": 0.28784218430519104
    },
    "se_summary": {
      "mean": 0.007226933259516954,
      "std": 0.1090427115559578,
      "min": 0.0,
      "max": 5.7922444343566895,
      "p50": 4.1626894926594105e-06,
      "p90": 0.00020222154853399843,
      "p95": 0.0010754262330010533,
      "p99": 0.08285312354564667
    }
  }
}