{
  "best_alpha": 0.99,
  "best_gamma": 0.1,
  "alpha_grid": [
    0.99
  ],
  "gamma_grid": [
    0.1
  ],
  "results": {
    "(0.99, 0.1)": {
      "val_loss": 0.09569050371646881,
      "val_eval": 0.10119133442640305,
      "epoch": 28,
      "mse": 0.10119133442640305
    }
  },
  "standalone_mode": true
}