{
  "train": {
    "mse": 0.05079062283039093,
    "rmse": 0.2253677502004023,
    "mae": 0.15620474517345428,
    "w2_global": 0.03688819333910942,
    "ae_summary": {
      "mean": 0.15620474517345428,
      "std": 0.16245214641094208,
      "min": 4.76837158203125e-07,
      "max": 3.213779926300049,
      "p50": 0.1122608333826065,
      "p90": 0.33239302039146423,
      "p95": 0.45227399468421936,
      "p99": 0.7967696189880371
    },
    "se_summary": {
      "mean": 0.05079062283039093,
      "std": 0.1543009728193283,
      "min": 2.2737367544323206e-13,
      "max": 10.328381538391113,
      "p50": 0.012602495029568672,
      "p90": 0.11048511415719986,
      "p95": 0.20455175638198853,
      "p99": 0.6348418593406677
    }
  },
  "val": {
    "mse": 0.10119134187698364,
    "rmse": 0.31810586583240436,
    "mae": 0.20630890130996704,
    "w2_global": 0.05038348585367203,
    "ae_summary": {
      "mean": 0.20630890130996704,
      "std": 0.24213217198848724,
      "min": 2.421438694000244e-07,
      "max": 2.798375368118286,
      "p50": 0.13151347637176514,
      "p90": 0.47674083709716797,
      "p95": 0.6688446998596191,
      "p99": 1.20514976978302
    },
    "se_summary": {
      "mean": 0.10119134187698364,
      "std": 0.32003891468048096,
      "min": 5.863365348801608e-14,
      "max": 7.830904483795166,
      "p50": 0.017295794561505318,
      "p90": 0.2272818237543106,
      "p95": 0.4473532438278198,
      "p99": 1.4523859024047852
    }
  },
  "test": {
    "mse": 0.0775761604309082,
    "rmse": 0.27852497272400584,
    "mae": 0.18369732797145844,
    "w2_global": 0.039066657423973083,
    "ae_summary": {
      "mean": 0.18369732797145844,
      "std": 0.20935964584350586,
      "min": 4.410743713378906e-06,
      "max": 3.5831408500671387,
      "p50": 0.12398374080657959,
      "p90": 0.399599552154541,
      "p95": 0.5693078637123108,
      "p99": 1.0573797225952148
    },
    "se_summary": {
      "mean": 0.0775761604309082,
      "std": 0.2624834477901459,
      "min": 1.9454660105111543e-11,
      "max": 12.838898658752441,
      "p50": 0.015371968038380146,
      "p90": 0.15967980027198792,
      "p95": 0.3241114020347595,
      "p99": 1.1180518865585327
    }
  }
}