{
  "train": {
    "mse": 0.0,
    "rmse": 0.0,
    "mae": 0.0,
    "w2_global": 0.061038561165332794,
    "ae_summary": {
      "mean": 0.0,
      "std": 0.0,
      "min": 0.0,
      "max": 0.0,
      "p50": 0.0,
      "p90": 0.0,
      "p95": 0.0,
      "p99": 0.0
    },
    "se_summary": {
      "mean": 0.0,
      "std": 0.0,
      "min": 0.0,
      "max": 0.0,
      "p50": 0.0,
      "p90": 0.0,
      "p95": 0.0,
      "p99": 0.0
    }
  },
  "val": {
    "mse": 0.16570207476615906,
    "rmse": 0.40706519719347056,
    "mae": 0.13940931856632233,
    "w2_global": 0.029827704653143883,
    "ae_summary": {
      "mean": 0.13940931856632233,
      "std": 0.38244882225990295,
      "min": 2.2649765014648438e-05,
      "max": 10.108114242553711,
      "p50": 0.06041590869426727,
      "p90": 0.27971163392066956,
      "p95": 0.40123459696769714,
      "p99": 1.3772516250610352
    },
    "se_summary": {
      "mean": 0.16570207476615906,
      "std": 2.3633689880371094,
      "min": 5.130118552187923e-10,
      "max": 102.1739730834961,
      "p50": 0.003650082042440772,
      "p90": 0.07823870331048965,
      "p95": 0.16098946332931519,
      "p99": 1.896822214126587
    }
  },
  "test": {
    "mse": 0.38007935881614685,
    "rmse": 0.6165057654362583,
    "mae": 0.1598704606294632,
    "w2_global": 0.041316401213407516,
    "ae_summary": {
      "mean": 0.1598704606294632,
      "std": 0.5954164862632751,
      "min": 9.357929229736328e-06,
      "max": 19.87407684326172,
      "p50": 0.06371144950389862,
      "p90": 0.28448486328125,
      "p95": 0.44074374437332153,
      "p99": 1.6754226684570312
    },
    "se_summary": {
      "mean": 0.38007935881614685,
      "std": 7.479405403137207,
      "min": 8.757083946875355e-11,
      "max": 394.97894287109375,
      "p50": 0.004059148952364922,
      "p90": 0.0809316486120224,
      "p95": 0.19425541162490845,
      "p99": 2.807041645050049
    }
  }
}