{
  "train": {
    "mse": 0.0,
    "rmse": 0.0,
    "mae": 0.0,
    "w2_global": 0.3415202796459198,
    "ae_summary": {
      "mean": 0.0,
      "std": 0.0,
      "min": 0.0,
      "max": 0.0,
      "p50": 0.0,
      "p90": 0.0,
      "p95": 0.0,
      "p99": 0.0
    },
    "se_summary": {
      "mean": 0.0,
      "std": 0.0,
      "min": 0.0,
      "max": 0.0,
      "p50": 0.0,
      "p90": 0.0,
      "p95": 0.0,
      "p99": 0.0
    }
  },
  "val": {
    "mse": 1.6463422775268555,
    "rmse": 1.2830987013970732,
    "mae": 1.0414981842041016,
    "w2_global": 0.40317752957344055,
    "ae_summary": {
      "mean": 1.0414981842041016,
      "std": 0.7494157552719116,
      "min": 0.0007068747654557228,
      "max": 5.247226238250732,
      "p50": 0.9325483441352844,
      "p90": 2.00113844871521,
      "p95": 2.5059826374053955,
      "p99": 3.473015308380127
    },
    "se_summary": {
      "mean": 1.6463422775268555,
      "std": 2.4616706371307373,
      "min": 4.996719553673756e-07,
      "max": 27.533382415771484,
      "p50": 0.869646430015564,
      "p90": 4.004557132720947,
      "p95": 6.2800374031066895,
      "p99": 12.061956405639648
    }
  },
  "test": {
    "mse": 0.9424914121627808,
    "rmse": 0.9708199689761129,
    "mae": 0.740392804145813,
    "w2_global": 0.3133074939250946,
    "ae_summary": {
      "mean": 0.740392804145813,
      "std": 0.6279410123825073,
      "min": 4.4755637645721436e-05,
      "max": 9.843195915222168,
      "p50": 0.5956210494041443,
      "p90": 1.4377059936523438,
      "p95": 1.8776054382324219,
      "p99": 3.0834438800811768
    },
    "se_summary": {
      "mean": 0.9424914121627808,
      "std": 2.36704683303833,
      "min": 2.0030670455639665e-09,
      "max": 96.88850402832031,
      "p50": 0.3547644317150116,
      "p90": 2.0669984817504883,
      "p95": 3.5254058837890625,
      "p99": 9.507707595825195
    }
  }
}