{
  "best_alpha": 0.99,
  "best_gamma": 1.0,
  "alpha_grid": [
    0.01,
    0.25,
    0.5,
    0.75,
    0.99
  ],
  "gamma_grid": [
    0.1,
    1.0,
    5.0,
    10.0
  ],
  "results": {
    "(0.01, 0.1)": {
      "val_loss": 142088231699.69232,
      "val_eval": 141027330520.6154,
      "epochs": 30,
      "mse": 140410929152.0,
      "w2_global": 355679.21875,
      "cvar": 322524381184.0
    },
    "(0.01, 1.0)": {
      "val_loss": 3.533143612054678,
      "val_eval": 3.4189410576453576,
      "epochs": 30,
      "mse": 3.397486686706543,
      "w2_global": 0.6457425355911255,
      "cvar": 9.130000114440918
    },
    "(0.01, 5.0)": {
      "val_loss": 9048.234882061299,
      "val_eval": 8667.86455829327,
      "epochs": 30,
      "mse": 8645.583984375,
      "w2_global": 87.45159912109375,
      "cvar": 9713.6328125
    },
    "(0.01, 10.0)": {
      "val_loss": 7.131852883559007,
      "val_eval": 6.907532361837534,
      "epochs": 30,
      "mse": 6.8763251304626465,
      "w2_global": 1.4459052085876465,
      "cvar": 18.083084106445312
    },
    "(0.25, 0.1)": {
      "val_loss": 1.1618176515285785,
      "val_eval": 1.0595509088956392,
      "epochs": 30,
      "mse": 1.0380034446716309,
      "w2_global": 0.6749606132507324,
      "cvar": 2.190805435180664
    },
    "(0.25, 1.0)": {
      "val_loss": 1.1131299688265874,
      "val_eval": 1.0123508618428156,
      "epochs": 30,
      "mse": 0.9916043281555176,
      "w2_global": 0.7422285079956055,
      "cvar": 2.103537082672119
    },
    "(0.25, 5.0)": {
      "val_loss": 1.1115628618460436,
      "val_eval": 1.0193994274506202,
      "epochs": 30,
      "mse": 0.995764970779419,
      "w2_global": 0.6976457238197327,
      "cvar": 2.0892577171325684
    },
    "(0.25, 10.0)": {
      "val_loss": 1.8170323830384474,
      "val_eval": 1.6445079033191388,
      "epochs": 30,
      "mse": 1.6241040229797363,
      "w2_global": 0.40592142939567566,
      "cvar": 3.1976914405822754
    },
    "(0.5, 0.1)": {
      "val_loss": 2.239182921556326,
      "val_eval": 1.976166844367981,
      "epochs": 30,
      "mse": 1.9485915899276733,
      "w2_global": 0.2760290503501892,
      "cvar": 4.530810832977295
    },
    "(0.5, 1.0)": {
      "val_loss": 2.1612164424015927,
      "val_eval": 1.9124290943145752,
      "epochs": 30,
      "mse": 1.9044522047042847,
      "w2_global": 0.578738272190094,
      "cvar": 3.059286594390869
    },
    "(0.5, 5.0)": {
      "val_loss": 5.568921859447773,
      "val_eval": 5.494559398064246,
      "epochs": 30,
      "mse": 5.435177326202393,
      "w2_global": 1.152490258216858,
      "cvar": 13.803303718566895
    },
    "(0.5, 10.0)": {
      "val_loss": 45.16345757704515,
      "val_eval": 45.966528819157524,
      "epochs": 30,
      "mse": 45.67262268066406,
      "w2_global": 5.6372551918029785,
      "cvar": 27.684749603271484
    },
    "(0.75, 0.1)": {
      "val_loss": 0.8945927344835721,
      "val_eval": 0.791985557629512,
      "epochs": 30,
      "mse": 0.7732912302017212,
      "w2_global": 0.4005107581615448,
      "cvar": 1.544061303138733
    },
    "(0.75, 1.0)": {
      "val_loss": 0.8838581626231854,
      "val_eval": 0.789716152044443,
      "epochs": 30,
      "mse": 0.769713819026947,
      "w2_global": 0.43779781460762024,
      "cvar": 1.4657777547836304
    },
    "(0.75, 5.0)": {
      "val_loss": 0.8793441928350009,
      "val_eval": 0.8068517584067124,
      "epochs": 30,
      "mse": 0.7772303819656372,
      "w2_global": 0.3879442512989044,
      "cvar": 1.4625513553619385
    },
    "(0.75, 10.0)": {
      "val_loss": 0.9011068756763752,
      "val_eval": 0.8012057634500357,
      "epochs": 30,
      "mse": 0.7780214548110962,
      "w2_global": 0.40396392345428467,
      "cvar": 1.5025204420089722
    },
    "(0.99, 0.1)": {
      "val_loss": 0.85213368672591,
      "val_eval": 0.761609265437493,
      "epochs": 30,
      "mse": 0.7407709956169128,
      "w2_global": 0.3827880322933197,
      "cvar": 1.4399745464324951
    },
    "(0.99, 1.0)": {
      "val_loss": 0.838524763400738,
      "val_eval": 0.7456303193018987,
      "epochs": 30,
      "mse": 0.725304126739502,
      "w2_global": 0.42151695489883423,
      "cvar": 1.3842370510101318
    },
    "(0.99, 5.0)": {
      "val_loss": 0.8973623514175415,
      "val_eval": 0.7878816907222455,
      "epochs": 30,
      "mse": 0.7671971917152405,
      "w2_global": 0.3849332332611084,
      "cvar": 1.485693097114563
    },
    "(0.99, 10.0)": {
      "val_loss": 0.8541622895460862,
      "val_eval": 0.7534448779546298,
      "epochs": 30,
      "mse": 0.73468017578125,
      "w2_global": 0.3958594501018524,
      "cvar": 1.4326846599578857
    }
  }
}