{
  "train": {
    "mse": 0.706065833568573,
    "rmse": 0.8402772361361297,
    "mae": 0.5598306655883789,
    "w2_global": 0.4125615656375885,
    "ae_summary": {
      "mean": 0.5598306655883789,
      "std": 0.6266222596168518,
      "min": 1.2516975402832031e-06,
      "max": 26.369314193725586,
      "p50": 0.41506558656692505,
      "p90": 1.1714974641799927,
      "p95": 1.526694655418396,
      "p99": 2.5735013484954834
    },
    "se_summary": {
      "mean": 0.706065833568573,
      "std": 6.223054885864258,
      "min": 1.566746732351021e-12,
      "max": 695.3407592773438,
      "p50": 0.1722794473171234,
      "p90": 1.3724061250686646,
      "p95": 2.330796718597412,
      "p99": 6.622910022735596
    }
  },
  "val": {
    "mse": 0.725304126739502,
    "rmse": 0.8516478889420803,
    "mae": 0.5606985092163086,
    "w2_global": 0.42151695489883423,
    "ae_summary": {
      "mean": 0.5606985092163086,
      "std": 0.6410315036773682,
      "min": 2.993270754814148e-06,
      "max": 47.98204803466797,
      "p50": 0.4182352125644684,
      "p90": 1.1765360832214355,
      "p95": 1.5246950387954712,
      "p99": 2.524488925933838
    },
    "se_summary": {
      "mean": 0.725304126739502,
      "std": 9.501361846923828,
      "min": 8.959669811625659e-12,
      "max": 2302.27685546875,
      "p50": 0.1749206930398941,
      "p90": 1.3842370510101318,
      "p95": 2.324694871902466,
      "p99": 6.373044013977051
    }
  },
  "test": {
    "mse": 0.7604057788848877,
    "rmse": 0.8720124878032927,
    "mae": 0.5655372142791748,
    "w2_global": 0.4378860294818878,
    "ae_summary": {
      "mean": 0.5655372142791748,
      "std": 0.6637570858001709,
      "min": 3.179069608449936e-06,
      "max": 66.25601959228516,
      "p50": 0.4200427234172821,
      "p90": 1.1895350217819214,
      "p95": 1.547066569328308,
      "p99": 2.5474326610565186
    },
    "se_summary": {
      "mean": 0.7604057788848877,
      "std": 12.49698543548584,
      "min": 1.0106483358529594e-11,
      "max": 4389.8603515625,
      "p50": 0.17643588781356812,
      "p90": 1.4149936437606812,
      "p95": 2.3934147357940674,
      "p99": 6.489413261413574
    }
  }
}