{
  "train": {
    "mse": 0.0,
    "rmse": 0.0,
    "mae": 0.0,
    "w2_global": 0.6702683568000793,
    "ae_summary": {
      "mean": 0.0,
      "std": 0.0,
      "min": 0.0,
      "max": 0.0,
      "p50": 0.0,
      "p90": 0.0,
      "p95": 0.0,
      "p99": 0.0
    },
    "se_summary": {
      "mean": 0.0,
      "std": 0.0,
      "min": 0.0,
      "max": 0.0,
      "p50": 0.0,
      "p90": 0.0,
      "p95": 0.0,
      "p99": 0.0
    }
  },
  "val": {
    "mse": 0.6700132489204407,
    "rmse": 0.8185433702134791,
    "mae": 0.6147677898406982,
    "w2_global": 0.5585569739341736,
    "ae_summary": {
      "mean": 0.6147677898406982,
      "std": 0.5404385924339294,
      "min": 6.914138793945312e-05,
      "max": 4.02567195892334,
      "p50": 0.4874688386917114,
      "p90": 1.3413118124008179,
      "p95": 1.729763388633728,
      "p99": 2.4639925956726074
    },
    "se_summary": {
      "mean": 0.6700132489204407,
      "std": 1.2300620079040527,
      "min": 4.780531526193954e-09,
      "max": 16.206035614013672,
      "p50": 0.2376258671283722,
      "p90": 1.7991176843643188,
      "p95": 2.9920814037323,
      "p99": 6.071781635284424
    }
  },
  "test": {
    "mse": 0.5562703013420105,
    "rmse": 0.7458353044352423,
    "mae": 0.5766968727111816,
    "w2_global": 0.5251722931861877,
    "ae_summary": {
      "mean": 0.5766968727111816,
      "std": 0.4729599058628082,
      "min": 5.826354026794434e-06,
      "max": 5.298105239868164,
      "p50": 0.48369938135147095,
      "p90": 1.1233627796173096,
      "p95": 1.4488708972930908,
      "p99": 2.215787649154663
    },
    "se_summary": {
      "mean": 0.5562703013420105,
      "std": 1.0971521139144897,
      "min": 3.394640124554371e-11,
      "max": 28.06991958618164,
      "p50": 0.23396506905555725,
      "p90": 1.261944055557251,
      "p95": 2.0992274284362793,
      "p99": 4.909717082977295
    }
  }
}