{
  "train": {
    "mse": 0.32819804549217224,
    "rmse": 0.5728857176542039,
    "mae": 0.46613040566444397,
    "w2_global": 0.1016094908118248,
    "ae_summary": {
      "mean": 0.46613040566444397,
      "std": 0.3330472409725189,
      "min": 3.203749656677246e-07,
      "max": 2.776982545852661,
      "p50": 0.4325053095817566,
      "p90": 0.8369371891021729,
      "p95": 0.9704152941703796,
      "p99": 1.681829810142517
    },
    "se_summary": {
      "mean": 0.32819804549217224,
      "std": 0.49764400720596313,
      "min": 1.0264011862659572e-13,
      "max": 7.711632251739502,
      "p50": 0.18706083297729492,
      "p90": 0.7004638910293579,
      "p95": 0.9417059421539307,
      "p99": 2.828551769256592
    }
  },
  "val": {
    "mse": 0.5671352744102478,
    "rmse": 0.7530838428822171,
    "mae": 0.6492082476615906,
    "w2_global": 0.10720349848270416,
    "ae_summary": {
      "mean": 0.6492082476615906,
      "std": 0.38165953755378723,
      "min": 8.507445454597473e-05,
      "max": 2.7547879219055176,
      "p50": 0.6714619398117065,
      "p90": 1.0278911590576172,
      "p95": 1.2015976905822754,
      "p99": 1.9576263427734375
    },
    "se_summary": {
      "mean": 0.5671352744102478,
      "std": 0.6794666647911072,
      "min": 7.237662913439635e-09,
      "max": 7.5888566970825195,
      "p50": 0.4508611261844635,
      "p90": 1.0565602779388428,
      "p95": 1.4438369274139404,
      "p99": 3.832301139831543
    }
  },
  "test": {
    "mse": 0.5761091709136963,
    "rmse": 0.7590185576872915,
    "mae": 0.6564055681228638,
    "w2_global": 0.10984311997890472,
    "ae_summary": {
      "mean": 0.6564055681228638,
      "std": 0.38110482692718506,
      "min": 0.00015591084957122803,
      "max": 2.813664197921753,
      "p50": 0.6817971467971802,
      "p90": 1.0224411487579346,
      "p95": 1.1924030780792236,
      "p99": 1.9929107427597046
    },
    "se_summary": {
      "mean": 0.5761091709136963,
      "std": 0.686908483505249,
      "min": 2.430819279197749e-08,
      "max": 7.916706085205078,
      "p50": 0.4648473560810089,
      "p90": 1.0453859567642212,
      "p95": 1.4218250513076782,
      "p99": 3.9716930389404297
    }
  }
}