{
  "train": {
    "mse": 0.05400806665420532,
    "rmse": 0.23239635680062914,
    "mae": 0.1777973771095276,
    "w2_global": 0.13873007893562317,
    "ae_summary": {
      "mean": 0.1777973771095276,
      "std": 0.14965349435806274,
      "min": 1.1593103408813477e-05,
      "max": 1.2971868515014648,
      "p50": 0.1409139633178711,
      "p90": 0.38003209233283997,
      "p95": 0.4713052213191986,
      "p99": 0.682662844657898
    },
    "se_summary": {
      "mean": 0.05400806665420532,
      "std": 0.09455639868974686,
      "min": 1.3440004664744265e-10,
      "max": 1.6826937198638916,
      "p50": 0.01985674537718296,
      "p90": 0.14442439377307892,
      "p95": 0.22212859988212585,
      "p99": 0.4660291373729706
    }
  },
  "val": {
    "mse": 0.2722099721431732,
    "rmse": 0.5217374551852427,
    "mae": 0.3673041760921478,
    "w2_global": 0.11889834702014923,
    "ae_summary": {
      "mean": 0.3673041760921478,
      "std": 0.3705368936061859,
      "min": 5.924701690673828e-05,
      "max": 2.6754045486450195,
      "p50": 0.25940972566604614,
      "p90": 0.8161366581916809,
      "p95": 1.1340197324752808,
      "p99": 1.810083031654358
    },
    "se_summary": {
      "mean": 0.2722099721431732,
      "std": 0.62235027551651,
      "min": 3.5102090123473317e-09,
      "max": 7.157789707183838,
      "p50": 0.06729340553283691,
      "p90": 0.6660789847373962,
      "p95": 1.2860006093978882,
      "p99": 3.276402711868286
    }
  },
  "test": {
    "mse": 0.2814887464046478,
    "rmse": 0.5305551304102598,
    "mae": 0.3721180260181427,
    "w2_global": 0.13064375519752502,
    "ae_summary": {
      "mean": 0.3721180260181427,
      "std": 0.3781758248806,
      "min": 2.562999725341797e-06,
      "max": 3.1318438053131104,
      "p50": 0.25992873311042786,
      "p90": 0.822350263595581,
      "p95": 1.1683826446533203,
      "p99": 1.8620887994766235
    },
    "se_summary": {
      "mean": 0.2814887464046478,
      "std": 0.6440972685813904,
      "min": 6.568967592102126e-12,
      "max": 9.808445930480957,
      "p50": 0.06756294518709183,
      "p90": 0.6762599349021912,
      "p95": 1.3651180267333984,
      "p99": 3.4673750400543213
    }
  }
}