{
  "best_alpha": 0.99,
  "best_gamma": 10.0,
  "alpha_grid": [
    0.99
  ],
  "gamma_grid": [
    10.0
  ],
  "results": {
    "(0.99, 10.0)": {
      "val_loss": 0.25743070244789124,
      "val_eval": 0.27492237091064453,
      "epoch": 30,
      "mse": 0.27492237091064453
    }
  },
  "standalone_mode": true
}