{
  "train": {
    "mse": 0.2510948181152344,
    "rmse": 0.5010936221059238,
    "mae": 0.3779750168323517,
    "w2_global": 0.19515877962112427,
    "ae_summary": {
      "mean": 0.3779750168323517,
      "std": 0.3289828300476074,
      "min": 9.156763553619385e-06,
      "max": 2.71213960647583,
      "p50": 0.29036664962768555,
      "p90": 0.8164901733398438,
      "p95": 1.024116039276123,
      "p99": 1.5212267637252808
    },
    "se_summary": {
      "mean": 0.2510948181152344,
      "std": 0.46170440316200256,
      "min": 8.38463187768923e-11,
      "max": 7.355701446533203,
      "p50": 0.0843127891421318,
      "p90": 0.6666562557220459,
      "p95": 1.0488139390945435,
      "p99": 2.3141307830810547
    }
  },
  "val": {
    "mse": 0.27492237091064453,
    "rmse": 0.5243304024283205,
    "mae": 0.3984762132167816,
    "w2_global": 0.20489458739757538,
    "ae_summary": {
      "mean": 0.3984762132167816,
      "std": 0.34079185128211975,
      "min": 1.2263655662536621e-05,
      "max": 3.604280948638916,
      "p50": 0.30938446521759033,
      "p90": 0.8584924340248108,
      "p95": 1.0558695793151855,
      "p99": 1.539138674736023
    },
    "se_summary": {
      "mean": 0.27492237091064453,
      "std": 0.5248315334320068,
      "min": 1.5039725020926653e-10,
      "max": 12.990840911865234,
      "p50": 0.09571874886751175,
      "p90": 0.7370092868804932,
      "p95": 1.1148606538772583,
      "p99": 2.368947982788086
    }
  },
  "test": {
    "mse": 0.2906065285205841,
    "rmse": 0.539079334162036,
    "mae": 0.40619173645973206,
    "w2_global": 0.19495223462581635,
    "ae_summary": {
      "mean": 0.40619173645973206,
      "std": 0.3544217646121979,
      "min": 9.506940841674805e-06,
      "max": 3.5707852840423584,
      "p50": 0.3126007914543152,
      "p90": 0.8829493522644043,
      "p95": 1.099208950996399,
      "p99": 1.6156504154205322
    },
    "se_summary": {
      "mean": 0.2906065285205841,
      "std": 0.5496401190757751,
      "min": 9.038192416710444e-11,
      "max": 12.750507354736328,
      "p50": 0.09771924465894699,
      "p90": 0.7795995473861694,
      "p95": 1.208260178565979,
      "p99": 2.6103265285491943
    }
  }
}