{
  "train": {
    "mse": 3829.49853515625,
    "rmse": 61.88294219860793,
    "mae": 47.34477996826172,
    "w2_global": 0.2688294053077698,
    "ae_summary": {
      "mean": 47.34477996826172,
      "std": 39.84934616088867,
      "min": 0.0001501142978668213,
      "max": 382.60394287109375,
      "p50": 37.871437072753906,
      "p90": 98.7962417602539,
      "p95": 124.58151245117188,
      "p99": 184.79489135742188
    },
    "se_summary": {
      "mean": 3829.49853515625,
      "std": 6980.2666015625,
      "min": 2.2534301535870327e-08,
      "max": 146385.78125,
      "p50": 1434.245849609375,
      "p90": 9760.6982421875,
      "p95": 15520.552734375,
      "p99": 34149.15234375
    }
  },
  "val": {
    "mse": 0.8946470022201538,
    "rmse": 0.945857812897982,
    "mae": 0.541993260383606,
    "w2_global": 0.33171501755714417,
    "ae_summary": {
      "mean": 0.541993260383606,
      "std": 0.7751711010932922,
      "min": 0.0,
      "max": 14.15381908416748,
      "p50": 0.294450581073761,
      "p90": 1.299681305885315,
      "p95": 1.7782483100891113,
      "p99": 3.450456142425537
    },
    "se_summary": {
      "mean": 0.8946470022201538,
      "std": 4.988829135894775,
      "min": 0.0,
      "max": 200.33059692382812,
      "p50": 0.08670114725828171,
      "p90": 1.689171552658081,
      "p95": 3.1621668338775635,
      "p99": 11.905649185180664
    }
  },
  "test": {
    "mse": 0.8369198441505432,
    "rmse": 0.914833232972296,
    "mae": 0.5609744191169739,
    "w2_global": 0.24424363672733307,
    "ae_summary": {
      "mean": 0.5609744191169739,
      "std": 0.7226531505584717,
      "min": 7.525086402893066e-06,
      "max": 20.794055938720703,
      "p50": 0.32400965690612793,
      "p90": 1.3528803586959839,
      "p95": 1.8291150331497192,
      "p99": 3.204232692718506
    },
    "se_summary": {
      "mean": 0.8369198441505432,
      "std": 3.7173612117767334,
      "min": 5.662692537100611e-11,
      "max": 432.39276123046875,
      "p50": 0.10498225688934326,
      "p90": 1.8302853107452393,
      "p95": 3.3456616401672363,
      "p99": 10.267107009887695
    }
  }
}