{
  "best_alpha": 0.99,
  "best_gamma": 0.1,
  "alpha_grid": [
    0.99
  ],
  "gamma_grid": [
    0.1
  ],
  "results": {
    "(0.99, 0.1)": {
      "val_loss": 0.0881950706243515,
      "val_eval": 0.10708082467317581,
      "epoch": 30,
      "mse": 0.10708082467317581
    }
  },
  "standalone_mode": true
}