{
  "train": {
    "mse": 0.09611853212118149,
    "rmse": 0.31002988907713636,
    "mae": 0.21949122846126556,
    "w2_global": 0.013026224449276924,
    "ae_summary": {
      "mean": 0.21949122846126556,
      "std": 0.21895693242549896,
      "min": 1.4044344425201416e-06,
      "max": 5.69525671005249,
      "p50": 0.16268151998519897,
      "p90": 0.46640145778656006,
      "p95": 0.6051324605941772,
      "p99": 1.0090724229812622
    },
    "se_summary": {
      "mean": 0.09611853212118149,
      "std": 0.3273249566555023,
      "min": 1.972436103336861e-12,
      "max": 32.43594741821289,
      "p50": 0.02646527625620365,
      "p90": 0.21753032505512238,
      "p95": 0.36618533730506897,
      "p99": 1.0182273387908936
    }
  },
  "val": {
    "mse": 0.11045392602682114,
    "rmse": 0.3323460937438879,
    "mae": 0.23929192125797272,
    "w2_global": 0.013297632336616516,
    "ae_summary": {
      "mean": 0.23929192125797272,
      "std": 0.23063673079013824,
      "min": 0.0004246234893798828,
      "max": 2.7540338039398193,
      "p50": 0.18619149923324585,
      "p90": 0.5080662965774536,
      "p95": 0.6776136755943298,
      "p99": 1.0327452421188354
    },
    "se_summary": {
      "mean": 0.11045392602682114,
      "std": 0.31780529022216797,
      "min": 1.8030510773314745e-07,
      "max": 7.584702014923096,
      "p50": 0.034667275846004486,
      "p90": 0.25813186168670654,
      "p95": 0.45916053652763367,
      "p99": 1.0665645599365234
    }
  },
  "test": {
    "mse": 0.1294127106666565,
    "rmse": 0.3597397818794253,
    "mae": 0.24747464060783386,
    "w2_global": 0.015389831736683846,
    "ae_summary": {
      "mean": 0.24747464060783386,
      "std": 0.2610919773578644,
      "min": 9.071826934814453e-05,
      "max": 3.10257625579834,
      "p50": 0.18048566579818726,
      "p90": 0.5231449007987976,
      "p95": 0.6647321581840515,
      "p99": 1.330001711845398
    },
    "se_summary": {
      "mean": 0.1294127106666565,
      "std": 0.4228730797767639,
      "min": 8.2298043935225e-09,
      "max": 9.62597942352295,
      "p50": 0.03257507458329201,
      "p90": 0.2736811339855194,
      "p95": 0.44187402725219727,
      "p99": 1.7689054012298584
    }
  }
}