{
  "test": {
    "mse": 0.8305937051773071,
    "rmse": 0.9113691377138613,
    "mae": 0.6139742136001587,
    "w2_global": 0.42387130856513977,
    "ae_summary": {
      "mean": 0.6139742136001587,
      "std": 0.6735200881958008,
      "min": 3.2782554626464844e-06,
      "max": 4.3038482666015625,
      "p50": 0.35552138090133667,
      "p90": 1.5961387157440186,
      "p95": 2.068648338317871,
      "p99": 2.7303433418273926
    },
    "se_summary": {
      "mean": 0.8305937051773071,
      "std": 1.5957038402557373,
      "min": 1.0746958878371515e-11,
      "max": 18.523109436035156,
      "p50": 0.12639546394348145,
      "p90": 2.547658681869507,
      "p95": 4.279306411743164,
      "p99": 7.454774379730225
    }
  }
}