{
  "test": {
    "mse": 0.5581884980201721,
    "rmse": 0.747120136270046,
    "mae": 0.42884305119514465,
    "w2_global": 0.13284549117088318,
    "ae_summary": {
      "mean": 0.42884305119514465,
      "std": 0.6117860078811646,
      "min": 9.313225746154785e-09,
      "max": 36.16570281982422,
      "p50": 0.2640067934989929,
      "p90": 0.9911558032035828,
      "p95": 1.3705730438232422,
      "p99": 2.5332789421081543
    },
    "se_summary": {
      "mean": 0.5581884980201721,
      "std": 8.866800308227539,
      "min": 8.673617379884035e-17,
      "max": 1307.9580078125,
      "p50": 0.06969957798719406,
      "p90": 0.9823898077011108,
      "p95": 1.878470540046692,
      "p99": 6.417502403259277
    }
  }
}