{
  "best_alpha": 0.99,
  "best_gamma": 0.1,
  "alpha_grid": [
    0.01,
    0.25,
    0.5,
    0.75,
    0.99
  ],
  "gamma_grid": [
    0.1,
    1.0,
    5.0,
    10.0
  ],
  "results": {
    "(0.01, 0.1)": {
      "val_loss": 0.28571972250938416,
      "val_eval": 0.29541268944740295,
      "epochs": 30,
      "mse": 0.29541268944740295,
      "w2_global": 0.07241842895746231,
      "cvar": 0.7964529395103455
    },
    "(0.01, 1.0)": {
      "val_loss": 0.27495837211608887,
      "val_eval": 0.2747457027435303,
      "epochs": 30,
      "mse": 0.2747457027435303,
      "w2_global": 0.0676058754324913,
      "cvar": 0.7346845865249634
    },
    "(0.01, 5.0)": {
      "val_loss": 0.2758813798427582,
      "val_eval": 0.27026090025901794,
      "epochs": 30,
      "mse": 0.27026090025901794,
      "w2_global": 0.08085225522518158,
      "cvar": 0.7484813928604126
    },
    "(0.01, 10.0)": {
      "val_loss": 0.27233731746673584,
      "val_eval": 0.26976117491722107,
      "epochs": 30,
      "mse": 0.26976117491722107,
      "w2_global": 0.07488115131855011,
      "cvar": 0.7281392216682434
    },
    "(0.25, 0.1)": {
      "val_loss": 0.26533082127571106,
      "val_eval": 0.26411813497543335,
      "epochs": 30,
      "mse": 0.26411813497543335,
      "w2_global": 0.07893797010183334,
      "cvar": 0.6989825367927551
    },
    "(0.25, 1.0)": {
      "val_loss": 0.3136911392211914,
      "val_eval": 0.3059539198875427,
      "epochs": 30,
      "mse": 0.3059539198875427,
      "w2_global": 0.07150202244520187,
      "cvar": 0.8283725380897522
    },
    "(0.25, 5.0)": {
      "val_loss": 0.2798989415168762,
      "val_eval": 0.26837509870529175,
      "epochs": 30,
      "mse": 0.26837509870529175,
      "w2_global": 0.09136365354061127,
      "cvar": 0.7072807550430298
    },
    "(0.25, 10.0)": {
      "val_loss": 0.2727620303630829,
      "val_eval": 0.2676202356815338,
      "epochs": 30,
      "mse": 0.2676202356815338,
      "w2_global": 0.07455877959728241,
      "cvar": 0.6849616765975952
    },
    "(0.5, 0.1)": {
      "val_loss": 0.24372482299804688,
      "val_eval": 0.24778656661510468,
      "epochs": 30,
      "mse": 0.24778656661510468,
      "w2_global": 0.09667325019836426,
      "cvar": 0.7105681896209717
    },
    "(0.5, 1.0)": {
      "val_loss": 0.25882047414779663,
      "val_eval": 0.25560101866722107,
      "epochs": 30,
      "mse": 0.25560101866722107,
      "w2_global": 0.08706340193748474,
      "cvar": 0.6725679039955139
    },
    "(0.5, 5.0)": {
      "val_loss": 0.2701217234134674,
      "val_eval": 0.26665976643562317,
      "epochs": 30,
      "mse": 0.26665976643562317,
      "w2_global": 0.0724794790148735,
      "cvar": 0.7196769714355469
    },
    "(0.5, 10.0)": {
      "val_loss": 0.2753808796405792,
      "val_eval": 0.2693977653980255,
      "epochs": 30,
      "mse": 0.2693977653980255,
      "w2_global": 0.08161301165819168,
      "cvar": 0.7156538367271423
    },
    "(0.75, 0.1)": {
      "val_loss": 0.27518126368522644,
      "val_eval": 0.2726037800312042,
      "epochs": 30,
      "mse": 0.2726037800312042,
      "w2_global": 0.06761258840560913,
      "cvar": 0.685539186000824
    },
    "(0.75, 1.0)": {
      "val_loss": 0.24850474298000336,
      "val_eval": 0.24696996808052063,
      "epochs": 30,
      "mse": 0.24696996808052063,
      "w2_global": 0.08605141192674637,
      "cvar": 0.6773045063018799
    },
    "(0.75, 5.0)": {
      "val_loss": 0.2619951665401459,
      "val_eval": 0.265520304441452,
      "epochs": 30,
      "mse": 0.265520304441452,
      "w2_global": 0.07915538549423218,
      "cvar": 0.7519392371177673
    },
    "(0.75, 10.0)": {
      "val_loss": 0.26771023869514465,
      "val_eval": 0.26830431818962097,
      "epochs": 30,
      "mse": 0.26830431818962097,
      "w2_global": 0.08592589199542999,
      "cvar": 0.7664878368377686
    },
    "(0.99, 0.1)": {
      "val_loss": 0.18507343530654907,
      "val_eval": 0.18901671469211578,
      "epochs": 30,
      "mse": 0.18901671469211578,
      "w2_global": 0.07203467935323715,
      "cvar": 0.5194275379180908
    },
    "(0.99, 1.0)": {
      "val_loss": 0.23514442145824432,
      "val_eval": 0.2355746626853943,
      "epochs": 30,
      "mse": 0.23557469248771667,
      "w2_global": 0.06994502246379852,
      "cvar": 0.6026900410652161
    },
    "(0.99, 5.0)": {
      "val_loss": 0.23559197783470154,
      "val_eval": 0.2318783700466156,
      "epochs": 30,
      "mse": 0.2318783700466156,
      "w2_global": 0.07200178503990173,
      "cvar": 0.6574493050575256
    },
    "(0.99, 10.0)": {
      "val_loss": 0.2206469625234604,
      "val_eval": 0.2180575281381607,
      "epochs": 30,
      "mse": 0.2180575281381607,
      "w2_global": 0.04841756448149681,
      "cvar": 0.5621969103813171
    }
  }
}