{
  "train": {
    "mse": 0.18853263556957245,
    "rmse": 0.4342034495136726,
    "mae": 0.33185383677482605,
    "w2_global": 0.06425372511148453,
    "ae_summary": {
      "mean": 0.33185383677482605,
      "std": 0.28001007437705994,
      "min": 2.9206275939941406e-06,
      "max": 2.4166717529296875,
      "p50": 0.26247137784957886,
      "p90": 0.7089653611183167,
      "p95": 0.8769355416297913,
      "p99": 1.2642347812652588
    },
    "se_summary": {
      "mean": 0.18853263556957245,
      "std": 0.33448415994644165,
      "min": 8.530065542800003e-12,
      "max": 5.840302467346191,
      "p50": 0.06889122724533081,
      "p90": 0.5026319026947021,
      "p95": 0.7690159678459167,
      "p99": 1.5982894897460938
    }
  },
  "val": {
    "mse": 0.18901671469211578,
    "rmse": 0.43476052568295087,
    "mae": 0.33161452412605286,
    "w2_global": 0.07203467935323715,
    "ae_summary": {
      "mean": 0.33161452412605286,
      "std": 0.28115567564964294,
      "min": 0.00017338991165161133,
      "max": 2.352541923522949,
      "p50": 0.2582712173461914,
      "p90": 0.720713198184967,
      "p95": 0.901572585105896,
      "p99": 1.2185420989990234
    },
    "se_summary": {
      "mean": 0.18901671469211578,
      "std": 0.33098870515823364,
      "min": 3.006406146255358e-08,
      "max": 5.534453392028809,
      "p50": 0.06670401990413666,
      "p90": 0.5194275379180908,
      "p95": 0.8128331303596497,
      "p99": 1.4848459959030151
    }
  },
  "test": {
    "mse": 0.18949474394321442,
    "rmse": 0.4353099400923604,
    "mae": 0.3314511477947235,
    "w2_global": 0.06823664903640747,
    "ae_summary": {
      "mean": 0.3314511477947235,
      "std": 0.2821964919567108,
      "min": 4.51207160949707e-05,
      "max": 2.270235538482666,
      "p50": 0.2613472044467926,
      "p90": 0.7111611366271973,
      "p95": 0.8813561797142029,
      "p99": 1.2837779521942139
    },
    "se_summary": {
      "mean": 0.18949474394321442,
      "std": 0.33635827898979187,
      "min": 2.0358790209229483e-09,
      "max": 5.1539692878723145,
      "p50": 0.06830236315727234,
      "p90": 0.5057501792907715,
      "p95": 0.7767887711524963,
      "p99": 1.6480860710144043
    }
  }
}