{
  "test": {
    "mse": 0.9060349464416504,
    "rmse": 0.9518586798688398,
    "mae": 0.6254259347915649,
    "w2_global": 0.2920296788215637,
    "ae_summary": {
      "mean": 0.6254259347915649,
      "std": 0.7175495624542236,
      "min": 1.7881393432617188e-07,
      "max": 3.503748893737793,
      "p50": 0.40487122535705566,
      "p90": 1.6451375484466553,
      "p95": 2.112145185470581,
      "p99": 3.125601291656494
    },
    "se_summary": {
      "mean": 0.9060349464416504,
      "std": 1.7347965240478516,
      "min": 3.197442310920451e-14,
      "max": 12.276256561279297,
      "p50": 0.16392071545124054,
      "p90": 2.706477403640747,
      "p95": 4.461157321929932,
      "p99": 9.769383430480957
    }
  }
}