{
  "train": {
    "mse": 0.01571325585246086,
    "rmse": 0.12535252631064467,
    "mae": 0.07751546800136566,
    "w2_global": 0.5793514847755432,
    "ae_summary": {
      "mean": 0.07751546800136566,
      "std": 0.0985119640827179,
      "min": 8.940696716308594e-07,
      "max": 8.394911766052246,
      "p50": 0.05389520525932312,
      "p90": 0.1677408069372177,
      "p95": 0.22377246618270874,
      "p99": 0.38252854347229004
    },
    "se_summary": {
      "mean": 0.01571325585246086,
      "std": 0.2742416262626648,
      "min": 7.993605777301127e-13,
      "max": 70.47454071044922,
      "p50": 0.002904693130403757,
      "p90": 0.028136977925896645,
      "p95": 0.05007411912083626,
      "p99": 0.14632807672023773
    }
  },
  "val": {
    "mse": 1.1908937692642212,
    "rmse": 1.0912807930428452,
    "mae": 0.7755677700042725,
    "w2_global": 0.5899063944816589,
    "ae_summary": {
      "mean": 0.7755677700042725,
      "std": 0.7677163481712341,
      "min": 5.817040801048279e-06,
      "max": 48.90871810913086,
      "p50": 0.6050772666931152,
      "p90": 1.6226760149002075,
      "p95": 2.0587644577026367,
      "p99": 3.0858824253082275
    },
    "se_summary": {
      "mean": 1.1908937692642212,
      "std": 9.75434398651123,
      "min": 3.38379636810604e-11,
      "max": 2392.062744140625,
      "p50": 0.36611849069595337,
      "p90": 2.633077383041382,
      "p95": 4.238511562347412,
      "p99": 9.522669792175293
    }
  },
  "test": {
    "mse": 1.229805827140808,
    "rmse": 1.1089661073003125,
    "mae": 0.7798386216163635,
    "w2_global": 0.582331120967865,
    "ae_summary": {
      "mean": 0.7798386216163635,
      "std": 0.7884525060653687,
      "min": 8.344650268554688e-07,
      "max": 38.70625305175781,
      "p50": 0.606494665145874,
      "p90": 1.631189227104187,
      "p95": 2.0744807720184326,
      "p99": 3.203031539916992
    },
    "se_summary": {
      "mean": 1.229805827140808,
      "std": 9.214644432067871,
      "min": 6.963318810448982e-13,
      "max": 1498.174072265625,
      "p50": 0.36783573031425476,
      "p90": 2.660778284072876,
      "p95": 4.303470134735107,
      "p99": 10.25940990447998
    }
  }
}