{
  "train": {
    "mse": 0.0,
    "rmse": 0.0,
    "mae": 0.0,
    "w2_global": 0.2423499971628189,
    "ae_summary": {
      "mean": 0.0,
      "std": 0.0,
      "min": 0.0,
      "max": 0.0,
      "p50": 0.0,
      "p90": 0.0,
      "p95": 0.0,
      "p99": 0.0
    },
    "se_summary": {
      "mean": 0.0,
      "std": 0.0,
      "min": 0.0,
      "max": 0.0,
      "p50": 0.0,
      "p90": 0.0,
      "p95": 0.0,
      "p99": 0.0
    }
  },
  "val": {
    "mse": 0.6269242763519287,
    "rmse": 0.7917854989527964,
    "mae": 0.2827230989933014,
    "w2_global": 0.30777764320373535,
    "ae_summary": {
      "mean": 0.2827230989933014,
      "std": 0.7395889759063721,
      "min": 4.589557647705078e-06,
      "max": 12.703405380249023,
      "p50": 0.10259521752595901,
      "p90": 0.5463950037956238,
      "p95": 0.8824712038040161,
      "p99": 4.023238182067871
    },
    "se_summary": {
      "mean": 0.6269242763519287,
      "std": 5.126297473907471,
      "min": 2.106403940160817e-11,
      "max": 161.3765106201172,
      "p50": 0.010525778867304325,
      "p90": 0.29854750633239746,
      "p95": 0.7787553668022156,
      "p99": 16.186447143554688
    }
  },
  "test": {
    "mse": 1.1512203216552734,
    "rmse": 1.0729493565193435,
    "mae": 0.2856258749961853,
    "w2_global": 0.4051148295402527,
    "ae_summary": {
      "mean": 0.2856258749961853,
      "std": 1.0342332124710083,
      "min": 4.6193599700927734e-07,
      "max": 31.005529403686523,
      "p50": 0.10666309297084808,
      "p90": 0.5272421836853027,
      "p95": 0.8022026419639587,
      "p99": 3.1479780673980713
    },
    "se_summary": {
      "mean": 1.1512203216552734,
      "std": 19.42510986328125,
      "min": 2.1338486533295509e-13,
      "max": 961.3428344726562,
      "p50": 0.011377016082406044,
      "p90": 0.2779843211174011,
      "p95": 0.6435291171073914,
      "p99": 9.90976619720459
    }
  }
}