{
  "train": {
    "mse": 0.0,
    "rmse": 0.0,
    "mae": 0.0,
    "w2_global": 0.2980439066886902,
    "ae_summary": {
      "mean": 0.0,
      "std": 0.0,
      "min": 0.0,
      "max": 0.0,
      "p50": 0.0,
      "p90": 0.0,
      "p95": 0.0,
      "p99": 0.0
    },
    "se_summary": {
      "mean": 0.0,
      "std": 0.0,
      "min": 0.0,
      "max": 0.0,
      "p50": 0.0,
      "p90": 0.0,
      "p95": 0.0,
      "p99": 0.0
    }
  },
  "val": {
    "mse": 1.1650413274765015,
    "rmse": 1.0793708016601624,
    "mae": 0.690963864326477,
    "w2_global": 0.3150179982185364,
    "ae_summary": {
      "mean": 0.690963864326477,
      "std": 0.8292227387428284,
      "min": 2.384185791015625e-06,
      "max": 11.336485862731934,
      "p50": 0.3927735686302185,
      "p90": 1.7646503448486328,
      "p95": 2.2899255752563477,
      "p99": 3.8276641368865967
    },
    "se_summary": {
      "mean": 1.1650413274765015,
      "std": 3.1498961448669434,
      "min": 5.6843418860808015e-12,
      "max": 128.5159149169922,
      "p50": 0.15427106618881226,
      "p90": 3.1139907836914062,
      "p95": 5.2437591552734375,
      "p99": 14.651012420654297
    }
  },
  "test": {
    "mse": 1.0831173658370972,
    "rmse": 1.0407292471325562,
    "mae": 0.6771437525749207,
    "w2_global": 0.2962378263473511,
    "ae_summary": {
      "mean": 0.6771437525749207,
      "std": 0.7903124094009399,
      "min": 6.293994374573231e-07,
      "max": 12.398548126220703,
      "p50": 0.4065808057785034,
      "p90": 1.715218424797058,
      "p95": 2.2255382537841797,
      "p99": 3.6623189449310303
    },
    "se_summary": {
      "mean": 1.0831173658370972,
      "std": 2.852552652359009,
      "min": 3.9614364848346295e-13,
      "max": 153.7239990234375,
      "p50": 0.16530795395374298,
      "p90": 2.94197416305542,
      "p95": 4.953020095825195,
      "p99": 13.412579536437988
    }
  }
}