{
  "train": {
    "mse": 0.0,
    "rmse": 0.0,
    "mae": 0.0,
    "w2_global": 0.18397857248783112,
    "ae_summary": {
      "mean": 0.0,
      "std": 0.0,
      "min": 0.0,
      "max": 0.0,
      "p50": 0.0,
      "p90": 0.0,
      "p95": 0.0,
      "p99": 0.0
    },
    "se_summary": {
      "mean": 0.0,
      "std": 0.0,
      "min": 0.0,
      "max": 0.0,
      "p50": 0.0,
      "p90": 0.0,
      "p95": 0.0,
      "p99": 0.0
    }
  },
  "val": {
    "mse": 0.4922136962413788,
    "rmse": 0.7015794297450423,
    "mae": 0.44004517793655396,
    "w2_global": 0.18916691839694977,
    "ae_summary": {
      "mean": 0.44004517793655396,
      "std": 0.5464192032814026,
      "min": 8.180737495422363e-06,
      "max": 10.107806205749512,
      "p50": 0.2660285532474518,
      "p90": 1.0395389795303345,
      "p95": 1.4358054399490356,
      "p99": 2.449486017227173
    },
    "se_summary": {
      "mean": 0.4922136962413788,
      "std": 2.0764389038085938,
      "min": 6.692446596900936e-11,
      "max": 102.1677474975586,
      "p50": 0.07077118754386902,
      "p90": 1.080641269683838,
      "p95": 2.061537265777588,
      "p99": 5.999982833862305
    }
  },
  "test": {
    "mse": 0.5306482315063477,
    "rmse": 0.7284560601068177,
    "mae": 0.457955539226532,
    "w2_global": 0.18973971903324127,
    "ae_summary": {
      "mean": 0.457955539226532,
      "std": 0.5665024518966675,
      "min": 2.335989847779274e-06,
      "max": 20.675962448120117,
      "p50": 0.2840037941932678,
      "p90": 1.0724740028381348,
      "p95": 1.4749314785003662,
      "p99": 2.4957408905029297
    },
    "se_summary": {
      "mean": 0.5306482315063477,
      "std": 2.7403712272644043,
      "min": 5.456848514717727e-12,
      "max": 427.49542236328125,
      "p50": 0.08065815269947052,
      "p90": 1.1502004861831665,
      "p95": 2.1754229068756104,
      "p99": 6.228724002838135
    }
  }
}