{
  "train": {
    "mse": 0.6122105717658997,
    "rmse": 0.7824388613597228,
    "mae": 0.5207470059394836,
    "w2_global": 0.41249948740005493,
    "ae_summary": {
      "mean": 0.5207470059394836,
      "std": 0.5839805006980896,
      "min": 2.0563602447509766e-06,
      "max": 24.758743286132812,
      "p50": 0.3831455409526825,
      "p90": 1.0987393856048584,
      "p95": 1.4283630847930908,
      "p99": 2.4668824672698975
    },
    "se_summary": {
      "mean": 0.6122105717658997,
      "std": 4.831681728363037,
      "min": 4.228617456192296e-12,
      "max": 612.995361328125,
      "p50": 0.14680050313472748,
      "p90": 1.2072283029556274,
      "p95": 2.0402212142944336,
      "p99": 6.085509300231934
    }
  },
  "val": {
    "mse": 0.6848116517066956,
    "rmse": 0.8275334746744059,
    "mae": 0.5379890203475952,
    "w2_global": 0.4322153627872467,
    "ae_summary": {
      "mean": 0.5379890203475952,
      "std": 0.6287920475006104,
      "min": 1.3709068298339844e-05,
      "max": 48.187095642089844,
      "p50": 0.39744746685028076,
      "p90": 1.1330738067626953,
      "p95": 1.470117211341858,
      "p99": 2.4882194995880127
    },
    "se_summary": {
      "mean": 0.6848116517066956,
      "std": 9.4952974319458,
      "min": 1.879385536085465e-10,
      "max": 2321.99609375,
      "p50": 0.15796446800231934,
      "p90": 1.2838562726974487,
      "p95": 2.1612446308135986,
      "p99": 6.19123649597168
    }
  },
  "test": {
    "mse": 0.6978178024291992,
    "rmse": 0.8353548960945876,
    "mae": 0.5423452258110046,
    "w2_global": 0.43765488266944885,
    "ae_summary": {
      "mean": 0.5423452258110046,
      "std": 0.6353577375411987,
      "min": 8.940696716308594e-08,
      "max": 61.67219543457031,
      "p50": 0.39978474378585815,
      "p90": 1.1419401168823242,
      "p95": 1.4891437292099,
      "p99": 2.5244131088256836
    },
    "se_summary": {
      "mean": 0.6978178024291992,
      "std": 10.848494529724121,
      "min": 7.993605777301127e-15,
      "max": 3803.459716796875,
      "p50": 0.1598278433084488,
      "p90": 1.3040273189544678,
      "p95": 2.2175488471984863,
      "p99": 6.372661113739014
    }
  }
}