{
  "train": {
    "mse": 0.0,
    "rmse": 0.0,
    "mae": 0.0,
    "w2_global": 0.028857633471488953,
    "ae_summary": {
      "mean": 0.0,
      "std": 0.0,
      "min": 0.0,
      "max": 0.0,
      "p50": 0.0,
      "p90": 0.0,
      "p95": 0.0,
      "p99": 0.0
    },
    "se_summary": {
      "mean": 0.0,
      "std": 0.0,
      "min": 0.0,
      "max": 0.0,
      "p50": 0.0,
      "p90": 0.0,
      "p95": 0.0,
      "p99": 0.0
    }
  },
  "val": {
    "mse": 0.23408003151416779,
    "rmse": 0.4838181802228682,
    "mae": 0.36221832036972046,
    "w2_global": 0.031256675720214844,
    "ae_summary": {
      "mean": 0.36221832036972046,
      "std": 0.32074588537216187,
      "min": 0.0008705854415893555,
      "max": 2.1452479362487793,
      "p50": 0.27782726287841797,
      "p90": 0.7689487934112549,
      "p95": 0.9142420887947083,
      "p99": 1.6166669130325317
    },
    "se_summary": {
      "mean": 0.23408003151416779,
      "std": 0.45916542410850525,
      "min": 7.579189968964783e-07,
      "max": 4.602088928222656,
      "p50": 0.07718798518180847,
      "p90": 0.5912825465202332,
      "p95": 0.8358630537986755,
      "p99": 2.6150035858154297
    }
  },
  "test": {
    "mse": 0.21368926763534546,
    "rmse": 0.4622653649532327,
    "mae": 0.3201167583465576,
    "w2_global": 0.02692512795329094,
    "ae_summary": {
      "mean": 0.3201167583465576,
      "std": 0.33348843455314636,
      "min": 0.0001552104949951172,
      "max": 2.8558459281921387,
      "p50": 0.2227107584476471,
      "p90": 0.7704184651374817,
      "p95": 0.9798198938369751,
      "p99": 1.4740242958068848
    },
    "se_summary": {
      "mean": 0.21368926763534546,
      "std": 0.5479359030723572,
      "min": 2.4090297756629298e-08,
      "max": 8.155856132507324,
      "p50": 0.049600087106227875,
      "p90": 0.5935451984405518,
      "p95": 0.9600473642349243,
      "p99": 2.1727662086486816
    }
  }
}