{
  "train": {
    "mse": 0.0,
    "rmse": 0.0,
    "mae": 0.0,
    "w2_global": 0.6870595216751099,
    "ae_summary": {
      "mean": 0.0,
      "std": 0.0,
      "min": 0.0,
      "max": 0.0,
      "p50": 0.0,
      "p90": 0.0,
      "p95": 0.0,
      "p99": 0.0
    },
    "se_summary": {
      "mean": 0.0,
      "std": 0.0,
      "min": 0.0,
      "max": 0.0,
      "p50": 0.0,
      "p90": 0.0,
      "p95": 0.0,
      "p99": 0.0
    }
  },
  "val": {
    "mse": 1.1057312488555908,
    "rmse": 1.0515375641676292,
    "mae": 0.7421051263809204,
    "w2_global": 0.5646561980247498,
    "ae_summary": {
      "mean": 0.7421051263809204,
      "std": 0.7449907660484314,
      "min": 5.739741027355194e-06,
      "max": 48.060699462890625,
      "p50": 0.5692183971405029,
      "p90": 1.5728665590286255,
      "p95": 1.973393440246582,
      "p99": 2.9987990856170654
    },
    "se_summary": {
      "mean": 1.1057312488555908,
      "std": 9.648528099060059,
      "min": 3.294462619374272e-11,
      "max": 2309.830810546875,
      "p50": 0.32400959730148315,
      "p90": 2.473909378051758,
      "p95": 3.8942818641662598,
      "p99": 8.992795944213867
    }
  },
  "test": {
    "mse": 1.0597516298294067,
    "rmse": 1.029442387814591,
    "mae": 0.7178806066513062,
    "w2_global": 0.6315930485725403,
    "ae_summary": {
      "mean": 0.7178806066513062,
      "std": 0.7378340363502502,
      "min": 1.1437572538852692e-05,
      "max": 66.2172622680664,
      "p50": 0.5541812181472778,
      "p90": 1.5036557912826538,
      "p95": 1.894626498222351,
      "p99": 2.8622641563415527
    },
    "se_summary": {
      "mean": 1.0597516298294067,
      "std": 12.597983360290527,
      "min": 1.3081806471415547e-10,
      "max": 4384.7255859375,
      "p50": 0.307116836309433,
      "p90": 2.2609808444976807,
      "p95": 3.589609384536743,
      "p99": 8.19255542755127
    }
  }
}