{
  "train": {
    "mse": 0.15108492970466614,
    "rmse": 0.3886964493080251,
    "mae": 0.27956193685531616,
    "w2_global": 0.06944334506988525,
    "ae_summary": {
      "mean": 0.27956193685531616,
      "std": 0.2700556516647339,
      "min": 3.814697265625e-06,
      "max": 4.884283065795898,
      "p50": 0.21330827474594116,
      "p90": 0.5897790193557739,
      "p95": 0.7605233192443848,
      "p99": 1.252945899963379
    },
    "se_summary": {
      "mean": 0.15108492970466614,
      "std": 0.4570671617984772,
      "min": 1.4551915228366852e-11,
      "max": 23.856220245361328,
      "p50": 0.04550042003393173,
      "p90": 0.3478392958641052,
      "p95": 0.5783957242965698,
      "p99": 1.569873332977295
    }
  },
  "val": {
    "mse": 0.17043869197368622,
    "rmse": 0.41284221195716675,
    "mae": 0.2967899441719055,
    "w2_global": 0.07668107002973557,
    "ae_summary": {
      "mean": 0.2967899441719055,
      "std": 0.28697460889816284,
      "min": 0.0002034902572631836,
      "max": 3.279049873352051,
      "p50": 0.22275453805923462,
      "p90": 0.6380508542060852,
      "p95": 0.8189156651496887,
      "p99": 1.3810802698135376
    },
    "se_summary": {
      "mean": 0.17043869197368622,
      "std": 0.4455747902393341,
      "min": 4.1408284801036643e-08,
      "max": 10.752167701721191,
      "p50": 0.049619585275650024,
      "p90": 0.40710896253585815,
      "p95": 0.6706228852272034,
      "p99": 1.907382845878601
    }
  },
  "test": {
    "mse": 0.17741069197654724,
    "rmse": 0.42120148619935716,
    "mae": 0.30145761370658875,
    "w2_global": 0.08162535727024078,
    "ae_summary": {
      "mean": 0.30145761370658875,
      "std": 0.29416659474372864,
      "min": 1.1622905731201172e-06,
      "max": 3.8266639709472656,
      "p50": 0.2294134646654129,
      "p90": 0.6290249824523926,
      "p95": 0.8077189922332764,
      "p99": 1.4018793106079102
    },
    "se_summary": {
      "mean": 0.17741069197654724,
      "std": 0.5123397707939148,
      "min": 1.3509193763638905e-12,
      "max": 14.643357276916504,
      "p50": 0.05263053625822067,
      "p90": 0.39567241072654724,
      "p95": 0.6524099707603455,
      "p99": 1.965266227722168
    }
  }
}