{
  "train": {
    "mse": 0.0,
    "rmse": 0.0,
    "mae": 0.0,
    "w2_global": 0.45737114548683167,
    "ae_summary": {
      "mean": 0.0,
      "std": 0.0,
      "min": 0.0,
      "max": 0.0,
      "p50": 0.0,
      "p90": 0.0,
      "p95": 0.0,
      "p99": 0.0
    },
    "se_summary": {
      "mean": 0.0,
      "std": 0.0,
      "min": 0.0,
      "max": 0.0,
      "p50": 0.0,
      "p90": 0.0,
      "p95": 0.0,
      "p99": 0.0
    }
  },
  "val": {
    "mse": 1.2433338165283203,
    "rmse": 1.115048795581754,
    "mae": 0.7148476243019104,
    "w2_global": 0.2340059131383896,
    "ae_summary": {
      "mean": 0.7148476243019104,
      "std": 0.8557608723640442,
      "min": 0.0,
      "max": 15.609004020690918,
      "p50": 0.4347032308578491,
      "p90": 1.8423113822937012,
      "p95": 2.270019769668579,
      "p99": 3.3791520595550537
    },
    "se_summary": {
      "mean": 1.2433338165283203,
      "std": 4.298237323760986,
      "min": 0.0,
      "max": 243.64100646972656,
      "p50": 0.18896690011024475,
      "p90": 3.394111156463623,
      "p95": 5.152989864349365,
      "p99": 11.418668746948242
    }
  },
  "test": {
    "mse": 0.9740433692932129,
    "rmse": 0.9869363552393907,
    "mae": 0.5317134261131287,
    "w2_global": 0.45937615633010864,
    "ae_summary": {
      "mean": 0.5317134261131287,
      "std": 0.8314591646194458,
      "min": 0.0,
      "max": 29.997644424438477,
      "p50": 0.31402820348739624,
      "p90": 1.2690458297729492,
      "p95": 1.6673907041549683,
      "p99": 3.383570909500122
    },
    "se_summary": {
      "mean": 0.9740433692932129,
      "std": 9.953055381774902,
      "min": 0.0,
      "max": 899.858642578125,
      "p50": 0.09861370921134949,
      "p90": 1.610477328300476,
      "p95": 2.780191659927368,
      "p99": 11.448551177978516
    }
  }
}