{
  "test": {
    "mse": 0.7861125469207764,
    "rmse": 0.8866298815857586,
    "mae": 0.6354236602783203,
    "w2_global": 0.3503207564353943,
    "ae_summary": {
      "mean": 0.6354236602783203,
      "std": 0.6183440685272217,
      "min": 1.1920928955078125e-06,
      "max": 5.633934497833252,
      "p50": 0.44108933210372925,
      "p90": 1.4774391651153564,
      "p95": 1.8545469045639038,
      "p99": 2.749087333679199
    },
    "se_summary": {
      "mean": 0.7861125469207764,
      "std": 1.597904086112976,
      "min": 1.4210854715202004e-12,
      "max": 31.74121856689453,
      "p50": 0.19455979764461517,
      "p90": 2.1828267574310303,
      "p95": 3.4393441677093506,
      "p99": 7.557491779327393
    }
  }
}