{
  "train": {
    "mse": 0.0,
    "rmse": 0.0,
    "mae": 0.0,
    "w2_global": 0.1360384225845337,
    "ae_summary": {
      "mean": 0.0,
      "std": 0.0,
      "min": 0.0,
      "max": 0.0,
      "p50": 0.0,
      "p90": 0.0,
      "p95": 0.0,
      "p99": 0.0
    },
    "se_summary": {
      "mean": 0.0,
      "std": 0.0,
      "min": 0.0,
      "max": 0.0,
      "p50": 0.0,
      "p90": 0.0,
      "p95": 0.0,
      "p99": 0.0
    }
  },
  "val": {
    "mse": 0.3834373950958252,
    "rmse": 0.6192232191187804,
    "mae": 0.42694684863090515,
    "w2_global": 0.08670632541179657,
    "ae_summary": {
      "mean": 0.42694684863090515,
      "std": 0.44850173592567444,
      "min": 1.1047104635508731e-05,
      "max": 3.700977087020874,
      "p50": 0.2944085896015167,
      "p90": 0.9436672925949097,
      "p95": 1.3506921529769897,
      "p99": 2.245897054672241
    },
    "se_summary": {
      "mean": 0.3834373950958252,
      "std": 0.946506679058075,
      "min": 1.2203851817993439e-10,
      "max": 13.69723129272461,
      "p50": 0.08667641878128052,
      "p90": 0.8905079960823059,
      "p95": 1.824369192123413,
      "p99": 5.044055461883545
    }
  },
  "test": {
    "mse": 0.3339502215385437,
    "rmse": 0.5778842630999254,
    "mae": 0.4116104543209076,
    "w2_global": 0.11360649019479752,
    "ae_summary": {
      "mean": 0.4116104543209076,
      "std": 0.4056192934513092,
      "min": 1.354515552520752e-05,
      "max": 3.306896209716797,
      "p50": 0.297380268573761,
      "p90": 0.8957292437553406,
      "p95": 1.2325286865234375,
      "p99": 2.0126378536224365
    },
    "se_summary": {
      "mean": 0.3339502215385437,
      "std": 0.7476953864097595,
      "min": 1.834712382020598e-10,
      "max": 10.935562133789062,
      "p50": 0.08843502402305603,
      "p90": 0.8023308515548706,
      "p95": 1.5191268920898438,
      "p99": 4.050710678100586
    }
  }
}