{
  "test": {
    "mse": 0.1489676535129547,
    "rmse": 0.3859632800059543,
    "mae": 0.0960039496421814,
    "w2_global": 0.03088821843266487,
    "ae_summary": {
      "mean": 0.0960039496421814,
      "std": 0.37383270263671875,
      "min": 1.2665987014770508e-07,
      "max": 26.877805709838867,
      "p50": 0.030482888221740723,
      "p90": 0.19200970232486725,
      "p95": 0.3441682755947113,
      "p99": 1.0479706525802612
    },
    "se_summary": {
      "mean": 0.1489676535129547,
      "std": 5.246938705444336,
      "min": 1.6042722705833512e-14,
      "max": 722.4164428710938,
      "p50": 0.0009292064933106303,
      "p90": 0.03686772286891937,
      "p95": 0.1184517964720726,
      "p99": 1.0982426404953003
    }
  }
}