{
  "best_alpha": 0.99,
  "best_gamma": 0.1,
  "alpha_grid": [
    0.99
  ],
  "gamma_grid": [
    0.1
  ],
  "results": {
    "(0.99, 0.1)": {
      "val_loss": 0.40076529062711275,
      "val_eval": 1.009669799071092,
      "epoch": 28,
      "mse": 1.009669799071092
    }
  },
  "standalone_mode": true
}