{
  "train": {
    "mse": 0.3722914159297943,
    "rmse": 0.610156878130366,
    "mae": 0.4043959975242615,
    "w2_global": 0.7857041358947754,
    "ae_summary": {
      "mean": 0.4043959975242615,
      "std": 0.456897497177124,
      "min": 5.692243576049805e-06,
      "max": 34.238670349121094,
      "p50": 0.2924850583076477,
      "p90": 0.8821009993553162,
      "p95": 1.1479288339614868,
      "p99": 1.9503628015518188
    },
    "se_summary": {
      "mean": 0.3722914159297943,
      "std": 4.568976879119873,
      "min": 3.240163692908027e-11,
      "max": 1172.2864990234375,
      "p50": 0.08554750680923462,
      "p90": 0.7781020998954773,
      "p95": 1.317740559577942,
      "p99": 3.803914785385132
    }
  },
  "val": {
    "mse": 0.9870827794075012,
    "rmse": 0.993520397076729,
    "mae": 0.6957650780677795,
    "w2_global": 0.7792308330535889,
    "ae_summary": {
      "mean": 0.6957650780677795,
      "std": 0.7092205882072449,
      "min": 6.183981895446777e-07,
      "max": 48.900699615478516,
      "p50": 0.5352249145507812,
      "p90": 1.4532562494277954,
      "p95": 1.8469918966293335,
      "p99": 2.8351118564605713
    },
    "se_summary": {
      "mean": 0.9870827794075012,
      "std": 9.577789306640625,
      "min": 3.8241632083213517e-13,
      "max": 2391.2783203125,
      "p50": 0.28646573424339294,
      "p90": 2.1119537353515625,
      "p95": 3.411379337310791,
      "p99": 8.037858963012695
    }
  },
  "test": {
    "mse": 1.0144917964935303,
    "rmse": 1.007219835236345,
    "mae": 0.6966807246208191,
    "w2_global": 0.7889288067817688,
    "ae_summary": {
      "mean": 0.6966807246208191,
      "std": 0.7274116277694702,
      "min": 1.8766149878501892e-06,
      "max": 38.76896667480469,
      "p50": 0.5347267389297485,
      "p90": 1.4452831745147705,
      "p95": 1.8416359424591064,
      "p99": 2.913815975189209
    },
    "se_summary": {
      "mean": 1.0144917964935303,
      "std": 9.028009414672852,
      "min": 3.5216838126239658e-12,
      "max": 1503.0328369140625,
      "p50": 0.2859326899051666,
      "p90": 2.08884334564209,
      "p95": 3.391623020172119,
      "p99": 8.490324020385742
    }
  }
}