{
  "train": {
    "mse": 0.0,
    "rmse": 0.0,
    "mae": 0.0,
    "w2_global": 0.0170523039996624,
    "ae_summary": {
      "mean": 0.0,
      "std": 0.0,
      "min": 0.0,
      "max": 0.0,
      "p50": 0.0,
      "p90": 0.0,
      "p95": 0.0,
      "p99": 0.0
    },
    "se_summary": {
      "mean": 0.0,
      "std": 0.0,
      "min": 0.0,
      "max": 0.0,
      "p50": 0.0,
      "p90": 0.0,
      "p95": 0.0,
      "p99": 0.0
    }
  },
  "val": {
    "mse": 0.209125816822052,
    "rmse": 0.45730276275357445,
    "mae": 0.30776870250701904,
    "w2_global": 0.02539270743727684,
    "ae_summary": {
      "mean": 0.30776870250701904,
      "std": 0.3382369577884674,
      "min": 1.4781951904296875e-05,
      "max": 2.0123584270477295,
      "p50": 0.1902538537979126,
      "p90": 0.7418062686920166,
      "p95": 1.0221279859542847,
      "p99": 1.7092139720916748
    },
    "se_summary": {
      "mean": 0.209125816822052,
      "std": 0.5002001523971558,
      "min": 2.18506102100946e-10,
      "max": 4.049586296081543,
      "p50": 0.03619652986526489,
      "p90": 0.5502788424491882,
      "p95": 1.0447570085525513,
      "p99": 2.921440601348877
    }
  },
  "test": {
    "mse": 0.1442691534757614,
    "rmse": 0.3798277945013522,
    "mae": 0.27159738540649414,
    "w2_global": 0.017836453393101692,
    "ae_summary": {
      "mean": 0.27159738540649414,
      "std": 0.2655259072780609,
      "min": 0.00014901161193847656,
      "max": 1.5807535648345947,
      "p50": 0.18451210856437683,
      "p90": 0.6348294019699097,
      "p95": 0.795573353767395,
      "p99": 1.1495916843414307
    },
    "se_summary": {
      "mean": 0.1442691534757614,
      "std": 0.28024932742118835,
      "min": 2.220446049250313e-08,
      "max": 2.49878191947937,
      "p50": 0.03404473140835762,
      "p90": 0.40301281213760376,
      "p95": 0.632936954498291,
      "p99": 1.3215813636779785
    }
  }
}