{
  "train": {
    "mse": 0.0,
    "rmse": 0.0,
    "mae": 0.0,
    "w2_global": 0.057598814368247986,
    "ae_summary": {
      "mean": 0.0,
      "std": 0.0,
      "min": 0.0,
      "max": 0.0,
      "p50": 0.0,
      "p90": 0.0,
      "p95": 0.0,
      "p99": 0.0
    },
    "se_summary": {
      "mean": 0.0,
      "std": 0.0,
      "min": 0.0,
      "max": 0.0,
      "p50": 0.0,
      "p90": 0.0,
      "p95": 0.0,
      "p99": 0.0
    }
  },
  "val": {
    "mse": 0.7957419157028198,
    "rmse": 0.892043673652148,
    "mae": 0.557669460773468,
    "w2_global": 0.07891771197319031,
    "ae_summary": {
      "mean": 0.557669460773468,
      "std": 0.6962375044822693,
      "min": 9.194016456604004e-06,
      "max": 37.49332046508789,
      "p50": 0.4144180715084076,
      "p90": 1.1468113660812378,
      "p95": 1.4789016246795654,
      "p99": 2.521639585494995
    },
    "se_summary": {
      "mean": 0.7957419157028198,
      "std": 13.13436222076416,
      "min": 8.452993860430524e-11,
      "max": 1405.7490234375,
      "p50": 0.17174233496189117,
      "p90": 1.315176248550415,
      "p95": 2.187150239944458,
      "p99": 6.358667373657227
    }
  },
  "test": {
    "mse": 0.7350304126739502,
    "rmse": 0.8573391468222772,
    "mae": 0.5453631281852722,
    "w2_global": 0.06027476117014885,
    "ae_summary": {
      "mean": 0.5453631281852722,
      "std": 0.6615206003189087,
      "min": 1.2218952178955078e-06,
      "max": 26.668840408325195,
      "p50": 0.4027150869369507,
      "p90": 1.1333192586898804,
      "p95": 1.4672741889953613,
      "p99": 2.5377986431121826
    },
    "se_summary": {
      "mean": 0.7350304126739502,
      "std": 9.122597694396973,
      "min": 1.4930279235159105e-12,
      "max": 711.22705078125,
      "p50": 0.16217945516109467,
      "p90": 1.2844126224517822,
      "p95": 2.152893543243408,
      "p99": 6.440426826477051
    }
  }
}