{
  "test": {
    "mse": 0.3180811405181885,
    "rmse": 0.5639868265466743,
    "mae": 0.12508666515350342,
    "w2_global": 0.06766781210899353,
    "ae_summary": {
      "mean": 0.12508666515350342,
      "std": 0.5499404072761536,
      "min": 4.470348358154297e-08,
      "max": 28.995317459106445,
      "p50": 0.03618362545967102,
      "p90": 0.22875817120075226,
      "p95": 0.40954160690307617,
      "p99": 1.6164534091949463
    },
    "se_summary": {
      "mean": 0.3180811405181885,
      "std": 8.455077171325684,
      "min": 1.9984014443252818e-15,
      "max": 840.7284545898438,
      "p50": 0.0013092549052089453,
      "p90": 0.05233030021190643,
      "p95": 0.16772432625293732,
      "p99": 2.6129419803619385
    }
  }
}