{
  "best_alpha": 0.99,
  "best_gamma": 5.0,
  "alpha_grid": [
    0.01,
    0.25,
    0.5,
    0.75,
    0.99
  ],
  "gamma_grid": [
    0.1,
    1.0,
    5.0,
    10.0
  ],
  "results": {
    "(0.01, 0.1)": {
      "val_loss": 1.079512357711792,
      "val_eval": 1.0485320091247559,
      "epochs": 30,
      "mse": 1.0485320091247559,
      "w2_global": 0.8543978333473206,
      "cvar": 3.6377525329589844
    },
    "(0.01, 1.0)": {
      "val_loss": 1.0512796640396118,
      "val_eval": 1.0473743677139282,
      "epochs": 30,
      "mse": 1.0473743677139282,
      "w2_global": 0.8518511652946472,
      "cvar": 3.579505681991577
    },
    "(0.01, 5.0)": {
      "val_loss": 1.0479551553726196,
      "val_eval": 1.0334748029708862,
      "epochs": 30,
      "mse": 1.0334749221801758,
      "w2_global": 0.8613061308860779,
      "cvar": 3.5973846912384033
    },
    "(0.01, 10.0)": {
      "val_loss": 1.059482455253601,
      "val_eval": 1.0299935340881348,
      "epochs": 30,
      "mse": 1.0299935340881348,
      "w2_global": 0.8485892415046692,
      "cvar": 3.5341241359710693
    },
    "(0.25, 0.1)": {
      "val_loss": 1.055992841720581,
      "val_eval": 1.0351322889328003,
      "epochs": 30,
      "mse": 1.0351322889328003,
      "w2_global": 0.8572142124176025,
      "cvar": 3.5759665966033936
    },
    "(0.25, 1.0)": {
      "val_loss": 1.0467585325241089,
      "val_eval": 1.0504862070083618,
      "epochs": 30,
      "mse": 1.0504863262176514,
      "w2_global": 0.854438066482544,
      "cvar": 3.6139121055603027
    },
    "(0.25, 5.0)": {
      "val_loss": 1.0644216537475586,
      "val_eval": 1.0447829961776733,
      "epochs": 30,
      "mse": 1.0447829961776733,
      "w2_global": 0.8373998403549194,
      "cvar": 3.5377018451690674
    },
    "(0.25, 10.0)": {
      "val_loss": 1.057608723640442,
      "val_eval": 1.0423115491867065,
      "epochs": 30,
      "mse": 1.0423115491867065,
      "w2_global": 0.8453535437583923,
      "cvar": 3.549344062805176
    },
    "(0.5, 0.1)": {
      "val_loss": 1.0881867408752441,
      "val_eval": 1.051863670349121,
      "epochs": 30,
      "mse": 1.0518635511398315,
      "w2_global": 0.8423303961753845,
      "cvar": 3.6461639404296875
    },
    "(0.5, 1.0)": {
      "val_loss": 1.0408281087875366,
      "val_eval": 1.0322632789611816,
      "epochs": 30,
      "mse": 1.0322632789611816,
      "w2_global": 0.855029821395874,
      "cvar": 3.5792856216430664
    },
    "(0.5, 5.0)": {
      "val_loss": 1.0694843530654907,
      "val_eval": 1.0256128311157227,
      "epochs": 30,
      "mse": 1.0256128311157227,
      "w2_global": 0.8487624526023865,
      "cvar": 3.445260524749756
    },
    "(0.5, 10.0)": {
      "val_loss": 1.0611919164657593,
      "val_eval": 1.046704888343811,
      "epochs": 30,
      "mse": 1.046704888343811,
      "w2_global": 0.8405300974845886,
      "cvar": 3.5297226905822754
    },
    "(0.75, 0.1)": {
      "val_loss": 1.0412472486495972,
      "val_eval": 1.032656192779541,
      "epochs": 30,
      "mse": 1.032656192779541,
      "w2_global": 0.854775071144104,
      "cvar": 3.5397443771362305
    },
    "(0.75, 1.0)": {
      "val_loss": 1.0436259508132935,
      "val_eval": 1.031510591506958,
      "epochs": 30,
      "mse": 1.031510591506958,
      "w2_global": 0.8547277450561523,
      "cvar": 3.4981844425201416
    },
    "(0.75, 5.0)": {
      "val_loss": 1.0713998079299927,
      "val_eval": 1.0389233827590942,
      "epochs": 30,
      "mse": 1.0389232635498047,
      "w2_global": 0.8565654754638672,
      "cvar": 3.539997100830078
    },
    "(0.75, 10.0)": {
      "val_loss": 1.0238820314407349,
      "val_eval": 1.027887225151062,
      "epochs": 30,
      "mse": 1.0278873443603516,
      "w2_global": 0.843433678150177,
      "cvar": 3.5470316410064697
    },
    "(0.99, 0.1)": {
      "val_loss": 0.8564238548278809,
      "val_eval": 0.8527648448944092,
      "epochs": 30,
      "mse": 0.8527648448944092,
      "w2_global": 0.5977993011474609,
      "cvar": 2.277233362197876
    },
    "(0.99, 1.0)": {
      "val_loss": 0.9073293209075928,
      "val_eval": 0.8408268094062805,
      "epochs": 30,
      "mse": 0.8408268094062805,
      "w2_global": 0.5802551507949829,
      "cvar": 2.432971239089966
    },
    "(0.99, 5.0)": {
      "val_loss": 0.6670321822166443,
      "val_eval": 0.6738923192024231,
      "epochs": 30,
      "mse": 0.6738923192024231,
      "w2_global": 0.3869759738445282,
      "cvar": 1.657618522644043
    },
    "(0.99, 10.0)": {
      "val_loss": 0.8122550845146179,
      "val_eval": 0.7540846467018127,
      "epochs": 30,
      "mse": 0.7540846467018127,
      "w2_global": 0.43265876173973083,
      "cvar": 1.6604779958724976
    }
  }
}