{
  "train": {
    "mse": 0.7865138649940491,
    "rmse": 0.8868561692822851,
    "mae": 0.6604321599006653,
    "w2_global": 0.4485546052455902,
    "ae_summary": {
      "mean": 0.6604321599006653,
      "std": 0.5918979644775391,
      "min": 0.0015358850359916687,
      "max": 4.9213151931762695,
      "p50": 0.5285348892211914,
      "p90": 1.3368128538131714,
      "p95": 1.665071964263916,
      "p99": 2.9520931243896484
    },
    "se_summary": {
      "mean": 0.7865138649940491,
      "std": 1.768616795539856,
      "min": 2.3589427655679174e-06,
      "max": 24.219343185424805,
      "p50": 0.27934911847114563,
      "p90": 1.7870687246322632,
      "p95": 2.7724647521972656,
      "p99": 8.71505355834961
    }
  },
  "val": {
    "mse": 0.6738923192024231,
    "rmse": 0.8209094464083253,
    "mae": 0.6186892986297607,
    "w2_global": 0.3869759738445282,
    "ae_summary": {
      "mean": 0.6186892986297607,
      "std": 0.5395514965057373,
      "min": 0.0003779754042625427,
      "max": 5.742905139923096,
      "p50": 0.49054914712905884,
      "p90": 1.2874852418899536,
      "p95": 1.6203991174697876,
      "p99": 2.5449700355529785
    },
    "se_summary": {
      "mean": 0.6738923192024231,
      "std": 1.3569186925888062,
      "min": 1.4286540306329698e-07,
      "max": 32.980960845947266,
      "p50": 0.24063846468925476,
      "p90": 1.657618522644043,
      "p95": 2.6256937980651855,
      "p99": 6.476924419403076
    }
  },
  "test": {
    "mse": 0.885558545589447,
    "rmse": 0.9410412029180482,
    "mae": 0.7163437008857727,
    "w2_global": 0.5180286169052124,
    "ae_summary": {
      "mean": 0.7163437008857727,
      "std": 0.6102542281150818,
      "min": 0.0003052353858947754,
      "max": 4.9406328201293945,
      "p50": 0.5562907457351685,
      "p90": 1.5238397121429443,
      "p95": 1.9031119346618652,
      "p99": 2.6477789878845215
    },
    "se_summary": {
      "mean": 0.885558545589447,
      "std": 1.6703649759292603,
      "min": 9.316863724961877e-08,
      "max": 24.409852981567383,
      "p50": 0.3094594180583954,
      "p90": 2.3220880031585693,
      "p95": 3.6218349933624268,
      "p99": 7.010737419128418
    }
  }
}