{
  "best_alpha": 0.99,
  "best_gamma": 10.0,
  "alpha_grid": [
    0.99
  ],
  "gamma_grid": [
    10.0
  ],
  "results": {
    "(0.99, 10.0)": {
      "val_loss": 0.0025256245862692595,
      "val_eval": 0.7030638456344604,
      "epoch": 30,
      "mse": 0.7030638456344604
    }
  },
  "standalone_mode": true
}