{
  "train": {
    "mse": 0.003748777788132429,
    "rmse": 0.061227263438213775,
    "mae": 0.042543862015008926,
    "w2_global": 0.07193463295698166,
    "ae_summary": {
      "mean": 0.042543862015008926,
      "std": 0.0440317764878273,
      "min": 8.791685104370117e-07,
      "max": 0.683052659034729,
      "p50": 0.0309465229511261,
      "p90": 0.08945852518081665,
      "p95": 0.12024576961994171,
      "p99": 0.21618515253067017
    },
    "se_summary": {
      "mean": 0.003748777788132429,
      "std": 0.011446735821664333,
      "min": 7.72937269744034e-13,
      "max": 0.4665609300136566,
      "p50": 0.0009576872689649463,
      "p90": 0.008002827875316143,
      "p95": 0.014459051191806793,
      "p99": 0.04673602432012558
    }
  },
  "val": {
    "mse": 0.7030637860298157,
    "rmse": 0.8384889898083431,
    "mae": 0.6377390623092651,
    "w2_global": 0.05614171549677849,
    "ae_summary": {
      "mean": 0.6377390623092651,
      "std": 0.5443828701972961,
      "min": 0.0001586228609085083,
      "max": 3.171907424926758,
      "p50": 0.4672040045261383,
      "p90": 1.371341586112976,
      "p95": 1.7440426349639893,
      "p99": 2.337580680847168
    },
    "se_summary": {
      "mean": 0.7030637860298157,
      "std": 1.1880574226379395,
      "min": 2.5161211780755366e-08,
      "max": 10.060997009277344,
      "p50": 0.21827958524227142,
      "p90": 1.880704402923584,
      "p95": 3.0419907569885254,
      "p99": 5.46433687210083
    }
  },
  "test": {
    "mse": 1.2697077989578247,
    "rmse": 1.1268131162521249,
    "mae": 0.8710046410560608,
    "w2_global": 0.07316519320011139,
    "ae_summary": {
      "mean": 0.8710046410560608,
      "std": 0.7148836851119995,
      "min": 0.0036561787128448486,
      "max": 4.332079887390137,
      "p50": 0.6317875385284424,
      "p90": 1.9150116443634033,
      "p95": 2.165328025817871,
      "p99": 3.1550304889678955
    },
    "se_summary": {
      "mean": 1.2697077989578247,
      "std": 2.133424758911133,
      "min": 1.3367643077799585e-05,
      "max": 18.766916275024414,
      "p50": 0.39915549755096436,
      "p90": 3.667269706726074,
      "p95": 4.6888251304626465,
      "p99": 9.957707405090332
    }
  }
}