{
  "train": {
    "mse": 0.0,
    "rmse": 0.0,
    "mae": 0.0,
    "w2_global": 0.27617740631103516,
    "ae_summary": {
      "mean": 0.0,
      "std": 0.0,
      "min": 0.0,
      "max": 0.0,
      "p50": 0.0,
      "p90": 0.0,
      "p95": 0.0,
      "p99": 0.0
    },
    "se_summary": {
      "mean": 0.0,
      "std": 0.0,
      "min": 0.0,
      "max": 0.0,
      "p50": 0.0,
      "p90": 0.0,
      "p95": 0.0,
      "p99": 0.0
    }
  },
  "val": {
    "mse": 0.8867790102958679,
    "rmse": 0.941689444719366,
    "mae": 0.7338700890541077,
    "w2_global": 0.26833298802375793,
    "ae_summary": {
      "mean": 0.7338700890541077,
      "std": 0.5900964140892029,
      "min": 0.00014126300811767578,
      "max": 3.298794984817505,
      "p50": 0.5861635804176331,
      "p90": 1.56644606590271,
      "p95": 1.9036917686462402,
      "p99": 2.552166700363159
    },
    "se_summary": {
      "mean": 0.8867790102958679,
      "std": 1.3378957509994507,
      "min": 1.9955237462454534e-08,
      "max": 10.882048606872559,
      "p50": 0.3435877561569214,
      "p90": 2.4537532329559326,
      "p95": 3.624053955078125,
      "p99": 6.5135602951049805
    }
  },
  "test": {
    "mse": 1.021376371383667,
    "rmse": 1.0106316694937216,
    "mae": 0.8147307634353638,
    "w2_global": 0.30136239528656006,
    "ae_summary": {
      "mean": 0.8147307634353638,
      "std": 0.597988486289978,
      "min": 0.00012406706809997559,
      "max": 5.485179901123047,
      "p50": 0.7210999131202698,
      "p90": 1.5446374416351318,
      "p95": 1.8433654308319092,
      "p99": 2.855299711227417
    },
    "se_summary": {
      "mean": 1.021376371383667,
      "std": 1.6352826356887817,
      "min": 1.539263649874556e-08,
      "max": 30.08719825744629,
      "p50": 0.5199850797653198,
      "p90": 2.3859050273895264,
      "p95": 3.397995948791504,
      "p99": 8.152838706970215
    }
  }
}