{
  "train": {
    "mse": 0.0,
    "rmse": 0.0,
    "mae": 0.0,
    "w2_global": 0.36765211820602417,
    "ae_summary": {
      "mean": 0.0,
      "std": 0.0,
      "min": 0.0,
      "max": 0.0,
      "p50": 0.0,
      "p90": 0.0,
      "p95": 0.0,
      "p99": 0.0
    },
    "se_summary": {
      "mean": 0.0,
      "std": 0.0,
      "min": 0.0,
      "max": 0.0,
      "p50": 0.0,
      "p90": 0.0,
      "p95": 0.0,
      "p99": 0.0
    }
  },
  "val": {
    "mse": 4.115020751953125,
    "rmse": 2.028551392485072,
    "mae": 1.5150933265686035,
    "w2_global": 0.9093207120895386,
    "ae_summary": {
      "mean": 1.5150933265686035,
      "std": 1.348893165588379,
      "min": 2.053380012512207e-05,
      "max": 18.811281204223633,
      "p50": 1.1513093709945679,
      "p90": 3.282527446746826,
      "p95": 4.118789196014404,
      "p99": 6.055883884429932
    },
    "se_summary": {
      "mean": 4.115020751953125,
      "std": 8.680145263671875,
      "min": 4.2163694757846315e-10,
      "max": 353.8642883300781,
      "p50": 1.3255133628845215,
      "p90": 10.774986267089844,
      "p95": 16.96442413330078,
      "p99": 36.673728942871094
    }
  },
  "test": {
    "mse": 2.4286954402923584,
    "rmse": 1.5584272329154025,
    "mae": 1.0999492406845093,
    "w2_global": 0.49789565801620483,
    "ae_summary": {
      "mean": 1.0999492406845093,
      "std": 1.1039960384368896,
      "min": 3.451108932495117e-05,
      "max": 30.598857879638672,
      "p50": 0.8087347745895386,
      "p90": 2.3802433013916016,
      "p95": 3.06683349609375,
      "p99": 4.807358264923096
    },
    "se_summary": {
      "mean": 2.4286954402923584,
      "std": 10.992637634277344,
      "min": 1.1910152863947587e-09,
      "max": 936.2901000976562,
      "p50": 0.6540518999099731,
      "p90": 5.665558815002441,
      "p95": 9.40546703338623,
      "p99": 23.110692977905273
    }
  }
}