{
  "train": {
    "mse": 0.024950752034783363,
    "rmse": 0.15795807049588623,
    "mae": 0.03906600922346115,
    "w2_global": 0.09876786917448044,
    "ae_summary": {
      "mean": 0.03906600922346115,
      "std": 0.1530509740114212,
      "min": 0.0,
      "max": 47.7932243347168,
      "p50": 0.02858501672744751,
      "p90": 0.07557833194732666,
      "p95": 0.09551205486059189,
      "p99": 0.16180768609046936
    },
    "se_summary": {
      "mean": 0.024950752034783363,
      "std": 3.2464168071746826,
      "min": 0.0,
      "max": 2284.1923828125,
      "p50": 0.0008171031950041652,
      "p90": 0.005712084472179413,
      "p95": 0.00912255235016346,
      "p99": 0.02618172951042652
    }
  },
  "val": {
    "mse": 1.4226443767547607,
    "rmse": 1.19274656853615,
    "mae": 0.8397421836853027,
    "w2_global": 0.08006057888269424,
    "ae_summary": {
      "mean": 0.8397421836853027,
      "std": 0.8470402359962463,
      "min": 0.00013299286365509033,
      "max": 33.43061828613281,
      "p50": 0.6720658540725708,
      "p90": 1.6912986040115356,
      "p95": 2.1182758808135986,
      "p99": 3.2716293334960938
    },
    "se_summary": {
      "mean": 1.4226443767547607,
      "std": 12.348196029663086,
      "min": 1.7687101561136842e-08,
      "max": 1117.606201171875,
      "p50": 0.4516724944114685,
      "p90": 2.8604912757873535,
      "p95": 4.487092971801758,
      "p99": 10.703558921813965
    }
  },
  "test": {
    "mse": 1.9688811302185059,
    "rmse": 1.4031682472955642,
    "mae": 0.848515510559082,
    "w2_global": 0.2015267014503479,
    "ae_summary": {
      "mean": 0.848515510559082,
      "std": 1.1175432205200195,
      "min": 1.7002224922180176e-05,
      "max": 128.081298828125,
      "p50": 0.6734029054641724,
      "p90": 1.7299914360046387,
      "p95": 2.131542921066284,
      "p99": 3.288750171661377
    },
    "se_summary": {
      "mean": 1.9688811302185059,
      "std": 101.32318115234375,
      "min": 2.890756523044047e-10,
      "max": 16404.818359375,
      "p50": 0.45347151160240173,
      "p90": 2.992870569229126,
      "p95": 4.543475151062012,
      "p99": 10.815896987915039
    }
  }
}