{
  "train": {
    "mse": 0.0,
    "rmse": 0.0,
    "mae": 0.0,
    "w2_global": 0.6935097575187683,
    "ae_summary": {
      "mean": 0.0,
      "std": 0.0,
      "min": 0.0,
      "max": 0.0,
      "p50": 0.0,
      "p90": 0.0,
      "p95": 0.0,
      "p99": 0.0
    },
    "se_summary": {
      "mean": 0.0,
      "std": 0.0,
      "min": 0.0,
      "max": 0.0,
      "p50": 0.0,
      "p90": 0.0,
      "p95": 0.0,
      "p99": 0.0
    }
  },
  "val": {
    "mse": 1.0898046493530273,
    "rmse": 1.0439370907066323,
    "mae": 0.7358750104904175,
    "w2_global": 0.5828498601913452,
    "ae_summary": {
      "mean": 0.7358750104904175,
      "std": 0.7404677867889404,
      "min": 0.0,
      "max": 48.106937408447266,
      "p50": 0.5630176067352295,
      "p90": 1.5608015060424805,
      "p95": 1.9605121612548828,
      "p99": 2.991384506225586
    },
    "se_summary": {
      "mean": 1.0898046493530273,
      "std": 9.632453918457031,
      "min": 0.0,
      "max": 2314.27734375,
      "p50": 0.31698882579803467,
      "p90": 2.4361014366149902,
      "p95": 3.8436079025268555,
      "p99": 8.948381423950195
    }
  },
  "test": {
    "mse": 1.0535558462142944,
    "rmse": 1.0264286854011313,
    "mae": 0.7171733975410461,
    "w2_global": 0.6409007906913757,
    "ae_summary": {
      "mean": 0.7171733975410461,
      "std": 0.7343147993087769,
      "min": 0.0,
      "max": 66.1662826538086,
      "p50": 0.5577566027641296,
      "p90": 1.4962363243103027,
      "p95": 1.8828740119934082,
      "p99": 2.8483693599700928
    },
    "se_summary": {
      "mean": 1.0535558462142944,
      "std": 12.575433731079102,
      "min": 0.0,
      "max": 4377.97705078125,
      "p50": 0.31109243631362915,
      "p90": 2.238723039627075,
      "p95": 3.5452146530151367,
      "p99": 8.113207817077637
    }
  }
}