{
  "test": {
    "mse": 0.8288822770118713,
    "rmse": 0.9104297210723469,
    "mae": 0.582959771156311,
    "w2_global": 0.38607358932495117,
    "ae_summary": {
      "mean": 0.582959771156311,
      "std": 0.6993140578269958,
      "min": 0.0,
      "max": 34.534942626953125,
      "p50": 0.40103620290756226,
      "p90": 1.2901428937911987,
      "p95": 1.7232366800308228,
      "p99": 2.937495708465576
    },
    "se_summary": {
      "mean": 0.8288822770118713,
      "std": 7.600610733032227,
      "min": 0.0,
      "max": 1192.6622314453125,
      "p50": 0.16083002090454102,
      "p90": 1.6644688844680786,
      "p95": 2.9695446491241455,
      "p99": 8.628880500793457
    }
  }
}