{
  "train": {
    "mse": 0.0,
    "rmse": 0.0,
    "mae": 0.0,
    "w2_global": 0.05967782810330391,
    "ae_summary": {
      "mean": 0.0,
      "std": 0.0,
      "min": 0.0,
      "max": 0.0,
      "p50": 0.0,
      "p90": 0.0,
      "p95": 0.0,
      "p99": 0.0
    },
    "se_summary": {
      "mean": 0.0,
      "std": 0.0,
      "min": 0.0,
      "max": 0.0,
      "p50": 0.0,
      "p90": 0.0,
      "p95": 0.0,
      "p99": 0.0
    }
  },
  "val": {
    "mse": 1.3315497636795044,
    "rmse": 1.1539279716167314,
    "mae": 0.866301953792572,
    "w2_global": 0.078498475253582,
    "ae_summary": {
      "mean": 0.866301953792572,
      "std": 0.7622799277305603,
      "min": 0.005091488361358643,
      "max": 3.935581684112549,
      "p50": 0.5959459543228149,
      "p90": 2.0660336017608643,
      "p95": 2.4167087078094482,
      "p99": 2.8522603511810303
    },
    "se_summary": {
      "mean": 1.3315497636795044,
      "std": 2.0584986209869385,
      "min": 2.5923252906068228e-05,
      "max": 15.488802909851074,
      "p50": 0.35515159368515015,
      "p90": 4.268539905548096,
      "p95": 5.840482711791992,
      "p99": 8.135483741760254
    }
  },
  "test": {
    "mse": 0.7816864848136902,
    "rmse": 0.8841303551025098,
    "mae": 0.6207782626152039,
    "w2_global": 0.05758614465594292,
    "ae_summary": {
      "mean": 0.6207782626152039,
      "std": 0.6295401453971863,
      "min": 0.00010199844837188721,
      "max": 2.828915596008301,
      "p50": 0.37528735399246216,
      "p90": 1.5405714511871338,
      "p95": 2.109220266342163,
      "p99": 2.565868377685547
    },
    "se_summary": {
      "mean": 0.7816864848136902,
      "std": 1.452236533164978,
      "min": 1.0403683248227935e-08,
      "max": 8.002763748168945,
      "p50": 0.14084084331989288,
      "p90": 2.3733644485473633,
      "p95": 4.448816776275635,
      "p99": 6.583710193634033
    }
  }
}