{
  "best_alpha": 0.99,
  "best_gamma": 5.0,
  "alpha_grid": [
    0.99
  ],
  "gamma_grid": [
    5.0
  ],
  "results": {
    "(0.99, 5.0)": {
      "val_loss": 0.012503563426434994,
      "val_eval": 0.015119926072657108,
      "epoch": 30,
      "mse": 0.015119926072657108
    }
  },
  "standalone_mode": true
}