{
  "train": {
    "mse": 0.02038150280714035,
    "rmse": 0.14276380075894712,
    "mae": 0.09734074771404266,
    "w2_global": 0.00466272933408618,
    "ae_summary": {
      "mean": 0.09734074771404266,
      "std": 0.10443313419818878,
      "min": 1.1920928955078125e-07,
      "max": 2.810927152633667,
      "p50": 0.0689426064491272,
      "p90": 0.20822429656982422,
      "p95": 0.2857397496700287,
      "p99": 0.5045438408851624
    },
    "se_summary": {
      "mean": 0.02038150280714035,
      "std": 0.07181630283594131,
      "min": 1.4210854715202004e-14,
      "max": 7.90131139755249,
      "p50": 0.004753082990646362,
      "p90": 0.04335736110806465,
      "p95": 0.08164720237255096,
      "p99": 0.25456446409225464
    }
  },
  "val": {
    "mse": 0.015119926072657108,
    "rmse": 0.12296310858406723,
    "mae": 0.08487477153539658,
    "w2_global": 0.0045467340387403965,
    "ae_summary": {
      "mean": 0.08487477153539658,
      "std": 0.0889730155467987,
      "min": 2.0325183868408203e-05,
      "max": 1.8893218040466309,
      "p50": 0.06167386472225189,
      "p90": 0.1848350614309311,
      "p95": 0.2389264702796936,
      "p99": 0.4100485146045685
    },
    "se_summary": {
      "mean": 0.015119926072657108,
      "std": 0.06793645024299622,
      "min": 4.1311309928460105e-10,
      "max": 3.5695369243621826,
      "p50": 0.0038036657497286797,
      "p90": 0.03416400030255318,
      "p95": 0.05708586052060127,
      "p99": 0.16813978552818298
    }
  },
  "test": {
    "mse": 0.026939379051327705,
    "rmse": 0.16413219992228126,
    "mae": 0.11223118007183075,
    "w2_global": 0.00501653365790844,
    "ae_summary": {
      "mean": 0.11223118007183075,
      "std": 0.1197645366191864,
      "min": 3.5762786865234375e-06,
      "max": 2.1278014183044434,
      "p50": 0.07793012261390686,
      "p90": 0.2497841715812683,
      "p95": 0.33826565742492676,
      "p99": 0.5792760848999023
    },
    "se_summary": {
      "mean": 0.026939379051327705,
      "std": 0.08830668777227402,
      "min": 1.2789769243681803e-11,
      "max": 4.527538776397705,
      "p50": 0.006073104217648506,
      "p90": 0.062392134219408035,
      "p95": 0.11442369222640991,
      "p99": 0.3355608582496643
    }
  }
}