{
  "train": {
    "mse": 0.3434445559978485,
    "rmse": 0.5860414285678518,
    "mae": 0.39986711740493774,
    "w2_global": 0.49522244930267334,
    "ae_summary": {
      "mean": 0.39986711740493774,
      "std": 0.4284283220767975,
      "min": 1.2218952178955078e-06,
      "max": 3.250800609588623,
      "p50": 0.26111122965812683,
      "p90": 0.9470900893211365,
      "p95": 1.229352355003357,
      "p99": 2.230609178543091
    },
    "se_summary": {
      "mean": 0.3434445559978485,
      "std": 0.8874529600143433,
      "min": 1.4930279235159105e-12,
      "max": 10.567704200744629,
      "p50": 0.06817907094955444,
      "p90": 0.8969796299934387,
      "p95": 1.5113073587417603,
      "p99": 4.975617408752441
    }
  },
  "val": {
    "mse": 0.6139816045761108,
    "rmse": 0.7835697828375663,
    "mae": 0.5538849830627441,
    "w2_global": 0.527905285358429,
    "ae_summary": {
      "mean": 0.5538849830627441,
      "std": 0.5542498826980591,
      "min": 3.159046173095703e-06,
      "max": 3.3464515209198,
      "p50": 0.39086395502090454,
      "p90": 1.2325960397720337,
      "p95": 1.4783036708831787,
      "p99": 2.9230756759643555
    },
    "se_summary": {
      "mean": 0.6139816045761108,
      "std": 1.3296551704406738,
      "min": 9.979572723750607e-12,
      "max": 11.198738098144531,
      "p50": 0.1527746319770813,
      "p90": 1.519292950630188,
      "p95": 2.1853816509246826,
      "p99": 8.544371604919434
    }
  },
  "test": {
    "mse": 0.5894994139671326,
    "rmse": 0.76778865188744,
    "mae": 0.5382843017578125,
    "w2_global": 0.5160226821899414,
    "ae_summary": {
      "mean": 0.5382843017578125,
      "std": 0.5474937558174133,
      "min": 3.725290298461914e-07,
      "max": 3.4235897064208984,
      "p50": 0.37071844935417175,
      "p90": 1.2081544399261475,
      "p95": 1.4554439783096313,
      "p99": 2.8784804344177246
    },
    "se_summary": {
      "mean": 0.5894994139671326,
      "std": 1.3022211790084839,
      "min": 1.3877787807814457e-13,
      "max": 11.720966339111328,
      "p50": 0.13743217289447784,
      "p90": 1.45963716506958,
      "p95": 2.118317127227783,
      "p99": 8.285649299621582
    }
  }
}