{
  "best_alpha": 0.99,
  "best_gamma": 5.0,
  "alpha_grid": [
    0.01,
    0.25,
    0.5,
    0.75,
    0.99
  ],
  "gamma_grid": [
    0.1,
    1.0,
    5.0,
    10.0
  ],
  "results": {
    "(0.01, 0.1)": {
      "val_loss": 0.6000639200210571,
      "val_eval": 0.7975145578384399,
      "epochs": 30,
      "mse": 0.7975145578384399,
      "w2_global": 0.4127550423145294,
      "cvar": 1.9676508903503418
    },
    "(0.01, 1.0)": {
      "val_loss": 0.6074093580245972,
      "val_eval": 0.8128170967102051,
      "epochs": 30,
      "mse": 0.8128170967102051,
      "w2_global": 0.42912107706069946,
      "cvar": 1.991351842880249
    },
    "(0.01, 5.0)": {
      "val_loss": 0.5998891592025757,
      "val_eval": 0.8084731698036194,
      "epochs": 30,
      "mse": 0.8084731698036194,
      "w2_global": 0.42753374576568604,
      "cvar": 1.9563548564910889
    },
    "(0.01, 10.0)": {
      "val_loss": 0.7877456545829773,
      "val_eval": 1.0446887016296387,
      "epochs": 30,
      "mse": 1.0446885824203491,
      "w2_global": 0.4838002324104309,
      "cvar": 2.7246413230895996
    },
    "(0.25, 0.1)": {
      "val_loss": 0.5076697468757629,
      "val_eval": 0.6734456419944763,
      "epochs": 30,
      "mse": 0.6734456419944763,
      "w2_global": 0.37794119119644165,
      "cvar": 1.5488026142120361
    },
    "(0.25, 1.0)": {
      "val_loss": 0.5885325074195862,
      "val_eval": 0.8008374571800232,
      "epochs": 30,
      "mse": 0.8008374571800232,
      "w2_global": 0.4227919280529022,
      "cvar": 2.130183219909668
    },
    "(0.25, 5.0)": {
      "val_loss": 0.5907684564590454,
      "val_eval": 0.784270703792572,
      "epochs": 30,
      "mse": 0.784270703792572,
      "w2_global": 0.41968363523483276,
      "cvar": 2.007359504699707
    },
    "(0.25, 10.0)": {
      "val_loss": 0.6253889203071594,
      "val_eval": 0.8186418414115906,
      "epochs": 30,
      "mse": 0.8186418414115906,
      "w2_global": 0.4385817050933838,
      "cvar": 1.7575080394744873
    },
    "(0.5, 0.1)": {
      "val_loss": 0.526455283164978,
      "val_eval": 0.7000774145126343,
      "epochs": 30,
      "mse": 0.7000772953033447,
      "w2_global": 0.40379923582077026,
      "cvar": 1.5717995166778564
    },
    "(0.5, 1.0)": {
      "val_loss": 0.4573753774166107,
      "val_eval": 0.616448163986206,
      "epochs": 30,
      "mse": 0.6164481043815613,
      "w2_global": 0.3684804439544678,
      "cvar": 1.2909717559814453
    },
    "(0.5, 5.0)": {
      "val_loss": 0.5181154012680054,
      "val_eval": 0.7027929425239563,
      "epochs": 30,
      "mse": 0.7027928829193115,
      "w2_global": 0.39599305391311646,
      "cvar": 1.676108717918396
    },
    "(0.5, 10.0)": {
      "val_loss": 0.5343465209007263,
      "val_eval": 0.716853678226471,
      "epochs": 30,
      "mse": 0.716853678226471,
      "w2_global": 0.39918094873428345,
      "cvar": 1.6218528747558594
    },
    "(0.75, 0.1)": {
      "val_loss": 0.23484961688518524,
      "val_eval": 0.3011333644390106,
      "epochs": 30,
      "mse": 0.3011333644390106,
      "w2_global": 0.19127564132213593,
      "cvar": 0.5752075910568237
    },
    "(0.75, 1.0)": {
      "val_loss": 0.23813478648662567,
      "val_eval": 0.2961951196193695,
      "epochs": 30,
      "mse": 0.2961951196193695,
      "w2_global": 0.21198046207427979,
      "cvar": 0.5726346969604492
    },
    "(0.75, 5.0)": {
      "val_loss": 0.292999267578125,
      "val_eval": 0.38833296298980713,
      "epochs": 30,
      "mse": 0.3883329927921295,
      "w2_global": 0.2657826840877533,
      "cvar": 0.8832937479019165
    },
    "(0.75, 10.0)": {
      "val_loss": 0.3212413489818573,
      "val_eval": 0.4164704978466034,
      "epochs": 30,
      "mse": 0.4164704978466034,
      "w2_global": 0.2663111388683319,
      "cvar": 0.8498514294624329
    },
    "(0.99, 0.1)": {
      "val_loss": 0.16225138306617737,
      "val_eval": 0.19697488844394684,
      "epochs": 30,
      "mse": 0.19697488844394684,
      "w2_global": 0.08566883951425552,
      "cvar": 0.46642065048217773
    },
    "(0.99, 1.0)": {
      "val_loss": 0.16581057012081146,
      "val_eval": 0.20579805970191956,
      "epochs": 30,
      "mse": 0.20579805970191956,
      "w2_global": 0.10821665078401566,
      "cvar": 0.40987271070480347
    },
    "(0.99, 5.0)": {
      "val_loss": 0.16200855374336243,
      "val_eval": 0.1932157278060913,
      "epochs": 30,
      "mse": 0.19321571290493011,
      "w2_global": 0.08594365417957306,
      "cvar": 0.4292922019958496
    },
    "(0.99, 10.0)": {
      "val_loss": 0.18622955679893494,
      "val_eval": 0.2159089297056198,
      "epochs": 30,
      "mse": 0.2159089297056198,
      "w2_global": 0.11659454554319382,
      "cvar": 0.5306791663169861
    }
  }
}