{
  "train": {
    "mse": 0.10826677083969116,
    "rmse": 0.3290391630789429,
    "mae": 0.22297175228595734,
    "w2_global": 0.05224587395787239,
    "ae_summary": {
      "mean": 0.22297175228595734,
      "std": 0.24197183549404144,
      "min": 9.98377799987793e-07,
      "max": 3.272796630859375,
      "p50": 0.15733811259269714,
      "p90": 0.4752544164657593,
      "p95": 0.6534557938575745,
      "p99": 1.2121250629425049
    },
    "se_summary": {
      "mean": 0.10826677083969116,
      "std": 0.3476455807685852,
      "min": 9.967582315084655e-13,
      "max": 10.711197853088379,
      "p50": 0.024755282327532768,
      "p90": 0.22586676478385925,
      "p95": 0.42700445652008057,
      "p99": 1.4692469835281372
    }
  },
  "val": {
    "mse": 0.19321571290493011,
    "rmse": 0.4395630932015677,
    "mae": 0.28296732902526855,
    "w2_global": 0.08594365417957306,
    "ae_summary": {
      "mean": 0.28296732902526855,
      "std": 0.3363706171512604,
      "min": 6.556510925292969e-06,
      "max": 3.1920907497406006,
      "p50": 0.1749633401632309,
      "p90": 0.6552039384841919,
      "p95": 0.9683387279510498,
      "p99": 1.730790615081787
    },
    "se_summary": {
      "mean": 0.19321571290493011,
      "std": 0.5466557741165161,
      "min": 4.298783551348606e-11,
      "max": 10.189443588256836,
      "p50": 0.030612170696258545,
      "p90": 0.4292922019958496,
      "p95": 0.9376799464225769,
      "p99": 2.995635986328125
    }
  },
  "test": {
    "mse": 0.17291660606861115,
    "rmse": 0.41583242546560883,
    "mae": 0.2821497619152069,
    "w2_global": 0.07028425484895706,
    "ae_summary": {
      "mean": 0.2821497619152069,
      "std": 0.3054637908935547,
      "min": 5.4836273193359375e-06,
      "max": 3.2403006553649902,
      "p50": 0.18512371182441711,
      "p90": 0.6601764559745789,
      "p95": 0.9023495316505432,
      "p99": 1.445707082748413
    },
    "se_summary": {
      "mean": 0.17291660606861115,
      "std": 0.4535512924194336,
      "min": 3.007016857736744e-11,
      "max": 10.499547958374023,
      "p50": 0.034270789474248886,
      "p90": 0.4358329176902771,
      "p95": 0.8142346739768982,
      "p99": 2.090068817138672
    }
  }
}