{
  "train": {
    "mse": 2356.53271484375,
    "rmse": 48.54413162106981,
    "mae": 34.05949401855469,
    "w2_global": 0.4418882727622986,
    "ae_summary": {
      "mean": 34.05949401855469,
      "std": 34.59021759033203,
      "min": 0.00017755478620529175,
      "max": 455.4766845703125,
      "p50": 24.944677352905273,
      "p90": 71.24881744384766,
      "p95": 97.68272399902344,
      "p99": 177.71914672851562
    },
    "se_summary": {
      "mean": 2356.53271484375,
      "std": 6269.22607421875,
      "min": 3.152570116071729e-08,
      "max": 207459.015625,
      "p50": 622.2369384765625,
      "p90": 5076.39453125,
      "p95": 9541.9140625,
      "p99": 31584.09765625
    }
  },
  "val": {
    "mse": 0.6659116744995117,
    "rmse": 0.8160341135635886,
    "mae": 0.42824605107307434,
    "w2_global": 0.4493682086467743,
    "ae_summary": {
      "mean": 0.42824605107307434,
      "std": 0.6946344375610352,
      "min": 2.7706846594810486e-08,
      "max": 10.705831527709961,
      "p50": 0.11350403726100922,
      "p90": 1.2902483940124512,
      "p95": 1.8606332540512085,
      "p99": 3.2167577743530273
    },
    "se_summary": {
      "mean": 0.6659116744995117,
      "std": 2.2863523960113525,
      "min": 7.676693482283614e-16,
      "max": 114.61483001708984,
      "p50": 0.012883166782557964,
      "p90": 1.6647409200668335,
      "p95": 3.461956024169922,
      "p99": 10.347530364990234
    }
  },
  "test": {
    "mse": 0.6025291681289673,
    "rmse": 0.7762275234291601,
    "mae": 0.3918682038784027,
    "w2_global": 0.42535075545310974,
    "ae_summary": {
      "mean": 0.3918682038784027,
      "std": 0.6700510382652283,
      "min": 4.470348358154297e-08,
      "max": 10.343711853027344,
      "p50": 0.08761170506477356,
      "p90": 1.1989893913269043,
      "p95": 1.7854106426239014,
      "p99": 3.1226532459259033
    },
    "se_summary": {
      "mean": 0.6025291681289673,
      "std": 2.209169864654541,
      "min": 1.9984014443252818e-15,
      "max": 106.99237823486328,
      "p50": 0.007675810717046261,
      "p90": 1.4375755786895752,
      "p95": 3.1876914501190186,
      "p99": 9.75096321105957
    }
  }
}