{
  "train": {
    "mse": 0.0,
    "rmse": 0.0,
    "mae": 0.0,
    "w2_global": 0.6158362030982971,
    "ae_summary": {
      "mean": 0.0,
      "std": 0.0,
      "min": 0.0,
      "max": 0.0,
      "p50": 0.0,
      "p90": 0.0,
      "p95": 0.0,
      "p99": 0.0
    },
    "se_summary": {
      "mean": 0.0,
      "std": 0.0,
      "min": 0.0,
      "max": 0.0,
      "p50": 0.0,
      "p90": 0.0,
      "p95": 0.0,
      "p99": 0.0
    }
  },
  "val": {
    "mse": 0.72113037109375,
    "rmse": 0.8491939537548239,
    "mae": 0.6304161548614502,
    "w2_global": 0.6287940740585327,
    "ae_summary": {
      "mean": 0.6304161548614502,
      "std": 0.5689514875411987,
      "min": 3.355741500854492e-05,
      "max": 7.255663871765137,
      "p50": 0.4789576530456543,
      "p90": 1.3454934358596802,
      "p95": 1.6867539882659912,
      "p99": 2.484452724456787
    },
    "se_summary": {
      "mean": 0.72113037109375,
      "std": 1.7385047674179077,
      "min": 1.126100102055716e-09,
      "max": 52.644657135009766,
      "p50": 0.2294004261493683,
      "p90": 1.8103530406951904,
      "p95": 2.845139741897583,
      "p99": 6.172527313232422
    }
  },
  "test": {
    "mse": 0.7399529218673706,
    "rmse": 0.8602051626602636,
    "mae": 0.6345243453979492,
    "w2_global": 0.6431965231895447,
    "ae_summary": {
      "mean": 0.6345243453979492,
      "std": 0.5808026790618896,
      "min": 1.753866672515869e-05,
      "max": 5.575803756713867,
      "p50": 0.4761272966861725,
      "p90": 1.3729280233383179,
      "p95": 1.7380927801132202,
      "p99": 2.6874542236328125
    },
    "se_summary": {
      "mean": 0.7399529218673706,
      "std": 1.5746864080429077,
      "min": 3.076048304961887e-10,
      "max": 31.089588165283203,
      "p50": 0.22669720649719238,
      "p90": 1.8849313259124756,
      "p95": 3.0209665298461914,
      "p99": 7.2224202156066895
    }
  }
}