{
  "train": {
    "mse": 0.0,
    "rmse": 0.0,
    "mae": 0.0,
    "w2_global": 0.021609919145703316,
    "ae_summary": {
      "mean": 0.0,
      "std": 0.0,
      "min": 0.0,
      "max": 0.0,
      "p50": 0.0,
      "p90": 0.0,
      "p95": 0.0,
      "p99": 0.0
    },
    "se_summary": {
      "mean": 0.0,
      "std": 0.0,
      "min": 0.0,
      "max": 0.0,
      "p50": 0.0,
      "p90": 0.0,
      "p95": 0.0,
      "p99": 0.0
    }
  },
  "val": {
    "mse": 0.3058084547519684,
    "rmse": 0.5529995070087933,
    "mae": 0.41187435388565063,
    "w2_global": 0.01973886229097843,
    "ae_summary": {
      "mean": 0.41187435388565063,
      "std": 0.36900943517684937,
      "min": 9.037554264068604e-05,
      "max": 2.427593231201172,
      "p50": 0.3102756142616272,
      "p90": 0.9077123403549194,
      "p95": 1.100890874862671,
      "p99": 1.7316842079162598
    },
    "se_summary": {
      "mean": 0.3058084547519684,
      "std": 0.5981821417808533,
      "min": 8.167738485553855e-09,
      "max": 5.893208980560303,
      "p50": 0.09627096354961395,
      "p90": 0.8239439129829407,
      "p95": 1.211961269378662,
      "p99": 3.000706672668457
    }
  },
  "test": {
    "mse": 0.36391857266426086,
    "rmse": 0.603256639138154,
    "mae": 0.44603481888771057,
    "w2_global": 0.02076750248670578,
    "ae_summary": {
      "mean": 0.44603481888771057,
      "std": 0.40616685152053833,
      "min": 2.1457672119140625e-06,
      "max": 2.8573126792907715,
      "p50": 0.3307194709777832,
      "p90": 0.9923807382583618,
      "p95": 1.2860666513442993,
      "p99": 1.8559523820877075
    },
    "se_summary": {
      "mean": 0.36391857266426086,
      "std": 0.696069061756134,
      "min": 4.604316927725449e-12,
      "max": 8.164236068725586,
      "p50": 0.10937536507844925,
      "p90": 0.9848197102546692,
      "p95": 1.6539674997329712,
      "p99": 3.444573402404785
    }
  }
}