{
  "train": {
    "mse": 0.0,
    "rmse": 0.0,
    "mae": 0.0,
    "w2_global": 0.3440757989883423,
    "ae_summary": {
      "mean": 0.0,
      "std": 0.0,
      "min": 0.0,
      "max": 0.0,
      "p50": 0.0,
      "p90": 0.0,
      "p95": 0.0,
      "p99": 0.0
    },
    "se_summary": {
      "mean": 0.0,
      "std": 0.0,
      "min": 0.0,
      "max": 0.0,
      "p50": 0.0,
      "p90": 0.0,
      "p95": 0.0,
      "p99": 0.0
    }
  },
  "val": {
    "mse": 1.489537239074707,
    "rmse": 1.2204659925924635,
    "mae": 0.9465859532356262,
    "w2_global": 0.31944507360458374,
    "ae_summary": {
      "mean": 0.9465859532356262,
      "std": 0.7703974843025208,
      "min": 1.537799835205078e-05,
      "max": 8.495320320129395,
      "p50": 0.766387403011322,
      "p90": 1.9909777641296387,
      "p95": 2.467799663543701,
      "p99": 3.4024229049682617
    },
    "se_summary": {
      "mean": 1.489537239074707,
      "std": 2.481508731842041,
      "min": 2.3648283331567654e-10,
      "max": 72.17046356201172,
      "p50": 0.5873496532440186,
      "p90": 3.9639923572540283,
      "p95": 6.0900349617004395,
      "p99": 11.576480865478516
    }
  },
  "test": {
    "mse": 1.3255187273025513,
    "rmse": 1.151311742015407,
    "mae": 0.8995922207832336,
    "w2_global": 0.33657315373420715,
    "ae_summary": {
      "mean": 0.8995922207832336,
      "std": 0.7185071706771851,
      "min": 1.0728836059570312e-06,
      "max": 6.314993858337402,
      "p50": 0.7352596521377563,
      "p90": 1.8785250186920166,
      "p95": 2.321712017059326,
      "p99": 3.1802361011505127
    },
    "se_summary": {
      "mean": 1.3255187273025513,
      "std": 2.0925114154815674,
      "min": 1.1510792319313623e-12,
      "max": 39.879146575927734,
      "p50": 0.5406067371368408,
      "p90": 3.5288562774658203,
      "p95": 5.390346527099609,
      "p99": 10.11390209197998
    }
  }
}