{
  "train": {
    "mse": 0.0,
    "rmse": 0.0,
    "mae": 0.0,
    "w2_global": 0.05198793485760689,
    "ae_summary": {
      "mean": 0.0,
      "std": 0.0,
      "min": 0.0,
      "max": 0.0,
      "p50": 0.0,
      "p90": 0.0,
      "p95": 0.0,
      "p99": 0.0
    },
    "se_summary": {
      "mean": 0.0,
      "std": 0.0,
      "min": 0.0,
      "max": 0.0,
      "p50": 0.0,
      "p90": 0.0,
      "p95": 0.0,
      "p99": 0.0
    }
  },
  "val": {
    "mse": 0.3273790180683136,
    "rmse": 0.5721704449447853,
    "mae": 0.42016735672950745,
    "w2_global": 0.034401316195726395,
    "ae_summary": {
      "mean": 0.42016735672950745,
      "std": 0.38837921619415283,
      "min": 0.0020484328269958496,
      "max": 2.3123884201049805,
      "p50": 0.3509117066860199,
      "p90": 0.7743058800697327,
      "p95": 1.0396798849105835,
      "p99": 1.891767978668213
    },
    "se_summary": {
      "mean": 0.3273790180683136,
      "std": 0.7128825783729553,
      "min": 4.196077043161495e-06,
      "max": 5.347140312194824,
      "p50": 0.12313902378082275,
      "p90": 0.5995514392852783,
      "p95": 1.0809359550476074,
      "p99": 3.5788068771362305
    }
  },
  "test": {
    "mse": 0.8149764537811279,
    "rmse": 0.9027604631247028,
    "mae": 0.67058265209198,
    "w2_global": 0.062188852578401566,
    "ae_summary": {
      "mean": 0.67058265209198,
      "std": 0.6043965816497803,
      "min": 0.0039972662925720215,
      "max": 4.2874956130981445,
      "p50": 0.47562623023986816,
      "p90": 1.5888111591339111,
      "p95": 1.8378709554672241,
      "p99": 2.3922712802886963
    },
    "se_summary": {
      "mean": 0.8149764537811279,
      "std": 1.6569801568984985,
      "min": 1.5978137525962666e-05,
      "max": 18.382617950439453,
      "p50": 0.22622030973434448,
      "p90": 2.5243232250213623,
      "p95": 3.377779722213745,
      "p99": 5.723677635192871
    }
  }
}