{
  "test": {
    "mse": 1.504804015159607,
    "rmse": 1.2267045345801926,
    "mae": 0.7230002880096436,
    "w2_global": 0.1614277958869934,
    "ae_summary": {
      "mean": 0.7230002880096436,
      "std": 0.9909967184066772,
      "min": 1.430511474609375e-06,
      "max": 24.837587356567383,
      "p50": 0.3699560761451721,
      "p90": 1.8806719779968262,
      "p95": 2.540147304534912,
      "p99": 4.507396221160889
    },
    "se_summary": {
      "mean": 1.504804015159607,
      "std": 6.467271327972412,
      "min": 2.0463630789890885e-12,
      "max": 616.90576171875,
      "p50": 0.136867493391037,
      "p90": 3.5369269847869873,
      "p95": 6.452348232269287,
      "p99": 20.316617965698242
    }
  }
}