{
  "best_alpha": 0.99,
  "best_gamma": 10.0,
  "alpha_grid": [
    0.01,
    0.25,
    0.5,
    0.75,
    0.99
  ],
  "gamma_grid": [
    0.1,
    1.0,
    5.0,
    10.0
  ],
  "results": {
    "(0.01, 0.1)": {
      "val_loss": 0.31636132299900055,
      "val_eval": 0.4080669581890106,
      "epoch": 29,
      "mse": 0.42777717113494873,
      "w2_global": 0.2763921320438385,
      "cvar": 1.0364503860473633
    },
    "(0.01, 1.0)": {
      "val_loss": 0.302309975028038,
      "val_eval": 0.41136591136455536,
      "epoch": 29,
      "mse": 0.43289878964424133,
      "w2_global": 0.2979467511177063,
      "cvar": 1.0093578100204468
    },
    "(0.01, 5.0)": {
      "val_loss": 0.29536913335323334,
      "val_eval": 0.3988674283027649,
      "epoch": 30,
      "mse": 0.42706242203712463,
      "w2_global": 0.28855371475219727,
      "cvar": 1.0253877639770508
    },
    "(0.01, 10.0)": {
      "val_loss": 0.2879950851202011,
      "val_eval": 0.3803088217973709,
      "epoch": 30,
      "mse": 0.4054623246192932,
      "w2_global": 0.27879515290260315,
      "cvar": 0.995612621307373
    },
    "(0.25, 0.1)": {
      "val_loss": 0.22929596155881882,
      "val_eval": 0.27624909579753876,
      "epoch": 30,
      "mse": 0.27535876631736755,
      "w2_global": 0.16798672080039978,
      "cvar": 0.6776664853096008
    },
    "(0.25, 1.0)": {
      "val_loss": 0.21804646402597427,
      "val_eval": 0.2703719437122345,
      "epoch": 30,
      "mse": 0.2709446847438812,
      "w2_global": 0.16859212517738342,
      "cvar": 0.6810039281845093
    },
    "(0.25, 5.0)": {
      "val_loss": 0.20916883647441864,
      "val_eval": 0.2642908990383148,
      "epoch": 29,
      "mse": 0.27325114607810974,
      "w2_global": 0.16529996693134308,
      "cvar": 0.7024496793746948
    },
    "(0.25, 10.0)": {
      "val_loss": 0.2182871550321579,
      "val_eval": 0.27036306262016296,
      "epoch": 29,
      "mse": 0.2736634910106659,
      "w2_global": 0.16771475970745087,
      "cvar": 0.6873182654380798
    },
    "(0.5, 0.1)": {
      "val_loss": 0.20653630793094635,
      "val_eval": 0.24989992380142212,
      "epoch": 30,
      "mse": 0.24740085005760193,
      "w2_global": 0.1596321016550064,
      "cvar": 0.6219978332519531
    },
    "(0.5, 1.0)": {
      "val_loss": 0.19633540511131287,
      "val_eval": 0.24336910992860794,
      "epoch": 30,
      "mse": 0.23992162942886353,
      "w2_global": 0.16570726037025452,
      "cvar": 0.5923663973808289
    },
    "(0.5, 5.0)": {
      "val_loss": 0.21359014511108398,
      "val_eval": 0.25677303969860077,
      "epoch": 30,
      "mse": 0.2496061623096466,
      "w2_global": 0.15533556044101715,
      "cvar": 0.6301330327987671
    },
    "(0.5, 10.0)": {
      "val_loss": 0.20429616421461105,
      "val_eval": 0.2540162354707718,
      "epoch": 30,
      "mse": 0.2533792555332184,
      "w2_global": 0.1608542501926422,
      "cvar": 0.6517311930656433
    },
    "(0.75, 0.1)": {
      "val_loss": 0.18751635402441025,
      "val_eval": 0.22921952605247498,
      "epoch": 30,
      "mse": 0.22124572098255157,
      "w2_global": 0.14824752509593964,
      "cvar": 0.5369584560394287
    },
    "(0.75, 1.0)": {
      "val_loss": 0.1974583938717842,
      "val_eval": 0.23889504373073578,
      "epoch": 30,
      "mse": 0.22928880155086517,
      "w2_global": 0.1454523801803589,
      "cvar": 0.5910853147506714
    },
    "(0.75, 5.0)": {
      "val_loss": 0.19767948985099792,
      "val_eval": 0.24618814140558243,
      "epoch": 30,
      "mse": 0.24114805459976196,
      "w2_global": 0.15716694295406342,
      "cvar": 0.5898026823997498
    },
    "(0.75, 10.0)": {
      "val_loss": 0.18842341005802155,
      "val_eval": 0.23493535071611404,
      "epoch": 30,
      "mse": 0.22774022817611694,
      "w2_global": 0.15319153666496277,
      "cvar": 0.5587582588195801
    },
    "(0.99, 0.1)": {
      "val_loss": 0.16063081473112106,
      "val_eval": 0.19820347428321838,
      "epoch": 30,
      "mse": 0.1727556586265564,
      "w2_global": 0.12712524831295013,
      "cvar": 0.4002264440059662
    },
    "(0.99, 1.0)": {
      "val_loss": 0.17187056690454483,
      "val_eval": 0.2054590880870819,
      "epoch": 30,
      "mse": 0.17660729587078094,
      "w2_global": 0.12425300478935242,
      "cvar": 0.40636560320854187
    },
    "(0.99, 5.0)": {
      "val_loss": 0.1732143685221672,
      "val_eval": 0.21120452880859375,
      "epoch": 30,
      "mse": 0.18317748606204987,
      "w2_global": 0.12859338521957397,
      "cvar": 0.4189508259296417
    },
    "(0.99, 10.0)": {
      "val_loss": 0.15866690129041672,
      "val_eval": 0.1972806081175804,
      "epoch": 30,
      "mse": 0.16864487528800964,
      "w2_global": 0.12652373313903809,
      "cvar": 0.40109506249427795
    }
  }
}