{
  "train": {
    "mse": 0.1444934755563736,
    "rmse": 0.3801229742548766,
    "mae": 0.2761841416358948,
    "w2_global": 0.1278103142976761,
    "ae_summary": {
      "mean": 0.2761841416358948,
      "std": 0.2611815929412842,
      "min": 1.0728836059570312e-06,
      "max": 3.1094858646392822,
      "p50": 0.2094373106956482,
      "p90": 0.5851005911827087,
      "p95": 0.761732816696167,
      "p99": 1.2234333753585815
    },
    "se_summary": {
      "mean": 0.1444934755563736,
      "std": 0.35925742983818054,
      "min": 1.1510792319313623e-12,
      "max": 9.668902397155762,
      "p50": 0.04386398568749428,
      "p90": 0.34234267473220825,
      "p95": 0.5802368521690369,
      "p99": 1.4967892169952393
    }
  },
  "val": {
    "mse": 0.16864487528800964,
    "rmse": 0.41066394447042665,
    "mae": 0.2944668233394623,
    "w2_global": 0.12652373313903809,
    "ae_summary": {
      "mean": 0.2944668233394623,
      "std": 0.28624144196510315,
      "min": 1.055002212524414e-05,
      "max": 3.1437668800354004,
      "p50": 0.21870207786560059,
      "p90": 0.633320689201355,
      "p95": 0.8272640705108643,
      "p99": 1.3741247653961182
    },
    "se_summary": {
      "mean": 0.16864487528800964,
      "std": 0.42847010493278503,
      "min": 1.113029668431409e-10,
      "max": 9.883270263671875,
      "p50": 0.047830600291490555,
      "p90": 0.40109506249427795,
      "p95": 0.6843658685684204,
      "p99": 1.8882192373275757
    }
  },
  "test": {
    "mse": 0.18578670918941498,
    "rmse": 0.4310298240138552,
    "mae": 0.30882373452186584,
    "w2_global": 0.13086789846420288,
    "ae_summary": {
      "mean": 0.30882373452186584,
      "std": 0.300690233707428,
      "min": 7.748603820800781e-07,
      "max": 3.04278826713562,
      "p50": 0.22952556610107422,
      "p90": 0.6601849794387817,
      "p95": 0.8608158826828003,
      "p99": 1.490291714668274
    },
    "se_summary": {
      "mean": 0.18578670918941498,
      "std": 0.46965399384498596,
      "min": 6.004086117172847e-13,
      "max": 9.258560180664062,
      "p50": 0.05268198624253273,
      "p90": 0.4358442425727844,
      "p95": 0.7410039901733398,
      "p99": 2.2209694385528564
    }
  }
}