{
  "train": {
    "mse": 0.0,
    "rmse": 0.0,
    "mae": 0.0,
    "w2_global": 0.4122486114501953,
    "ae_summary": {
      "mean": 0.0,
      "std": 0.0,
      "min": 0.0,
      "max": 0.0,
      "p50": 0.0,
      "p90": 0.0,
      "p95": 0.0,
      "p99": 0.0
    },
    "se_summary": {
      "mean": 0.0,
      "std": 0.0,
      "min": 0.0,
      "max": 0.0,
      "p50": 0.0,
      "p90": 0.0,
      "p95": 0.0,
      "p99": 0.0
    }
  },
  "val": {
    "mse": 3.3200833797454834,
    "rmse": 1.8221095959753584,
    "mae": 1.3137823343276978,
    "w2_global": 0.7472290396690369,
    "ae_summary": {
      "mean": 1.3137823343276978,
      "std": 1.2625608444213867,
      "min": 1.990795135498047e-05,
      "max": 31.973857879638672,
      "p50": 1.0006160736083984,
      "p90": 2.7939486503601074,
      "p95": 3.4953150749206543,
      "p99": 5.424506664276123
    },
    "se_summary": {
      "mean": 3.3200833797454834,
      "std": 14.531883239746094,
      "min": 3.963265271522687e-10,
      "max": 1022.3275756835938,
      "p50": 1.0012325048446655,
      "p90": 7.806149482727051,
      "p95": 12.2172269821167,
      "p99": 29.425273895263672
    }
  },
  "test": {
    "mse": 2.0251851081848145,
    "rmse": 1.4230899859758743,
    "mae": 0.9226484894752502,
    "w2_global": 0.5838402509689331,
    "ae_summary": {
      "mean": 0.9226484894752502,
      "std": 1.083469033241272,
      "min": 6.854534149169922e-06,
      "max": 37.381080627441406,
      "p50": 0.6716992259025574,
      "p90": 1.9464001655578613,
      "p95": 2.481714963912964,
      "p99": 4.188720703125
    },
    "se_summary": {
      "mean": 2.0251851081848145,
      "std": 17.787982940673828,
      "min": 4.6984638402136625e-11,
      "max": 1397.34521484375,
      "p50": 0.4511798620223999,
      "p90": 3.7884738445281982,
      "p95": 6.158909797668457,
      "p99": 17.545381546020508
    }
  }
}