{
  "best_alpha": 0.99,
  "best_gamma": 10.0,
  "alpha_grid": [
    0.99
  ],
  "gamma_grid": [
    10.0
  ],
  "results": {
    "(0.99, 10.0)": {
      "val_loss": 0.009657401878100175,
      "val_eval": 1.1276449606968806,
      "epoch": 30,
      "mse": 1.1276449606968806
    }
  },
  "standalone_mode": true
}