{
  "train": {
    "mse": 0.014397417195141315,
    "rmse": 0.1199892378304876,
    "mae": 0.053131524473428726,
    "w2_global": 0.25285398960113525,
    "ae_summary": {
      "mean": 0.053131524473428726,
      "std": 0.10758466273546219,
      "min": 1.7881393432617188e-07,
      "max": 45.243743896484375,
      "p50": 0.036578357219696045,
      "p90": 0.11592947691679001,
      "p95": 0.1527385413646698,
      "p99": 0.25518253445625305
    },
    "se_summary": {
      "mean": 0.014397417195141315,
      "std": 3.4566943645477295,
      "min": 3.197442310920451e-14,
      "max": 2046.996337890625,
      "p50": 0.0013379761949181557,
      "p90": 0.013439643196761608,
      "p95": 0.02332906238734722,
      "p99": 0.06511812657117844
    }
  },
  "val": {
    "mse": 1.1283531188964844,
    "rmse": 1.0622396711178153,
    "mae": 0.7596962451934814,
    "w2_global": 0.24277792870998383,
    "ae_summary": {
      "mean": 0.7596962451934814,
      "std": 0.7424384355545044,
      "min": 8.761882781982422e-06,
      "max": 32.28953552246094,
      "p50": 0.5814948081970215,
      "p90": 1.6027013063430786,
      "p95": 1.9992413520812988,
      "p99": 3.088045835494995
    },
    "se_summary": {
      "mean": 1.1283531188964844,
      "std": 6.960310935974121,
      "min": 7.677058988520002e-11,
      "max": 1042.6141357421875,
      "p50": 0.338136225938797,
      "p90": 2.5686514377593994,
      "p95": 3.9969661235809326,
      "p99": 9.536028861999512
    }
  },
  "test": {
    "mse": 1.1362327337265015,
    "rmse": 1.0659421812305307,
    "mae": 0.7571616172790527,
    "w2_global": 0.2563115954399109,
    "ae_summary": {
      "mean": 0.7571616172790527,
      "std": 0.7502925992012024,
      "min": 3.516674041748047e-06,
      "max": 36.020118713378906,
      "p50": 0.5816662907600403,
      "p90": 1.6079604625701904,
      "p95": 1.9995380640029907,
      "p99": 3.0193679332733154
    },
    "se_summary": {
      "mean": 1.1362327337265015,
      "std": 9.20478343963623,
      "min": 1.2366996315904544e-11,
      "max": 1297.448974609375,
      "p50": 0.33833569288253784,
      "p90": 2.5855367183685303,
      "p95": 3.998152494430542,
      "p99": 9.116581916809082
    }
  }
}