{
  "best_alpha": 0.99,
  "best_gamma": 0.1,
  "alpha_grid": [
    0.01,
    0.25,
    0.5,
    0.75,
    0.99
  ],
  "gamma_grid": [
    0.1,
    1.0,
    5.0,
    10.0
  ],
  "results": {
    "(0.01, 0.1)": {
      "val_loss": 0.31454673409461975,
      "val_eval": 0.3476664572954178,
      "epoch": 29,
      "mse": 0.3812679648399353,
      "w2_global": 0.25469669699668884,
      "cvar": 0.9760358333587646
    },
    "(0.01, 1.0)": {
      "val_loss": 0.32856956124305725,
      "val_eval": 0.3761330097913742,
      "epoch": 29,
      "mse": 0.41031086444854736,
      "w2_global": 0.28738218545913696,
      "cvar": 1.0174087285995483
    },
    "(0.01, 5.0)": {
      "val_loss": 0.3030592352151871,
      "val_eval": 0.34514765441417694,
      "epoch": 29,
      "mse": 0.3774438500404358,
      "w2_global": 0.2627229690551758,
      "cvar": 0.9533549547195435
    },
    "(0.01, 10.0)": {
      "val_loss": 0.3016863167285919,
      "val_eval": 0.32362307608127594,
      "epoch": 25,
      "mse": 0.35929635167121887,
      "w2_global": 0.24759897589683533,
      "cvar": 0.9393938779830933
    },
    "(0.25, 0.1)": {
      "val_loss": 0.2236199826002121,
      "val_eval": 0.24200793355703354,
      "epoch": 30,
      "mse": 0.2491426318883896,
      "w2_global": 0.15686938166618347,
      "cvar": 0.6432018876075745
    },
    "(0.25, 1.0)": {
      "val_loss": 0.2121831625699997,
      "val_eval": 0.22922083735466003,
      "epoch": 30,
      "mse": 0.23950718343257904,
      "w2_global": 0.15428848564624786,
      "cvar": 0.6260297298431396
    },
    "(0.25, 5.0)": {
      "val_loss": 0.20297232270240784,
      "val_eval": 0.22762460261583328,
      "epoch": 30,
      "mse": 0.24708876013755798,
      "w2_global": 0.15153932571411133,
      "cvar": 0.6366899609565735
    },
    "(0.25, 10.0)": {
      "val_loss": 0.2105451300740242,
      "val_eval": 0.23104621469974518,
      "epoch": 30,
      "mse": 0.24217809736728668,
      "w2_global": 0.15245023369789124,
      "cvar": 0.6342429518699646
    },
    "(0.5, 0.1)": {
      "val_loss": 0.20196866244077682,
      "val_eval": 0.21315207332372665,
      "epoch": 30,
      "mse": 0.22113464772701263,
      "w2_global": 0.14658088982105255,
      "cvar": 0.57709139585495
    },
    "(0.5, 1.0)": {
      "val_loss": 0.19165348261594772,
      "val_eval": 0.20387960970401764,
      "epoch": 30,
      "mse": 0.2078416347503662,
      "w2_global": 0.14754575490951538,
      "cvar": 0.5323442220687866
    },
    "(0.5, 5.0)": {
      "val_loss": 0.2078990787267685,
      "val_eval": 0.21711938828229904,
      "epoch": 30,
      "mse": 0.21850034594535828,
      "w2_global": 0.14209872484207153,
      "cvar": 0.579279899597168
    },
    "(0.5, 10.0)": {
      "val_loss": 0.1963401809334755,
      "val_eval": 0.21318335831165314,
      "epoch": 30,
      "mse": 0.2208639681339264,
      "w2_global": 0.149369478225708,
      "cvar": 0.5918785929679871
    },
    "(0.75, 0.1)": {
      "val_loss": 0.18592427670955658,
      "val_eval": 0.19484441727399826,
      "epoch": 29,
      "mse": 0.19233126938343048,
      "w2_global": 0.1360848844051361,
      "cvar": 0.48686644434928894
    },
    "(0.75, 1.0)": {
      "val_loss": 0.19284917414188385,
      "val_eval": 0.20225542038679123,
      "epoch": 30,
      "mse": 0.20243602991104126,
      "w2_global": 0.1328251212835312,
      "cvar": 0.5381184816360474
    },
    "(0.75, 5.0)": {
      "val_loss": 0.1895751953125,
      "val_eval": 0.20938531309366226,
      "epoch": 30,
      "mse": 0.21286769211292267,
      "w2_global": 0.1448918581008911,
      "cvar": 0.5470578074455261
    },
    "(0.75, 10.0)": {
      "val_loss": 0.18452051281929016,
      "val_eval": 0.19847731292247772,
      "epoch": 30,
      "mse": 0.20086871087551117,
      "w2_global": 0.14224322140216827,
      "cvar": 0.5175539255142212
    },
    "(0.99, 0.1)": {
      "val_loss": 0.15616212040185928,
      "val_eval": 0.1645021289587021,
      "epoch": 30,
      "mse": 0.14919841289520264,
      "w2_global": 0.11488081514835358,
      "cvar": 0.36216816306114197
    },
    "(0.99, 1.0)": {
      "val_loss": 0.16242250055074692,
      "val_eval": 0.17151933163404465,
      "epoch": 30,
      "mse": 0.15355683863162994,
      "w2_global": 0.11226855963468552,
      "cvar": 0.3756832480430603
    },
    "(0.99, 5.0)": {
      "val_loss": 0.1695062294602394,
      "val_eval": 0.17684948444366455,
      "epoch": 30,
      "mse": 0.15892761945724487,
      "w2_global": 0.11619078367948532,
      "cvar": 0.3792095482349396
    },
    "(0.99, 10.0)": {
      "val_loss": 0.15632641315460205,
      "val_eval": 0.1662970334291458,
      "epoch": 30,
      "mse": 0.14861337840557098,
      "w2_global": 0.11571602523326874,
      "cvar": 0.3642594814300537
    }
  }
}