{
  "train": {
    "mse": 0.1445266306400299,
    "rmse": 0.3801665827502858,
    "mae": 0.2803454101085663,
    "w2_global": 0.11445938050746918,
    "ae_summary": {
      "mean": 0.2803454101085663,
      "std": 0.256774365901947,
      "min": 5.960464477539063e-08,
      "max": 3.4457244873046875,
      "p50": 0.2170148491859436,
      "p90": 0.5873691439628601,
      "p95": 0.7570456862449646,
      "p99": 1.195576786994934
    },
    "se_summary": {
      "mean": 0.1445266306400299,
      "std": 0.342817097902298,
      "min": 3.552713678800501e-15,
      "max": 11.873017311096191,
      "p50": 0.047095440328121185,
      "p90": 0.34500250220298767,
      "p95": 0.5731181502342224,
      "p99": 1.4294037818908691
    }
  },
  "val": {
    "mse": 0.14919841289520264,
    "rmse": 0.3862621038818106,
    "mae": 0.2861800491809845,
    "w2_global": 0.11488081514835358,
    "ae_summary": {
      "mean": 0.2861800491809845,
      "std": 0.25942128896713257,
      "min": 9.5367431640625e-07,
      "max": 3.18058443069458,
      "p50": 0.22266370058059692,
      "p90": 0.6018040776252747,
      "p95": 0.7707221508026123,
      "p99": 1.2238729000091553
    },
    "se_summary": {
      "mean": 0.14919841289520264,
      "std": 0.3417551517486572,
      "min": 9.094947017729282e-13,
      "max": 10.116117477416992,
      "p50": 0.04957912489771843,
      "p90": 0.36216816306114197,
      "p95": 0.5940126776695251,
      "p99": 1.4978649616241455
    }
  },
  "test": {
    "mse": 0.151190847158432,
    "rmse": 0.388832672442057,
    "mae": 0.28692424297332764,
    "w2_global": 0.115143321454525,
    "ae_summary": {
      "mean": 0.28692424297332764,
      "std": 0.2624220848083496,
      "min": 8.225440979003906e-06,
      "max": 3.3992466926574707,
      "p50": 0.22207295894622803,
      "p90": 0.6012710332870483,
      "p95": 0.7732706665992737,
      "p99": 1.2170450687408447
    },
    "se_summary": {
      "mean": 0.151190847158432,
      "std": 0.3584146797657013,
      "min": 6.765787929907674e-11,
      "max": 11.554878234863281,
      "p50": 0.0493163987994194,
      "p90": 0.36152684688568115,
      "p95": 0.5979475378990173,
      "p99": 1.4811989068984985
    }
  }
}