{
  "train": {
    "mse": 0.0,
    "rmse": 0.0,
    "mae": 0.0,
    "w2_global": 0.049841009080410004,
    "ae_summary": {
      "mean": 0.0,
      "std": 0.0,
      "min": 0.0,
      "max": 0.0,
      "p50": 0.0,
      "p90": 0.0,
      "p95": 0.0,
      "p99": 0.0
    },
    "se_summary": {
      "mean": 0.0,
      "std": 0.0,
      "min": 0.0,
      "max": 0.0,
      "p50": 0.0,
      "p90": 0.0,
      "p95": 0.0,
      "p99": 0.0
    }
  },
  "val": {
    "mse": 0.05666588619351387,
    "rmse": 0.23804597495759905,
    "mae": 0.16952377557754517,
    "w2_global": 0.04970354959368706,
    "ae_summary": {
      "mean": 0.16952377557754517,
      "std": 0.1671154499053955,
      "min": 3.927946090698242e-05,
      "max": 2.0047054290771484,
      "p50": 0.12299101054668427,
      "p90": 0.370758593082428,
      "p95": 0.513739824295044,
      "p99": 0.7825999855995178
    },
    "se_summary": {
      "mean": 0.05666588619351387,
      "std": 0.13750745356082916,
      "min": 1.5428760491431603e-09,
      "max": 4.018843650817871,
      "p50": 0.01512678898870945,
      "p90": 0.13746193051338196,
      "p95": 0.26392924785614014,
      "p99": 0.6124627590179443
    }
  },
  "test": {
    "mse": 0.055935755372047424,
    "rmse": 0.23650741081845073,
    "mae": 0.16949795186519623,
    "w2_global": 0.04920913279056549,
    "ae_summary": {
      "mean": 0.16949795186519623,
      "std": 0.16494300961494446,
      "min": 3.5762786865234375e-06,
      "max": 1.6600184440612793,
      "p50": 0.12049975991249084,
      "p90": 0.3778940439224243,
      "p95": 0.4942823052406311,
      "p99": 0.7659428119659424
    },
    "se_summary": {
      "mean": 0.055935755372047424,
      "std": 0.12441340833902359,
      "min": 1.2789769243681803e-11,
      "max": 2.7556612491607666,
      "p50": 0.0145201925188303,
      "p90": 0.14280390739440918,
      "p95": 0.2443150132894516,
      "p99": 0.5866686105728149
    }
  }
}