{
  "best_alpha": 0.99,
  "best_gamma": 0.1,
  "alpha_grid": [
    0.99
  ],
  "gamma_grid": [
    0.1
  ],
  "results": {
    "(0.99, 0.1)": {
      "val_loss": 0.11077452450990677,
      "val_eval": 0.22846241667866707,
      "epoch": 30,
      "mse": 0.22846241667866707
    }
  },
  "standalone_mode": true
}