{
  "train": {
    "mse": 0.03579377755522728,
    "rmse": 0.18919243524841917,
    "mae": 0.13367193937301636,
    "w2_global": 0.09790772944688797,
    "ae_summary": {
      "mean": 0.13367193937301636,
      "std": 0.13388650119304657,
      "min": 1.7881393432617188e-07,
      "max": 2.1389851570129395,
      "p50": 0.09548178315162659,
      "p90": 0.2943154573440552,
      "p95": 0.3906332552433014,
      "p99": 0.6372205018997192
    },
    "se_summary": {
      "mean": 0.03579377755522728,
      "std": 0.09065302461385727,
      "min": 3.197442310920451e-14,
      "max": 4.575257301330566,
      "p50": 0.009116770699620247,
      "p90": 0.08662158995866776,
      "p95": 0.15259434282779694,
      "p99": 0.4060499668121338
    }
  },
  "val": {
    "mse": 0.10993964970111847,
    "rmse": 0.3315714850543069,
    "mae": 0.21756288409233093,
    "w2_global": 0.09134083241224289,
    "ae_summary": {
      "mean": 0.21756288409233093,
      "std": 0.2502119839191437,
      "min": 5.3942203521728516e-06,
      "max": 4.082347393035889,
      "p50": 0.14880603551864624,
      "p90": 0.4647306501865387,
      "p95": 0.6407235264778137,
      "p99": 1.2410987615585327
    },
    "se_summary": {
      "mean": 0.10993964970111847,
      "std": 0.394732803106308,
      "min": 2.9097613207795803e-11,
      "max": 16.665559768676758,
      "p50": 0.022143235430121422,
      "p90": 0.2159745842218399,
      "p95": 0.4105266332626343,
      "p99": 1.5403261184692383
    }
  },
  "test": {
    "mse": 0.10387033224105835,
    "rmse": 0.3222892059021809,
    "mae": 0.21627286076545715,
    "w2_global": 0.09568129479885101,
    "ae_summary": {
      "mean": 0.21627286076545715,
      "std": 0.2389484941959381,
      "min": 1.6689300537109375e-06,
      "max": 2.9959709644317627,
      "p50": 0.14845097064971924,
      "p90": 0.4708043038845062,
      "p95": 0.654159665107727,
      "p99": 1.1914901733398438
    },
    "se_summary": {
      "mean": 0.10387033224105835,
      "std": 0.3157673478126526,
      "min": 2.7853275241795927e-12,
      "max": 8.975842475891113,
      "p50": 0.0220376905053854,
      "p90": 0.2216566950082779,
      "p95": 0.42792490124702454,
      "p99": 1.4196490049362183
    }
  }
}