{
  "train": {
    "mse": 0.02143115922808647,
    "rmse": 0.14639384969351163,
    "mae": 0.09805768728256226,
    "w2_global": 0.005541162099689245,
    "ae_summary": {
      "mean": 0.09805768728256226,
      "std": 0.10870073735713959,
      "min": 4.172325134277344e-07,
      "max": 2.782240867614746,
      "p50": 0.06852918863296509,
      "p90": 0.2102046012878418,
      "p95": 0.29095378518104553,
      "p99": 0.5328763127326965
    },
    "se_summary": {
      "mean": 0.02143115922808647,
      "std": 0.08068697154521942,
      "min": 1.7408297026122455e-13,
      "max": 7.740864276885986,
      "p50": 0.00469624949619174,
      "p90": 0.044185977429151535,
      "p95": 0.08465410768985748,
      "p99": 0.2839571535587311
    }
  },
  "val": {
    "mse": 0.030212819576263428,
    "rmse": 0.1738183522424011,
    "mae": 0.12102876603603363,
    "w2_global": 0.005264798179268837,
    "ae_summary": {
      "mean": 0.12102876603603363,
      "std": 0.12475918978452682,
      "min": 4.4405460357666016e-06,
      "max": 1.4725061655044556,
      "p50": 0.08752141892910004,
      "p90": 0.26152440905570984,
      "p95": 0.35765671730041504,
      "p99": 0.5974880456924438
    },
    "se_summary": {
      "mean": 0.030212819576263428,
      "std": 0.08453977853059769,
      "min": 1.971844909576248e-11,
      "max": 2.168274402618408,
      "p50": 0.007659998722374439,
      "p90": 0.06839502602815628,
      "p95": 0.12791869044303894,
      "p99": 0.35699230432510376
    }
  },
  "test": {
    "mse": 0.03295076638460159,
    "rmse": 0.18152345959848162,
    "mae": 0.12318915128707886,
    "w2_global": 0.005346384365111589,
    "ae_summary": {
      "mean": 0.12318915128707886,
      "std": 0.13332366943359375,
      "min": 7.987022399902344e-06,
      "max": 1.9451361894607544,
      "p50": 0.08626127243041992,
      "p90": 0.26752614974975586,
      "p95": 0.3633638620376587,
      "p99": 0.6545295119285583
    },
    "se_summary": {
      "mean": 0.03295076638460159,
      "std": 0.10502813756465912,
      "min": 6.37925268165418e-11,
      "max": 3.783554792404175,
      "p50": 0.007441007066518068,
      "p90": 0.07157023996114731,
      "p95": 0.1320333331823349,
      "p99": 0.4284088909626007
    }
  }
}