{
  "train": {
    "mse": 0.0,
    "rmse": 0.0,
    "mae": 0.0,
    "w2_global": 0.028192732483148575,
    "ae_summary": {
      "mean": 0.0,
      "std": 0.0,
      "min": 0.0,
      "max": 0.0,
      "p50": 0.0,
      "p90": 0.0,
      "p95": 0.0,
      "p99": 0.0
    },
    "se_summary": {
      "mean": 0.0,
      "std": 0.0,
      "min": 0.0,
      "max": 0.0,
      "p50": 0.0,
      "p90": 0.0,
      "p95": 0.0,
      "p99": 0.0
    }
  },
  "val": {
    "mse": 0.4774205982685089,
    "rmse": 0.6909562925891253,
    "mae": 0.40798690915107727,
    "w2_global": 0.036111559718847275,
    "ae_summary": {
      "mean": 0.40798690915107727,
      "std": 0.5576444268226624,
      "min": 2.300739288330078e-05,
      "max": 9.909186363220215,
      "p50": 0.23342692852020264,
      "p90": 0.9705108404159546,
      "p95": 1.3433475494384766,
      "p99": 2.361046552658081
    },
    "se_summary": {
      "mean": 0.4774205982685089,
      "std": 2.688603162765503,
      "min": 5.293401272865594e-10,
      "max": 98.19197082519531,
      "p50": 0.054488129913806915,
      "p90": 0.9418913722038269,
      "p95": 1.8045830726623535,
      "p99": 5.5745415687561035
    }
  },
  "test": {
    "mse": 0.36381882429122925,
    "rmse": 0.6031739585652129,
    "mae": 0.3613709509372711,
    "w2_global": 0.02764369733631611,
    "ae_summary": {
      "mean": 0.3613709509372711,
      "std": 0.4829387962818146,
      "min": 1.3232231140136719e-05,
      "max": 8.59505844116211,
      "p50": 0.2057899832725525,
      "p90": 0.861696720123291,
      "p95": 1.1899361610412598,
      "p99": 2.1391184329986572
    },
    "se_summary": {
      "mean": 0.36381882429122925,
      "std": 1.8650132417678833,
      "min": 1.750919409460039e-10,
      "max": 73.87503051757812,
      "p50": 0.04234952852129936,
      "p90": 0.7425212860107422,
      "p95": 1.4159480333328247,
      "p99": 4.575846195220947
    }
  }
}