{
  "best_alpha": 0.99,
  "best_gamma": 5.0,
  "alpha_grid": [
    0.01,
    0.25,
    0.5,
    0.75,
    0.99
  ],
  "gamma_grid": [
    0.1,
    1.0,
    5.0,
    10.0
  ],
  "results": {
    "(0.01, 0.1)": {
      "val_loss": 0.3551684319972992,
      "val_eval": 0.7620858550071716,
      "epochs": 30,
      "mse": 0.7620858550071716,
      "w2_global": 0.7213757038116455,
      "cvar": 1.901031732559204
    },
    "(0.01, 1.0)": {
      "val_loss": 0.3475390374660492,
      "val_eval": 0.7689113020896912,
      "epochs": 30,
      "mse": 0.7689113020896912,
      "w2_global": 0.7250653505325317,
      "cvar": 1.935282588005066
    },
    "(0.01, 5.0)": {
      "val_loss": 0.33937856554985046,
      "val_eval": 0.7628520131111145,
      "epochs": 30,
      "mse": 0.7628520131111145,
      "w2_global": 0.7238180637359619,
      "cvar": 1.918328881263733
    },
    "(0.01, 10.0)": {
      "val_loss": 0.3508065938949585,
      "val_eval": 0.7602078318595886,
      "epochs": 30,
      "mse": 0.7602077722549438,
      "w2_global": 0.7187280654907227,
      "cvar": 1.9256391525268555
    },
    "(0.25, 0.1)": {
      "val_loss": 0.34363454580307007,
      "val_eval": 0.7600794434547424,
      "epochs": 30,
      "mse": 0.7600793838500977,
      "w2_global": 0.7227701544761658,
      "cvar": 1.890771508216858
    },
    "(0.25, 1.0)": {
      "val_loss": 0.3414002060890198,
      "val_eval": 0.7635745406150818,
      "epochs": 30,
      "mse": 0.7635746002197266,
      "w2_global": 0.7178522348403931,
      "cvar": 1.914448618888855
    },
    "(0.25, 5.0)": {
      "val_loss": 0.3537008464336395,
      "val_eval": 0.7674158811569214,
      "epochs": 30,
      "mse": 0.7674158811569214,
      "w2_global": 0.7111349105834961,
      "cvar": 1.9209682941436768
    },
    "(0.25, 10.0)": {
      "val_loss": 0.3492647707462311,
      "val_eval": 0.7636505365371704,
      "epochs": 30,
      "mse": 0.7636505961418152,
      "w2_global": 0.7135370373725891,
      "cvar": 1.9014595746994019
    },
    "(0.5, 0.1)": {
      "val_loss": 0.3491620123386383,
      "val_eval": 0.7661566138267517,
      "epochs": 30,
      "mse": 0.7661566734313965,
      "w2_global": 0.7150419354438782,
      "cvar": 1.9168554544448853
    },
    "(0.5, 1.0)": {
      "val_loss": 0.34255120158195496,
      "val_eval": 0.7626587152481079,
      "epochs": 30,
      "mse": 0.7626586556434631,
      "w2_global": 0.7177430987358093,
      "cvar": 1.901472568511963
    },
    "(0.5, 5.0)": {
      "val_loss": 0.34552183747291565,
      "val_eval": 0.7587894201278687,
      "epochs": 30,
      "mse": 0.7587894201278687,
      "w2_global": 0.7185531854629517,
      "cvar": 1.924433708190918
    },
    "(0.5, 10.0)": {
      "val_loss": 0.3472633957862854,
      "val_eval": 0.767749011516571,
      "epochs": 30,
      "mse": 0.7677489519119263,
      "w2_global": 0.7130702137947083,
      "cvar": 1.9171035289764404
    },
    "(0.75, 0.1)": {
      "val_loss": 0.3394170105457306,
      "val_eval": 0.7596768736839294,
      "epochs": 30,
      "mse": 0.7596768736839294,
      "w2_global": 0.7162703275680542,
      "cvar": 1.912031650543213
    },
    "(0.75, 1.0)": {
      "val_loss": 0.3443593978881836,
      "val_eval": 0.7595793604850769,
      "epochs": 30,
      "mse": 0.7595793604850769,
      "w2_global": 0.7198960781097412,
      "cvar": 1.9066429138183594
    },
    "(0.75, 5.0)": {
      "val_loss": 0.3470475673675537,
      "val_eval": 0.7628287076950073,
      "epochs": 30,
      "mse": 0.7628287076950073,
      "w2_global": 0.7268787026405334,
      "cvar": 1.883771538734436
    },
    "(0.75, 10.0)": {
      "val_loss": 0.3344186544418335,
      "val_eval": 0.7616901397705078,
      "epochs": 30,
      "mse": 0.761690080165863,
      "w2_global": 0.7113813757896423,
      "cvar": 1.9270268678665161
    },
    "(0.99, 0.1)": {
      "val_loss": 0.3129345774650574,
      "val_eval": 0.7049250602722168,
      "epochs": 30,
      "mse": 0.7049250602722168,
      "w2_global": 0.6294307708740234,
      "cvar": 1.8309450149536133
    },
    "(0.99, 1.0)": {
      "val_loss": 0.30522555112838745,
      "val_eval": 0.6296161413192749,
      "epochs": 30,
      "mse": 0.6296161413192749,
      "w2_global": 0.5528872013092041,
      "cvar": 1.713667392730713
    },
    "(0.99, 5.0)": {
      "val_loss": 0.3048454523086548,
      "val_eval": 0.7015085816383362,
      "epochs": 30,
      "mse": 0.7015085816383362,
      "w2_global": 0.574821412563324,
      "cvar": 1.8305777311325073
    },
    "(0.99, 10.0)": {
      "val_loss": 0.34302082657814026,
      "val_eval": 0.6445032954216003,
      "epochs": 30,
      "mse": 0.6445032358169556,
      "w2_global": 0.544977068901062,
      "cvar": 1.7628138065338135
    }
  }
}