{
  "train": {
    "mse": 0.48300889134407043,
    "rmse": 0.6949884109422764,
    "mae": 0.4972201883792877,
    "w2_global": 0.6858699917793274,
    "ae_summary": {
      "mean": 0.4972201883792877,
      "std": 0.48557284474372864,
      "min": 8.159643039107323e-05,
      "max": 5.004200458526611,
      "p50": 0.37002694606781006,
      "p90": 1.0194573402404785,
      "p95": 1.3238379955291748,
      "p99": 2.432912826538086
    },
    "se_summary": {
      "mean": 0.48300889134407043,
      "std": 1.337687611579895,
      "min": 6.657977280610794e-09,
      "max": 25.042022705078125,
      "p50": 0.13691994547843933,
      "p90": 1.0392932891845703,
      "p95": 1.7525521516799927,
      "p99": 5.919064998626709
    }
  },
  "val": {
    "mse": 0.7015085816383362,
    "rmse": 0.8375610912872781,
    "mae": 0.6410383582115173,
    "w2_global": 0.574821412563324,
    "ae_summary": {
      "mean": 0.6410383582115173,
      "std": 0.539053201675415,
      "min": 0.00012180209159851074,
      "max": 4.079954624176025,
      "p50": 0.5073354840278625,
      "p90": 1.352988362312317,
      "p95": 1.7396281957626343,
      "p99": 2.474346160888672
    },
    "se_summary": {
      "mean": 0.7015085816383362,
      "std": 1.228040099143982,
      "min": 1.4835749517772001e-08,
      "max": 16.64603042602539,
      "p50": 0.2573893070220947,
      "p90": 1.8305777311325073,
      "p95": 3.026313066482544,
      "p99": 6.122433662414551
    }
  },
  "test": {
    "mse": 0.5905479192733765,
    "rmse": 0.7684711570861826,
    "mae": 0.6050587296485901,
    "w2_global": 0.5382537841796875,
    "ae_summary": {
      "mean": 0.6050587296485901,
      "std": 0.47376343607902527,
      "min": 3.746151924133301e-05,
      "max": 5.191799163818359,
      "p50": 0.5221792459487915,
      "p90": 1.1647529602050781,
      "p95": 1.4604696035385132,
      "p99": 2.189079999923706
    },
    "se_summary": {
      "mean": 0.5905479192733765,
      "std": 1.0733730792999268,
      "min": 1.4033654238687632e-09,
      "max": 26.95477867126465,
      "p50": 0.2726711332798004,
      "p90": 1.35664963722229,
      "p95": 2.1329715251922607,
      "p99": 4.792077541351318
    }
  }
}