{
  "train": {
    "mse": 0.0,
    "rmse": 0.0,
    "mae": 0.0,
    "w2_global": 0.01431914884597063,
    "ae_summary": {
      "mean": 0.0,
      "std": 0.0,
      "min": 0.0,
      "max": 0.0,
      "p50": 0.0,
      "p90": 0.0,
      "p95": 0.0,
      "p99": 0.0
    },
    "se_summary": {
      "mean": 0.0,
      "std": 0.0,
      "min": 0.0,
      "max": 0.0,
      "p50": 0.0,
      "p90": 0.0,
      "p95": 0.0,
      "p99": 0.0
    }
  },
  "val": {
    "mse": 0.27874162793159485,
    "rmse": 0.5279598734104656,
    "mae": 0.3835219144821167,
    "w2_global": 0.013317097909748554,
    "ae_summary": {
      "mean": 0.3835219144821167,
      "std": 0.36283954977989197,
      "min": 0.00016391277313232422,
      "max": 2.5354881286621094,
      "p50": 0.2776833474636078,
      "p90": 0.8464003801345825,
      "p95": 1.08468759059906,
      "p99": 1.7148361206054688
    },
    "se_summary": {
      "mean": 0.27874162793159485,
      "std": 0.5762155652046204,
      "min": 2.6867397195928788e-08,
      "max": 6.428699970245361,
      "p50": 0.07710804045200348,
      "p90": 0.7163962721824646,
      "p95": 1.1765477657318115,
      "p99": 2.940666675567627
    }
  },
  "test": {
    "mse": 0.34613531827926636,
    "rmse": 0.5883326595381786,
    "mae": 0.4356193244457245,
    "w2_global": 0.015789540484547615,
    "ae_summary": {
      "mean": 0.4356193244457245,
      "std": 0.3954378664493561,
      "min": 0.00010076165199279785,
      "max": 3.7264397144317627,
      "p50": 0.32750406861305237,
      "p90": 0.9709928035736084,
      "p95": 1.2090251445770264,
      "p99": 1.7488532066345215
    },
    "se_summary": {
      "mean": 0.34613531827926636,
      "std": 0.7253216505050659,
      "min": 1.0152910512317703e-08,
      "max": 13.8863525390625,
      "p50": 0.10725891590118408,
      "p90": 0.942827045917511,
      "p95": 1.4617418050765991,
      "p99": 3.0584876537323
    }
  }
}