{
  "test": {
    "mse": 0.4602390229701996,
    "rmse": 0.6784091854995771,
    "mae": 0.4262625575065613,
    "w2_global": 0.09316647797822952,
    "ae_summary": {
      "mean": 0.4262625575065613,
      "std": 0.5277682542800903,
      "min": 2.847611904144287e-05,
      "max": 6.646445274353027,
      "p50": 0.24541978538036346,
      "p90": 1.0461868047714233,
      "p95": 1.5057109594345093,
      "p99": 2.5246453285217285
    },
    "se_summary": {
      "mean": 0.4602390229701996,
      "std": 1.3718284368515015,
      "min": 8.108893556624253e-10,
      "max": 44.175235748291016,
      "p50": 0.06023086979985237,
      "p90": 1.0945086479187012,
      "p95": 2.26717209815979,
      "p99": 6.373834609985352
    }
  }
}