{
  "train": {
    "mse": 4952.59912109375,
    "rmse": 70.37470512260602,
    "mae": 52.59954071044922,
    "w2_global": 0.008432670496404171,
    "ae_summary": {
      "mean": 52.59954071044922,
      "std": 46.75346755981445,
      "min": 8.374452590942383e-05,
      "max": 279.0186462402344,
      "p50": 37.49690628051758,
      "p90": 124.55311584472656,
      "p95": 149.80047607421875,
      "p99": 191.8326873779297
    },
    "se_summary": {
      "mean": 4952.59912109375,
      "std": 7980.369140625,
      "min": 7.013145619794159e-09,
      "max": 77851.40625,
      "p50": 1406.0179443359375,
      "p90": 15513.478515625,
      "p95": 22440.18359375,
      "p99": 36799.78125
    }
  },
  "val": {
    "mse": 0.00915007945150137,
    "rmse": 0.09565604764729395,
    "mae": 0.06572148203849792,
    "w2_global": 0.011313164606690407,
    "ae_summary": {
      "mean": 0.06572148203849792,
      "std": 0.06950370967388153,
      "min": 1.1295080184936523e-05,
      "max": 0.7727948427200317,
      "p50": 0.04666031897068024,
      "p90": 0.14070044457912445,
      "p95": 0.19315598905086517,
      "p99": 0.34929144382476807
    },
    "se_summary": {
      "mean": 0.00915007945150137,
      "std": 0.026336850598454475,
      "min": 1.275788363841457e-10,
      "max": 0.5972118973731995,
      "p50": 0.0021771853789687157,
      "p90": 0.019796617329120636,
      "p95": 0.03730923682451248,
      "p99": 0.12200452387332916
    }
  },
  "test": {
    "mse": 0.009924037382006645,
    "rmse": 0.09961946286748712,
    "mae": 0.06749646365642548,
    "w2_global": 0.01060224138200283,
    "ae_summary": {
      "mean": 0.06749646365642548,
      "std": 0.07326844334602356,
      "min": 6.67572021484375e-06,
      "max": 0.7649327516555786,
      "p50": 0.046711862087249756,
      "p90": 0.14644131064414978,
      "p95": 0.20540453493595123,
      "p99": 0.3720625638961792
    },
    "se_summary": {
      "mean": 0.009924037382006645,
      "std": 0.029151111841201782,
      "min": 4.4565240386873484e-11,
      "max": 0.5851221084594727,
      "p50": 0.002181997988373041,
      "p90": 0.021445056423544884,
      "p95": 0.042191024869680405,
      "p99": 0.13843055069446564
    }
  }
}