{
  "train": {
    "mse": 0.15696631371974945,
    "rmse": 0.3961897445918426,
    "mae": 0.2819843292236328,
    "w2_global": 0.12947483360767365,
    "ae_summary": {
      "mean": 0.2819843292236328,
      "std": 0.2783004343509674,
      "min": 5.960464477539063e-08,
      "max": 3.2584009170532227,
      "p50": 0.20817828178405762,
      "p90": 0.5985329747200012,
      "p95": 0.7816573977470398,
      "p99": 1.3678828477859497
    },
    "se_summary": {
      "mean": 0.15696631371974945,
      "std": 0.417191743850708,
      "min": 3.552713678800501e-15,
      "max": 10.61717700958252,
      "p50": 0.043338194489479065,
      "p90": 0.3582417368888855,
      "p95": 0.6109883189201355,
      "p99": 1.8711035251617432
    }
  },
  "val": {
    "mse": 0.18247774243354797,
    "rmse": 0.4271741359604394,
    "mae": 0.29797446727752686,
    "w2_global": 0.12847831845283508,
    "ae_summary": {
      "mean": 0.29797446727752686,
      "std": 0.3060865104198456,
      "min": 5.4836273193359375e-06,
      "max": 3.2696573734283447,
      "p50": 0.21342450380325317,
      "p90": 0.6369457840919495,
      "p95": 0.8501657843589783,
      "p99": 1.5961250066757202
    },
    "se_summary": {
      "mean": 0.18247774243354797,
      "std": 0.4948655366897583,
      "min": 3.007016857736744e-11,
      "max": 10.690659523010254,
      "p50": 0.045550018548965454,
      "p90": 0.4056999683380127,
      "p95": 0.7227818369865417,
      "p99": 2.547614812850952
    }
  },
  "test": {
    "mse": 0.19932153820991516,
    "rmse": 0.44645440776177264,
    "mae": 0.3135508894920349,
    "w2_global": 0.133035808801651,
    "ae_summary": {
      "mean": 0.3135508894920349,
      "std": 0.3178166151046753,
      "min": 1.5497207641601562e-06,
      "max": 3.062216281890869,
      "p50": 0.22710219025611877,
      "p90": 0.6675363779067993,
      "p95": 0.8842461109161377,
      "p99": 1.6644047498703003
    },
    "se_summary": {
      "mean": 0.19932153820991516,
      "std": 0.5237536430358887,
      "min": 2.4016344468691386e-12,
      "max": 9.377168655395508,
      "p50": 0.05157540366053581,
      "p90": 0.4456048607826233,
      "p95": 0.7818911671638489,
      "p99": 2.770242929458618
    }
  }
}