{
  "train": {
    "mse": 0.0,
    "rmse": 0.0,
    "mae": 0.0,
    "w2_global": 0.5885120630264282,
    "ae_summary": {
      "mean": 0.0,
      "std": 0.0,
      "min": 0.0,
      "max": 0.0,
      "p50": 0.0,
      "p90": 0.0,
      "p95": 0.0,
      "p99": 0.0
    },
    "se_summary": {
      "mean": 0.0,
      "std": 0.0,
      "min": 0.0,
      "max": 0.0,
      "p50": 0.0,
      "p90": 0.0,
      "p95": 0.0,
      "p99": 0.0
    }
  },
  "val": {
    "mse": 1.3877779245376587,
    "rmse": 1.1780398654280162,
    "mae": 0.6832082271575928,
    "w2_global": 0.5432249307632446,
    "ae_summary": {
      "mean": 0.6832082271575928,
      "std": 0.9596897959709167,
      "min": 0.0,
      "max": 32.12278747558594,
      "p50": 0.408669114112854,
      "p90": 1.7011114358901978,
      "p95": 2.1255640983581543,
      "p99": 3.297980308532715
    },
    "se_summary": {
      "mean": 1.3877779245376587,
      "std": 13.905587196350098,
      "min": 0.0,
      "max": 1031.87353515625,
      "p50": 0.16701044142246246,
      "p90": 2.893779993057251,
      "p95": 4.518022537231445,
      "p99": 10.876676559448242
    }
  },
  "test": {
    "mse": 1.3725872039794922,
    "rmse": 1.171574668546351,
    "mae": 0.6063051819801331,
    "w2_global": 0.7695359587669373,
    "ae_summary": {
      "mean": 0.6063051819801331,
      "std": 1.0024875402450562,
      "min": 0.0,
      "max": 36.94103240966797,
      "p50": 0.34896019101142883,
      "p90": 1.4607847929000854,
      "p95": 1.8221181631088257,
      "p99": 3.3830857276916504
    },
    "se_summary": {
      "mean": 1.3725872039794922,
      "std": 17.718944549560547,
      "min": 0.0,
      "max": 1364.639892578125,
      "p50": 0.12177321314811707,
      "p90": 2.133892297744751,
      "p95": 3.3201146125793457,
      "p99": 11.445273399353027
    }
  }
}