{
  "train": {
    "mse": 0.00852183811366558,
    "rmse": 0.09231380240064635,
    "mae": 0.055912502110004425,
    "w2_global": 0.6676803827285767,
    "ae_summary": {
      "mean": 0.055912502110004425,
      "std": 0.07345496118068695,
      "min": 1.9669532775878906e-06,
      "max": 1.0011708736419678,
      "p50": 0.03872057795524597,
      "p90": 0.1003517210483551,
      "p95": 0.15841397643089294,
      "p99": 0.41310352087020874
    },
    "se_summary": {
      "mean": 0.00852183811366558,
      "std": 0.04154210537672043,
      "min": 3.8689051962137455e-12,
      "max": 1.0023431777954102,
      "p50": 0.0014992831274867058,
      "p90": 0.01007047202438116,
      "p95": 0.02509499154984951,
      "p99": 0.17066678404808044
    }
  },
  "val": {
    "mse": 0.7673142552375793,
    "rmse": 0.8759647568467462,
    "mae": 0.6771916747093201,
    "w2_global": 0.5377450585365295,
    "ae_summary": {
      "mean": 0.6771916747093201,
      "std": 0.5556308627128601,
      "min": 0.000600963830947876,
      "max": 3.616835594177246,
      "p50": 0.5299039483070374,
      "p90": 1.4617080688476562,
      "p95": 1.6829251050949097,
      "p99": 2.220301628112793
    },
    "se_summary": {
      "mean": 0.7673142552375793,
      "std": 1.1127088069915771,
      "min": 3.611575323247962e-07,
      "max": 13.081500053405762,
      "p50": 0.28079819679260254,
      "p90": 2.1365914344787598,
      "p95": 2.8322370052337646,
      "p99": 4.929994106292725
    }
  },
  "test": {
    "mse": 0.9214706420898438,
    "rmse": 0.9599326237241048,
    "mae": 0.7265751361846924,
    "w2_global": 0.6059325933456421,
    "ae_summary": {
      "mean": 0.7265751361846924,
      "std": 0.6273430585861206,
      "min": 7.347762584686279e-05,
      "max": 4.606451988220215,
      "p50": 0.5657981038093567,
      "p90": 1.630275011062622,
      "p95": 2.0310213565826416,
      "p99": 2.6798858642578125
    },
    "se_summary": {
      "mean": 0.9214706420898438,
      "std": 1.5602682828903198,
      "min": 5.398961278046954e-09,
      "max": 21.21940040588379,
      "p50": 0.3201274871826172,
      "p90": 2.657796621322632,
      "p95": 4.125048637390137,
      "p99": 7.181789875030518
    }
  }
}