{
  "test": {
    "mse": 0.002952986629679799,
    "rmse": 0.054341389655398024,
    "mae": 0.008423789404332638,
    "w2_global": 0.0015421932330355048,
    "ae_summary": {
      "mean": 0.008423789404332638,
      "std": 0.05368451029062271,
      "min": 0.0,
      "max": 2.061690092086792,
      "p50": 0.0019027292728424072,
      "p90": 0.009116077795624733,
      "p95": 0.019243914633989334,
      "p99": 0.13558754324913025
    },
    "se_summary": {
      "mean": 0.002952986629679799,
      "std": 0.06570547819137573,
      "min": 0.0,
      "max": 4.250566005706787,
      "p50": 3.620378720370354e-06,
      "p90": 8.310288103530183e-05,
      "p95": 0.0003703282563947141,
      "p99": 0.018384065479040146
    }
  }
}