{
  "best_alpha": 0.99,
  "best_gamma": 1.0,
  "alpha_grid": [
    0.01,
    0.25,
    0.5,
    0.75,
    0.99
  ],
  "gamma_grid": [
    0.1,
    1.0,
    5.0,
    10.0
  ],
  "results": {
    "(0.01, 0.1)": {
      "val_loss": 0.4739850163459778,
      "val_eval": 1.0107576847076416,
      "epochs": 30,
      "mse": 1.0107576847076416,
      "w2_global": 0.7736318707466125,
      "cvar": 2.3182497024536133
    },
    "(0.01, 1.0)": {
      "val_loss": 0.4755321443080902,
      "val_eval": 1.0094473361968994,
      "epochs": 30,
      "mse": 1.0094473361968994,
      "w2_global": 0.7744995951652527,
      "cvar": 2.3231847286224365
    },
    "(0.01, 5.0)": {
      "val_loss": 0.4748050570487976,
      "val_eval": 1.0107730627059937,
      "epochs": 30,
      "mse": 1.0107730627059937,
      "w2_global": 0.7732641100883484,
      "cvar": 2.316941738128662
    },
    "(0.01, 10.0)": {
      "val_loss": 0.4804914593696594,
      "val_eval": 1.008951187133789,
      "epochs": 30,
      "mse": 1.008951187133789,
      "w2_global": 0.7686150074005127,
      "cvar": 2.3226394653320312
    },
    "(0.25, 0.1)": {
      "val_loss": 0.4709664583206177,
      "val_eval": 1.013607144355774,
      "epochs": 30,
      "mse": 1.013607144355774,
      "w2_global": 0.7720792293548584,
      "cvar": 2.3216254711151123
    },
    "(0.25, 1.0)": {
      "val_loss": 0.47554194927215576,
      "val_eval": 1.0140372514724731,
      "epochs": 30,
      "mse": 1.0140373706817627,
      "w2_global": 0.7653921246528625,
      "cvar": 2.3238539695739746
    },
    "(0.25, 5.0)": {
      "val_loss": 0.47740915417671204,
      "val_eval": 1.0087288618087769,
      "epochs": 30,
      "mse": 1.0087287425994873,
      "w2_global": 0.7755615711212158,
      "cvar": 2.3268702030181885
    },
    "(0.25, 10.0)": {
      "val_loss": 0.4670202434062958,
      "val_eval": 1.0051347017288208,
      "epochs": 30,
      "mse": 1.0051347017288208,
      "w2_global": 0.7848257422447205,
      "cvar": 2.3144078254699707
    },
    "(0.5, 0.1)": {
      "val_loss": 0.4708968997001648,
      "val_eval": 1.0030583143234253,
      "epochs": 30,
      "mse": 1.0030583143234253,
      "w2_global": 0.765156626701355,
      "cvar": 2.297210931777954
    },
    "(0.5, 1.0)": {
      "val_loss": 0.46968135237693787,
      "val_eval": 1.0052297115325928,
      "epochs": 30,
      "mse": 1.0052297115325928,
      "w2_global": 0.7786595821380615,
      "cvar": 2.30332088470459
    },
    "(0.5, 5.0)": {
      "val_loss": 0.4664228558540344,
      "val_eval": 1.0036680698394775,
      "epochs": 30,
      "mse": 1.003667950630188,
      "w2_global": 0.7786334753036499,
      "cvar": 2.297651767730713
    },
    "(0.5, 10.0)": {
      "val_loss": 0.4697572588920593,
      "val_eval": 1.0050864219665527,
      "epochs": 30,
      "mse": 1.0050864219665527,
      "w2_global": 0.7797010540962219,
      "cvar": 2.3158397674560547
    },
    "(0.75, 0.1)": {
      "val_loss": 0.46492287516593933,
      "val_eval": 0.9952004551887512,
      "epochs": 30,
      "mse": 0.9952004551887512,
      "w2_global": 0.7731310725212097,
      "cvar": 2.2803966999053955
    },
    "(0.75, 1.0)": {
      "val_loss": 0.4635913074016571,
      "val_eval": 0.9915279746055603,
      "epochs": 30,
      "mse": 0.9915279746055603,
      "w2_global": 0.7640872001647949,
      "cvar": 2.2881345748901367
    },
    "(0.75, 5.0)": {
      "val_loss": 0.4582153856754303,
      "val_eval": 0.9836869239807129,
      "epochs": 30,
      "mse": 0.9836869239807129,
      "w2_global": 0.7642476558685303,
      "cvar": 2.2655861377716064
    },
    "(0.75, 10.0)": {
      "val_loss": 0.4649142026901245,
      "val_eval": 0.9983755350112915,
      "epochs": 30,
      "mse": 0.9983755350112915,
      "w2_global": 0.7739390730857849,
      "cvar": 2.3025872707366943
    },
    "(0.99, 0.1)": {
      "val_loss": 0.43867456912994385,
      "val_eval": 0.9403571486473083,
      "epochs": 30,
      "mse": 0.9403571486473083,
      "w2_global": 0.6982260942459106,
      "cvar": 2.1971964836120605
    },
    "(0.99, 1.0)": {
      "val_loss": 0.43763551115989685,
      "val_eval": 0.94800865650177,
      "epochs": 30,
      "mse": 0.94800865650177,
      "w2_global": 0.7212901711463928,
      "cvar": 2.2468278408050537
    },
    "(0.99, 5.0)": {
      "val_loss": 0.438762903213501,
      "val_eval": 0.9581348896026611,
      "epochs": 30,
      "mse": 0.9581348299980164,
      "w2_global": 0.7489109039306641,
      "cvar": 2.233187675476074
    },
    "(0.99, 10.0)": {
      "val_loss": 0.4423418939113617,
      "val_eval": 0.9576770663261414,
      "epochs": 30,
      "mse": 0.9576770663261414,
      "w2_global": 0.7452276945114136,
      "cvar": 2.241428852081299
    }
  }
}