{
  "train": {
    "mse": 0.43594473600387573,
    "rmse": 0.6602611119881858,
    "mae": 0.430486798286438,
    "w2_global": 0.7324265837669373,
    "ae_summary": {
      "mean": 0.430486798286438,
      "std": 0.500625491142273,
      "min": 1.1235475540161133e-05,
      "max": 30.348360061645508,
      "p50": 0.28859981894493103,
      "p90": 0.9702005386352539,
      "p95": 1.3098856210708618,
      "p99": 2.215747117996216
    },
    "se_summary": {
      "mean": 0.43594473600387573,
      "std": 4.610721588134766,
      "min": 1.262359106135591e-10,
      "max": 921.02294921875,
      "p50": 0.08328985422849655,
      "p90": 0.9412890076637268,
      "p95": 1.7158002853393555,
      "p99": 4.909534931182861
    }
  },
  "val": {
    "mse": 0.94800865650177,
    "rmse": 0.9736573609344151,
    "mae": 0.6721820831298828,
    "w2_global": 0.7212901711463928,
    "ae_summary": {
      "mean": 0.6721820831298828,
      "std": 0.7044003009796143,
      "min": 6.705522537231445e-08,
      "max": 39.38418960571289,
      "p50": 0.4894399344921112,
      "p90": 1.498942255973816,
      "p95": 1.882493495941162,
      "p99": 2.982862949371338
    },
    "se_summary": {
      "mean": 0.94800865650177,
      "std": 6.7269673347473145,
      "min": 4.496403249731884e-15,
      "max": 1551.1143798828125,
      "p50": 0.23955145478248596,
      "p90": 2.2468278408050537,
      "p95": 3.5437817573547363,
      "p99": 8.89747142791748
    }
  },
  "test": {
    "mse": 1.0283973217010498,
    "rmse": 1.0140992661968797,
    "mae": 0.7055590748786926,
    "w2_global": 0.7476367950439453,
    "ae_summary": {
      "mean": 0.7055590748786926,
      "std": 0.7284117341041565,
      "min": 6.258487701416016e-07,
      "max": 30.783145904541016,
      "p50": 0.5098791122436523,
      "p90": 1.5457931756973267,
      "p95": 1.9895139932632446,
      "p99": 3.2638535499572754
    },
    "se_summary": {
      "mean": 1.0283973217010498,
      "std": 4.145778656005859,
      "min": 3.9168668308775523e-13,
      "max": 947.60205078125,
      "p50": 0.25997668504714966,
      "p90": 2.3894765377044678,
      "p95": 3.9581658840179443,
      "p99": 10.652739524841309
    }
  }
}