{
  "train": {
    "mse": 2831.629150390625,
    "rmse": 53.21305432307588,
    "mae": 40.304622650146484,
    "w2_global": 0.4190335273742676,
    "ae_summary": {
      "mean": 40.304622650146484,
      "std": 34.74430465698242,
      "min": 0.0005328655242919922,
      "max": 330.72381591796875,
      "p50": 31.744237899780273,
      "p90": 85.8192138671875,
      "p95": 106.81319427490234,
      "p99": 158.4019012451172
    },
    "se_summary": {
      "mean": 2831.629150390625,
      "std": 5360.021484375,
      "min": 2.839456669789797e-07,
      "max": 109378.2421875,
      "p50": 1007.6966552734375,
      "p90": 7364.93701171875,
      "p95": 11409.0576171875,
      "p99": 25091.193359375
    }
  },
  "val": {
    "mse": 0.07019367069005966,
    "rmse": 0.2649408815001182,
    "mae": 0.1559365838766098,
    "w2_global": 0.009466638788580894,
    "ae_summary": {
      "mean": 0.1559365838766098,
      "std": 0.21419021487236023,
      "min": 0.00033462047576904297,
      "max": 2.176199436187744,
      "p50": 0.09933900833129883,
      "p90": 0.30928122997283936,
      "p95": 0.4675619900226593,
      "p99": 1.1161712408065796
    },
    "se_summary": {
      "mean": 0.07019367069005966,
      "std": 0.29945528507232666,
      "min": 1.1197086280390067e-07,
      "max": 4.735844135284424,
      "p50": 0.009868238121271133,
      "p90": 0.09565489739179611,
      "p95": 0.21886250376701355,
      "p99": 1.246472716331482
    }
  },
  "test": {
    "mse": 10.3670654296875,
    "rmse": 3.2197927619161297,
    "mae": 0.46573930978775024,
    "w2_global": 0.9386093616485596,
    "ae_summary": {
      "mean": 0.46573930978775024,
      "std": 3.1859304904937744,
      "min": 0.00016939640045166016,
      "max": 67.15587615966797,
      "p50": 0.1112598180770874,
      "p90": 0.45106664299964905,
      "p95": 0.8507693409919739,
      "p99": 5.080423355102539
    },
    "se_summary": {
      "mean": 10.3670654296875,
      "std": 178.38734436035156,
      "min": 2.869514048597921e-08,
      "max": 4509.91162109375,
      "p50": 0.012378747574985027,
      "p90": 0.2034689038991928,
      "p95": 0.7238114476203918,
      "p99": 25.817913055419922
    }
  }
}