{
  "train": {
    "mse": 0.0,
    "rmse": 0.0,
    "mae": 0.0,
    "w2_global": 0.11043954640626907,
    "ae_summary": {
      "mean": 0.0,
      "std": 0.0,
      "min": 0.0,
      "max": 0.0,
      "p50": 0.0,
      "p90": 0.0,
      "p95": 0.0,
      "p99": 0.0
    },
    "se_summary": {
      "mean": 0.0,
      "std": 0.0,
      "min": 0.0,
      "max": 0.0,
      "p50": 0.0,
      "p90": 0.0,
      "p95": 0.0,
      "p99": 0.0
    }
  },
  "val": {
    "mse": 0.32678619027137756,
    "rmse": 0.5716521584594757,
    "mae": 0.4089832901954651,
    "w2_global": 0.11605224013328552,
    "ae_summary": {
      "mean": 0.4089832901954651,
      "std": 0.3993981182575226,
      "min": 0.0001577138900756836,
      "max": 2.479555130004883,
      "p50": 0.28782299160957336,
      "p90": 0.9884041547775269,
      "p95": 1.296880841255188,
      "p99": 1.756696105003357
    },
    "se_summary": {
      "mean": 0.32678619027137756,
      "std": 0.6337440609931946,
      "min": 2.4873671122804808e-08,
      "max": 6.148193836212158,
      "p50": 0.08284208178520203,
      "p90": 0.9769428372383118,
      "p95": 1.681900143623352,
      "p99": 3.0859811305999756
    }
  },
  "test": {
    "mse": 0.29456672072410583,
    "rmse": 0.5427400120906011,
    "mae": 0.38510093092918396,
    "w2_global": 0.10772655159235,
    "ae_summary": {
      "mean": 0.38510093092918396,
      "std": 0.38244470953941345,
      "min": 2.7239322662353516e-05,
      "max": 3.3101136684417725,
      "p50": 0.2747877836227417,
      "p90": 0.8918646574020386,
      "p95": 1.1831731796264648,
      "p99": 1.7715275287628174
    },
    "se_summary": {
      "mean": 0.29456672072410583,
      "std": 0.6544895172119141,
      "min": 7.419806991038058e-10,
      "max": 10.956852912902832,
      "p50": 0.07550832629203796,
      "p90": 0.7954224944114685,
      "p95": 1.3998987674713135,
      "p99": 3.1383097171783447
    }
  }
}