{
  "best_alpha": 0.99,
  "best_gamma": 5.0,
  "alpha_grid": [
    0.99
  ],
  "gamma_grid": [
    5.0
  ],
  "results": {
    "(0.99, 5.0)": {
      "val_loss": 0.1608171910047531,
      "val_eval": 0.19300685822963715,
      "epoch": 30,
      "mse": 0.19300685822963715
    }
  },
  "standalone_mode": true
}