{
  "train": {
    "mse": 0.1578904390335083,
    "rmse": 0.39735429912548864,
    "mae": 0.29158544540405273,
    "w2_global": 0.09585776925086975,
    "ae_summary": {
      "mean": 0.29158544540405273,
      "std": 0.26994141936302185,
      "min": 1.341104507446289e-06,
      "max": 2.5993120670318604,
      "p50": 0.21591782569885254,
      "p90": 0.646018385887146,
      "p95": 0.8378502130508423,
      "p99": 1.2580562829971313
    },
    "se_summary": {
      "mean": 0.1578904390335083,
      "std": 0.3175906240940094,
      "min": 1.7985612998927536e-12,
      "max": 6.756422996520996,
      "p50": 0.046620506793260574,
      "p90": 0.4173397421836853,
      "p95": 0.7019929885864258,
      "p99": 1.5827054977416992
    }
  },
  "val": {
    "mse": 0.19300685822963715,
    "rmse": 0.4393254582079636,
    "mae": 0.32438212633132935,
    "w2_global": 0.09900428354740143,
    "ae_summary": {
      "mean": 0.32438212633132935,
      "std": 0.2962821424007416,
      "min": 0.00014954805374145508,
      "max": 2.1125245094299316,
      "p50": 0.24060586094856262,
      "p90": 0.7268888354301453,
      "p95": 0.9514206051826477,
      "p99": 1.3691515922546387
    },
    "se_summary": {
      "mean": 0.19300685822963715,
      "std": 0.36654171347618103,
      "min": 2.2364620377857136e-08,
      "max": 4.462759971618652,
      "p50": 0.057891182601451874,
      "p90": 0.5283674001693726,
      "p95": 0.9052011370658875,
      "p99": 1.8745760917663574
    }
  },
  "test": {
    "mse": 0.18191421031951904,
    "rmse": 0.4265140212461005,
    "mae": 0.3100179135799408,
    "w2_global": 0.1010117381811142,
    "ae_summary": {
      "mean": 0.3100179135799408,
      "std": 0.29292169213294983,
      "min": 8.940696716308594e-07,
      "max": 2.707921028137207,
      "p50": 0.2285136580467224,
      "p90": 0.6792134046554565,
      "p95": 0.8846536874771118,
      "p99": 1.4206098318099976
    },
    "se_summary": {
      "mean": 0.18191421031951904,
      "std": 0.3887103199958801,
      "min": 7.993605777301127e-13,
      "max": 7.332836151123047,
      "p50": 0.052218493074178696,
      "p90": 0.4613308608531952,
      "p95": 0.7826122045516968,
      "p99": 2.0181357860565186
    }
  }
}